check,key,variable_name,rdb_table,decision,target,rationale,confidence
MANY_NOT_REPEATING,/Return/ReturnData/IRS990/ActivityOther/Description,F9_03_PROG_DESC,F9-P03-T01-PROGRAMS-OTHER,accept,"","Genuine repeating group: the group element is the repeat_root in filings with 2+ rows and '' in single-row filings, so the high unrepeated share just means most filers report one row. Evidence: repeats in 17.6% of 68,286 filings, max 72/filing, TY2009-2012; repeat_root: ''=82% ; IRS990/ActivityOther=18%.",high
MANY_NOT_REPEATING,/Return/ReturnData/IRS990/ActivityOther/Expense,F9_03_PROG_EXP,F9-P03-T01-PROGRAMS-OTHER,accept,"","Genuine repeating group: the group element is the repeat_root in filings with 2+ rows and '' in single-row filings, so the high unrepeated share just means most filers report one row. Evidence: repeats in 17.3% of 57,666 filings, max 72/filing, TY2009-2012; repeat_root: ''=81% ; IRS990/ActivityOther=19%.",high
MANY_NOT_REPEATING,/Return/ReturnData/IRS990/ActivityOther/Grants,F9_03_PROG_GRANT,F9-P03-T01-PROGRAMS-OTHER,accept,"","Genuine repeating group: the group element is the repeat_root in filings with 2+ rows and '' in single-row filings, so the high unrepeated share just means most filers report one row. Evidence: repeats in 19.1% of 14,275 filings, max 72/filing, TY2009-2012; repeat_root: ''=71% ; IRS990/ActivityOther=29%.",high
MANY_NOT_REPEATING,/Return/ReturnData/IRS990/ActivityOther/Revenue,F9_03_PROG_REV,F9-P03-T01-PROGRAMS-OTHER,accept,"","Genuine repeating group: the group element is the repeat_root in filings with 2+ rows and '' in single-row filings, so the high unrepeated share just means most filers report one row. Evidence: repeats in 20.8% of 28,532 filings, max 34/filing, TY2009-2012; repeat_root: ''=72% ; IRS990/ActivityOther=28%.",high
MANY_NOT_REPEATING,/Return/ReturnData/IRS990/ProgSrvcAccomActyOtherGrp/ActivityCd,F9_03_PROG_CODE,F9-P03-T01-PROGRAMS-OTHER,accept,"","Genuine repeating group: the group element is the repeat_root in filings with 2+ rows and '' in single-row filings, so the high unrepeated share just means most filers report one row. Evidence: repeats in 25.9% of 197 filings, max 14/filing, TY2013-2024; repeat_root: ''=66% ; IRS990/ProgSrvcAccomActyOtherGrp=34%.",high
MANY_NOT_REPEATING,/Return/ReturnData/IRS990/ProgSrvcAccomActyOtherGrp/Desc,F9_03_PROG_DESC,F9-P03-T01-PROGRAMS-OTHER,accept,"","Genuine repeating group: the group element is the repeat_root in filings with 2+ rows and '' in single-row filings, so the high unrepeated share just means most filers report one row. Evidence: repeats in 12.8% of 424,545 filings, max 124/filing, TY2013-2024; repeat_root: ''=87% ; IRS990/ProgSrvcAccomActyOtherGrp=13%.",high
MANY_NOT_REPEATING,/Return/ReturnData/IRS990/ProgSrvcAccomActyOtherGrp/ExpenseAmt,F9_03_PROG_EXP,F9-P03-T01-PROGRAMS-OTHER,accept,"","Genuine repeating group: the group element is the repeat_root in filings with 2+ rows and '' in single-row filings, so the high unrepeated share just means most filers report one row. Evidence: repeats in 13.7% of 343,357 filings, max 124/filing, TY2013-2024; repeat_root: ''=85% ; IRS990/ProgSrvcAccomActyOtherGrp=15%.",high
MANY_NOT_REPEATING,/Return/ReturnData/IRS990/ProgSrvcAccomActyOtherGrp/GrantAmt,F9_03_PROG_GRANT,F9-P03-T01-PROGRAMS-OTHER,accept,"","Genuine repeating group: the group element is the repeat_root in filings with 2+ rows and '' in single-row filings, so the high unrepeated share just means most filers report one row. Evidence: repeats in 17.5% of 105,724 filings, max 124/filing, TY2013-2024; repeat_root: ''=76% ; IRS990/ProgSrvcAccomActyOtherGrp=24%.",high
MANY_NOT_REPEATING,/Return/ReturnData/IRS990/ProgSrvcAccomActyOtherGrp/RevenueAmt,F9_03_PROG_REV,F9-P03-T01-PROGRAMS-OTHER,accept,"","Genuine repeating group: the group element is the repeat_root in filings with 2+ rows and '' in single-row filings, so the high unrepeated share just means most filers report one row. Evidence: repeats in 17.3% of 159,230 filings, max 124/filing, TY2013-2024; repeat_root: ''=78% ; IRS990/ProgSrvcAccomActyOtherGrp=22%.",high
MANY_NOT_REPEATING,/Return/ReturnData/IRS990EZ/ProgramServiceAccomplishment/DescriptionProgramServiceAccom,F9_03_PROG_DESC,F9-P03-T02-PROGRAMS-EZ,accept,"","Genuine repeating group: the group element is the repeat_root in filings with 2+ rows and '' in single-row filings, so the high unrepeated share just means most filers report one row. Evidence: repeats in 27.3% of 254,594 filings, max 83/filing, TY2009-2012; repeat_root: ''=73% ; IRS990EZ/ProgramServiceAccomplishment=27%.",high
MANY_NOT_REPEATING,/Return/ReturnData/IRS990EZ/ProgramServiceAccomplishment/GrantsAndAllocations,F9_03_PROG_GRANT,F9-P03-T02-PROGRAMS-EZ,accept,"","Genuine repeating group: the group element is the repeat_root in filings with 2+ rows and '' in single-row filings, so the high unrepeated share just means most filers report one row. Evidence: repeats in 26.0% of 130,484 filings, max 83/filing, TY2009-2012; repeat_root: ''=70% ; IRS990EZ/ProgramServiceAccomplishment=30%.",high
MANY_NOT_REPEATING,/Return/ReturnData/IRS990EZ/ProgramServiceAccomplishment/IncludesForeignGrants,F9_03_PROG_GRANT_FRGN_X,F9-P03-T02-PROGRAMS-EZ,accept,"","Genuine repeating group: the group element is the repeat_root in filings with 2+ rows and '' in single-row filings, so the high unrepeated share just means most filers report one row. Evidence: repeats in 16.0% of 3,572 filings, max 83/filing, TY2009-2012; repeat_root: ''=62% ; IRS990EZ/ProgramServiceAccomplishment=38%.",high
MANY_NOT_REPEATING,/Return/ReturnData/IRS990EZ/ProgramServiceAccomplishment/ProgramServiceExpenses,F9_03_PROG_EXP,F9-P03-T02-PROGRAMS-EZ,accept,"","Genuine repeating group: the group element is the repeat_root in filings with 2+ rows and '' in single-row filings, so the high unrepeated share just means most filers report one row. Evidence: repeats in 27.0% of 177,997 filings, max 83/filing, TY2009-2012; repeat_root: ''=69% ; IRS990EZ/ProgramServiceAccomplishment=31%.",high
MANY_NOT_REPEATING,/Return/ReturnData/IRS990EZ/ProgramSrvcAccomplishmentGrp/DescriptionProgramSrvcAccomTxt,F9_03_PROG_DESC,F9-P03-T02-PROGRAMS-EZ,accept,"","Genuine repeating group: the group element is the repeat_root in filings with 2+ rows and '' in single-row filings, so the high unrepeated share just means most filers report one row. Evidence: repeats in 28.2% of 1,881,301 filings, max 74/filing, TY2013-2024; repeat_root: ''=72% ; IRS990EZ/ProgramSrvcAccomplishmentGrp=28%.",high
MANY_NOT_REPEATING,/Return/ReturnData/IRS990EZ/ProgramSrvcAccomplishmentGrp/ForeignGrantsInd,F9_03_PROG_GRANT_FRGN_X,F9-P03-T02-PROGRAMS-EZ,accept,"","Genuine repeating group: the group element is the repeat_root in filings with 2+ rows and '' in single-row filings, so the high unrepeated share just means most filers report one row. Evidence: repeats in 19.7% of 27,934 filings, max 56/filing, TY2013-2024; repeat_root: ''=59% ; IRS990EZ/ProgramSrvcAccomplishmentGrp=41%.",high
MANY_NOT_REPEATING,/Return/ReturnData/IRS990EZ/ProgramSrvcAccomplishmentGrp/GrantsAndAllocationsAmt,F9_03_PROG_GRANT,F9-P03-T02-PROGRAMS-EZ,accept,"","Genuine repeating group: the group element is the repeat_root in filings with 2+ rows and '' in single-row filings, so the high unrepeated share just means most filers report one row. Evidence: repeats in 26.5% of 990,979 filings, max 74/filing, TY2013-2024; repeat_root: ''=70% ; IRS990EZ/ProgramSrvcAccomplishmentGrp=30%.",high
MANY_NOT_REPEATING,/Return/ReturnData/IRS990EZ/ProgramSrvcAccomplishmentGrp/ProgramServiceExpensesAmt,F9_03_PROG_EXP,F9-P03-T02-PROGRAMS-EZ,accept,"","Genuine repeating group: the group element is the repeat_root in filings with 2+ rows and '' in single-row filings, so the high unrepeated share just means most filers report one row. Evidence: repeats in 27.9% of 1,338,629 filings, max 74/filing, TY2013-2024; repeat_root: ''=68% ; IRS990EZ/ProgramSrvcAccomplishmentGrp=32%.",high
MANY_NOT_REPEATING,/Return/ReturnData/CompensationExplanation/Compensation/Explanation,F9_07_COMP_DTK_EXPL_TXT,F9-P07-T01-COMPENSATION,accept,"","Genuine repeating group: the group element is the repeat_root in filings with 2+ rows and '' in single-row filings, so the high unrepeated share just means most filers report one row. Evidence: repeats in 44.6% of 3,216 filings, max 27/filing, TY2009-2012; repeat_root: ''=53% ; CompensationExplanation/Compensation=24% ; CompensationExplanation=22%.",high
MANY_NOT_REPEATING,/Return/ReturnData/CompensationExplanation/CompensationExplanationGrp/BusinessName/BusinessNameLine1Txt,F9_07_COMP_DTK_EXPL_NAME_ORG_L1,F9-P07-T01-COMPENSATION,accept,"","Genuine repeating group: the group element is the repeat_root in filings with 2+ rows and '' in single-row filings, so the high unrepeated share just means most filers report one row. Evidence: repeats in 15.9% of 403 filings, max 10/filing, TY2014-2024; repeat_root: ''=77% ; CompensationExplanation/CompensationExplanationGrp=14% ; CompensationExplanation=9%.",high
MANY_NOT_REPEATING,/Return/ReturnData/CompensationExplanation/CompensationExplanationGrp/BusinessName/BusinessNameLine2Txt,F9_07_COMP_DTK_EXPL_NAME_ORG_L2,F9-P07-T01-COMPENSATION,accept,"","Sparse field (address line 2, foreign address, etc.) inside a genuine repeating group; too few filings to observe a repeat. Sibling xpaths of the same group repeat. Evidence: repeats in 0.0% of 7 filings, max 1/filing, TY2016-2022; repeat_root: ''=100%.",high
MANY_NOT_REPEATING,/Return/ReturnData/CompensationExplanation/CompensationExplanationGrp/ShortExplanationTxt,F9_07_COMP_DTK_EXPL_TXT,F9-P07-T01-COMPENSATION,accept,"","Genuine repeating group: the group element is the repeat_root in filings with 2+ rows and '' in single-row filings, so the high unrepeated share just means most filers report one row. Evidence: repeats in 43.9% of 25,017 filings, max 41/filing, TY2013-2024; repeat_root: ''=56% ; CompensationExplanation/CompensationExplanationGrp=40% ; CompensationExplanation=4%.",high
MANY_NOT_REPEATING,/Return/ReturnData/EmployeeCompensationExpln,F9_07_COMP_DTK_EXPL_TXT,F9-P07-T01-COMPENSATION,move_variable,"F9-P07-T00-DIR-TRUST-KEY (new variable, e.g. F9_07_EZ_EMPL_COMP_EXPL_TXT)","Filing-level explanation document (375 filings, max 1/filing, never in a group) mapped to F9_07_COMP_DTK_EXPL_TXT whose other xpaths are in the repeating CompensationExplanation group; split it into its own variable in a ONE table (or accept: tiny and harmless). Evidence: repeats in 0.0% of 375 filings, max 1/filing, TY2009-2024; repeat_root: ''=100%.",low
MANY_NOT_REPEATING,/Return/ReturnData/IRS990EZ/CompensationHighestPaidEmplGrp/AverageHoursPerWeekRt,F9_07_COMP_DTK_AVE_HOUR_WEEK_HCE,F9-P07-T01-COMPENSATION-HCE-EZ,accept,"","Genuine repeating group: the group element is the repeat_root in filings with 2+ rows and '' in single-row filings, so the high unrepeated share just means most filers report one row. Evidence: repeats in 37.3% of 3,099 filings, max 5/filing, TY2013-2024; repeat_root: ''=63% ; IRS990EZ/CompensationHighestPaidEmplGrp=37%.",high
MANY_NOT_REPEATING,/Return/ReturnData/IRS990EZ/CompensationHighestPaidEmplGrp/CompensationAmt,F9_07_COMP_DTK_COMP_ORG_HCE,F9-P07-T01-COMPENSATION-HCE-EZ,accept,"","Genuine repeating group: the group element is the repeat_root in filings with 2+ rows and '' in single-row filings, so the high unrepeated share just means most filers report one row. Evidence: repeats in 37.3% of 3,099 filings, max 5/filing, TY2013-2024; repeat_root: ''=63% ; IRS990EZ/CompensationHighestPaidEmplGrp=37%.",high
MANY_NOT_REPEATING,/Return/ReturnData/IRS990EZ/CompensationHighestPaidEmplGrp/EmployeeBenefitsAmt,F9_07_COMP_DTK_EMPL_BEN_HCE,F9-P07-T01-COMPENSATION-HCE-EZ,accept,"","Genuine repeating group: the group element is the repeat_root in filings with 2+ rows and '' in single-row filings, so the high unrepeated share just means most filers report one row. Evidence: repeats in 37.3% of 3,099 filings, max 5/filing, TY2013-2024; repeat_root: ''=63% ; IRS990EZ/CompensationHighestPaidEmplGrp=37%.",high
MANY_NOT_REPEATING,/Return/ReturnData/IRS990EZ/CompensationHighestPaidEmplGrp/ExpenseAccountAmt,F9_07_COMP_DTK_EXP_ACCT_HCE,F9-P07-T01-COMPENSATION-HCE-EZ,accept,"","Genuine repeating group: the group element is the repeat_root in filings with 2+ rows and '' in single-row filings, so the high unrepeated share just means most filers report one row. Evidence: repeats in 37.3% of 3,099 filings, max 5/filing, TY2013-2024; repeat_root: ''=63% ; IRS990EZ/CompensationHighestPaidEmplGrp=37%.",high
MANY_NOT_REPEATING,/Return/ReturnData/IRS990EZ/CompensationHighestPaidEmplGrp/PersonNm,F9_07_COMP_DTK_NAME_PERS_HCE,F9-P07-T01-COMPENSATION-HCE-EZ,accept,"","Genuine repeating group: the group element is the repeat_root in filings with 2+ rows and '' in single-row filings, so the high unrepeated share just means most filers report one row. Evidence: repeats in 37.3% of 3,099 filings, max 5/filing, TY2013-2024; repeat_root: ''=63% ; IRS990EZ/CompensationHighestPaidEmplGrp=37%.",high
MANY_NOT_REPEATING,/Return/ReturnData/IRS990EZ/CompensationHighestPaidEmplGrp/TitleTxt,F9_07_COMP_DTK_TITLE_HCE,F9-P07-T01-COMPENSATION-HCE-EZ,accept,"","Genuine repeating group: the group element is the repeat_root in filings with 2+ rows and '' in single-row filings, so the high unrepeated share just means most filers report one row. Evidence: repeats in 37.3% of 3,099 filings, max 5/filing, TY2013-2024; repeat_root: ''=63% ; IRS990EZ/CompensationHighestPaidEmplGrp=37%.",high
MANY_NOT_REPEATING,/Return/ReturnData/IRS990EZ/CompensationOfHighestPaidEmpl/AddressUS/AddressLine1,F9_07_COMP_DTK_ADDR_L1_HCE,F9-P07-T01-COMPENSATION-HCE-EZ,accept,"","Genuine repeating group: the group element is the repeat_root in filings with 2+ rows and '' in single-row filings, so the high unrepeated share just means most filers report one row. Evidence: repeats in 37.4% of 163 filings, max 5/filing, TY2009-2011; repeat_root: ''=63% ; IRS990EZ/CompensationOfHighestPaidEmpl=37%.",high
MANY_NOT_REPEATING,/Return/ReturnData/IRS990EZ/CompensationOfHighestPaidEmpl/AddressUS/AddressLine2,F9_07_COMP_DTK_ADDR_L2_HCE,F9-P07-T01-COMPENSATION-HCE-EZ,accept,"","Sparse field (address line 2, foreign address, etc.) inside a genuine repeating group; too few filings to observe a repeat. Sibling xpaths of the same group repeat. Evidence: repeats in 0.0% of 1 filings, max 1/filing, TY2009-2009; repeat_root: ''=100%.",high
MANY_NOT_REPEATING,/Return/ReturnData/IRS990EZ/CompensationOfHighestPaidEmpl/AddressUS/City,F9_07_COMP_DTK_ADDR_CITY_HCE,F9-P07-T01-COMPENSATION-HCE-EZ,accept,"","Genuine repeating group: the group element is the repeat_root in filings with 2+ rows and '' in single-row filings, so the high unrepeated share just means most filers report one row. Evidence: repeats in 37.4% of 163 filings, max 5/filing, TY2009-2011; repeat_root: ''=63% ; IRS990EZ/CompensationOfHighestPaidEmpl=37%.",high
MANY_NOT_REPEATING,/Return/ReturnData/IRS990EZ/CompensationOfHighestPaidEmpl/AddressUS/State,F9_07_COMP_DTK_ADDR_STATE_HCE,F9-P07-T01-COMPENSATION-HCE-EZ,accept,"","Genuine repeating group: the group element is the repeat_root in filings with 2+ rows and '' in single-row filings, so the high unrepeated share just means most filers report one row. Evidence: repeats in 37.4% of 163 filings, max 5/filing, TY2009-2011; repeat_root: ''=63% ; IRS990EZ/CompensationOfHighestPaidEmpl=37%.",high
MANY_NOT_REPEATING,/Return/ReturnData/IRS990EZ/CompensationOfHighestPaidEmpl/AddressUS/ZIPCode,F9_07_COMP_DTK_ADDR_ZIP_HCE,F9-P07-T01-COMPENSATION-HCE-EZ,accept,"","Genuine repeating group: the group element is the repeat_root in filings with 2+ rows and '' in single-row filings, so the high unrepeated share just means most filers report one row. Evidence: repeats in 37.4% of 163 filings, max 5/filing, TY2009-2011; repeat_root: ''=63% ; IRS990EZ/CompensationOfHighestPaidEmpl=37%.",high
MANY_NOT_REPEATING,/Return/ReturnData/IRS990EZ/CompensationOfHighestPaidEmpl/AverageHoursPerWeek,F9_07_COMP_DTK_AVE_HOUR_WEEK_HCE,F9-P07-T01-COMPENSATION-HCE-EZ,accept,"","Genuine repeating group: the group element is the repeat_root in filings with 2+ rows and '' in single-row filings, so the high unrepeated share just means most filers report one row. Evidence: repeats in 38.1% of 268 filings, max 5/filing, TY2009-2012; repeat_root: ''=62% ; IRS990EZ/CompensationOfHighestPaidEmpl=38%.",high
MANY_NOT_REPEATING,/Return/ReturnData/IRS990EZ/CompensationOfHighestPaidEmpl/Compensation,F9_07_COMP_DTK_COMP_ORG_HCE,F9-P07-T01-COMPENSATION-HCE-EZ,accept,"","Genuine repeating group: the group element is the repeat_root in filings with 2+ rows and '' in single-row filings, so the high unrepeated share just means most filers report one row. Evidence: repeats in 38.1% of 268 filings, max 5/filing, TY2009-2012; repeat_root: ''=62% ; IRS990EZ/CompensationOfHighestPaidEmpl=38%.",high
MANY_NOT_REPEATING,/Return/ReturnData/IRS990EZ/CompensationOfHighestPaidEmpl/EmployeeBenefits,F9_07_COMP_DTK_EMPL_BEN_HCE,F9-P07-T01-COMPENSATION-HCE-EZ,accept,"","Genuine repeating group: the group element is the repeat_root in filings with 2+ rows and '' in single-row filings, so the high unrepeated share just means most filers report one row. Evidence: repeats in 38.1% of 268 filings, max 5/filing, TY2009-2012; repeat_root: ''=62% ; IRS990EZ/CompensationOfHighestPaidEmpl=38%.",high
MANY_NOT_REPEATING,/Return/ReturnData/IRS990EZ/CompensationOfHighestPaidEmpl/ExpenseAccount,F9_07_COMP_DTK_EXP_ACCT_HCE,F9-P07-T01-COMPENSATION-HCE-EZ,accept,"","Genuine repeating group: the group element is the repeat_root in filings with 2+ rows and '' in single-row filings, so the high unrepeated share just means most filers report one row. Evidence: repeats in 38.1% of 268 filings, max 5/filing, TY2009-2012; repeat_root: ''=62% ; IRS990EZ/CompensationOfHighestPaidEmpl=38%.",high
MANY_NOT_REPEATING,/Return/ReturnData/IRS990EZ/CompensationOfHighestPaidEmpl/Name,F9_07_COMP_DTK_NAME_PERS_HCE,F9-P07-T01-COMPENSATION-HCE-EZ,accept,"","Genuine repeating group: the group element is the repeat_root in filings with 2+ rows and '' in single-row filings, so the high unrepeated share just means most filers report one row. Evidence: repeats in 38.1% of 268 filings, max 5/filing, TY2009-2012; repeat_root: ''=62% ; IRS990EZ/CompensationOfHighestPaidEmpl=38%.",high
MANY_NOT_REPEATING,/Return/ReturnData/IRS990EZ/CompensationOfHighestPaidEmpl/Title,F9_07_COMP_DTK_TITLE_HCE,F9-P07-T01-COMPENSATION-HCE-EZ,accept,"","Genuine repeating group: the group element is the repeat_root in filings with 2+ rows and '' in single-row filings, so the high unrepeated share just means most filers report one row. Evidence: repeats in 38.1% of 268 filings, max 5/filing, TY2009-2012; repeat_root: ''=62% ; IRS990EZ/CompensationOfHighestPaidEmpl=38%.",high
MANY_NOT_REPEATING,/Return/ReturnData/IRS990EZ/PartVIOfCompOfHghstPdEmplTxt,F9_07_COMP_DTK_NONE_HCE,F9-P07-T01-COMPENSATION-HCE-EZ,move_variable,F9-P07-T00-DIR-TRUST-KEY,"990-EZ 'none' indicator for highest-paid employees/contractors: a filing-level element outside the repeating group (max 1/filing, ~1.7M filings). In a MANY table it creates a spurious row per filing; move to the ONE table F9-P07-T00 (alternative: accept as a header-level field). Evidence: repeats in 0.0% of 1,543,527 filings, max 1/filing, TY2013-2024; repeat_root: ''=100%.",medium
MANY_NOT_REPEATING,/Return/ReturnData/IRS990EZ/PartVIOfCompOfHighestPaidEmpl,F9_07_COMP_DTK_NONE_HCE,F9-P07-T01-COMPENSATION-HCE-EZ,move_variable,F9-P07-T00-DIR-TRUST-KEY,"990-EZ 'none' indicator for highest-paid employees/contractors: a filing-level element outside the repeating group (max 1/filing, ~1.7M filings). In a MANY table it creates a spurious row per filing; move to the ONE table F9-P07-T00 (alternative: accept as a header-level field). Evidence: repeats in 0.0% of 199,103 filings, max 1/filing, TY2009-2012; repeat_root: ''=100%.",medium
MANY_NOT_REPEATING,/Return/ReturnData/IRS990EZ/CompOfHghstPaidCntrctProfSer/AddressForeign/AddressLine1,F9_07_COMP_KONTR_ADDR_L1,F9-P07-T02-CONTRACTORS,accept,"","Sparse field (address line 2, foreign address, etc.) inside a genuine repeating group; too few filings to observe a repeat. Sibling xpaths of the same group repeat. Evidence: repeats in 0.0% of 2 filings, max 1/filing, TY2011-2011; repeat_root: ''=100%.",high
MANY_NOT_REPEATING,/Return/ReturnData/IRS990EZ/CompOfHghstPaidCntrctProfSer/AddressForeign/City,F9_07_COMP_KONTR_ADDR_CITY,F9-P07-T02-CONTRACTORS,accept,"","Sparse field (address line 2, foreign address, etc.) inside a genuine repeating group; too few filings to observe a repeat. Sibling xpaths of the same group repeat. Evidence: repeats in 0.0% of 2 filings, max 1/filing, TY2011-2011; repeat_root: ''=100%.",high
MANY_NOT_REPEATING,/Return/ReturnData/IRS990EZ/CompOfHghstPaidCntrctProfSer/AddressForeign/Country,F9_07_COMP_KONTR_ADDR_CNTR,F9-P07-T02-CONTRACTORS,accept,"","Sparse field (address line 2, foreign address, etc.) inside a genuine repeating group; too few filings to observe a repeat. Sibling xpaths of the same group repeat. Evidence: repeats in 0.0% of 2 filings, max 1/filing, TY2011-2011; repeat_root: ''=100%.",high
MANY_NOT_REPEATING,/Return/ReturnData/IRS990EZ/CompOfHghstPaidCntrctProfSer/AddressForeign/PostalCode,F9_07_COMP_KONTR_ADDR_ZIP,F9-P07-T02-CONTRACTORS,accept,"","Sparse field (address line 2, foreign address, etc.) inside a genuine repeating group; too few filings to observe a repeat. Sibling xpaths of the same group repeat. Evidence: repeats in 0.0% of 2 filings, max 1/filing, TY2011-2011; repeat_root: ''=100%.",high
MANY_NOT_REPEATING,/Return/ReturnData/IRS990EZ/CompOfHghstPaidCntrctProfSer/AddressForeign/ProvinceOrState,F9_07_COMP_KONTR_ADDR_STATE,F9-P07-T02-CONTRACTORS,accept,"","Sparse field (address line 2, foreign address, etc.) inside a genuine repeating group; too few filings to observe a repeat. Sibling xpaths of the same group repeat. Evidence: repeats in 0.0% of 1 filings, max 1/filing, TY2011-2011; repeat_root: ''=100%.",high
MANY_NOT_REPEATING,/Return/ReturnData/IRS990EZ/CompOfHghstPaidCntrctProfSer/AddressUS/AddressLine1,F9_07_COMP_KONTR_ADDR_L1,F9-P07-T02-CONTRACTORS,accept,"","Genuine repeating group: the group element is the repeat_root in filings with 2+ rows and '' in single-row filings, so the high unrepeated share just means most filers report one row. Evidence: repeats in 14.4% of 361 filings, max 5/filing, TY2009-2012; repeat_root: ''=86% ; IRS990EZ/CompOfHghstPaidCntrctProfSer=14%.",high
MANY_NOT_REPEATING,/Return/ReturnData/IRS990EZ/CompOfHghstPaidCntrctProfSer/AddressUS/AddressLine2,F9_07_COMP_KONTR_ADDR_L2,F9-P07-T02-CONTRACTORS,accept,"","Sparse field (address line 2, foreign address, etc.) inside a genuine repeating group; too few filings to observe a repeat. Sibling xpaths of the same group repeat. Evidence: repeats in 0.0% of 2 filings, max 1/filing, TY2009-2012; repeat_root: ''=100%.",high
MANY_NOT_REPEATING,/Return/ReturnData/IRS990EZ/CompOfHghstPaidCntrctProfSer/AddressUS/City,F9_07_COMP_KONTR_ADDR_CITY,F9-P07-T02-CONTRACTORS,accept,"","Genuine repeating group: the group element is the repeat_root in filings with 2+ rows and '' in single-row filings, so the high unrepeated share just means most filers report one row. Evidence: repeats in 14.4% of 361 filings, max 5/filing, TY2009-2012; repeat_root: ''=86% ; IRS990EZ/CompOfHghstPaidCntrctProfSer=14%.",high
MANY_NOT_REPEATING,/Return/ReturnData/IRS990EZ/CompOfHghstPaidCntrctProfSer/AddressUS/State,F9_07_COMP_KONTR_ADDR_STATE,F9-P07-T02-CONTRACTORS,accept,"","Genuine repeating group: the group element is the repeat_root in filings with 2+ rows and '' in single-row filings, so the high unrepeated share just means most filers report one row. Evidence: repeats in 14.4% of 361 filings, max 5/filing, TY2009-2012; repeat_root: ''=86% ; IRS990EZ/CompOfHghstPaidCntrctProfSer=14%.",high
MANY_NOT_REPEATING,/Return/ReturnData/IRS990EZ/CompOfHghstPaidCntrctProfSer/AddressUS/ZIPCode,F9_07_COMP_KONTR_ADDR_ZIP,F9-P07-T02-CONTRACTORS,accept,"","Genuine repeating group: the group element is the repeat_root in filings with 2+ rows and '' in single-row filings, so the high unrepeated share just means most filers report one row. Evidence: repeats in 14.4% of 361 filings, max 5/filing, TY2009-2012; repeat_root: ''=86% ; IRS990EZ/CompOfHghstPaidCntrctProfSer=14%.",high
MANY_NOT_REPEATING,/Return/ReturnData/IRS990EZ/CompOfHghstPaidCntrctProfSer/Compensation,F9_07_COMP_KONTR_COMP,F9-P07-T02-CONTRACTORS,accept,"","Genuine repeating group: the group element is the repeat_root in filings with 2+ rows and '' in single-row filings, so the high unrepeated share just means most filers report one row. Evidence: repeats in 14.3% of 363 filings, max 5/filing, TY2009-2012; repeat_root: ''=86% ; IRS990EZ/CompOfHghstPaidCntrctProfSer=14%.",high
MANY_NOT_REPEATING,/Return/ReturnData/IRS990EZ/CompOfHghstPaidCntrctProfSer/NameBusiness/BusinessNameLine1,F9_07_COMP_KONTR_NAME_ORG_L1,F9-P07-T02-CONTRACTORS,accept,"","Genuine repeating group: the group element is the repeat_root in filings with 2+ rows and '' in single-row filings, so the high unrepeated share just means most filers report one row. Evidence: repeats in 10.1% of 198 filings, max 5/filing, TY2009-2012; repeat_root: ''=86% ; IRS990EZ/CompOfHghstPaidCntrctProfSer=14%.",high
MANY_NOT_REPEATING,/Return/ReturnData/IRS990EZ/CompOfHghstPaidCntrctProfSer/NameBusiness/BusinessNameLine2,F9_07_COMP_KONTR_NAME_ORG_L2,F9-P07-T02-CONTRACTORS,accept,"","Sparse field (address line 2, foreign address, etc.) inside a genuine repeating group; too few filings to observe a repeat. Sibling xpaths of the same group repeat. Evidence: repeats in 0.0% of 5 filings, max 1/filing, TY2010-2012; repeat_root: ''=100%.",high
MANY_NOT_REPEATING,/Return/ReturnData/IRS990EZ/CompOfHghstPaidCntrctProfSer/NamePerson,F9_07_COMP_KONTR_NAME_PERS,F9-P07-T02-CONTRACTORS,accept,"","Genuine repeating group: the group element is the repeat_root in filings with 2+ rows and '' in single-row filings, so the high unrepeated share just means most filers report one row. Evidence: repeats in 16.7% of 174 filings, max 5/filing, TY2009-2012; repeat_root: ''=80% ; IRS990EZ/CompOfHghstPaidCntrctProfSer=20%.",high
MANY_NOT_REPEATING,/Return/ReturnData/IRS990EZ/CompOfHghstPaidCntrctProfSer/TypeOfService,F9_07_COMP_KONTR_DESC_SVC,F9-P07-T02-CONTRACTORS,accept,"","Genuine repeating group: the group element is the repeat_root in filings with 2+ rows and '' in single-row filings, so the high unrepeated share just means most filers report one row. Evidence: repeats in 14.3% of 363 filings, max 5/filing, TY2009-2012; repeat_root: ''=86% ; IRS990EZ/CompOfHghstPaidCntrctProfSer=14%.",high
MANY_NOT_REPEATING,/Return/ReturnData/IRS990EZ/CompensationOfHghstPdCntrctGrp/BusinessName/BusinessNameLine1,F9_07_COMP_KONTR_NAME_ORG_L1,F9-P07-T02-CONTRACTORS,accept,"","Genuine repeating group: the group element is the repeat_root in filings with 2+ rows and '' in single-row filings, so the high unrepeated share just means most filers report one row. Evidence: repeats in 8.8% of 68 filings, max 5/filing, TY2013-2013; repeat_root: ''=84% ; IRS990EZ/CompensationOfHghstPdCntrctGrp=16%.",high
MANY_NOT_REPEATING,/Return/ReturnData/IRS990EZ/CompensationOfHghstPdCntrctGrp/BusinessName/BusinessNameLine1Txt,F9_07_COMP_KONTR_NAME_ORG_L1,F9-P07-T02-CONTRACTORS,accept,"","Genuine repeating group: the group element is the repeat_root in filings with 2+ rows and '' in single-row filings, so the high unrepeated share just means most filers report one row. Evidence: repeats in 13.0% of 1,397 filings, max 5/filing, TY2014-2024; repeat_root: ''=83% ; IRS990EZ/CompensationOfHghstPdCntrctGrp=17%.",high
MANY_NOT_REPEATING,/Return/ReturnData/IRS990EZ/CompensationOfHghstPdCntrctGrp/BusinessName/BusinessNameLine2Txt,F9_07_COMP_KONTR_NAME_ORG_L2,F9-P07-T02-CONTRACTORS,accept,"","Sparse field (address line 2, foreign address, etc.) inside a genuine repeating group; too few filings to observe a repeat. Sibling xpaths of the same group repeat. Evidence: repeats in 0.0% of 8 filings, max 1/filing, TY2017-2023; repeat_root: ''=88% ; IRS990EZ/CompensationOfHghstPdCntrctGrp=12%.",high
MANY_NOT_REPEATING,/Return/ReturnData/IRS990EZ/CompensationOfHghstPdCntrctGrp/CompensationAmt,F9_07_COMP_KONTR_COMP,F9-P07-T02-CONTRACTORS,accept,"","Genuine repeating group: the group element is the repeat_root in filings with 2+ rows and '' in single-row filings, so the high unrepeated share just means most filers report one row. Evidence: repeats in 16.0% of 2,434 filings, max 5/filing, TY2013-2024; repeat_root: ''=84% ; IRS990EZ/CompensationOfHghstPdCntrctGrp=16%.",high
MANY_NOT_REPEATING,/Return/ReturnData/IRS990EZ/CompensationOfHghstPdCntrctGrp/ForeignAddress/AddressLine1Txt,F9_07_COMP_KONTR_ADDR_L1,F9-P07-T02-CONTRACTORS,accept,"","Genuine repeating group: the group element is the repeat_root in filings with 2+ rows and '' in single-row filings, so the high unrepeated share just means most filers report one row. Evidence: repeats in 11.9% of 59 filings, max 5/filing, TY2015-2024; repeat_root: ''=86% ; IRS990EZ/CompensationOfHghstPdCntrctGrp=14%.",high
MANY_NOT_REPEATING,/Return/ReturnData/IRS990EZ/CompensationOfHghstPdCntrctGrp/ForeignAddress/AddressLine2Txt,F9_07_COMP_KONTR_ADDR_L2,F9-P07-T02-CONTRACTORS,accept,"","Genuine repeating group: the group element is the repeat_root in filings with 2+ rows and '' in single-row filings, so the high unrepeated share just means most filers report one row. Evidence: repeats in 8.3% of 12 filings, max 2/filing, TY2015-2024; repeat_root: ''=92% ; IRS990EZ/CompensationOfHghstPdCntrctGrp=8%.",high
MANY_NOT_REPEATING,/Return/ReturnData/IRS990EZ/CompensationOfHghstPdCntrctGrp/ForeignAddress/CityNm,F9_07_COMP_KONTR_ADDR_CITY,F9-P07-T02-CONTRACTORS,accept,"","Genuine repeating group: the group element is the repeat_root in filings with 2+ rows and '' in single-row filings, so the high unrepeated share just means most filers report one row. Evidence: repeats in 12.7% of 55 filings, max 4/filing, TY2015-2024; repeat_root: ''=85% ; IRS990EZ/CompensationOfHghstPdCntrctGrp=15%.",high
MANY_NOT_REPEATING,/Return/ReturnData/IRS990EZ/CompensationOfHghstPdCntrctGrp/ForeignAddress/CountryCd,F9_07_COMP_KONTR_ADDR_CNTR,F9-P07-T02-CONTRACTORS,accept,"","Genuine repeating group: the group element is the repeat_root in filings with 2+ rows and '' in single-row filings, so the high unrepeated share just means most filers report one row. Evidence: repeats in 11.9% of 59 filings, max 5/filing, TY2015-2024; repeat_root: ''=86% ; IRS990EZ/CompensationOfHghstPdCntrctGrp=14%.",high
MANY_NOT_REPEATING,/Return/ReturnData/IRS990EZ/CompensationOfHghstPdCntrctGrp/ForeignAddress/ForeignPostalCd,F9_07_COMP_KONTR_ADDR_ZIP,F9-P07-T02-CONTRACTORS,accept,"","Genuine repeating group: the group element is the repeat_root in filings with 2+ rows and '' in single-row filings, so the high unrepeated share just means most filers report one row. Evidence: repeats in 8.5% of 47 filings, max 4/filing, TY2015-2024; repeat_root: ''=87% ; IRS990EZ/CompensationOfHghstPdCntrctGrp=13%.",high
MANY_NOT_REPEATING,/Return/ReturnData/IRS990EZ/CompensationOfHghstPdCntrctGrp/ForeignAddress/ProvinceOrStateNm,F9_07_COMP_KONTR_ADDR_STATE,F9-P07-T02-CONTRACTORS,accept,"","Genuine repeating group: the group element is the repeat_root in filings with 2+ rows and '' in single-row filings, so the high unrepeated share just means most filers report one row. Evidence: repeats in 11.1% of 45 filings, max 4/filing, TY2015-2024; repeat_root: ''=87% ; IRS990EZ/CompensationOfHghstPdCntrctGrp=13%.",high
MANY_NOT_REPEATING,/Return/ReturnData/IRS990EZ/CompensationOfHghstPdCntrctGrp/PersonNm,F9_07_COMP_KONTR_NAME_PERS,F9-P07-T02-CONTRACTORS,accept,"","Genuine repeating group: the group element is the repeat_root in filings with 2+ rows and '' in single-row filings, so the high unrepeated share just means most filers report one row. Evidence: repeats in 17.5% of 1,056 filings, max 5/filing, TY2013-2024; repeat_root: ''=78% ; IRS990EZ/CompensationOfHghstPdCntrctGrp=22%.",high
MANY_NOT_REPEATING,/Return/ReturnData/IRS990EZ/CompensationOfHghstPdCntrctGrp/ServiceTypeTxt,F9_07_COMP_KONTR_DESC_SVC,F9-P07-T02-CONTRACTORS,accept,"","Genuine repeating group: the group element is the repeat_root in filings with 2+ rows and '' in single-row filings, so the high unrepeated share just means most filers report one row. Evidence: repeats in 16.0% of 2,434 filings, max 5/filing, TY2013-2024; repeat_root: ''=84% ; IRS990EZ/CompensationOfHghstPdCntrctGrp=16%.",high
MANY_NOT_REPEATING,/Return/ReturnData/IRS990EZ/CompensationOfHghstPdCntrctGrp/USAddress/AddressLine1,F9_07_COMP_KONTR_ADDR_L1,F9-P07-T02-CONTRACTORS,accept,"","Genuine repeating group: the group element is the repeat_root in filings with 2+ rows and '' in single-row filings, so the high unrepeated share just means most filers report one row. Evidence: repeats in 12.4% of 113 filings, max 5/filing, TY2013-2013; repeat_root: ''=88% ; IRS990EZ/CompensationOfHghstPdCntrctGrp=12%.",high
MANY_NOT_REPEATING,/Return/ReturnData/IRS990EZ/CompensationOfHghstPdCntrctGrp/USAddress/AddressLine1Txt,F9_07_COMP_KONTR_ADDR_L1,F9-P07-T02-CONTRACTORS,accept,"","Genuine repeating group: the group element is the repeat_root in filings with 2+ rows and '' in single-row filings, so the high unrepeated share just means most filers report one row. Evidence: repeats in 16.3% of 2,266 filings, max 5/filing, TY2014-2024; repeat_root: ''=84% ; IRS990EZ/CompensationOfHghstPdCntrctGrp=16%.",high
MANY_NOT_REPEATING,/Return/ReturnData/IRS990EZ/CompensationOfHghstPdCntrctGrp/USAddress/AddressLine2Txt,F9_07_COMP_KONTR_ADDR_L2,F9-P07-T02-CONTRACTORS,accept,"","Genuine repeating group: the group element is the repeat_root in filings with 2+ rows and '' in single-row filings, so the high unrepeated share just means most filers report one row. Evidence: repeats in 7.1% of 56 filings, max 3/filing, TY2018-2024; repeat_root: ''=86% ; IRS990EZ/CompensationOfHghstPdCntrctGrp=14%.",high
MANY_NOT_REPEATING,/Return/ReturnData/IRS990EZ/CompensationOfHghstPdCntrctGrp/USAddress/City,F9_07_COMP_KONTR_ADDR_CITY,F9-P07-T02-CONTRACTORS,accept,"","Genuine repeating group: the group element is the repeat_root in filings with 2+ rows and '' in single-row filings, so the high unrepeated share just means most filers report one row. Evidence: repeats in 12.4% of 113 filings, max 5/filing, TY2013-2013; repeat_root: ''=88% ; IRS990EZ/CompensationOfHghstPdCntrctGrp=12%.",high
MANY_NOT_REPEATING,/Return/ReturnData/IRS990EZ/CompensationOfHghstPdCntrctGrp/USAddress/CityNm,F9_07_COMP_KONTR_ADDR_CITY,F9-P07-T02-CONTRACTORS,accept,"","Genuine repeating group: the group element is the repeat_root in filings with 2+ rows and '' in single-row filings, so the high unrepeated share just means most filers report one row. Evidence: repeats in 16.3% of 2,266 filings, max 5/filing, TY2014-2024; repeat_root: ''=84% ; IRS990EZ/CompensationOfHghstPdCntrctGrp=16%.",high
MANY_NOT_REPEATING,/Return/ReturnData/IRS990EZ/CompensationOfHghstPdCntrctGrp/USAddress/State,F9_07_COMP_KONTR_ADDR_STATE,F9-P07-T02-CONTRACTORS,accept,"","Genuine repeating group: the group element is the repeat_root in filings with 2+ rows and '' in single-row filings, so the high unrepeated share just means most filers report one row. Evidence: repeats in 12.4% of 113 filings, max 5/filing, TY2013-2013; repeat_root: ''=88% ; IRS990EZ/CompensationOfHghstPdCntrctGrp=12%.",high
MANY_NOT_REPEATING,/Return/ReturnData/IRS990EZ/CompensationOfHghstPdCntrctGrp/USAddress/StateAbbreviationCd,F9_07_COMP_KONTR_ADDR_STATE,F9-P07-T02-CONTRACTORS,accept,"","Genuine repeating group: the group element is the repeat_root in filings with 2+ rows and '' in single-row filings, so the high unrepeated share just means most filers report one row. Evidence: repeats in 16.3% of 2,266 filings, max 5/filing, TY2014-2024; repeat_root: ''=84% ; IRS990EZ/CompensationOfHghstPdCntrctGrp=16%.",high
MANY_NOT_REPEATING,/Return/ReturnData/IRS990EZ/CompensationOfHghstPdCntrctGrp/USAddress/ZIPCd,F9_07_COMP_KONTR_ADDR_ZIP,F9-P07-T02-CONTRACTORS,accept,"","Genuine repeating group: the group element is the repeat_root in filings with 2+ rows and '' in single-row filings, so the high unrepeated share just means most filers report one row. Evidence: repeats in 16.3% of 2,266 filings, max 5/filing, TY2014-2024; repeat_root: ''=84% ; IRS990EZ/CompensationOfHghstPdCntrctGrp=16%.",high
MANY_NOT_REPEATING,/Return/ReturnData/IRS990EZ/CompensationOfHghstPdCntrctGrp/USAddress/ZIPCode,F9_07_COMP_KONTR_ADDR_ZIP,F9-P07-T02-CONTRACTORS,accept,"","Genuine repeating group: the group element is the repeat_root in filings with 2+ rows and '' in single-row filings, so the high unrepeated share just means most filers report one row. Evidence: repeats in 12.4% of 113 filings, max 5/filing, TY2013-2013; repeat_root: ''=88% ; IRS990EZ/CompensationOfHghstPdCntrctGrp=12%.",high
MANY_NOT_REPEATING,/Return/ReturnData/IRS990EZ/PartVIAHghstPaidCntrctProfSer,F9_07_COMP_KONTR_NONE,F9-P07-T02-CONTRACTORS,move_variable,F9-P07-T00-DIR-TRUST-KEY,"990-EZ 'none' indicator for highest-paid employees/contractors: a filing-level element outside the repeating group (max 1/filing, ~1.7M filings). In a MANY table it creates a spurious row per filing; move to the ONE table F9-P07-T00 (alternative: accept as a header-level field). Evidence: repeats in 0.0% of 195,666 filings, max 1/filing, TY2009-2012; repeat_root: ''=100%.",medium
MANY_NOT_REPEATING,/Return/ReturnData/IRS990EZ/PartVIHghstPdCntrctProfSrvcTxt,F9_07_COMP_KONTR_NONE,F9-P07-T02-CONTRACTORS,move_variable,F9-P07-T00-DIR-TRUST-KEY,"990-EZ 'none' indicator for highest-paid employees/contractors: a filing-level element outside the repeating group (max 1/filing, ~1.7M filings). In a MANY table it creates a spurious row per filing; move to the ONE table F9-P07-T00 (alternative: accept as a header-level field). Evidence: repeats in 0.0% of 1,533,692 filings, max 1/filing, TY2013-2024; repeat_root: ''=100%.",medium
MANY_NOT_REPEATING,/Return/ReturnData/IRS990/OtherRevenueMisc/BusinessCode,F9_08_REV_MISC_BIZCODE,F9-P08-T02-REVENUE-MISC,accept,"","Genuine repeating group: the group element is the repeat_root in filings with 2+ rows and '' in single-row filings, so the high unrepeated share just means most filers report one row. Evidence: repeats in 38.0% of 150,019 filings, max 3/filing, TY2009-2012; repeat_root: ''=61% ; IRS990/OtherRevenueMisc=39%.",high
MANY_NOT_REPEATING,/Return/ReturnData/IRS990/OtherRevenueMisc/Description,F9_08_REV_MISC_DESC,F9-P08-T02-REVENUE-MISC,accept,"","Genuine repeating group: the group element is the repeat_root in filings with 2+ rows and '' in single-row filings, so the high unrepeated share just means most filers report one row. Evidence: repeats in 38.8% of 204,081 filings, max 3/filing, TY2009-2012; repeat_root: ''=61% ; IRS990/OtherRevenueMisc=39%.",high
MANY_NOT_REPEATING,/Return/ReturnData/IRS990/OtherRevenueMisc/ExclusionAmount,F9_08_REV_MISC_EXCL,F9-P08-T02-REVENUE-MISC,accept,"","Genuine repeating group: the group element is the repeat_root in filings with 2+ rows and '' in single-row filings, so the high unrepeated share just means most filers report one row. Evidence: repeats in 33.2% of 70,983 filings, max 3/filing, TY2009-2012; repeat_root: ''=55% ; IRS990/OtherRevenueMisc=45%.",high
MANY_NOT_REPEATING,/Return/ReturnData/IRS990/OtherRevenueMisc/RelatedOrExemptFunctionIncome,F9_08_REV_MISC_RLTD,F9-P08-T02-REVENUE-MISC,accept,"","Genuine repeating group: the group element is the repeat_root in filings with 2+ rows and '' in single-row filings, so the high unrepeated share just means most filers report one row. Evidence: repeats in 33.8% of 135,758 filings, max 3/filing, TY2009-2012; repeat_root: ''=59% ; IRS990/OtherRevenueMisc=41%.",high
MANY_NOT_REPEATING,/Return/ReturnData/IRS990/OtherRevenueMisc/TotalRevenueColumn,F9_08_REV_MISC_TOT,F9-P08-T02-REVENUE-MISC,accept,"","Genuine repeating group: the group element is the repeat_root in filings with 2+ rows and '' in single-row filings, so the high unrepeated share just means most filers report one row. Evidence: repeats in 39.0% of 202,940 filings, max 3/filing, TY2009-2012; repeat_root: ''=61% ; IRS990/OtherRevenueMisc=39%.",high
MANY_NOT_REPEATING,/Return/ReturnData/IRS990/OtherRevenueMiscGrp/BusinessCd,F9_08_REV_MISC_BIZCODE,F9-P08-T02-REVENUE-MISC,accept,"","Genuine repeating group: the group element is the repeat_root in filings with 2+ rows and '' in single-row filings, so the high unrepeated share just means most filers report one row. Evidence: repeats in 33.4% of 878,114 filings, max 3/filing, TY2013-2024; repeat_root: ''=65% ; IRS990/OtherRevenueMiscGrp=35%.",high
MANY_NOT_REPEATING,/Return/ReturnData/IRS990/OtherRevenueMiscGrp/Desc,F9_08_REV_MISC_DESC,F9-P08-T02-REVENUE-MISC,accept,"","Genuine repeating group: the group element is the repeat_root in filings with 2+ rows and '' in single-row filings, so the high unrepeated share just means most filers report one row. Evidence: repeats in 34.7% of 1,186,468 filings, max 3/filing, TY2013-2024; repeat_root: ''=65% ; IRS990/OtherRevenueMiscGrp=35%.",high
MANY_NOT_REPEATING,/Return/ReturnData/IRS990/OtherRevenueMiscGrp/ExclusionAmt,F9_08_REV_MISC_EXCL,F9-P08-T02-REVENUE-MISC,accept,"","Genuine repeating group: the group element is the repeat_root in filings with 2+ rows and '' in single-row filings, so the high unrepeated share just means most filers report one row. Evidence: repeats in 32.2% of 411,313 filings, max 3/filing, TY2013-2024; repeat_root: ''=59% ; IRS990/OtherRevenueMiscGrp=41%.",high
MANY_NOT_REPEATING,/Return/ReturnData/IRS990/OtherRevenueMiscGrp/RelatedOrExemptFuncIncomeAmt,F9_08_REV_MISC_RLTD,F9-P08-T02-REVENUE-MISC,accept,"","Genuine repeating group: the group element is the repeat_root in filings with 2+ rows and '' in single-row filings, so the high unrepeated share just means most filers report one row. Evidence: repeats in 33.4% of 848,706 filings, max 3/filing, TY2013-2024; repeat_root: ''=61% ; IRS990/OtherRevenueMiscGrp=39%.",high
MANY_NOT_REPEATING,/Return/ReturnData/IRS990/OtherRevenueMiscGrp/TotalRevenueColumnAmt,F9_08_REV_MISC_TOT,F9-P08-T02-REVENUE-MISC,accept,"","Genuine repeating group: the group element is the repeat_root in filings with 2+ rows and '' in single-row filings, so the high unrepeated share just means most filers report one row. Evidence: repeats in 35.8% of 1,191,532 filings, max 3/filing, TY2013-2024; repeat_root: ''=64% ; IRS990/OtherRevenueMiscGrp=36%.",high
MANY_NOT_REPEATING,/Return/ReturnData/IRS990ScheduleA/SupportedOrgInformation/Amount,SA_01_PCSTAT_ORG_AMT_SUPPORT,SA-P01-T01-PUBLIC-CHARITY-STATUS,accept,"","Genuine repeating group: the group element is the repeat_root in filings with 2+ rows and '' in single-row filings, so the high unrepeated share just means most filers report one row. Evidence: repeats in 16.9% of 41,869 filings, max 877/filing, TY2009-2012; repeat_root: ''=83% ; IRS990ScheduleA/SupportedOrgInformation=17%.",high
MANY_NOT_REPEATING,/Return/ReturnData/IRS990ScheduleA/SupportedOrgInformation/EIN,SA_01_PCSTAT_ORG_EIN,SA-P01-T01-PUBLIC-CHARITY-STATUS,accept,"","Genuine repeating group: the group element is the repeat_root in filings with 2+ rows and '' in single-row filings, so the high unrepeated share just means most filers report one row. Evidence: repeats in 16.9% of 41,869 filings, max 877/filing, TY2009-2012; repeat_root: ''=83% ; IRS990ScheduleA/SupportedOrgInformation=17%.",high
MANY_NOT_REPEATING,/Return/ReturnData/IRS990ScheduleA/SupportedOrgInformation/ListedInGoverningDoc,SA_01_PCSTAT_ORG_DOC_LISTED_X,SA-P01-T01-PUBLIC-CHARITY-STATUS,accept,"","Genuine repeating group: the group element is the repeat_root in filings with 2+ rows and '' in single-row filings, so the high unrepeated share just means most filers report one row. Evidence: repeats in 16.9% of 41,869 filings, max 877/filing, TY2009-2012; repeat_root: ''=83% ; IRS990ScheduleA/SupportedOrgInformation=17%.",high
MANY_NOT_REPEATING,/Return/ReturnData/IRS990ScheduleA/SupportedOrgInformation/Name/BusinessNameLine1,SA_01_PCSTAT_ORG_NAME_L1,SA-P01-T01-PUBLIC-CHARITY-STATUS,accept,"","Genuine repeating group: the group element is the repeat_root in filings with 2+ rows and '' in single-row filings, so the high unrepeated share just means most filers report one row. Evidence: repeats in 16.9% of 41,869 filings, max 877/filing, TY2009-2012; repeat_root: ''=83% ; IRS990ScheduleA/SupportedOrgInformation=17%.",high
MANY_NOT_REPEATING,/Return/ReturnData/IRS990ScheduleA/SupportedOrgInformation/Name/BusinessNameLine2,SA_01_PCSTAT_ORG_NAME_L2,SA-P01-T01-PUBLIC-CHARITY-STATUS,accept,"","Genuine repeating group: the group element is the repeat_root in filings with 2+ rows and '' in single-row filings, so the high unrepeated share just means most filers report one row. Evidence: repeats in 4.9% of 2,015 filings, max 43/filing, TY2009-2012; repeat_root: ''=94% ; IRS990ScheduleA/SupportedOrgInformation=6%.",high
MANY_NOT_REPEATING,/Return/ReturnData/IRS990ScheduleA/SupportedOrgInformation/OrganizedInUS,SA_01_PCSTAT_ORG_ORGANIZED_US_X,SA-P01-T01-PUBLIC-CHARITY-STATUS,accept,"","Genuine repeating group: the group element is the repeat_root in filings with 2+ rows and '' in single-row filings, so the high unrepeated share just means most filers report one row. Evidence: repeats in 16.4% of 37,800 filings, max 877/filing, TY2009-2012; repeat_root: ''=84% ; IRS990ScheduleA/SupportedOrgInformation=16%.",high
MANY_NOT_REPEATING,/Return/ReturnData/IRS990ScheduleA/SupportedOrgInformation/SupportedOrganizationNotified,SA_01_PCSTAT_ORG_NOTIFIED_X,SA-P01-T01-PUBLIC-CHARITY-STATUS,accept,"","Genuine repeating group: the group element is the repeat_root in filings with 2+ rows and '' in single-row filings, so the high unrepeated share just means most filers report one row. Evidence: repeats in 16.2% of 36,944 filings, max 877/filing, TY2009-2012; repeat_root: ''=84% ; IRS990ScheduleA/SupportedOrgInformation=16%.",high
MANY_NOT_REPEATING,/Return/ReturnData/IRS990ScheduleA/SupportedOrgInformation/TypeOfOrganization,SA_01_PCSTAT_ORG_TYPE,SA-P01-T01-PUBLIC-CHARITY-STATUS,accept,"","Genuine repeating group: the group element is the repeat_root in filings with 2+ rows and '' in single-row filings, so the high unrepeated share just means most filers report one row. Evidence: repeats in 16.9% of 41,869 filings, max 877/filing, TY2009-2012; repeat_root: ''=83% ; IRS990ScheduleA/SupportedOrgInformation=17%.",high
MANY_NOT_REPEATING,/Return/ReturnData/IRS990ScheduleA/SupportedOrgInformationGrp/EIN,SA_01_PCSTAT_ORG_EIN,SA-P01-T01-PUBLIC-CHARITY-STATUS,accept,"","Genuine repeating group: the group element is the repeat_root in filings with 2+ rows and '' in single-row filings, so the high unrepeated share just means most filers report one row. Evidence: repeats in 16.1% of 221,993 filings, max 835/filing, TY2013-2024; repeat_root: ''=84% ; IRS990ScheduleA/SupportedOrgInformationGrp=16%.",high
MANY_NOT_REPEATING,/Return/ReturnData/IRS990ScheduleA/SupportedOrgInformationGrp/GoverningDocumentListedInd,SA_01_PCSTAT_ORG_DOC_LISTED_X,SA-P01-T01-PUBLIC-CHARITY-STATUS,accept,"","Genuine repeating group: the group element is the repeat_root in filings with 2+ rows and '' in single-row filings, so the high unrepeated share just means most filers report one row. Evidence: repeats in 16.1% of 221,993 filings, max 835/filing, TY2013-2024; repeat_root: ''=84% ; IRS990ScheduleA/SupportedOrgInformationGrp=16%.",high
MANY_NOT_REPEATING,/Return/ReturnData/IRS990ScheduleA/SupportedOrgInformationGrp/OrganizationTypeCd,SA_01_PCSTAT_ORG_TYPE,SA-P01-T01-PUBLIC-CHARITY-STATUS,accept,"","Genuine repeating group: the group element is the repeat_root in filings with 2+ rows and '' in single-row filings, so the high unrepeated share just means most filers report one row. Evidence: repeats in 16.0% of 197,493 filings, max 815/filing, TY2014-2024; repeat_root: ''=84% ; IRS990ScheduleA/SupportedOrgInformationGrp=16%.",high
MANY_NOT_REPEATING,/Return/ReturnData/IRS990ScheduleA/SupportedOrgInformationGrp/OrganizationTypeDesc,SA_01_PCSTAT_ORG_TYPE,SA-P01-T01-PUBLIC-CHARITY-STATUS,accept,"","Genuine repeating group: the group element is the repeat_root in filings with 2+ rows and '' in single-row filings, so the high unrepeated share just means most filers report one row. Evidence: repeats in 16.6% of 24,500 filings, max 835/filing, TY2013-2014; repeat_root: ''=83% ; IRS990ScheduleA/SupportedOrgInformationGrp=17%.",high
MANY_NOT_REPEATING,/Return/ReturnData/IRS990ScheduleA/SupportedOrgInformationGrp/OtherSupportAmt,SA_01_PCSTAT_ORG_AMT_OTH,SA-P01-T01-PUBLIC-CHARITY-STATUS,accept,"","Genuine repeating group: the group element is the repeat_root in filings with 2+ rows and '' in single-row filings, so the high unrepeated share just means most filers report one row. Evidence: repeats in 16.0% of 206,984 filings, max 823/filing, TY2014-2024; repeat_root: ''=84% ; IRS990ScheduleA/SupportedOrgInformationGrp=16%.",high
MANY_NOT_REPEATING,/Return/ReturnData/IRS990ScheduleA/SupportedOrgInformationGrp/SupportAmt,SA_01_PCSTAT_ORG_AMT_SUPPORT,SA-P01-T01-PUBLIC-CHARITY-STATUS,accept,"","Genuine repeating group: the group element is the repeat_root in filings with 2+ rows and '' in single-row filings, so the high unrepeated share just means most filers report one row. Evidence: repeats in 16.1% of 221,993 filings, max 835/filing, TY2013-2024; repeat_root: ''=84% ; IRS990ScheduleA/SupportedOrgInformationGrp=16%.",high
MANY_NOT_REPEATING,/Return/ReturnData/IRS990ScheduleA/SupportedOrgInformationGrp/SupportedOrgNotifiedInd,SA_01_PCSTAT_ORG_NOTIFIED_X,SA-P01-T01-PUBLIC-CHARITY-STATUS,accept,"","Genuine repeating group: the group element is the repeat_root in filings with 2+ rows and '' in single-row filings, so the high unrepeated share just means most filers report one row. Evidence: repeats in 16.0% of 13,223 filings, max 835/filing, TY2013-2013; repeat_root: ''=84% ; IRS990ScheduleA/SupportedOrgInformationGrp=16%.",high
MANY_NOT_REPEATING,/Return/ReturnData/IRS990ScheduleA/SupportedOrgInformationGrp/SupportedOrganizationName/BusinessNameLine1,SA_01_PCSTAT_ORG_NAME_L1,SA-P01-T01-PUBLIC-CHARITY-STATUS,accept,"","Genuine repeating group: the group element is the repeat_root in filings with 2+ rows and '' in single-row filings, so the high unrepeated share just means most filers report one row. Evidence: repeats in 16.9% of 15,009 filings, max 835/filing, TY2013-2013; repeat_root: ''=83% ; IRS990ScheduleA/SupportedOrgInformationGrp=17%.",high
MANY_NOT_REPEATING,/Return/ReturnData/IRS990ScheduleA/SupportedOrgInformationGrp/SupportedOrganizationName/BusinessNameLine1Txt,SA_01_PCSTAT_ORG_NAME_L1,SA-P01-T01-PUBLIC-CHARITY-STATUS,accept,"","Genuine repeating group: the group element is the repeat_root in filings with 2+ rows and '' in single-row filings, so the high unrepeated share just means most filers report one row. Evidence: repeats in 16.0% of 206,984 filings, max 823/filing, TY2014-2024; repeat_root: ''=84% ; IRS990ScheduleA/SupportedOrgInformationGrp=16%.",high
MANY_NOT_REPEATING,/Return/ReturnData/IRS990ScheduleA/SupportedOrgInformationGrp/SupportedOrganizationName/BusinessNameLine2,SA_01_PCSTAT_ORG_NAME_L2,SA-P01-T01-PUBLIC-CHARITY-STATUS,accept,"","Genuine repeating group: the group element is the repeat_root in filings with 2+ rows and '' in single-row filings, so the high unrepeated share just means most filers report one row. Evidence: repeats in 10.9% of 875 filings, max 43/filing, TY2013-2013; repeat_root: ''=89% ; IRS990ScheduleA/SupportedOrgInformationGrp=11%.",high
MANY_NOT_REPEATING,/Return/ReturnData/IRS990ScheduleA/SupportedOrgInformationGrp/SupportedOrganizationName/BusinessNameLine2Txt,SA_01_PCSTAT_ORG_NAME_L2,SA-P01-T01-PUBLIC-CHARITY-STATUS,accept,"","Genuine repeating group: the group element is the repeat_root in filings with 2+ rows and '' in single-row filings, so the high unrepeated share just means most filers report one row. Evidence: repeats in 13.2% of 18,258 filings, max 336/filing, TY2014-2024; repeat_root: ''=86% ; IRS990ScheduleA/SupportedOrgInformationGrp=14%.",high
MANY_NOT_REPEATING,/Return/ReturnData/IRS990ScheduleA/SupportedOrgInformationGrp/USOrganizedInd,SA_01_PCSTAT_ORG_ORGANIZED_US_X,SA-P01-T01-PUBLIC-CHARITY-STATUS,accept,"","Genuine repeating group: the group element is the repeat_root in filings with 2+ rows and '' in single-row filings, so the high unrepeated share just means most filers report one row. Evidence: repeats in 16.2% of 13,565 filings, max 835/filing, TY2013-2013; repeat_root: ''=84% ; IRS990ScheduleA/SupportedOrgInformationGrp=16%.",high
MANY_NOT_REPEATING,/Return/ReturnData/IRS990ScheduleB/ContributorInfo/AggregateContributions,SB_01_CONTRIBUTOR_AMOUNT,SB-P01-T01-CONTRIBUTORS,accept,"","Schedule B contributors are a repeating group in the schema, but public e-file data is redacted to a single ContributorInformationGrp with values RESTRICTED (max 1/filing), so no repeats can be observed. Keep MANY. Evidence: repeats in 0.0% of 310,685 filings, max 1/filing, TY2009-2012; repeat_root: ''=100%.",high
MANY_NOT_REPEATING,/Return/ReturnData/IRS990ScheduleB/ContributorInfo/ContributorAddressUS/AddressLine1,SB_01_CONTRIBUTOR_ADDR_L1,SB-P01-T01-CONTRIBUTORS,accept,"","Schedule B contributors are a repeating group in the schema, but public e-file data is redacted to a single ContributorInformationGrp with values RESTRICTED (max 1/filing), so no repeats can be observed. Keep MANY. Evidence: repeats in 0.0% of 310,685 filings, max 1/filing, TY2009-2012; repeat_root: ''=100%.",high
MANY_NOT_REPEATING,/Return/ReturnData/IRS990ScheduleB/ContributorInfo/ContributorAddressUS/AddressLine2,SB_01_CONTRIBUTOR_ADDR_L2,SB-P01-T01-CONTRIBUTORS,accept,"","Schedule B contributors are a repeating group in the schema, but public e-file data is redacted to a single ContributorInformationGrp with values RESTRICTED (max 1/filing), so no repeats can be observed. Keep MANY. Evidence: repeats in 0.0% of 310,685 filings, max 1/filing, TY2009-2012; repeat_root: ''=100%.",high
MANY_NOT_REPEATING,/Return/ReturnData/IRS990ScheduleB/ContributorInfo/ContributorAddressUS/City,SB_01_CONTRIBUTOR_ADDR_CITY,SB-P01-T01-CONTRIBUTORS,accept,"","Schedule B contributors are a repeating group in the schema, but public e-file data is redacted to a single ContributorInformationGrp with values RESTRICTED (max 1/filing), so no repeats can be observed. Keep MANY. Evidence: repeats in 0.0% of 310,685 filings, max 1/filing, TY2009-2012; repeat_root: ''=100%.",high
MANY_NOT_REPEATING,/Return/ReturnData/IRS990ScheduleB/ContributorInfo/ContributorAddressUS/State,SB_01_CONTRIBUTOR_ADDR_STATE,SB-P01-T01-CONTRIBUTORS,accept,"","Schedule B contributors are a repeating group in the schema, but public e-file data is redacted to a single ContributorInformationGrp with values RESTRICTED (max 1/filing), so no repeats can be observed. Keep MANY. Evidence: repeats in 0.0% of 310,685 filings, max 1/filing, TY2009-2012; repeat_root: ''=100%.",high
MANY_NOT_REPEATING,/Return/ReturnData/IRS990ScheduleB/ContributorInfo/ContributorAddressUS/ZIPCode,SB_01_CONTRIBUTOR_ADDR_ZIP,SB-P01-T01-CONTRIBUTORS,accept,"","Schedule B contributors are a repeating group in the schema, but public e-file data is redacted to a single ContributorInformationGrp with values RESTRICTED (max 1/filing), so no repeats can be observed. Keep MANY. Evidence: repeats in 0.0% of 310,685 filings, max 1/filing, TY2009-2012; repeat_root: ''=100%.",high
MANY_NOT_REPEATING,/Return/ReturnData/IRS990ScheduleB/ContributorInfo/ContributorNameBusiness/BusinessNameLine1,SB_01_CONTRIBUTOR_NAME_L1,SB-P01-T01-CONTRIBUTORS,accept,"","Schedule B contributors are a repeating group in the schema, but public e-file data is redacted to a single ContributorInformationGrp with values RESTRICTED (max 1/filing), so no repeats can be observed. Keep MANY. Evidence: repeats in 0.0% of 310,685 filings, max 1/filing, TY2009-2012; repeat_root: ''=100%.",high
MANY_NOT_REPEATING,/Return/ReturnData/IRS990ScheduleB/ContributorInfo/ContributorNumber,SB_01_CONTRIBUTOR_TYPE,SB-P01-T01-CONTRIBUTORS,accept,"","Schedule B contributors are a repeating group in the schema, but public e-file data is redacted to a single ContributorInformationGrp with values RESTRICTED (max 1/filing), so no repeats can be observed. Keep MANY. Evidence: repeats in 0.0% of 310,685 filings, max 1/filing, TY2009-2012; repeat_root: ''=100%.",high
MANY_NOT_REPEATING,/Return/ReturnData/IRS990ScheduleB/ContributorInformationGrp/ContributorBusinessName/BusinessNameLine1,SB_01_CONTRIBUTOR_NAME_L1,SB-P01-T01-CONTRIBUTORS,accept,"","Schedule B contributors are a repeating group in the schema, but public e-file data is redacted to a single ContributorInformationGrp with values RESTRICTED (max 1/filing), so no repeats can be observed. Keep MANY. Evidence: repeats in 0.0% of 1,939,894 filings, max 1/filing, TY2013-2024; repeat_root: ''=100%.",high
MANY_NOT_REPEATING,/Return/ReturnData/IRS990ScheduleB/ContributorInformationGrp/ContributorNum,SB_01_CONTRIBUTOR_TYPE,SB-P01-T01-CONTRIBUTORS,accept,"","Schedule B contributors are a repeating group in the schema, but public e-file data is redacted to a single ContributorInformationGrp with values RESTRICTED (max 1/filing), so no repeats can be observed. Keep MANY. Evidence: repeats in 0.0% of 1,939,894 filings, max 1/filing, TY2013-2024; repeat_root: ''=100%.",high
MANY_NOT_REPEATING,/Return/ReturnData/IRS990ScheduleB/ContributorInformationGrp/ContributorUSAddress/AddressLine1,SB_01_CONTRIBUTOR_ADDR_L1,SB-P01-T01-CONTRIBUTORS,accept,"","Schedule B contributors are a repeating group in the schema, but public e-file data is redacted to a single ContributorInformationGrp with values RESTRICTED (max 1/filing), so no repeats can be observed. Keep MANY. Evidence: repeats in 0.0% of 1,939,894 filings, max 1/filing, TY2013-2024; repeat_root: ''=100%.",high
MANY_NOT_REPEATING,/Return/ReturnData/IRS990ScheduleB/ContributorInformationGrp/ContributorUSAddress/AddressLine2,SB_01_CONTRIBUTOR_ADDR_L2,SB-P01-T01-CONTRIBUTORS,accept,"","Schedule B contributors are a repeating group in the schema, but public e-file data is redacted to a single ContributorInformationGrp with values RESTRICTED (max 1/filing), so no repeats can be observed. Keep MANY. Evidence: repeats in 0.0% of 1,939,894 filings, max 1/filing, TY2013-2024; repeat_root: ''=100%.",high
MANY_NOT_REPEATING,/Return/ReturnData/IRS990ScheduleB/ContributorInformationGrp/ContributorUSAddress/City,SB_01_CONTRIBUTOR_ADDR_CITY,SB-P01-T01-CONTRIBUTORS,accept,"","Schedule B contributors are a repeating group in the schema, but public e-file data is redacted to a single ContributorInformationGrp with values RESTRICTED (max 1/filing), so no repeats can be observed. Keep MANY. Evidence: repeats in 0.0% of 1,939,894 filings, max 1/filing, TY2013-2024; repeat_root: ''=100%.",high
MANY_NOT_REPEATING,/Return/ReturnData/IRS990ScheduleB/ContributorInformationGrp/ContributorUSAddress/State,SB_01_CONTRIBUTOR_ADDR_STATE,SB-P01-T01-CONTRIBUTORS,accept,"","Schedule B contributors are a repeating group in the schema, but public e-file data is redacted to a single ContributorInformationGrp with values RESTRICTED (max 1/filing), so no repeats can be observed. Keep MANY. Evidence: repeats in 0.0% of 1,939,894 filings, max 1/filing, TY2013-2024; repeat_root: ''=100%.",high
MANY_NOT_REPEATING,/Return/ReturnData/IRS990ScheduleB/ContributorInformationGrp/ContributorUSAddress/ZIPCode,SB_01_CONTRIBUTOR_ADDR_ZIP,SB-P01-T01-CONTRIBUTORS,accept,"","Schedule B contributors are a repeating group in the schema, but public e-file data is redacted to a single ContributorInformationGrp with values RESTRICTED (max 1/filing), so no repeats can be observed. Keep MANY. Evidence: repeats in 0.0% of 1,939,894 filings, max 1/filing, TY2013-2024; repeat_root: ''=100%.",high
MANY_NOT_REPEATING,/Return/ReturnData/IRS990ScheduleB/ContributorInformationGrp/TotalContributionsAmt,SB_01_CONTRIBUTOR_AMOUNT,SB-P01-T01-CONTRIBUTORS,accept,"","Schedule B contributors are a repeating group in the schema, but public e-file data is redacted to a single ContributorInformationGrp with values RESTRICTED (max 1/filing), so no repeats can be observed. Keep MANY. Evidence: repeats in 0.0% of 1,939,894 filings, max 1/filing, TY2013-2024; repeat_root: ''=100%.",high
MANY_NOT_REPEATING,/Return/ReturnData/IRS990ScheduleC/Sec527PolOrgs/AddressUS/AddressLine1,SC_01_POLI_ORG_ADDR_L1,SC-P01-T01-POLITICAL-ORGS-INFO,accept,"","Genuine repeating group: the group element is the repeat_root in filings with 2+ rows and '' in single-row filings, so the high unrepeated share just means most filers report one row. Evidence: repeats in 28.0% of 3,044 filings, max 605/filing, TY2009-2012; repeat_root: ''=72% ; IRS990ScheduleC/Sec527PolOrgs=28%.",high
MANY_NOT_REPEATING,/Return/ReturnData/IRS990ScheduleC/Sec527PolOrgs/AddressUS/AddressLine2,SC_01_POLI_ORG_ADDR_L2,SC-P01-T01-POLITICAL-ORGS-INFO,accept,"","Genuine repeating group: the group element is the repeat_root in filings with 2+ rows and '' in single-row filings, so the high unrepeated share just means most filers report one row. Evidence: repeats in 29.5% of 61 filings, max 17/filing, TY2010-2012; repeat_root: ''=57% ; IRS990ScheduleC/Sec527PolOrgs=43%.",high
MANY_NOT_REPEATING,/Return/ReturnData/IRS990ScheduleC/Sec527PolOrgs/AddressUS/City,SC_01_POLI_ORG_ADDR_CITY,SC-P01-T01-POLITICAL-ORGS-INFO,accept,"","Genuine repeating group: the group element is the repeat_root in filings with 2+ rows and '' in single-row filings, so the high unrepeated share just means most filers report one row. Evidence: repeats in 28.0% of 3,044 filings, max 605/filing, TY2009-2012; repeat_root: ''=72% ; IRS990ScheduleC/Sec527PolOrgs=28%.",high
MANY_NOT_REPEATING,/Return/ReturnData/IRS990ScheduleC/Sec527PolOrgs/AddressUS/State,SC_01_POLI_ORG_ADDR_STATE,SC-P01-T01-POLITICAL-ORGS-INFO,accept,"","Genuine repeating group: the group element is the repeat_root in filings with 2+ rows and '' in single-row filings, so the high unrepeated share just means most filers report one row. Evidence: repeats in 28.0% of 3,044 filings, max 605/filing, TY2009-2012; repeat_root: ''=72% ; IRS990ScheduleC/Sec527PolOrgs=28%.",high
MANY_NOT_REPEATING,/Return/ReturnData/IRS990ScheduleC/Sec527PolOrgs/AddressUS/ZIPCode,SC_01_POLI_ORG_ADDR_ZIP,SC-P01-T01-POLITICAL-ORGS-INFO,accept,"","Genuine repeating group: the group element is the repeat_root in filings with 2+ rows and '' in single-row filings, so the high unrepeated share just means most filers report one row. Evidence: repeats in 28.0% of 3,044 filings, max 605/filing, TY2009-2012; repeat_root: ''=72% ; IRS990ScheduleC/Sec527PolOrgs=28%.",high
MANY_NOT_REPEATING,/Return/ReturnData/IRS990ScheduleC/Sec527PolOrgs/AmtOfContribsRecdDelivered,SC_01_POLI_ORG_AMT_CONTR_REC,SC-P01-T01-POLITICAL-ORGS-INFO,accept,"","Genuine repeating group: the group element is the repeat_root in filings with 2+ rows and '' in single-row filings, so the high unrepeated share just means most filers report one row. Evidence: repeats in 18.6% of 1,816 filings, max 131/filing, TY2009-2012; repeat_root: ''=79% ; IRS990ScheduleC/Sec527PolOrgs=21%.",high
MANY_NOT_REPEATING,/Return/ReturnData/IRS990ScheduleC/Sec527PolOrgs/AmtPdFromInternalFunds,SC_01_POLI_ORG_AMT_FUND_PAID,SC-P01-T01-POLITICAL-ORGS-INFO,accept,"","Genuine repeating group: the group element is the repeat_root in filings with 2+ rows and '' in single-row filings, so the high unrepeated share just means most filers report one row. Evidence: repeats in 34.5% of 1,630 filings, max 602/filing, TY2009-2012; repeat_root: ''=63% ; IRS990ScheduleC/Sec527PolOrgs=37%.",high
MANY_NOT_REPEATING,/Return/ReturnData/IRS990ScheduleC/Sec527PolOrgs/EIN,SC_01_POLI_ORG_EIN,SC-P01-T01-POLITICAL-ORGS-INFO,accept,"","Genuine repeating group: the group element is the repeat_root in filings with 2+ rows and '' in single-row filings, so the high unrepeated share just means most filers report one row. Evidence: repeats in 22.8% of 2,480 filings, max 436/filing, TY2009-2012; repeat_root: ''=75% ; IRS990ScheduleC/Sec527PolOrgs=25%.",high
MANY_NOT_REPEATING,/Return/ReturnData/IRS990ScheduleC/Sec527PolOrgs/NameOf527Organization/BusinessNameLine1,SC_01_POLI_ORG_NAME_L1,SC-P01-T01-POLITICAL-ORGS-INFO,accept,"","Genuine repeating group: the group element is the repeat_root in filings with 2+ rows and '' in single-row filings, so the high unrepeated share just means most filers report one row. Evidence: repeats in 28.0% of 3,044 filings, max 605/filing, TY2009-2012; repeat_root: ''=72% ; IRS990ScheduleC/Sec527PolOrgs=28%.",high
MANY_NOT_REPEATING,/Return/ReturnData/IRS990ScheduleC/Sec527PolOrgs/NameOf527Organization/BusinessNameLine2,SC_01_POLI_ORG_NAME_L2,SC-P01-T01-POLITICAL-ORGS-INFO,accept,"","Genuine repeating group: the group element is the repeat_root in filings with 2+ rows and '' in single-row filings, so the high unrepeated share just means most filers report one row. Evidence: repeats in 36.9% of 130 filings, max 530/filing, TY2009-2012; repeat_root: ''=60% ; IRS990ScheduleC/Sec527PolOrgs=40%.",high
MANY_NOT_REPEATING,/Return/ReturnData/IRS990ScheduleC/Section527PoliticalOrgGrp/ContributionsRcvdDlvrAmt,SC_01_POLI_ORG_AMT_CONTR_REC,SC-P01-T01-POLITICAL-ORGS-INFO,accept,"","Genuine repeating group: the group element is the repeat_root in filings with 2+ rows and '' in single-row filings, so the high unrepeated share just means most filers report one row. Evidence: repeats in 17.1% of 13,852 filings, max 760/filing, TY2013-2024; repeat_root: ''=79% ; IRS990ScheduleC/Section527PoliticalOrgGrp=21%.",high
MANY_NOT_REPEATING,/Return/ReturnData/IRS990ScheduleC/Section527PoliticalOrgGrp/EIN,SC_01_POLI_ORG_EIN,SC-P01-T01-POLITICAL-ORGS-INFO,accept,"","Genuine repeating group: the group element is the repeat_root in filings with 2+ rows and '' in single-row filings, so the high unrepeated share just means most filers report one row. Evidence: repeats in 21.5% of 20,388 filings, max 919/filing, TY2013-2024; repeat_root: ''=76% ; IRS990ScheduleC/Section527PoliticalOrgGrp=24%.",high
MANY_NOT_REPEATING,/Return/ReturnData/IRS990ScheduleC/Section527PoliticalOrgGrp/ForeignAddress/AddressLine1,SC_01_POLI_ORG_ADDR_L1,SC-P01-T01-POLITICAL-ORGS-INFO,accept,"","Sparse field (address line 2, foreign address, etc.) inside a genuine repeating group; too few filings to observe a repeat. Sibling xpaths of the same group repeat. Evidence: repeats in 0.0% of 1 filings, max 1/filing, TY2013-2013; repeat_root: ''=100%.",high
MANY_NOT_REPEATING,/Return/ReturnData/IRS990ScheduleC/Section527PoliticalOrgGrp/ForeignAddress/City,SC_01_POLI_ORG_ADDR_CITY,SC-P01-T01-POLITICAL-ORGS-INFO,accept,"","Sparse field (address line 2, foreign address, etc.) inside a genuine repeating group; too few filings to observe a repeat. Sibling xpaths of the same group repeat. Evidence: repeats in 0.0% of 1 filings, max 1/filing, TY2013-2013; repeat_root: ''=100%.",high
MANY_NOT_REPEATING,/Return/ReturnData/IRS990ScheduleC/Section527PoliticalOrgGrp/ForeignAddress/Country,SC_01_POLI_ORG_ADDR_CNTR,SC-P01-T01-POLITICAL-ORGS-INFO,accept,"","Sparse field (address line 2, foreign address, etc.) inside a genuine repeating group; too few filings to observe a repeat. Sibling xpaths of the same group repeat. Evidence: repeats in 0.0% of 1 filings, max 1/filing, TY2013-2013; repeat_root: ''=100%.",high
MANY_NOT_REPEATING,/Return/ReturnData/IRS990ScheduleC/Section527PoliticalOrgGrp/ForeignAddress/PostalCode,SC_01_POLI_ORG_ADDR_ZIP,SC-P01-T01-POLITICAL-ORGS-INFO,accept,"","Sparse field (address line 2, foreign address, etc.) inside a genuine repeating group; too few filings to observe a repeat. Sibling xpaths of the same group repeat. Evidence: repeats in 0.0% of 1 filings, max 1/filing, TY2013-2013; repeat_root: ''=100%.",high
MANY_NOT_REPEATING,/Return/ReturnData/IRS990ScheduleC/Section527PoliticalOrgGrp/ForeignAddress/ProvinceOrState,SC_01_POLI_ORG_ADDR_STATE,SC-P01-T01-POLITICAL-ORGS-INFO,accept,"","Sparse field (address line 2, foreign address, etc.) inside a genuine repeating group; too few filings to observe a repeat. Sibling xpaths of the same group repeat. Evidence: repeats in 0.0% of 1 filings, max 1/filing, TY2013-2013; repeat_root: ''=100%.",high
MANY_NOT_REPEATING,/Return/ReturnData/IRS990ScheduleC/Section527PoliticalOrgGrp/OrganizationBusinessName/BusinessNameLine1,SC_01_POLI_ORG_NAME_L1,SC-P01-T01-POLITICAL-ORGS-INFO,accept,"","Genuine repeating group: the group element is the repeat_root in filings with 2+ rows and '' in single-row filings, so the high unrepeated share just means most filers report one row. Evidence: repeats in 27.1% of 1,313 filings, max 648/filing, TY2013-2013; repeat_root: ''=73% ; IRS990ScheduleC/Section527PoliticalOrgGrp=27%.",high
MANY_NOT_REPEATING,/Return/ReturnData/IRS990ScheduleC/Section527PoliticalOrgGrp/OrganizationBusinessName/BusinessNameLine1Txt,SC_01_POLI_ORG_NAME_L1,SC-P01-T01-POLITICAL-ORGS-INFO,accept,"","Genuine repeating group: the group element is the repeat_root in filings with 2+ rows and '' in single-row filings, so the high unrepeated share just means most filers report one row. Evidence: repeats in 27.9% of 23,600 filings, max 919/filing, TY2014-2024; repeat_root: ''=72% ; IRS990ScheduleC/Section527PoliticalOrgGrp=28%.",high
MANY_NOT_REPEATING,/Return/ReturnData/IRS990ScheduleC/Section527PoliticalOrgGrp/OrganizationBusinessName/BusinessNameLine2,SC_01_POLI_ORG_NAME_L2,SC-P01-T01-POLITICAL-ORGS-INFO,accept,"","Genuine repeating group: the group element is the repeat_root in filings with 2+ rows and '' in single-row filings, so the high unrepeated share just means most filers report one row. Evidence: repeats in 36.2% of 58 filings, max 22/filing, TY2013-2013; repeat_root: ''=59% ; IRS990ScheduleC/Section527PoliticalOrgGrp=41%.",high
MANY_NOT_REPEATING,/Return/ReturnData/IRS990ScheduleC/Section527PoliticalOrgGrp/OrganizationBusinessName/BusinessNameLine2Txt,SC_01_POLI_ORG_NAME_L2,SC-P01-T01-POLITICAL-ORGS-INFO,accept,"","Genuine repeating group: the group element is the repeat_root in filings with 2+ rows and '' in single-row filings, so the high unrepeated share just means most filers report one row. Evidence: repeats in 35.5% of 806 filings, max 648/filing, TY2014-2024; repeat_root: ''=57% ; IRS990ScheduleC/Section527PoliticalOrgGrp=43%.",high
MANY_NOT_REPEATING,/Return/ReturnData/IRS990ScheduleC/Section527PoliticalOrgGrp/PaidInternalFundsAmt,SC_01_POLI_ORG_AMT_FUND_PAID,SC-P01-T01-POLITICAL-ORGS-INFO,accept,"","Genuine repeating group: the group element is the repeat_root in filings with 2+ rows and '' in single-row filings, so the high unrepeated share just means most filers report one row. Evidence: repeats in 36.6% of 13,438 filings, max 916/filing, TY2013-2024; repeat_root: ''=61% ; IRS990ScheduleC/Section527PoliticalOrgGrp=39%.",high
MANY_NOT_REPEATING,/Return/ReturnData/IRS990ScheduleC/Section527PoliticalOrgGrp/USAddress/AddressLine1,SC_01_POLI_ORG_ADDR_L1,SC-P01-T01-POLITICAL-ORGS-INFO,accept,"","Genuine repeating group: the group element is the repeat_root in filings with 2+ rows and '' in single-row filings, so the high unrepeated share just means most filers report one row. Evidence: repeats in 27.1% of 1,312 filings, max 648/filing, TY2013-2013; repeat_root: ''=73% ; IRS990ScheduleC/Section527PoliticalOrgGrp=27%.",high
MANY_NOT_REPEATING,/Return/ReturnData/IRS990ScheduleC/Section527PoliticalOrgGrp/USAddress/AddressLine1Txt,SC_01_POLI_ORG_ADDR_L1,SC-P01-T01-POLITICAL-ORGS-INFO,accept,"","Genuine repeating group: the group element is the repeat_root in filings with 2+ rows and '' in single-row filings, so the high unrepeated share just means most filers report one row. Evidence: repeats in 27.9% of 23,602 filings, max 919/filing, TY2014-2024; repeat_root: ''=72% ; IRS990ScheduleC/Section527PoliticalOrgGrp=28%.",high
MANY_NOT_REPEATING,/Return/ReturnData/IRS990ScheduleC/Section527PoliticalOrgGrp/USAddress/AddressLine2,SC_01_POLI_ORG_ADDR_L2,SC-P01-T01-POLITICAL-ORGS-INFO,accept,"","Genuine repeating group: the group element is the repeat_root in filings with 2+ rows and '' in single-row filings, so the high unrepeated share just means most filers report one row. Evidence: repeats in 25.0% of 24 filings, max 22/filing, TY2013-2013; repeat_root: ''=54% ; IRS990ScheduleC/Section527PoliticalOrgGrp=46%.",high
MANY_NOT_REPEATING,/Return/ReturnData/IRS990ScheduleC/Section527PoliticalOrgGrp/USAddress/AddressLine2Txt,SC_01_POLI_ORG_ADDR_L2,SC-P01-T01-POLITICAL-ORGS-INFO,accept,"","Genuine repeating group: the group element is the repeat_root in filings with 2+ rows and '' in single-row filings, so the high unrepeated share just means most filers report one row. Evidence: repeats in 25.8% of 403 filings, max 36/filing, TY2014-2024; repeat_root: ''=58% ; IRS990ScheduleC/Section527PoliticalOrgGrp=42%.",high
MANY_NOT_REPEATING,/Return/ReturnData/IRS990ScheduleC/Section527PoliticalOrgGrp/USAddress/City,SC_01_POLI_ORG_ADDR_CITY,SC-P01-T01-POLITICAL-ORGS-INFO,accept,"","Genuine repeating group: the group element is the repeat_root in filings with 2+ rows and '' in single-row filings, so the high unrepeated share just means most filers report one row. Evidence: repeats in 27.1% of 1,312 filings, max 648/filing, TY2013-2013; repeat_root: ''=73% ; IRS990ScheduleC/Section527PoliticalOrgGrp=27%.",high
MANY_NOT_REPEATING,/Return/ReturnData/IRS990ScheduleC/Section527PoliticalOrgGrp/USAddress/CityNm,SC_01_POLI_ORG_ADDR_CITY,SC-P01-T01-POLITICAL-ORGS-INFO,accept,"","Genuine repeating group: the group element is the repeat_root in filings with 2+ rows and '' in single-row filings, so the high unrepeated share just means most filers report one row. Evidence: repeats in 27.9% of 23,602 filings, max 919/filing, TY2014-2024; repeat_root: ''=72% ; IRS990ScheduleC/Section527PoliticalOrgGrp=28%.",high
MANY_NOT_REPEATING,/Return/ReturnData/IRS990ScheduleC/Section527PoliticalOrgGrp/USAddress/State,SC_01_POLI_ORG_ADDR_STATE,SC-P01-T01-POLITICAL-ORGS-INFO,accept,"","Genuine repeating group: the group element is the repeat_root in filings with 2+ rows and '' in single-row filings, so the high unrepeated share just means most filers report one row. Evidence: repeats in 27.1% of 1,312 filings, max 648/filing, TY2013-2013; repeat_root: ''=73% ; IRS990ScheduleC/Section527PoliticalOrgGrp=27%.",high
MANY_NOT_REPEATING,/Return/ReturnData/IRS990ScheduleC/Section527PoliticalOrgGrp/USAddress/StateAbbreviationCd,SC_01_POLI_ORG_ADDR_STATE,SC-P01-T01-POLITICAL-ORGS-INFO,accept,"","Genuine repeating group: the group element is the repeat_root in filings with 2+ rows and '' in single-row filings, so the high unrepeated share just means most filers report one row. Evidence: repeats in 27.9% of 23,602 filings, max 919/filing, TY2014-2024; repeat_root: ''=72% ; IRS990ScheduleC/Section527PoliticalOrgGrp=28%.",high
MANY_NOT_REPEATING,/Return/ReturnData/IRS990ScheduleC/Section527PoliticalOrgGrp/USAddress/ZIPCd,SC_01_POLI_ORG_ADDR_ZIP,SC-P01-T01-POLITICAL-ORGS-INFO,accept,"","Genuine repeating group: the group element is the repeat_root in filings with 2+ rows and '' in single-row filings, so the high unrepeated share just means most filers report one row. Evidence: repeats in 27.9% of 23,602 filings, max 919/filing, TY2014-2024; repeat_root: ''=72% ; IRS990ScheduleC/Section527PoliticalOrgGrp=28%.",high
MANY_NOT_REPEATING,/Return/ReturnData/IRS990ScheduleC/Section527PoliticalOrgGrp/USAddress/ZIPCode,SC_01_POLI_ORG_ADDR_ZIP,SC-P01-T01-POLITICAL-ORGS-INFO,accept,"","Genuine repeating group: the group element is the repeat_root in filings with 2+ rows and '' in single-row filings, so the high unrepeated share just means most filers report one row. Evidence: repeats in 27.1% of 1,312 filings, max 648/filing, TY2013-2013; repeat_root: ''=73% ; IRS990ScheduleC/Section527PoliticalOrgGrp=27%.",high
MANY_NOT_REPEATING,/Return/ReturnData/IRS990ScheduleD/FinancialDerivatives/BookValue,SD_07_INVEST_SEC_DERIVATIVE_BV,SD-P07-T01-INVESTMENTS-OTH-DERIVATIVES,move_variable,SD-P07-T00-INVESTMENTS-SECURITIES,"Schedule D Part VII lines 1 (financial derivatives) and 2 (closely-held equity interests) are single lines (book value, method of valuation); max 1/filing, repeat_root '' always. Only line 3 (OtherSecuritiesGrp) repeats. Move to the ONE table SD-P07-T00 and retire this MANY table. Evidence: repeats in 0.0% of 2,182 filings, max 1/filing, TY2009-2012; repeat_root: ''=100%.",high
MANY_NOT_REPEATING,/Return/ReturnData/IRS990ScheduleD/FinancialDerivatives/MethodOfValuation,SD_07_INVEST_SEC_DERIVATIVE_MOV,SD-P07-T01-INVESTMENTS-OTH-DERIVATIVES,move_variable,SD-P07-T00-INVESTMENTS-SECURITIES,"Schedule D Part VII lines 1 (financial derivatives) and 2 (closely-held equity interests) are single lines (book value, method of valuation); max 1/filing, repeat_root '' always. Only line 3 (OtherSecuritiesGrp) repeats. Move to the ONE table SD-P07-T00 and retire this MANY table. Evidence: repeats in 0.0% of 1,042 filings, max 1/filing, TY2009-2012; repeat_root: ''=100%.",high
MANY_NOT_REPEATING,/Return/ReturnData/IRS990ScheduleD/FinancialDerivativesGrp/BookValueAmt,SD_07_INVEST_SEC_DERIVATIVE_BV,SD-P07-T01-INVESTMENTS-OTH-DERIVATIVES,move_variable,SD-P07-T00-INVESTMENTS-SECURITIES,"Schedule D Part VII lines 1 (financial derivatives) and 2 (closely-held equity interests) are single lines (book value, method of valuation); max 1/filing, repeat_root '' always. Only line 3 (OtherSecuritiesGrp) repeats. Move to the ONE table SD-P07-T00 and retire this MANY table. Evidence: repeats in 0.0% of 6,690 filings, max 1/filing, TY2013-2024; repeat_root: ''=100%.",high
MANY_NOT_REPEATING,/Return/ReturnData/IRS990ScheduleD/FinancialDerivativesGrp/MethodValuationCd,SD_07_INVEST_SEC_DERIVATIVE_MOV,SD-P07-T01-INVESTMENTS-OTH-DERIVATIVES,move_variable,SD-P07-T00-INVESTMENTS-SECURITIES,"Schedule D Part VII lines 1 (financial derivatives) and 2 (closely-held equity interests) are single lines (book value, method of valuation); max 1/filing, repeat_root '' always. Only line 3 (OtherSecuritiesGrp) repeats. Move to the ONE table SD-P07-T00 and retire this MANY table. Evidence: repeats in 0.0% of 5,032 filings, max 1/filing, TY2013-2024; repeat_root: ''=100%.",high
MANY_NOT_REPEATING,/Return/ReturnData/IRS990ScheduleD/CloselyHeldEquityInterests/BookValue,SD_07_INVEST_SEC_EQ_INT_BV,SD-P07-T01-INVESTMENTS-OTH-EQUITY,move_variable,SD-P07-T00-INVESTMENTS-SECURITIES,"Schedule D Part VII lines 1 (financial derivatives) and 2 (closely-held equity interests) are single lines (book value, method of valuation); max 1/filing, repeat_root '' always. Only line 3 (OtherSecuritiesGrp) repeats. Move to the ONE table SD-P07-T00 and retire this MANY table. Evidence: repeats in 0.0% of 3,674 filings, max 1/filing, TY2009-2012; repeat_root: ''=100%.",high
MANY_NOT_REPEATING,/Return/ReturnData/IRS990ScheduleD/CloselyHeldEquityInterests/MethodOfValuation,SD_07_INVEST_SEC_EQ_INT_MOV,SD-P07-T01-INVESTMENTS-OTH-EQUITY,move_variable,SD-P07-T00-INVESTMENTS-SECURITIES,"Schedule D Part VII lines 1 (financial derivatives) and 2 (closely-held equity interests) are single lines (book value, method of valuation); max 1/filing, repeat_root '' always. Only line 3 (OtherSecuritiesGrp) repeats. Move to the ONE table SD-P07-T00 and retire this MANY table. Evidence: repeats in 0.0% of 2,436 filings, max 1/filing, TY2009-2012; repeat_root: ''=100%.",high
MANY_NOT_REPEATING,/Return/ReturnData/IRS990ScheduleD/CloselyHeldEquityInterestsGrp/BookValueAmt,SD_07_INVEST_SEC_EQ_INT_BV,SD-P07-T01-INVESTMENTS-OTH-EQUITY,move_variable,SD-P07-T00-INVESTMENTS-SECURITIES,"Schedule D Part VII lines 1 (financial derivatives) and 2 (closely-held equity interests) are single lines (book value, method of valuation); max 1/filing, repeat_root '' always. Only line 3 (OtherSecuritiesGrp) repeats. Move to the ONE table SD-P07-T00 and retire this MANY table. Evidence: repeats in 0.0% of 14,315 filings, max 1/filing, TY2013-2024; repeat_root: ''=100%.",high
MANY_NOT_REPEATING,/Return/ReturnData/IRS990ScheduleD/CloselyHeldEquityInterestsGrp/MethodValuationCd,SD_07_INVEST_SEC_EQ_INT_MOV,SD-P07-T01-INVESTMENTS-OTH-EQUITY,move_variable,SD-P07-T00-INVESTMENTS-SECURITIES,"Schedule D Part VII lines 1 (financial derivatives) and 2 (closely-held equity interests) are single lines (book value, method of valuation); max 1/filing, repeat_root '' always. Only line 3 (OtherSecuritiesGrp) repeats. Move to the ONE table SD-P07-T00 and retire this MANY table. Evidence: repeats in 0.0% of 12,418 filings, max 1/filing, TY2013-2024; repeat_root: ''=100%.",high
MANY_NOT_REPEATING,/Return/ReturnData/IRS990ScheduleD/OtherSecuritiesGrp/BookValueAmt,SD_07_INVEST_SEC_OTH_BV,SD-P07-T01-INVESTMENTS-OTH-SECURITIES,accept,"","Genuine repeating group: the group element is the repeat_root in filings with 2+ rows and '' in single-row filings, so the high unrepeated share just means most filers report one row. Evidence: repeats in 43.5% of 196,370 filings, max 648/filing, TY2013-2024; repeat_root: ''=55% ; IRS990ScheduleD/OtherSecuritiesGrp=45%.",high
MANY_NOT_REPEATING,/Return/ReturnData/IRS990ScheduleD/OtherSecuritiesGrp/MethodValuationCd,SD_07_INVEST_SEC_OTH_MOV,SD-P07-T01-INVESTMENTS-OTH-SECURITIES,accept,"","Genuine repeating group: the group element is the repeat_root in filings with 2+ rows and '' in single-row filings, so the high unrepeated share just means most filers report one row. Evidence: repeats in 43.9% of 192,758 filings, max 648/filing, TY2013-2024; repeat_root: ''=55% ; IRS990ScheduleD/OtherSecuritiesGrp=45%.",high
MANY_NOT_REPEATING,/Return/ReturnData/IRS990ScheduleD/InvstProgramRelatedOrgGrp/BookValueAmt,SD_08_INVEST_PROG_RLTD_BV,SD-P08-T01-INVESTMENTS-PROG-RLTD,accept,"","Genuine repeating group: the group element is the repeat_root in filings with 2+ rows and '' in single-row filings, so the high unrepeated share just means most filers report one row. Evidence: repeats in 45.9% of 59,538 filings, max 214/filing, TY2013-2024; repeat_root: ''=54% ; IRS990ScheduleD/InvstProgramRelatedOrgGrp=46%.",high
MANY_NOT_REPEATING,/Return/ReturnData/IRS990ScheduleD/InvstProgramRelatedOrgGrp/Desc,SD_08_INVEST_PROG_RLTD_DESC,SD-P08-T01-INVESTMENTS-PROG-RLTD,accept,"","Genuine repeating group: the group element is the repeat_root in filings with 2+ rows and '' in single-row filings, so the high unrepeated share just means most filers report one row. Evidence: repeats in 46.1% of 59,474 filings, max 214/filing, TY2013-2024; repeat_root: ''=54% ; IRS990ScheduleD/InvstProgramRelatedOrgGrp=46%.",high
MANY_NOT_REPEATING,/Return/ReturnData/IRS990ScheduleD/InvstProgramRelatedOrgGrp/MethodValuationCd,SD_08_INVEST_PROG_RLTD_MOV,SD-P08-T01-INVESTMENTS-PROG-RLTD,accept,"","Genuine repeating group: the group element is the repeat_root in filings with 2+ rows and '' in single-row filings, so the high unrepeated share just means most filers report one row. Evidence: repeats in 46.0% of 57,820 filings, max 214/filing, TY2013-2024; repeat_root: ''=54% ; IRS990ScheduleD/InvstProgramRelatedOrgGrp=46%.",high
MANY_NOT_REPEATING,/Return/ReturnData/IRS990ScheduleD/OtherLiabilities/Amount,SD_10_LIAB_OTH_BV,SD-P10-T01-OTH-LIABILITIES,accept,"","Genuine repeating group: the group element is the repeat_root in filings with 2+ rows and '' in single-row filings, so the high unrepeated share just means most filers report one row. Evidence: repeats in 46.8% of 208,539 filings, max 125/filing, TY2009-2012; repeat_root: ''=51% ; IRS990ScheduleD/OtherLiabilities=49%.",high
MANY_NOT_REPEATING,/Return/ReturnData/IRS990ScheduleD/OtherLiabilities/Description,SD_10_LIAB_OTH_DESC,SD-P10-T01-OTH-LIABILITIES,accept,"","Genuine repeating group: the group element is the repeat_root in filings with 2+ rows and '' in single-row filings, so the high unrepeated share just means most filers report one row. Evidence: repeats in 47.8% of 213,437 filings, max 125/filing, TY2009-2012; repeat_root: ''=52% ; IRS990ScheduleD/OtherLiabilities=48%.",high
MANY_NOT_REPEATING,/Return/ReturnData/IRS990ScheduleD/OtherLiabilitiesOrgGrp/Amt,SD_10_LIAB_OTH_BV,SD-P10-T01-OTH-LIABILITIES,accept,"","Genuine repeating group: the group element is the repeat_root in filings with 2+ rows and '' in single-row filings, so the high unrepeated share just means most filers report one row. Evidence: repeats in 44.5% of 1,256,669 filings, max 129/filing, TY2013-2024; repeat_root: ''=54% ; IRS990ScheduleD/OtherLiabilitiesOrgGrp=46%.",high
MANY_NOT_REPEATING,/Return/ReturnData/IRS990ScheduleD/OtherLiabilitiesOrgGrp/Desc,SD_10_LIAB_OTH_DESC,SD-P10-T01-OTH-LIABILITIES,accept,"","Genuine repeating group: the group element is the repeat_root in filings with 2+ rows and '' in single-row filings, so the high unrepeated share just means most filers report one row. Evidence: repeats in 44.7% of 1,321,085 filings, max 130/filing, TY2013-2024; repeat_root: ''=55% ; IRS990ScheduleD/OtherLiabilitiesOrgGrp=45%.",high
MANY_NOT_REPEATING,/Return/ReturnData/IRS990ScheduleF/GrantsToOrgOutsideUSGrp/CashGrantAmt,SF_02_FRGN_ORG_GRANT_AMT,SF-P02-T01-FRGN-ORG-GRANTS,accept,"","Genuine repeating group: the group element is the repeat_root in filings with 2+ rows and '' in single-row filings, so the high unrepeated share just means most filers report one row. Evidence: repeats in 47.3% of 79,756 filings, max 3950/filing, TY2013-2024; repeat_root: ''=52% ; IRS990ScheduleF/GrantsToOrgOutsideUSGrp=48%.",high
MANY_NOT_REPEATING,/Return/ReturnData/IRS990ScheduleF/GrantsToOrgOutsideUSGrp/MannerOfCashDisbursementTxt,SF_02_FRGN_ORG_GRANT_DISBMT,SF-P02-T01-FRGN-ORG-GRANTS,accept,"","Genuine repeating group: the group element is the repeat_root in filings with 2+ rows and '' in single-row filings, so the high unrepeated share just means most filers report one row. Evidence: repeats in 47.3% of 70,859 filings, max 3950/filing, TY2013-2024; repeat_root: ''=52% ; IRS990ScheduleF/GrantsToOrgOutsideUSGrp=48%.",high
MANY_NOT_REPEATING,/Return/ReturnData/IRS990ScheduleF/GrantsToOrgOutsideUSGrp/PurposeOfGrantTxt,SF_02_FRGN_ORG_GRANT_PURPOSE,SF-P02-T01-FRGN-ORG-GRANTS,accept,"","Genuine repeating group: the group element is the repeat_root in filings with 2+ rows and '' in single-row filings, so the high unrepeated share just means most filers report one row. Evidence: repeats in 46.7% of 84,027 filings, max 3950/filing, TY2013-2024; repeat_root: ''=53% ; IRS990ScheduleF/GrantsToOrgOutsideUSGrp=47%.",high
MANY_NOT_REPEATING,/Return/ReturnData/IRS990ScheduleF/GrantsToOrgOutsideUSGrp/RegionTxt,SF_02_FRGN_ORG_GRANT_REGION,SF-P02-T01-FRGN-ORG-GRANTS,accept,"","Genuine repeating group: the group element is the repeat_root in filings with 2+ rows and '' in single-row filings, so the high unrepeated share just means most filers report one row. Evidence: repeats in 48.1% of 76,235 filings, max 3950/filing, TY2013-2024; repeat_root: ''=52% ; IRS990ScheduleF/GrantsToOrgOutsideUSGrp=48%.",high
MANY_NOT_REPEATING,/Return/ReturnData/IRS990ScheduleF/GrantsToOrgOutsideUSGrp/ValuationMethodUsedDesc,SF_02_FRGN_ORG_GRANT_NC_MOV,SF-P02-T01-FRGN-ORG-GRANTS,accept,"","Genuine repeating group: the group element is the repeat_root in filings with 2+ rows and '' in single-row filings, so the high unrepeated share just means most filers report one row. Evidence: repeats in 41.4% of 21,796 filings, max 1006/filing, TY2013-2024; repeat_root: ''=53% ; IRS990ScheduleF/GrantsToOrgOutsideUSGrp=47%.",high
MANY_NOT_REPEATING,/Return/ReturnData/IRS990ScheduleF/GrantsToOrgsOutsideUS/MethodOfValuation,SF_02_FRGN_ORG_GRANT_NC_MOV,SF-P02-T01-FRGN-ORG-GRANTS,accept,"","Genuine repeating group: the group element is the repeat_root in filings with 2+ rows and '' in single-row filings, so the high unrepeated share just means most filers report one row. Evidence: repeats in 44.3% of 2,885 filings, max 2431/filing, TY2009-2012; repeat_root: ''=50% ; IRS990ScheduleF/GrantsToOrgsOutsideUS=50%.",high
MANY_NOT_REPEATING,/Return/ReturnData/IRS990ScheduleF/GrantsToOrgsOutsideUS/PurposeOfGrant,SF_02_FRGN_ORG_GRANT_PURPOSE,SF-P02-T01-FRGN-ORG-GRANTS,accept,"","Genuine repeating group: the group element is the repeat_root in filings with 2+ rows and '' in single-row filings, so the high unrepeated share just means most filers report one row. Evidence: repeats in 49.6% of 9,607 filings, max 4420/filing, TY2009-2012; repeat_root: ''=50% ; IRS990ScheduleF/GrantsToOrgsOutsideUS=50%.",high
MANY_NOT_REPEATING,/Return/ReturnData/IRS990ScheduleG/FundraiserActivityInfoGrp/ActivityTxt,SG_01_FUNDRAISER_ACT,SG-P01-T01-FUNDRAISERS-INFO,accept,"","Genuine repeating group: the group element is the repeat_root in filings with 2+ rows and '' in single-row filings, so the high unrepeated share just means most filers report one row. Evidence: repeats in 27.5% of 61,969 filings, max 10/filing, TY2013-2024; repeat_root: ''=72% ; IRS990ScheduleG/FundraiserActivityInfoGrp=28%.",high
MANY_NOT_REPEATING,/Return/ReturnData/IRS990ScheduleG/FundraiserActivityInfoGrp/FundraiserControlOfFundsInd,SG_01_FUNDRAISER_CTRL_FUND_X,SG-P01-T01-FUNDRAISERS-INFO,accept,"","Genuine repeating group: the group element is the repeat_root in filings with 2+ rows and '' in single-row filings, so the high unrepeated share just means most filers report one row. Evidence: repeats in 28.1% of 64,263 filings, max 10/filing, TY2013-2024; repeat_root: ''=72% ; IRS990ScheduleG/FundraiserActivityInfoGrp=28%.",high
MANY_NOT_REPEATING,/Return/ReturnData/IRS990ScheduleG/FundraiserActivityInfoGrp/GrossReceiptsAmt,SG_01_FUNDRAISER_ACT_GRORCPT,SG-P01-T01-FUNDRAISERS-INFO,accept,"","Genuine repeating group: the group element is the repeat_root in filings with 2+ rows and '' in single-row filings, so the high unrepeated share just means most filers report one row. Evidence: repeats in 26.6% of 57,393 filings, max 10/filing, TY2013-2024; repeat_root: ''=72% ; IRS990ScheduleG/FundraiserActivityInfoGrp=28%.",high
MANY_NOT_REPEATING,/Return/ReturnData/IRS990ScheduleG/FundraiserActivityInfoGrp/NetToOrganizationAmt,SG_01_FUNDRAISER_AMT_ORG,SG-P01-T01-FUNDRAISERS-INFO,accept,"","Genuine repeating group: the group element is the repeat_root in filings with 2+ rows and '' in single-row filings, so the high unrepeated share just means most filers report one row. Evidence: repeats in 27.1% of 59,003 filings, max 10/filing, TY2013-2024; repeat_root: ''=72% ; IRS990ScheduleG/FundraiserActivityInfoGrp=28%.",high
MANY_NOT_REPEATING,/Return/ReturnData/IRS990ScheduleG/FundraiserActivityInfoGrp/OrganizationBusinessName/BusinessNameLine1,SG_01_FUNDRAISER_NAME_ORG_L1,SG-P01-T01-FUNDRAISERS-INFO,accept,"","Genuine repeating group: the group element is the repeat_root in filings with 2+ rows and '' in single-row filings, so the high unrepeated share just means most filers report one row. Evidence: repeats in 26.5% of 3,147 filings, max 10/filing, TY2013-2013; repeat_root: ''=69% ; IRS990ScheduleG/FundraiserActivityInfoGrp=31%.",high
MANY_NOT_REPEATING,/Return/ReturnData/IRS990ScheduleG/FundraiserActivityInfoGrp/OrganizationBusinessName/BusinessNameLine1Txt,SG_01_FUNDRAISER_NAME_ORG_L1,SG-P01-T01-FUNDRAISERS-INFO,accept,"","Genuine repeating group: the group element is the repeat_root in filings with 2+ rows and '' in single-row filings, so the high unrepeated share just means most filers report one row. Evidence: repeats in 25.6% of 43,649 filings, max 10/filing, TY2014-2024; repeat_root: ''=71% ; IRS990ScheduleG/FundraiserActivityInfoGrp=29%.",high
MANY_NOT_REPEATING,/Return/ReturnData/IRS990ScheduleG/FundraiserActivityInfoGrp/OrganizationBusinessName/BusinessNameLine2,SG_01_FUNDRAISER_NAME_ORG_L2,SG-P01-T01-FUNDRAISERS-INFO,accept,"","Genuine repeating group: the group element is the repeat_root in filings with 2+ rows and '' in single-row filings, so the high unrepeated share just means most filers report one row. Evidence: repeats in 4.2% of 24 filings, max 2/filing, TY2013-2013; repeat_root: ''=62% ; IRS990ScheduleG/FundraiserActivityInfoGrp=38%.",high
MANY_NOT_REPEATING,/Return/ReturnData/IRS990ScheduleG/FundraiserActivityInfoGrp/OrganizationBusinessName/BusinessNameLine2Txt,SG_01_FUNDRAISER_NAME_ORG_L2,SG-P01-T01-FUNDRAISERS-INFO,accept,"","Genuine repeating group: the group element is the repeat_root in filings with 2+ rows and '' in single-row filings, so the high unrepeated share just means most filers report one row. Evidence: repeats in 6.1% of 213 filings, max 3/filing, TY2014-2024; repeat_root: ''=84% ; IRS990ScheduleG/FundraiserActivityInfoGrp=16%.",high
MANY_NOT_REPEATING,/Return/ReturnData/IRS990ScheduleG/FundraiserActivityInfoGrp/PersonNm,SG_01_FUNDRAISER_NAME_INDIV,SG-P01-T01-FUNDRAISERS-INFO,accept,"","Genuine repeating group: the group element is the repeat_root in filings with 2+ rows and '' in single-row filings, so the high unrepeated share just means most filers report one row. Evidence: repeats in 23.2% of 20,287 filings, max 10/filing, TY2013-2024; repeat_root: ''=68% ; IRS990ScheduleG/FundraiserActivityInfoGrp=32%.",high
MANY_NOT_REPEATING,/Return/ReturnData/IRS990ScheduleG/FundraiserActivityInfoGrp/RetainedByContractorAmt,SG_01_FUNDRAISER_AMT_PAID,SG-P01-T01-FUNDRAISERS-INFO,accept,"","Genuine repeating group: the group element is the repeat_root in filings with 2+ rows and '' in single-row filings, so the high unrepeated share just means most filers report one row. Evidence: repeats in 27.4% of 62,237 filings, max 10/filing, TY2013-2024; repeat_root: ''=72% ; IRS990ScheduleG/FundraiserActivityInfoGrp=28%.",high
MANY_NOT_REPEATING,/Return/ReturnData/IRS990ScheduleG/FundraiserActivityInfoGrp/USAddress/AddressLine1,SG_01_FUNDRAISER_ADDR_L1,SG-P01-T01-FUNDRAISERS-INFO,accept,"","Genuine repeating group: the group element is the repeat_root in filings with 2+ rows and '' in single-row filings, so the high unrepeated share just means most filers report one row. Evidence: repeats in 27.6% of 4,040 filings, max 10/filing, TY2013-2013; repeat_root: ''=71% ; IRS990ScheduleG/FundraiserActivityInfoGrp=29%.",high
MANY_NOT_REPEATING,/Return/ReturnData/IRS990ScheduleG/FundraiserActivityInfoGrp/USAddress/AddressLine1Txt,SG_01_FUNDRAISER_ADDR_L1,SG-P01-T01-FUNDRAISERS-INFO,accept,"","Genuine repeating group: the group element is the repeat_root in filings with 2+ rows and '' in single-row filings, so the high unrepeated share just means most filers report one row. Evidence: repeats in 27.1% of 54,332 filings, max 10/filing, TY2014-2024; repeat_root: ''=72% ; IRS990ScheduleG/FundraiserActivityInfoGrp=28%.",high
MANY_NOT_REPEATING,/Return/ReturnData/IRS990ScheduleG/FundraiserActivityInfoGrp/USAddress/AddressLine2,SG_01_FUNDRAISER_ADDR_L2,SG-P01-T01-FUNDRAISERS-INFO,accept,"","Genuine repeating group: the group element is the repeat_root in filings with 2+ rows and '' in single-row filings, so the high unrepeated share just means most filers report one row. Evidence: repeats in 22.4% of 116 filings, max 8/filing, TY2013-2013; repeat_root: ''=59% ; IRS990ScheduleG/FundraiserActivityInfoGrp=41%.",high
MANY_NOT_REPEATING,/Return/ReturnData/IRS990ScheduleG/FundraiserActivityInfoGrp/USAddress/AddressLine2Txt,SG_01_FUNDRAISER_ADDR_L2,SG-P01-T01-FUNDRAISERS-INFO,accept,"","Genuine repeating group: the group element is the repeat_root in filings with 2+ rows and '' in single-row filings, so the high unrepeated share just means most filers report one row. Evidence: repeats in 11.8% of 1,282 filings, max 7/filing, TY2014-2024; repeat_root: ''=62% ; IRS990ScheduleG/FundraiserActivityInfoGrp=38%.",high
MANY_NOT_REPEATING,/Return/ReturnData/IRS990ScheduleG/FundraiserActivityInfoGrp/USAddress/City,SG_01_FUNDRAISER_ADDR_CITY,SG-P01-T01-FUNDRAISERS-INFO,accept,"","Genuine repeating group: the group element is the repeat_root in filings with 2+ rows and '' in single-row filings, so the high unrepeated share just means most filers report one row. Evidence: repeats in 27.6% of 4,040 filings, max 10/filing, TY2013-2013; repeat_root: ''=71% ; IRS990ScheduleG/FundraiserActivityInfoGrp=29%.",high
MANY_NOT_REPEATING,/Return/ReturnData/IRS990ScheduleG/FundraiserActivityInfoGrp/USAddress/CityNm,SG_01_FUNDRAISER_ADDR_CITY,SG-P01-T01-FUNDRAISERS-INFO,accept,"","Genuine repeating group: the group element is the repeat_root in filings with 2+ rows and '' in single-row filings, so the high unrepeated share just means most filers report one row. Evidence: repeats in 27.1% of 54,332 filings, max 10/filing, TY2014-2024; repeat_root: ''=72% ; IRS990ScheduleG/FundraiserActivityInfoGrp=28%.",high
MANY_NOT_REPEATING,/Return/ReturnData/IRS990ScheduleG/FundraiserActivityInfoGrp/USAddress/State,SG_01_FUNDRAISER_ADDR_STATE,SG-P01-T01-FUNDRAISERS-INFO,accept,"","Genuine repeating group: the group element is the repeat_root in filings with 2+ rows and '' in single-row filings, so the high unrepeated share just means most filers report one row. Evidence: repeats in 27.6% of 4,040 filings, max 10/filing, TY2013-2013; repeat_root: ''=71% ; IRS990ScheduleG/FundraiserActivityInfoGrp=29%.",high
MANY_NOT_REPEATING,/Return/ReturnData/IRS990ScheduleG/FundraiserActivityInfoGrp/USAddress/StateAbbreviationCd,SG_01_FUNDRAISER_ADDR_STATE,SG-P01-T01-FUNDRAISERS-INFO,accept,"","Genuine repeating group: the group element is the repeat_root in filings with 2+ rows and '' in single-row filings, so the high unrepeated share just means most filers report one row. Evidence: repeats in 27.1% of 54,332 filings, max 10/filing, TY2014-2024; repeat_root: ''=72% ; IRS990ScheduleG/FundraiserActivityInfoGrp=28%.",high
MANY_NOT_REPEATING,/Return/ReturnData/IRS990ScheduleG/FundraiserActivityInfoGrp/USAddress/ZIPCd,SG_01_FUNDRAISER_ADDR_ZIP,SG-P01-T01-FUNDRAISERS-INFO,accept,"","Genuine repeating group: the group element is the repeat_root in filings with 2+ rows and '' in single-row filings, so the high unrepeated share just means most filers report one row. Evidence: repeats in 27.1% of 54,332 filings, max 10/filing, TY2014-2024; repeat_root: ''=72% ; IRS990ScheduleG/FundraiserActivityInfoGrp=28%.",high
MANY_NOT_REPEATING,/Return/ReturnData/IRS990ScheduleG/FundraiserActivityInfoGrp/USAddress/ZIPCode,SG_01_FUNDRAISER_ADDR_ZIP,SG-P01-T01-FUNDRAISERS-INFO,accept,"","Genuine repeating group: the group element is the repeat_root in filings with 2+ rows and '' in single-row filings, so the high unrepeated share just means most filers report one row. Evidence: repeats in 27.6% of 4,040 filings, max 10/filing, TY2013-2013; repeat_root: ''=71% ; IRS990ScheduleG/FundraiserActivityInfoGrp=29%.",high
MANY_NOT_REPEATING,/Return/ReturnData/IRS990ScheduleG/FundraiserActivityInformation/Activity,SG_01_FUNDRAISER_ACT,SG-P01-T01-FUNDRAISERS-INFO,accept,"","Genuine repeating group: the group element is the repeat_root in filings with 2+ rows and '' in single-row filings, so the high unrepeated share just means most filers report one row. Evidence: repeats in 29.9% of 12,232 filings, max 10/filing, TY2009-2012; repeat_root: ''=70% ; IRS990ScheduleG/FundraiserActivityInformation=30%.",high
MANY_NOT_REPEATING,/Return/ReturnData/IRS990ScheduleG/FundraiserActivityInformation/AddressUS/AddressLine1,SG_01_FUNDRAISER_ADDR_L1,SG-P01-T01-FUNDRAISERS-INFO,accept,"","Genuine repeating group: the group element is the repeat_root in filings with 2+ rows and '' in single-row filings, so the high unrepeated share just means most filers report one row. Evidence: repeats in 28.5% of 9,547 filings, max 10/filing, TY2010-2012; repeat_root: ''=71% ; IRS990ScheduleG/FundraiserActivityInformation=29%.",high
MANY_NOT_REPEATING,/Return/ReturnData/IRS990ScheduleG/FundraiserActivityInformation/AddressUS/AddressLine2,SG_01_FUNDRAISER_ADDR_L2,SG-P01-T01-FUNDRAISERS-INFO,accept,"","Genuine repeating group: the group element is the repeat_root in filings with 2+ rows and '' in single-row filings, so the high unrepeated share just means most filers report one row. Evidence: repeats in 14.1% of 319 filings, max 8/filing, TY2010-2012; repeat_root: ''=64% ; IRS990ScheduleG/FundraiserActivityInformation=36%.",high
MANY_NOT_REPEATING,/Return/ReturnData/IRS990ScheduleG/FundraiserActivityInformation/AddressUS/City,SG_01_FUNDRAISER_ADDR_CITY,SG-P01-T01-FUNDRAISERS-INFO,accept,"","Genuine repeating group: the group element is the repeat_root in filings with 2+ rows and '' in single-row filings, so the high unrepeated share just means most filers report one row. Evidence: repeats in 28.5% of 9,547 filings, max 10/filing, TY2010-2012; repeat_root: ''=71% ; IRS990ScheduleG/FundraiserActivityInformation=29%.",high
MANY_NOT_REPEATING,/Return/ReturnData/IRS990ScheduleG/FundraiserActivityInformation/AddressUS/State,SG_01_FUNDRAISER_ADDR_STATE,SG-P01-T01-FUNDRAISERS-INFO,accept,"","Genuine repeating group: the group element is the repeat_root in filings with 2+ rows and '' in single-row filings, so the high unrepeated share just means most filers report one row. Evidence: repeats in 28.5% of 9,547 filings, max 10/filing, TY2010-2012; repeat_root: ''=71% ; IRS990ScheduleG/FundraiserActivityInformation=29%.",high
MANY_NOT_REPEATING,/Return/ReturnData/IRS990ScheduleG/FundraiserActivityInformation/AddressUS/ZIPCode,SG_01_FUNDRAISER_ADDR_ZIP,SG-P01-T01-FUNDRAISERS-INFO,accept,"","Genuine repeating group: the group element is the repeat_root in filings with 2+ rows and '' in single-row filings, so the high unrepeated share just means most filers report one row. Evidence: repeats in 28.5% of 9,547 filings, max 10/filing, TY2010-2012; repeat_root: ''=71% ; IRS990ScheduleG/FundraiserActivityInformation=29%.",high
MANY_NOT_REPEATING,/Return/ReturnData/IRS990ScheduleG/FundraiserActivityInformation/AmountRetainedByContractor,SG_01_FUNDRAISER_AMT_PAID,SG-P01-T01-FUNDRAISERS-INFO,accept,"","Genuine repeating group: the group element is the repeat_root in filings with 2+ rows and '' in single-row filings, so the high unrepeated share just means most filers report one row. Evidence: repeats in 29.8% of 12,320 filings, max 10/filing, TY2009-2012; repeat_root: ''=70% ; IRS990ScheduleG/FundraiserActivityInformation=30%.",high
MANY_NOT_REPEATING,/Return/ReturnData/IRS990ScheduleG/FundraiserActivityInformation/FundraiserControlOfFunds,SG_01_FUNDRAISER_CTRL_FUND_X,SG-P01-T01-FUNDRAISERS-INFO,accept,"","Genuine repeating group: the group element is the repeat_root in filings with 2+ rows and '' in single-row filings, so the high unrepeated share just means most filers report one row. Evidence: repeats in 30.0% of 12,560 filings, max 10/filing, TY2009-2012; repeat_root: ''=70% ; IRS990ScheduleG/FundraiserActivityInformation=30%.",high
MANY_NOT_REPEATING,/Return/ReturnData/IRS990ScheduleG/FundraiserActivityInformation/GrossReceipts,SG_01_FUNDRAISER_ACT_GRORCPT,SG-P01-T01-FUNDRAISERS-INFO,accept,"","Genuine repeating group: the group element is the repeat_root in filings with 2+ rows and '' in single-row filings, so the high unrepeated share just means most filers report one row. Evidence: repeats in 28.8% of 11,439 filings, max 10/filing, TY2009-2012; repeat_root: ''=70% ; IRS990ScheduleG/FundraiserActivityInformation=30%.",high
MANY_NOT_REPEATING,/Return/ReturnData/IRS990ScheduleG/FundraiserActivityInformation/NameOfIndividual,SG_01_FUNDRAISER_NAME_INDIV,SG-P01-T01-FUNDRAISERS-INFO,accept,"","Genuine repeating group: the group element is the repeat_root in filings with 2+ rows and '' in single-row filings, so the high unrepeated share just means most filers report one row. Evidence: repeats in 26.4% of 4,617 filings, max 10/filing, TY2009-2012; repeat_root: ''=66% ; IRS990ScheduleG/FundraiserActivityInformation=34%.",high
MANY_NOT_REPEATING,/Return/ReturnData/IRS990ScheduleG/FundraiserActivityInformation/NameOfOrganization/BusinessNameLine1,SG_01_FUNDRAISER_NAME_ORG_L1,SG-P01-T01-FUNDRAISERS-INFO,accept,"","Genuine repeating group: the group element is the repeat_root in filings with 2+ rows and '' in single-row filings, so the high unrepeated share just means most filers report one row. Evidence: repeats in 27.8% of 8,532 filings, max 10/filing, TY2009-2012; repeat_root: ''=68% ; IRS990ScheduleG/FundraiserActivityInformation=32%.",high
MANY_NOT_REPEATING,/Return/ReturnData/IRS990ScheduleG/FundraiserActivityInformation/NameOfOrganization/BusinessNameLine2,SG_01_FUNDRAISER_NAME_ORG_L2,SG-P01-T01-FUNDRAISERS-INFO,accept,"","Genuine repeating group: the group element is the repeat_root in filings with 2+ rows and '' in single-row filings, so the high unrepeated share just means most filers report one row. Evidence: repeats in 4.3% of 69 filings, max 2/filing, TY2009-2012; repeat_root: ''=83% ; IRS990ScheduleG/FundraiserActivityInformation=17%.",high
MANY_NOT_REPEATING,/Return/ReturnData/IRS990ScheduleG/FundraiserActivityInformation/NetToOrganization,SG_01_FUNDRAISER_AMT_ORG,SG-P01-T01-FUNDRAISERS-INFO,accept,"","Genuine repeating group: the group element is the repeat_root in filings with 2+ rows and '' in single-row filings, so the high unrepeated share just means most filers report one row. Evidence: repeats in 29.0% of 11,564 filings, max 10/filing, TY2009-2012; repeat_root: ''=70% ; IRS990ScheduleG/FundraiserActivityInformation=30%.",high
MANY_NOT_REPEATING,/Return/ReturnData/IRS990ScheduleG/EventsInformation/CashPrizesEvent1,SG_02_FUNDR_EVNT_EXP_CASH_1,SG-P02-T01-FUNDRAISING-EVENTS,move_variable,SG-P02-T00-FUNDRAISING-EVENTS,"Schedule G Part II is a fixed grid (columns Event 1 / Event 2 / Other events / Total) stored as one group per filing; every flagged xpath has max 1/filing and repeat_root '' in all filings. Variables are already wide (_1/_2/_OTH/_TOT), so they belong in the ONE table SG-P02-T00 (equivalently: set SG-P02-T01 cardinality ONE or merge the two tables). Evidence: repeats in 0.0% of 15,048 filings, max 1/filing, TY2009-2012; repeat_root: ''=100%.",high
MANY_NOT_REPEATING,/Return/ReturnData/IRS990ScheduleG/EventsInformation/CashPrizesEvent2,SG_02_FUNDR_EVNT_EXP_CASH_2,SG-P02-T01-FUNDRAISING-EVENTS,move_variable,SG-P02-T00-FUNDRAISING-EVENTS,"Schedule G Part II is a fixed grid (columns Event 1 / Event 2 / Other events / Total) stored as one group per filing; every flagged xpath has max 1/filing and repeat_root '' in all filings. Variables are already wide (_1/_2/_OTH/_TOT), so they belong in the ONE table SG-P02-T00 (equivalently: set SG-P02-T01 cardinality ONE or merge the two tables). Evidence: repeats in 0.0% of 7,251 filings, max 1/filing, TY2009-2012; repeat_root: ''=100%.",high
MANY_NOT_REPEATING,/Return/ReturnData/IRS990ScheduleG/EventsInformation/CashPrizesOtherEvents,SG_02_FUNDR_EVNT_EXP_CASH_OTH,SG-P02-T01-FUNDRAISING-EVENTS,move_variable,SG-P02-T00-FUNDRAISING-EVENTS,"Schedule G Part II is a fixed grid (columns Event 1 / Event 2 / Other events / Total) stored as one group per filing; every flagged xpath has max 1/filing and repeat_root '' in all filings. Variables are already wide (_1/_2/_OTH/_TOT), so they belong in the ONE table SG-P02-T00 (equivalently: set SG-P02-T01 cardinality ONE or merge the two tables). Evidence: repeats in 0.0% of 4,365 filings, max 1/filing, TY2009-2012; repeat_root: ''=100%.",high
MANY_NOT_REPEATING,/Return/ReturnData/IRS990ScheduleG/EventsInformation/CharitableContribOtherEvents,SG_02_FUNDR_EVNT_REV_CONTR_OTH,SG-P02-T01-FUNDRAISING-EVENTS,move_variable,SG-P02-T00-FUNDRAISING-EVENTS,"Schedule G Part II is a fixed grid (columns Event 1 / Event 2 / Other events / Total) stored as one group per filing; every flagged xpath has max 1/filing and repeat_root '' in all filings. Variables are already wide (_1/_2/_OTH/_TOT), so they belong in the ONE table SG-P02-T00 (equivalently: set SG-P02-T01 cardinality ONE or merge the two tables). Evidence: repeats in 0.0% of 19,338 filings, max 1/filing, TY2009-2012; repeat_root: ''=100%.",high
MANY_NOT_REPEATING,/Return/ReturnData/IRS990ScheduleG/EventsInformation/CharitableContributionsEvent1,SG_02_FUNDR_EVNT_REV_CONTR_1,SG-P02-T01-FUNDRAISING-EVENTS,move_variable,SG-P02-T00-FUNDRAISING-EVENTS,"Schedule G Part II is a fixed grid (columns Event 1 / Event 2 / Other events / Total) stored as one group per filing; every flagged xpath has max 1/filing and repeat_root '' in all filings. Variables are already wide (_1/_2/_OTH/_TOT), so they belong in the ONE table SG-P02-T00 (equivalently: set SG-P02-T01 cardinality ONE or merge the two tables). Evidence: repeats in 0.0% of 68,212 filings, max 1/filing, TY2009-2012; repeat_root: ''=100%.",high
MANY_NOT_REPEATING,/Return/ReturnData/IRS990ScheduleG/EventsInformation/CharitableContributionsEvent2,SG_02_FUNDR_EVNT_REV_CONTR_2,SG-P02-T01-FUNDRAISING-EVENTS,move_variable,SG-P02-T00-FUNDRAISING-EVENTS,"Schedule G Part II is a fixed grid (columns Event 1 / Event 2 / Other events / Total) stored as one group per filing; every flagged xpath has max 1/filing and repeat_root '' in all filings. Variables are already wide (_1/_2/_OTH/_TOT), so they belong in the ONE table SG-P02-T00 (equivalently: set SG-P02-T01 cardinality ONE or merge the two tables). Evidence: repeats in 0.0% of 33,280 filings, max 1/filing, TY2009-2012; repeat_root: ''=100%.",high
MANY_NOT_REPEATING,/Return/ReturnData/IRS990ScheduleG/EventsInformation/EntertainmentEvent1,SG_02_FUNDR_EVNT_EXP_ENTMT_1,SG-P02-T01-FUNDRAISING-EVENTS,move_variable,SG-P02-T00-FUNDRAISING-EVENTS,"Schedule G Part II is a fixed grid (columns Event 1 / Event 2 / Other events / Total) stored as one group per filing; every flagged xpath has max 1/filing and repeat_root '' in all filings. Variables are already wide (_1/_2/_OTH/_TOT), so they belong in the ONE table SG-P02-T00 (equivalently: set SG-P02-T01 cardinality ONE or merge the two tables). Evidence: repeats in 0.0% of 28,506 filings, max 1/filing, TY2009-2012; repeat_root: ''=100%.",high
MANY_NOT_REPEATING,/Return/ReturnData/IRS990ScheduleG/EventsInformation/EntertainmentEvent2,SG_02_FUNDR_EVNT_EXP_ENTMT_2,SG-P02-T01-FUNDRAISING-EVENTS,move_variable,SG-P02-T00-FUNDRAISING-EVENTS,"Schedule G Part II is a fixed grid (columns Event 1 / Event 2 / Other events / Total) stored as one group per filing; every flagged xpath has max 1/filing and repeat_root '' in all filings. Variables are already wide (_1/_2/_OTH/_TOT), so they belong in the ONE table SG-P02-T00 (equivalently: set SG-P02-T01 cardinality ONE or merge the two tables). Evidence: repeats in 0.0% of 11,671 filings, max 1/filing, TY2009-2012; repeat_root: ''=100%.",high
MANY_NOT_REPEATING,/Return/ReturnData/IRS990ScheduleG/EventsInformation/EntertainmentOtherEvents,SG_02_FUNDR_EVNT_EXP_ENTMT_OTH,SG-P02-T01-FUNDRAISING-EVENTS,move_variable,SG-P02-T00-FUNDRAISING-EVENTS,"Schedule G Part II is a fixed grid (columns Event 1 / Event 2 / Other events / Total) stored as one group per filing; every flagged xpath has max 1/filing and repeat_root '' in all filings. Variables are already wide (_1/_2/_OTH/_TOT), so they belong in the ONE table SG-P02-T00 (equivalently: set SG-P02-T01 cardinality ONE or merge the two tables). Evidence: repeats in 0.0% of 9,265 filings, max 1/filing, TY2009-2012; repeat_root: ''=100%.",high
MANY_NOT_REPEATING,/Return/ReturnData/IRS990ScheduleG/EventsInformation/FoodAndBeverageEvent1,SG_02_FUNDR_EVNT_EXP_FOOD_1,SG-P02-T01-FUNDRAISING-EVENTS,move_variable,SG-P02-T00-FUNDRAISING-EVENTS,"Schedule G Part II is a fixed grid (columns Event 1 / Event 2 / Other events / Total) stored as one group per filing; every flagged xpath has max 1/filing and repeat_root '' in all filings. Variables are already wide (_1/_2/_OTH/_TOT), so they belong in the ONE table SG-P02-T00 (equivalently: set SG-P02-T01 cardinality ONE or merge the two tables). Evidence: repeats in 0.0% of 51,291 filings, max 1/filing, TY2009-2012; repeat_root: ''=100%.",high
MANY_NOT_REPEATING,/Return/ReturnData/IRS990ScheduleG/EventsInformation/FoodAndBeverageEvent2,SG_02_FUNDR_EVNT_EXP_FOOD_2,SG-P02-T01-FUNDRAISING-EVENTS,move_variable,SG-P02-T00-FUNDRAISING-EVENTS,"Schedule G Part II is a fixed grid (columns Event 1 / Event 2 / Other events / Total) stored as one group per filing; every flagged xpath has max 1/filing and repeat_root '' in all filings. Variables are already wide (_1/_2/_OTH/_TOT), so they belong in the ONE table SG-P02-T00 (equivalently: set SG-P02-T01 cardinality ONE or merge the two tables). Evidence: repeats in 0.0% of 22,961 filings, max 1/filing, TY2009-2012; repeat_root: ''=100%.",high
MANY_NOT_REPEATING,/Return/ReturnData/IRS990ScheduleG/EventsInformation/FoodAndBeverageOtherEvents,SG_02_FUNDR_EVNT_EXP_FOOD_OTH,SG-P02-T01-FUNDRAISING-EVENTS,move_variable,SG-P02-T00-FUNDRAISING-EVENTS,"Schedule G Part II is a fixed grid (columns Event 1 / Event 2 / Other events / Total) stored as one group per filing; every flagged xpath has max 1/filing and repeat_root '' in all filings. Variables are already wide (_1/_2/_OTH/_TOT), so they belong in the ONE table SG-P02-T00 (equivalently: set SG-P02-T01 cardinality ONE or merge the two tables). Evidence: repeats in 0.0% of 15,127 filings, max 1/filing, TY2009-2012; repeat_root: ''=100%.",high
MANY_NOT_REPEATING,/Return/ReturnData/IRS990ScheduleG/EventsInformation/GrossReceiptsEvent1,SG_02_FUNDR_EVNT_REV_GRORCPT_1,SG-P02-T01-FUNDRAISING-EVENTS,move_variable,SG-P02-T00-FUNDRAISING-EVENTS,"Schedule G Part II is a fixed grid (columns Event 1 / Event 2 / Other events / Total) stored as one group per filing; every flagged xpath has max 1/filing and repeat_root '' in all filings. Variables are already wide (_1/_2/_OTH/_TOT), so they belong in the ONE table SG-P02-T00 (equivalently: set SG-P02-T01 cardinality ONE or merge the two tables). Evidence: repeats in 0.0% of 159,892 filings, max 1/filing, TY2009-2012; repeat_root: ''=100%.",high
MANY_NOT_REPEATING,/Return/ReturnData/IRS990ScheduleG/EventsInformation/GrossReceiptsEvent2,SG_02_FUNDR_EVNT_REV_GRORCPT_2,SG-P02-T01-FUNDRAISING-EVENTS,move_variable,SG-P02-T00-FUNDRAISING-EVENTS,"Schedule G Part II is a fixed grid (columns Event 1 / Event 2 / Other events / Total) stored as one group per filing; every flagged xpath has max 1/filing and repeat_root '' in all filings. Variables are already wide (_1/_2/_OTH/_TOT), so they belong in the ONE table SG-P02-T00 (equivalently: set SG-P02-T01 cardinality ONE or merge the two tables). Evidence: repeats in 0.0% of 87,278 filings, max 1/filing, TY2009-2012; repeat_root: ''=100%.",high
MANY_NOT_REPEATING,/Return/ReturnData/IRS990ScheduleG/EventsInformation/GrossReceiptsOtherEvents,SG_02_FUNDR_EVNT_REV_GRORCPT_OTH,SG-P02-T01-FUNDRAISING-EVENTS,move_variable,SG-P02-T00-FUNDRAISING-EVENTS,"Schedule G Part II is a fixed grid (columns Event 1 / Event 2 / Other events / Total) stored as one group per filing; every flagged xpath has max 1/filing and repeat_root '' in all filings. Variables are already wide (_1/_2/_OTH/_TOT), so they belong in the ONE table SG-P02-T00 (equivalently: set SG-P02-T01 cardinality ONE or merge the two tables). Evidence: repeats in 0.0% of 52,893 filings, max 1/filing, TY2009-2012; repeat_root: ''=100%.",high
MANY_NOT_REPEATING,/Return/ReturnData/IRS990ScheduleG/EventsInformation/GrossRevenueEvent1,SG_02_FUNDR_EVNT_REV_GRO_1,SG-P02-T01-FUNDRAISING-EVENTS,move_variable,SG-P02-T00-FUNDRAISING-EVENTS,"Schedule G Part II is a fixed grid (columns Event 1 / Event 2 / Other events / Total) stored as one group per filing; every flagged xpath has max 1/filing and repeat_root '' in all filings. Variables are already wide (_1/_2/_OTH/_TOT), so they belong in the ONE table SG-P02-T00 (equivalently: set SG-P02-T01 cardinality ONE or merge the two tables). Evidence: repeats in 0.0% of 150,567 filings, max 1/filing, TY2009-2012; repeat_root: ''=100%.",high
MANY_NOT_REPEATING,/Return/ReturnData/IRS990ScheduleG/EventsInformation/GrossRevenueEvent2,SG_02_FUNDR_EVNT_REV_GRO_2,SG-P02-T01-FUNDRAISING-EVENTS,move_variable,SG-P02-T00-FUNDRAISING-EVENTS,"Schedule G Part II is a fixed grid (columns Event 1 / Event 2 / Other events / Total) stored as one group per filing; every flagged xpath has max 1/filing and repeat_root '' in all filings. Variables are already wide (_1/_2/_OTH/_TOT), so they belong in the ONE table SG-P02-T00 (equivalently: set SG-P02-T01 cardinality ONE or merge the two tables). Evidence: repeats in 0.0% of 81,909 filings, max 1/filing, TY2009-2012; repeat_root: ''=100%.",high
MANY_NOT_REPEATING,/Return/ReturnData/IRS990ScheduleG/EventsInformation/GrossRevenueOtherEvents,SG_02_FUNDR_EVNT_REV_GRO_OTH,SG-P02-T01-FUNDRAISING-EVENTS,move_variable,SG-P02-T00-FUNDRAISING-EVENTS,"Schedule G Part II is a fixed grid (columns Event 1 / Event 2 / Other events / Total) stored as one group per filing; every flagged xpath has max 1/filing and repeat_root '' in all filings. Variables are already wide (_1/_2/_OTH/_TOT), so they belong in the ONE table SG-P02-T00 (equivalently: set SG-P02-T01 cardinality ONE or merge the two tables). Evidence: repeats in 0.0% of 50,236 filings, max 1/filing, TY2009-2012; repeat_root: ''=100%.",high
MANY_NOT_REPEATING,/Return/ReturnData/IRS990ScheduleG/EventsInformation/NameOfEvent1,SG_02_FUNDR_EVNT_1_NAME,SG-P02-T01-FUNDRAISING-EVENTS,move_variable,SG-P02-T00-FUNDRAISING-EVENTS,"Schedule G Part II is a fixed grid (columns Event 1 / Event 2 / Other events / Total) stored as one group per filing; every flagged xpath has max 1/filing and repeat_root '' in all filings. Variables are already wide (_1/_2/_OTH/_TOT), so they belong in the ONE table SG-P02-T00 (equivalently: set SG-P02-T01 cardinality ONE or merge the two tables). Evidence: repeats in 0.0% of 162,195 filings, max 1/filing, TY2009-2012; repeat_root: ''=100%.",high
MANY_NOT_REPEATING,/Return/ReturnData/IRS990ScheduleG/EventsInformation/NameOfEvent2,SG_02_FUNDR_EVNT_2_NAME,SG-P02-T01-FUNDRAISING-EVENTS,move_variable,SG-P02-T00-FUNDRAISING-EVENTS,"Schedule G Part II is a fixed grid (columns Event 1 / Event 2 / Other events / Total) stored as one group per filing; every flagged xpath has max 1/filing and repeat_root '' in all filings. Variables are already wide (_1/_2/_OTH/_TOT), so they belong in the ONE table SG-P02-T00 (equivalently: set SG-P02-T01 cardinality ONE or merge the two tables). Evidence: repeats in 0.0% of 89,503 filings, max 1/filing, TY2009-2012; repeat_root: ''=100%.",high
MANY_NOT_REPEATING,/Return/ReturnData/IRS990ScheduleG/EventsInformation/NonCashPrizesEvent1,SG_02_FUNDR_EVNT_EXP_NONCSH_1,SG-P02-T01-FUNDRAISING-EVENTS,move_variable,SG-P02-T00-FUNDRAISING-EVENTS,"Schedule G Part II is a fixed grid (columns Event 1 / Event 2 / Other events / Total) stored as one group per filing; every flagged xpath has max 1/filing and repeat_root '' in all filings. Variables are already wide (_1/_2/_OTH/_TOT), so they belong in the ONE table SG-P02-T00 (equivalently: set SG-P02-T01 cardinality ONE or merge the two tables). Evidence: repeats in 0.0% of 23,974 filings, max 1/filing, TY2009-2012; repeat_root: ''=100%.",high
MANY_NOT_REPEATING,/Return/ReturnData/IRS990ScheduleG/EventsInformation/NonCashPrizesEvent2,SG_02_FUNDR_EVNT_EXP_NONCSH_2,SG-P02-T01-FUNDRAISING-EVENTS,move_variable,SG-P02-T00-FUNDRAISING-EVENTS,"Schedule G Part II is a fixed grid (columns Event 1 / Event 2 / Other events / Total) stored as one group per filing; every flagged xpath has max 1/filing and repeat_root '' in all filings. Variables are already wide (_1/_2/_OTH/_TOT), so they belong in the ONE table SG-P02-T00 (equivalently: set SG-P02-T01 cardinality ONE or merge the two tables). Evidence: repeats in 0.0% of 11,302 filings, max 1/filing, TY2009-2012; repeat_root: ''=100%.",high
MANY_NOT_REPEATING,/Return/ReturnData/IRS990ScheduleG/EventsInformation/NonCashPrizesOtherEvents,SG_02_FUNDR_EVNT_EXP_NONCSH_OTH,SG-P02-T01-FUNDRAISING-EVENTS,move_variable,SG-P02-T00-FUNDRAISING-EVENTS,"Schedule G Part II is a fixed grid (columns Event 1 / Event 2 / Other events / Total) stored as one group per filing; every flagged xpath has max 1/filing and repeat_root '' in all filings. Variables are already wide (_1/_2/_OTH/_TOT), so they belong in the ONE table SG-P02-T00 (equivalently: set SG-P02-T01 cardinality ONE or merge the two tables). Evidence: repeats in 0.0% of 6,574 filings, max 1/filing, TY2009-2012; repeat_root: ''=100%.",high
MANY_NOT_REPEATING,/Return/ReturnData/IRS990ScheduleG/EventsInformation/OtherDirectExpensesEvent1,SG_02_FUNDR_EVNT_EXP_OTH_1,SG-P02-T01-FUNDRAISING-EVENTS,move_variable,SG-P02-T00-FUNDRAISING-EVENTS,"Schedule G Part II is a fixed grid (columns Event 1 / Event 2 / Other events / Total) stored as one group per filing; every flagged xpath has max 1/filing and repeat_root '' in all filings. Variables are already wide (_1/_2/_OTH/_TOT), so they belong in the ONE table SG-P02-T00 (equivalently: set SG-P02-T01 cardinality ONE or merge the two tables). Evidence: repeats in 0.0% of 135,525 filings, max 1/filing, TY2009-2012; repeat_root: ''=100%.",high
MANY_NOT_REPEATING,/Return/ReturnData/IRS990ScheduleG/EventsInformation/OtherDirectExpensesEvent2,SG_02_FUNDR_EVNT_EXP_OTH_2,SG-P02-T01-FUNDRAISING-EVENTS,move_variable,SG-P02-T00-FUNDRAISING-EVENTS,"Schedule G Part II is a fixed grid (columns Event 1 / Event 2 / Other events / Total) stored as one group per filing; every flagged xpath has max 1/filing and repeat_root '' in all filings. Variables are already wide (_1/_2/_OTH/_TOT), so they belong in the ONE table SG-P02-T00 (equivalently: set SG-P02-T01 cardinality ONE or merge the two tables). Evidence: repeats in 0.0% of 72,112 filings, max 1/filing, TY2009-2012; repeat_root: ''=100%.",high
MANY_NOT_REPEATING,/Return/ReturnData/IRS990ScheduleG/EventsInformation/OtherDirectExpensesOtherEvents,SG_02_FUNDR_EVNT_EXP_OTH_OTH,SG-P02-T01-FUNDRAISING-EVENTS,move_variable,SG-P02-T00-FUNDRAISING-EVENTS,"Schedule G Part II is a fixed grid (columns Event 1 / Event 2 / Other events / Total) stored as one group per filing; every flagged xpath has max 1/filing and repeat_root '' in all filings. Variables are already wide (_1/_2/_OTH/_TOT), so they belong in the ONE table SG-P02-T00 (equivalently: set SG-P02-T01 cardinality ONE or merge the two tables). Evidence: repeats in 0.0% of 44,791 filings, max 1/filing, TY2009-2012; repeat_root: ''=100%.",high
MANY_NOT_REPEATING,/Return/ReturnData/IRS990ScheduleG/EventsInformation/RentFacilityCostsEvent1,SG_02_FUNDR_EVNT_EXP_RENT_1,SG-P02-T01-FUNDRAISING-EVENTS,move_variable,SG-P02-T00-FUNDRAISING-EVENTS,"Schedule G Part II is a fixed grid (columns Event 1 / Event 2 / Other events / Total) stored as one group per filing; every flagged xpath has max 1/filing and repeat_root '' in all filings. Variables are already wide (_1/_2/_OTH/_TOT), so they belong in the ONE table SG-P02-T00 (equivalently: set SG-P02-T01 cardinality ONE or merge the two tables). Evidence: repeats in 0.0% of 47,439 filings, max 1/filing, TY2009-2012; repeat_root: ''=100%.",high
MANY_NOT_REPEATING,/Return/ReturnData/IRS990ScheduleG/EventsInformation/RentFacilityCostsEvent2,SG_02_FUNDR_EVNT_EXP_RENT_2,SG-P02-T01-FUNDRAISING-EVENTS,move_variable,SG-P02-T00-FUNDRAISING-EVENTS,"Schedule G Part II is a fixed grid (columns Event 1 / Event 2 / Other events / Total) stored as one group per filing; every flagged xpath has max 1/filing and repeat_root '' in all filings. Variables are already wide (_1/_2/_OTH/_TOT), so they belong in the ONE table SG-P02-T00 (equivalently: set SG-P02-T01 cardinality ONE or merge the two tables). Evidence: repeats in 0.0% of 20,590 filings, max 1/filing, TY2009-2012; repeat_root: ''=100%.",high
MANY_NOT_REPEATING,/Return/ReturnData/IRS990ScheduleG/EventsInformation/RentFacilityCostsOtherEvents,SG_02_FUNDR_EVNT_EXP_RENT_OTH,SG-P02-T01-FUNDRAISING-EVENTS,move_variable,SG-P02-T00-FUNDRAISING-EVENTS,"Schedule G Part II is a fixed grid (columns Event 1 / Event 2 / Other events / Total) stored as one group per filing; every flagged xpath has max 1/filing and repeat_root '' in all filings. Variables are already wide (_1/_2/_OTH/_TOT), so they belong in the ONE table SG-P02-T00 (equivalently: set SG-P02-T01 cardinality ONE or merge the two tables). Evidence: repeats in 0.0% of 10,854 filings, max 1/filing, TY2009-2012; repeat_root: ''=100%.",high
MANY_NOT_REPEATING,/Return/ReturnData/IRS990ScheduleG/EventsInformation/TotalNumberOfOtherEvents,SG_02_FUNDR_EVNT_OTH_TOT_NUM,SG-P02-T01-FUNDRAISING-EVENTS,move_variable,SG-P02-T00-FUNDRAISING-EVENTS,"Schedule G Part II is a fixed grid (columns Event 1 / Event 2 / Other events / Total) stored as one group per filing; every flagged xpath has max 1/filing and repeat_root '' in all filings. Variables are already wide (_1/_2/_OTH/_TOT), so they belong in the ONE table SG-P02-T00 (equivalently: set SG-P02-T01 cardinality ONE or merge the two tables). Evidence: repeats in 0.0% of 57,312 filings, max 1/filing, TY2009-2012; repeat_root: ''=100%.",high
MANY_NOT_REPEATING,/Return/ReturnData/IRS990ScheduleG/FundraisingEventInformationGrp/CashPrizesEvent1Amt,SG_02_FUNDR_EVNT_EXP_CASH_1,SG-P02-T01-FUNDRAISING-EVENTS,move_variable,SG-P02-T00-FUNDRAISING-EVENTS,"Schedule G Part II is a fixed grid (columns Event 1 / Event 2 / Other events / Total) stored as one group per filing; every flagged xpath has max 1/filing and repeat_root '' in all filings. Variables are already wide (_1/_2/_OTH/_TOT), so they belong in the ONE table SG-P02-T00 (equivalently: set SG-P02-T01 cardinality ONE or merge the two tables). Evidence: repeats in 0.0% of 106,693 filings, max 1/filing, TY2013-2024; repeat_root: ''=100%.",high
MANY_NOT_REPEATING,/Return/ReturnData/IRS990ScheduleG/FundraisingEventInformationGrp/CashPrizesEvent2Amt,SG_02_FUNDR_EVNT_EXP_CASH_2,SG-P02-T01-FUNDRAISING-EVENTS,move_variable,SG-P02-T00-FUNDRAISING-EVENTS,"Schedule G Part II is a fixed grid (columns Event 1 / Event 2 / Other events / Total) stored as one group per filing; every flagged xpath has max 1/filing and repeat_root '' in all filings. Variables are already wide (_1/_2/_OTH/_TOT), so they belong in the ONE table SG-P02-T00 (equivalently: set SG-P02-T01 cardinality ONE or merge the two tables). Evidence: repeats in 0.0% of 53,894 filings, max 1/filing, TY2013-2024; repeat_root: ''=100%.",high
MANY_NOT_REPEATING,/Return/ReturnData/IRS990ScheduleG/FundraisingEventInformationGrp/CashPrizesOtherEventsAmt,SG_02_FUNDR_EVNT_EXP_CASH_OTH,SG-P02-T01-FUNDRAISING-EVENTS,move_variable,SG-P02-T00-FUNDRAISING-EVENTS,"Schedule G Part II is a fixed grid (columns Event 1 / Event 2 / Other events / Total) stored as one group per filing; every flagged xpath has max 1/filing and repeat_root '' in all filings. Variables are already wide (_1/_2/_OTH/_TOT), so they belong in the ONE table SG-P02-T00 (equivalently: set SG-P02-T01 cardinality ONE or merge the two tables). Evidence: repeats in 0.0% of 35,513 filings, max 1/filing, TY2013-2024; repeat_root: ''=100%.",high
MANY_NOT_REPEATING,/Return/ReturnData/IRS990ScheduleG/FundraisingEventInformationGrp/CharitableContriEvent1Amt,SG_02_FUNDR_EVNT_REV_CONTR_1,SG-P02-T01-FUNDRAISING-EVENTS,move_variable,SG-P02-T00-FUNDRAISING-EVENTS,"Schedule G Part II is a fixed grid (columns Event 1 / Event 2 / Other events / Total) stored as one group per filing; every flagged xpath has max 1/filing and repeat_root '' in all filings. Variables are already wide (_1/_2/_OTH/_TOT), so they belong in the ONE table SG-P02-T00 (equivalently: set SG-P02-T01 cardinality ONE or merge the two tables). Evidence: repeats in 0.0% of 427,656 filings, max 1/filing, TY2013-2024; repeat_root: ''=100%.",high
MANY_NOT_REPEATING,/Return/ReturnData/IRS990ScheduleG/FundraisingEventInformationGrp/CharitableContriEvent2Amt,SG_02_FUNDR_EVNT_REV_CONTR_2,SG-P02-T01-FUNDRAISING-EVENTS,move_variable,SG-P02-T00-FUNDRAISING-EVENTS,"Schedule G Part II is a fixed grid (columns Event 1 / Event 2 / Other events / Total) stored as one group per filing; every flagged xpath has max 1/filing and repeat_root '' in all filings. Variables are already wide (_1/_2/_OTH/_TOT), so they belong in the ONE table SG-P02-T00 (equivalently: set SG-P02-T01 cardinality ONE or merge the two tables). Evidence: repeats in 0.0% of 199,703 filings, max 1/filing, TY2013-2024; repeat_root: ''=100%.",high
MANY_NOT_REPEATING,/Return/ReturnData/IRS990ScheduleG/FundraisingEventInformationGrp/CharitableContriOtherEventsAmt,SG_02_FUNDR_EVNT_REV_CONTR_OTH,SG-P02-T01-FUNDRAISING-EVENTS,move_variable,SG-P02-T00-FUNDRAISING-EVENTS,"Schedule G Part II is a fixed grid (columns Event 1 / Event 2 / Other events / Total) stored as one group per filing; every flagged xpath has max 1/filing and repeat_root '' in all filings. Variables are already wide (_1/_2/_OTH/_TOT), so they belong in the ONE table SG-P02-T00 (equivalently: set SG-P02-T01 cardinality ONE or merge the two tables). Evidence: repeats in 0.0% of 114,562 filings, max 1/filing, TY2013-2024; repeat_root: ''=100%.",high
MANY_NOT_REPEATING,/Return/ReturnData/IRS990ScheduleG/FundraisingEventInformationGrp/CharitableContributionsTotAmt,SG_02_FUNDR_EVNT_REV_CONTR_TOT,SG-P02-T01-FUNDRAISING-EVENTS,move_variable,SG-P02-T00-FUNDRAISING-EVENTS,"Schedule G Part II is a fixed grid (columns Event 1 / Event 2 / Other events / Total) stored as one group per filing; every flagged xpath has max 1/filing and repeat_root '' in all filings. Variables are already wide (_1/_2/_OTH/_TOT), so they belong in the ONE table SG-P02-T00 (equivalently: set SG-P02-T01 cardinality ONE or merge the two tables). Evidence: repeats in 0.0% of 444,315 filings, max 1/filing, TY2013-2024; repeat_root: ''=100%.",high
MANY_NOT_REPEATING,/Return/ReturnData/IRS990ScheduleG/FundraisingEventInformationGrp/DirectExpenseSummaryEventsAmt,SG_02_FUNDR_EVNT_EXP_SUMMARY_TOT,SG-P02-T01-FUNDRAISING-EVENTS,move_variable,SG-P02-T00-FUNDRAISING-EVENTS,"Schedule G Part II is a fixed grid (columns Event 1 / Event 2 / Other events / Total) stored as one group per filing; every flagged xpath has max 1/filing and repeat_root '' in all filings. Variables are already wide (_1/_2/_OTH/_TOT), so they belong in the ONE table SG-P02-T00 (equivalently: set SG-P02-T01 cardinality ONE or merge the two tables). Evidence: repeats in 0.0% of 915,114 filings, max 1/filing, TY2013-2024; repeat_root: ''=100%.",high
MANY_NOT_REPEATING,/Return/ReturnData/IRS990ScheduleG/FundraisingEventInformationGrp/EntertainmentEvent1Amt,SG_02_FUNDR_EVNT_EXP_ENTMT_1,SG-P02-T01-FUNDRAISING-EVENTS,move_variable,SG-P02-T00-FUNDRAISING-EVENTS,"Schedule G Part II is a fixed grid (columns Event 1 / Event 2 / Other events / Total) stored as one group per filing; every flagged xpath has max 1/filing and repeat_root '' in all filings. Variables are already wide (_1/_2/_OTH/_TOT), so they belong in the ONE table SG-P02-T00 (equivalently: set SG-P02-T01 cardinality ONE or merge the two tables). Evidence: repeats in 0.0% of 203,017 filings, max 1/filing, TY2013-2024; repeat_root: ''=100%.",high
MANY_NOT_REPEATING,/Return/ReturnData/IRS990ScheduleG/FundraisingEventInformationGrp/EntertainmentEvent2Amt,SG_02_FUNDR_EVNT_EXP_ENTMT_2,SG-P02-T01-FUNDRAISING-EVENTS,move_variable,SG-P02-T00-FUNDRAISING-EVENTS,"Schedule G Part II is a fixed grid (columns Event 1 / Event 2 / Other events / Total) stored as one group per filing; every flagged xpath has max 1/filing and repeat_root '' in all filings. Variables are already wide (_1/_2/_OTH/_TOT), so they belong in the ONE table SG-P02-T00 (equivalently: set SG-P02-T01 cardinality ONE or merge the two tables). Evidence: repeats in 0.0% of 82,795 filings, max 1/filing, TY2013-2024; repeat_root: ''=100%.",high
MANY_NOT_REPEATING,/Return/ReturnData/IRS990ScheduleG/FundraisingEventInformationGrp/EntertainmentOtherEventsAmt,SG_02_FUNDR_EVNT_EXP_ENTMT_OTH,SG-P02-T01-FUNDRAISING-EVENTS,move_variable,SG-P02-T00-FUNDRAISING-EVENTS,"Schedule G Part II is a fixed grid (columns Event 1 / Event 2 / Other events / Total) stored as one group per filing; every flagged xpath has max 1/filing and repeat_root '' in all filings. Variables are already wide (_1/_2/_OTH/_TOT), so they belong in the ONE table SG-P02-T00 (equivalently: set SG-P02-T01 cardinality ONE or merge the two tables). Evidence: repeats in 0.0% of 69,596 filings, max 1/filing, TY2013-2024; repeat_root: ''=100%.",high
MANY_NOT_REPEATING,/Return/ReturnData/IRS990ScheduleG/FundraisingEventInformationGrp/EntertainmentTotalEventsAmt,SG_02_FUNDR_EVNT_EXP_ENTMT_TOT,SG-P02-T01-FUNDRAISING-EVENTS,move_variable,SG-P02-T00-FUNDRAISING-EVENTS,"Schedule G Part II is a fixed grid (columns Event 1 / Event 2 / Other events / Total) stored as one group per filing; every flagged xpath has max 1/filing and repeat_root '' in all filings. Variables are already wide (_1/_2/_OTH/_TOT), so they belong in the ONE table SG-P02-T00 (equivalently: set SG-P02-T01 cardinality ONE or merge the two tables). Evidence: repeats in 0.0% of 232,319 filings, max 1/filing, TY2013-2024; repeat_root: ''=100%.",high
MANY_NOT_REPEATING,/Return/ReturnData/IRS990ScheduleG/FundraisingEventInformationGrp/Event1Nm,SG_02_FUNDR_EVNT_1_NAME,SG-P02-T01-FUNDRAISING-EVENTS,move_variable,SG-P02-T00-FUNDRAISING-EVENTS,"Schedule G Part II is a fixed grid (columns Event 1 / Event 2 / Other events / Total) stored as one group per filing; every flagged xpath has max 1/filing and repeat_root '' in all filings. Variables are already wide (_1/_2/_OTH/_TOT), so they belong in the ONE table SG-P02-T00 (equivalently: set SG-P02-T01 cardinality ONE or merge the two tables). Evidence: repeats in 0.0% of 937,770 filings, max 1/filing, TY2014-2024; repeat_root: ''=100%.",high
MANY_NOT_REPEATING,/Return/ReturnData/IRS990ScheduleG/FundraisingEventInformationGrp/Event2Nm,SG_02_FUNDR_EVNT_2_NAME,SG-P02-T01-FUNDRAISING-EVENTS,move_variable,SG-P02-T00-FUNDRAISING-EVENTS,"Schedule G Part II is a fixed grid (columns Event 1 / Event 2 / Other events / Total) stored as one group per filing; every flagged xpath has max 1/filing and repeat_root '' in all filings. Variables are already wide (_1/_2/_OTH/_TOT), so they belong in the ONE table SG-P02-T00 (equivalently: set SG-P02-T01 cardinality ONE or merge the two tables). Evidence: repeats in 0.0% of 479,503 filings, max 1/filing, TY2014-2024; repeat_root: ''=100%.",high
MANY_NOT_REPEATING,/Return/ReturnData/IRS990ScheduleG/FundraisingEventInformationGrp/FoodAndBeverageEvent1Amt,SG_02_FUNDR_EVNT_EXP_FOOD_1,SG-P02-T01-FUNDRAISING-EVENTS,move_variable,SG-P02-T00-FUNDRAISING-EVENTS,"Schedule G Part II is a fixed grid (columns Event 1 / Event 2 / Other events / Total) stored as one group per filing; every flagged xpath has max 1/filing and repeat_root '' in all filings. Variables are already wide (_1/_2/_OTH/_TOT), so they belong in the ONE table SG-P02-T00 (equivalently: set SG-P02-T01 cardinality ONE or merge the two tables). Evidence: repeats in 0.0% of 343,036 filings, max 1/filing, TY2013-2024; repeat_root: ''=100%.",high
MANY_NOT_REPEATING,/Return/ReturnData/IRS990ScheduleG/FundraisingEventInformationGrp/FoodAndBeverageEvent2Amt,SG_02_FUNDR_EVNT_EXP_FOOD_2,SG-P02-T01-FUNDRAISING-EVENTS,move_variable,SG-P02-T00-FUNDRAISING-EVENTS,"Schedule G Part II is a fixed grid (columns Event 1 / Event 2 / Other events / Total) stored as one group per filing; every flagged xpath has max 1/filing and repeat_root '' in all filings. Variables are already wide (_1/_2/_OTH/_TOT), so they belong in the ONE table SG-P02-T00 (equivalently: set SG-P02-T01 cardinality ONE or merge the two tables). Evidence: repeats in 0.0% of 149,043 filings, max 1/filing, TY2013-2024; repeat_root: ''=100%.",high
MANY_NOT_REPEATING,/Return/ReturnData/IRS990ScheduleG/FundraisingEventInformationGrp/FoodAndBeverageOtherEventsAmt,SG_02_FUNDR_EVNT_EXP_FOOD_OTH,SG-P02-T01-FUNDRAISING-EVENTS,move_variable,SG-P02-T00-FUNDRAISING-EVENTS,"Schedule G Part II is a fixed grid (columns Event 1 / Event 2 / Other events / Total) stored as one group per filing; every flagged xpath has max 1/filing and repeat_root '' in all filings. Variables are already wide (_1/_2/_OTH/_TOT), so they belong in the ONE table SG-P02-T00 (equivalently: set SG-P02-T01 cardinality ONE or merge the two tables). Evidence: repeats in 0.0% of 101,820 filings, max 1/filing, TY2013-2024; repeat_root: ''=100%.",high
MANY_NOT_REPEATING,/Return/ReturnData/IRS990ScheduleG/FundraisingEventInformationGrp/FoodAndBeverageTotalEventsAmt,SG_02_FUNDR_EVNT_EXP_FOOD_TOT,SG-P02-T01-FUNDRAISING-EVENTS,move_variable,SG-P02-T00-FUNDRAISING-EVENTS,"Schedule G Part II is a fixed grid (columns Event 1 / Event 2 / Other events / Total) stored as one group per filing; every flagged xpath has max 1/filing and repeat_root '' in all filings. Variables are already wide (_1/_2/_OTH/_TOT), so they belong in the ONE table SG-P02-T00 (equivalently: set SG-P02-T01 cardinality ONE or merge the two tables). Evidence: repeats in 0.0% of 381,608 filings, max 1/filing, TY2013-2024; repeat_root: ''=100%.",high
MANY_NOT_REPEATING,/Return/ReturnData/IRS990ScheduleG/FundraisingEventInformationGrp/GrossReceiptsEvent1Amt,SG_02_FUNDR_EVNT_REV_GRORCPT_1,SG-P02-T01-FUNDRAISING-EVENTS,move_variable,SG-P02-T00-FUNDRAISING-EVENTS,"Schedule G Part II is a fixed grid (columns Event 1 / Event 2 / Other events / Total) stored as one group per filing; every flagged xpath has max 1/filing and repeat_root '' in all filings. Variables are already wide (_1/_2/_OTH/_TOT), so they belong in the ONE table SG-P02-T00 (equivalently: set SG-P02-T01 cardinality ONE or merge the two tables). Evidence: repeats in 0.0% of 983,893 filings, max 1/filing, TY2013-2024; repeat_root: ''=100%.",high
MANY_NOT_REPEATING,/Return/ReturnData/IRS990ScheduleG/FundraisingEventInformationGrp/GrossReceiptsEvent2Amt,SG_02_FUNDR_EVNT_REV_GRORCPT_2,SG-P02-T01-FUNDRAISING-EVENTS,move_variable,SG-P02-T00-FUNDRAISING-EVENTS,"Schedule G Part II is a fixed grid (columns Event 1 / Event 2 / Other events / Total) stored as one group per filing; every flagged xpath has max 1/filing and repeat_root '' in all filings. Variables are already wide (_1/_2/_OTH/_TOT), so they belong in the ONE table SG-P02-T00 (equivalently: set SG-P02-T01 cardinality ONE or merge the two tables). Evidence: repeats in 0.0% of 502,491 filings, max 1/filing, TY2013-2024; repeat_root: ''=100%.",high
MANY_NOT_REPEATING,/Return/ReturnData/IRS990ScheduleG/FundraisingEventInformationGrp/GrossReceiptsOtherEventsAmt,SG_02_FUNDR_EVNT_REV_GRORCPT_OTH,SG-P02-T01-FUNDRAISING-EVENTS,move_variable,SG-P02-T00-FUNDRAISING-EVENTS,"Schedule G Part II is a fixed grid (columns Event 1 / Event 2 / Other events / Total) stored as one group per filing; every flagged xpath has max 1/filing and repeat_root '' in all filings. Variables are already wide (_1/_2/_OTH/_TOT), so they belong in the ONE table SG-P02-T00 (equivalently: set SG-P02-T01 cardinality ONE or merge the two tables). Evidence: repeats in 0.0% of 290,747 filings, max 1/filing, TY2013-2024; repeat_root: ''=100%.",high
MANY_NOT_REPEATING,/Return/ReturnData/IRS990ScheduleG/FundraisingEventInformationGrp/GrossReceiptsTotalAmt,SG_02_FUNDR_EVNT_REV_GRORCPT_TOT,SG-P02-T01-FUNDRAISING-EVENTS,move_variable,SG-P02-T00-FUNDRAISING-EVENTS,"Schedule G Part II is a fixed grid (columns Event 1 / Event 2 / Other events / Total) stored as one group per filing; every flagged xpath has max 1/filing and repeat_root '' in all filings. Variables are already wide (_1/_2/_OTH/_TOT), so they belong in the ONE table SG-P02-T00 (equivalently: set SG-P02-T01 cardinality ONE or merge the two tables). Evidence: repeats in 0.0% of 987,765 filings, max 1/filing, TY2013-2024; repeat_root: ''=100%.",high
MANY_NOT_REPEATING,/Return/ReturnData/IRS990ScheduleG/FundraisingEventInformationGrp/GrossRevenueEvent1Amt,SG_02_FUNDR_EVNT_REV_GRO_1,SG-P02-T01-FUNDRAISING-EVENTS,move_variable,SG-P02-T00-FUNDRAISING-EVENTS,"Schedule G Part II is a fixed grid (columns Event 1 / Event 2 / Other events / Total) stored as one group per filing; every flagged xpath has max 1/filing and repeat_root '' in all filings. Variables are already wide (_1/_2/_OTH/_TOT), so they belong in the ONE table SG-P02-T00 (equivalently: set SG-P02-T01 cardinality ONE or merge the two tables). Evidence: repeats in 0.0% of 918,629 filings, max 1/filing, TY2013-2024; repeat_root: ''=100%.",high
MANY_NOT_REPEATING,/Return/ReturnData/IRS990ScheduleG/FundraisingEventInformationGrp/GrossRevenueEvent2Amt,SG_02_FUNDR_EVNT_REV_GRO_2,SG-P02-T01-FUNDRAISING-EVENTS,move_variable,SG-P02-T00-FUNDRAISING-EVENTS,"Schedule G Part II is a fixed grid (columns Event 1 / Event 2 / Other events / Total) stored as one group per filing; every flagged xpath has max 1/filing and repeat_root '' in all filings. Variables are already wide (_1/_2/_OTH/_TOT), so they belong in the ONE table SG-P02-T00 (equivalently: set SG-P02-T01 cardinality ONE or merge the two tables). Evidence: repeats in 0.0% of 467,182 filings, max 1/filing, TY2013-2024; repeat_root: ''=100%.",high
MANY_NOT_REPEATING,/Return/ReturnData/IRS990ScheduleG/FundraisingEventInformationGrp/GrossRevenueOtherEventsAmt,SG_02_FUNDR_EVNT_REV_GRO_OTH,SG-P02-T01-FUNDRAISING-EVENTS,move_variable,SG-P02-T00-FUNDRAISING-EVENTS,"Schedule G Part II is a fixed grid (columns Event 1 / Event 2 / Other events / Total) stored as one group per filing; every flagged xpath has max 1/filing and repeat_root '' in all filings. Variables are already wide (_1/_2/_OTH/_TOT), so they belong in the ONE table SG-P02-T00 (equivalently: set SG-P02-T01 cardinality ONE or merge the two tables). Evidence: repeats in 0.0% of 276,366 filings, max 1/filing, TY2013-2024; repeat_root: ''=100%.",high
MANY_NOT_REPEATING,/Return/ReturnData/IRS990ScheduleG/FundraisingEventInformationGrp/GrossRevenueTotalEventsAmt,SG_02_FUNDR_EVNT_REV_GRO_TOT,SG-P02-T01-FUNDRAISING-EVENTS,move_variable,SG-P02-T00-FUNDRAISING-EVENTS,"Schedule G Part II is a fixed grid (columns Event 1 / Event 2 / Other events / Total) stored as one group per filing; every flagged xpath has max 1/filing and repeat_root '' in all filings. Variables are already wide (_1/_2/_OTH/_TOT), so they belong in the ONE table SG-P02-T00 (equivalently: set SG-P02-T01 cardinality ONE or merge the two tables). Evidence: repeats in 0.0% of 935,030 filings, max 1/filing, TY2013-2024; repeat_root: ''=100%.",high
MANY_NOT_REPEATING,/Return/ReturnData/IRS990ScheduleG/FundraisingEventInformationGrp/NameOfEvent1Amt,SG_02_FUNDR_EVNT_1_NAME,SG-P02-T01-FUNDRAISING-EVENTS,move_variable,SG-P02-T00-FUNDRAISING-EVENTS,"Schedule G Part II is a fixed grid (columns Event 1 / Event 2 / Other events / Total) stored as one group per filing; every flagged xpath has max 1/filing and repeat_root '' in all filings. Variables are already wide (_1/_2/_OTH/_TOT), so they belong in the ONE table SG-P02-T00 (equivalently: set SG-P02-T01 cardinality ONE or merge the two tables). Evidence: repeats in 0.0% of 67,219 filings, max 1/filing, TY2013-2013; repeat_root: ''=100%.",high
MANY_NOT_REPEATING,/Return/ReturnData/IRS990ScheduleG/FundraisingEventInformationGrp/NameOfEvent2Amt,SG_02_FUNDR_EVNT_2_NAME,SG-P02-T01-FUNDRAISING-EVENTS,move_variable,SG-P02-T00-FUNDRAISING-EVENTS,"Schedule G Part II is a fixed grid (columns Event 1 / Event 2 / Other events / Total) stored as one group per filing; every flagged xpath has max 1/filing and repeat_root '' in all filings. Variables are already wide (_1/_2/_OTH/_TOT), so they belong in the ONE table SG-P02-T00 (equivalently: set SG-P02-T01 cardinality ONE or merge the two tables). Evidence: repeats in 0.0% of 36,913 filings, max 1/filing, TY2013-2013; repeat_root: ''=100%.",high
MANY_NOT_REPEATING,/Return/ReturnData/IRS990ScheduleG/FundraisingEventInformationGrp/NetIncomeSummaryAmt,SG_02_FUNDR_EVNT_NET_INCOME_TOT,SG-P02-T01-FUNDRAISING-EVENTS,move_variable,SG-P02-T00-FUNDRAISING-EVENTS,"Schedule G Part II is a fixed grid (columns Event 1 / Event 2 / Other events / Total) stored as one group per filing; every flagged xpath has max 1/filing and repeat_root '' in all filings. Variables are already wide (_1/_2/_OTH/_TOT), so they belong in the ONE table SG-P02-T00 (equivalently: set SG-P02-T01 cardinality ONE or merge the two tables). Evidence: repeats in 0.0% of 957,221 filings, max 1/filing, TY2013-2024; repeat_root: ''=100%.",high
MANY_NOT_REPEATING,/Return/ReturnData/IRS990ScheduleG/FundraisingEventInformationGrp/NonCashPrizesEvent1Amt,SG_02_FUNDR_EVNT_EXP_NONCSH_1,SG-P02-T01-FUNDRAISING-EVENTS,move_variable,SG-P02-T00-FUNDRAISING-EVENTS,"Schedule G Part II is a fixed grid (columns Event 1 / Event 2 / Other events / Total) stored as one group per filing; every flagged xpath has max 1/filing and repeat_root '' in all filings. Variables are already wide (_1/_2/_OTH/_TOT), so they belong in the ONE table SG-P02-T00 (equivalently: set SG-P02-T01 cardinality ONE or merge the two tables). Evidence: repeats in 0.0% of 163,075 filings, max 1/filing, TY2013-2024; repeat_root: ''=100%.",high
MANY_NOT_REPEATING,/Return/ReturnData/IRS990ScheduleG/FundraisingEventInformationGrp/NonCashPrizesEvent2Amt,SG_02_FUNDR_EVNT_EXP_NONCSH_2,SG-P02-T01-FUNDRAISING-EVENTS,move_variable,SG-P02-T00-FUNDRAISING-EVENTS,"Schedule G Part II is a fixed grid (columns Event 1 / Event 2 / Other events / Total) stored as one group per filing; every flagged xpath has max 1/filing and repeat_root '' in all filings. Variables are already wide (_1/_2/_OTH/_TOT), so they belong in the ONE table SG-P02-T00 (equivalently: set SG-P02-T01 cardinality ONE or merge the two tables). Evidence: repeats in 0.0% of 76,642 filings, max 1/filing, TY2013-2024; repeat_root: ''=100%.",high
MANY_NOT_REPEATING,/Return/ReturnData/IRS990ScheduleG/FundraisingEventInformationGrp/NonCashPrizesOtherEventsAmt,SG_02_FUNDR_EVNT_EXP_NONCSH_OTH,SG-P02-T01-FUNDRAISING-EVENTS,move_variable,SG-P02-T00-FUNDRAISING-EVENTS,"Schedule G Part II is a fixed grid (columns Event 1 / Event 2 / Other events / Total) stored as one group per filing; every flagged xpath has max 1/filing and repeat_root '' in all filings. Variables are already wide (_1/_2/_OTH/_TOT), so they belong in the ONE table SG-P02-T00 (equivalently: set SG-P02-T01 cardinality ONE or merge the two tables). Evidence: repeats in 0.0% of 46,579 filings, max 1/filing, TY2013-2024; repeat_root: ''=100%.",high
MANY_NOT_REPEATING,/Return/ReturnData/IRS990ScheduleG/FundraisingEventInformationGrp/NonCashPrizesTotalEventsAmt,SG_02_FUNDR_EVNT_EXP_NONCSH_TOT,SG-P02-T01-FUNDRAISING-EVENTS,move_variable,SG-P02-T00-FUNDRAISING-EVENTS,"Schedule G Part II is a fixed grid (columns Event 1 / Event 2 / Other events / Total) stored as one group per filing; every flagged xpath has max 1/filing and repeat_root '' in all filings. Variables are already wide (_1/_2/_OTH/_TOT), so they belong in the ONE table SG-P02-T00 (equivalently: set SG-P02-T01 cardinality ONE or merge the two tables). Evidence: repeats in 0.0% of 189,862 filings, max 1/filing, TY2013-2024; repeat_root: ''=100%.",high
MANY_NOT_REPEATING,/Return/ReturnData/IRS990ScheduleG/FundraisingEventInformationGrp/OthDirectExpnssOtherEventsAmt,SG_02_FUNDR_EVNT_EXP_OTH_OTH,SG-P02-T01-FUNDRAISING-EVENTS,move_variable,SG-P02-T00-FUNDRAISING-EVENTS,"Schedule G Part II is a fixed grid (columns Event 1 / Event 2 / Other events / Total) stored as one group per filing; every flagged xpath has max 1/filing and repeat_root '' in all filings. Variables are already wide (_1/_2/_OTH/_TOT), so they belong in the ONE table SG-P02-T00 (equivalently: set SG-P02-T01 cardinality ONE or merge the two tables). Evidence: repeats in 0.0% of 244,950 filings, max 1/filing, TY2013-2024; repeat_root: ''=100%.",high
MANY_NOT_REPEATING,/Return/ReturnData/IRS990ScheduleG/FundraisingEventInformationGrp/OthDirectExpnssTotalEventsAmt,SG_02_FUNDR_EVNT_EXP_OTH_TOT,SG-P02-T01-FUNDRAISING-EVENTS,move_variable,SG-P02-T00-FUNDRAISING-EVENTS,"Schedule G Part II is a fixed grid (columns Event 1 / Event 2 / Other events / Total) stored as one group per filing; every flagged xpath has max 1/filing and repeat_root '' in all filings. Variables are already wide (_1/_2/_OTH/_TOT), so they belong in the ONE table SG-P02-T00 (equivalently: set SG-P02-T01 cardinality ONE or merge the two tables). Evidence: repeats in 0.0% of 866,177 filings, max 1/filing, TY2013-2024; repeat_root: ''=100%.",high
MANY_NOT_REPEATING,/Return/ReturnData/IRS990ScheduleG/FundraisingEventInformationGrp/OtherDirectExpensesEvent1Amt,SG_02_FUNDR_EVNT_EXP_OTH_1,SG-P02-T01-FUNDRAISING-EVENTS,move_variable,SG-P02-T00-FUNDRAISING-EVENTS,"Schedule G Part II is a fixed grid (columns Event 1 / Event 2 / Other events / Total) stored as one group per filing; every flagged xpath has max 1/filing and repeat_root '' in all filings. Variables are already wide (_1/_2/_OTH/_TOT), so they belong in the ONE table SG-P02-T00 (equivalently: set SG-P02-T01 cardinality ONE or merge the two tables). Evidence: repeats in 0.0% of 832,206 filings, max 1/filing, TY2013-2024; repeat_root: ''=100%.",high
MANY_NOT_REPEATING,/Return/ReturnData/IRS990ScheduleG/FundraisingEventInformationGrp/OtherDirectExpensesEvent2Amt,SG_02_FUNDR_EVNT_EXP_OTH_2,SG-P02-T01-FUNDRAISING-EVENTS,move_variable,SG-P02-T00-FUNDRAISING-EVENTS,"Schedule G Part II is a fixed grid (columns Event 1 / Event 2 / Other events / Total) stored as one group per filing; every flagged xpath has max 1/filing and repeat_root '' in all filings. Variables are already wide (_1/_2/_OTH/_TOT), so they belong in the ONE table SG-P02-T00 (equivalently: set SG-P02-T01 cardinality ONE or merge the two tables). Evidence: repeats in 0.0% of 408,790 filings, max 1/filing, TY2013-2024; repeat_root: ''=100%.",high
MANY_NOT_REPEATING,/Return/ReturnData/IRS990ScheduleG/FundraisingEventInformationGrp/OtherEventsTotalCnt,SG_02_FUNDR_EVNT_OTH_TOT_NUM,SG-P02-T01-FUNDRAISING-EVENTS,move_variable,SG-P02-T00-FUNDRAISING-EVENTS,"Schedule G Part II is a fixed grid (columns Event 1 / Event 2 / Other events / Total) stored as one group per filing; every flagged xpath has max 1/filing and repeat_root '' in all filings. Variables are already wide (_1/_2/_OTH/_TOT), so they belong in the ONE table SG-P02-T00 (equivalently: set SG-P02-T01 cardinality ONE or merge the two tables). Evidence: repeats in 0.0% of 318,882 filings, max 1/filing, TY2013-2024; repeat_root: ''=100%.",high
MANY_NOT_REPEATING,/Return/ReturnData/IRS990ScheduleG/FundraisingEventInformationGrp/RentFacilityCostsEvent1Amt,SG_02_FUNDR_EVNT_EXP_RENT_1,SG-P02-T01-FUNDRAISING-EVENTS,move_variable,SG-P02-T00-FUNDRAISING-EVENTS,"Schedule G Part II is a fixed grid (columns Event 1 / Event 2 / Other events / Total) stored as one group per filing; every flagged xpath has max 1/filing and repeat_root '' in all filings. Variables are already wide (_1/_2/_OTH/_TOT), so they belong in the ONE table SG-P02-T00 (equivalently: set SG-P02-T01 cardinality ONE or merge the two tables). Evidence: repeats in 0.0% of 306,773 filings, max 1/filing, TY2013-2024; repeat_root: ''=100%.",high
MANY_NOT_REPEATING,/Return/ReturnData/IRS990ScheduleG/FundraisingEventInformationGrp/RentFacilityCostsEvent2Amt,SG_02_FUNDR_EVNT_EXP_RENT_2,SG-P02-T01-FUNDRAISING-EVENTS,move_variable,SG-P02-T00-FUNDRAISING-EVENTS,"Schedule G Part II is a fixed grid (columns Event 1 / Event 2 / Other events / Total) stored as one group per filing; every flagged xpath has max 1/filing and repeat_root '' in all filings. Variables are already wide (_1/_2/_OTH/_TOT), so they belong in the ONE table SG-P02-T00 (equivalently: set SG-P02-T01 cardinality ONE or merge the two tables). Evidence: repeats in 0.0% of 128,603 filings, max 1/filing, TY2013-2024; repeat_root: ''=100%.",high
MANY_NOT_REPEATING,/Return/ReturnData/IRS990ScheduleG/FundraisingEventInformationGrp/RentFcltyCostsOtherEventsAmt,SG_02_FUNDR_EVNT_EXP_RENT_OTH,SG-P02-T01-FUNDRAISING-EVENTS,move_variable,SG-P02-T00-FUNDRAISING-EVENTS,"Schedule G Part II is a fixed grid (columns Event 1 / Event 2 / Other events / Total) stored as one group per filing; every flagged xpath has max 1/filing and repeat_root '' in all filings. Variables are already wide (_1/_2/_OTH/_TOT), so they belong in the ONE table SG-P02-T00 (equivalently: set SG-P02-T01 cardinality ONE or merge the two tables). Evidence: repeats in 0.0% of 69,857 filings, max 1/filing, TY2013-2024; repeat_root: ''=100%.",high
MANY_NOT_REPEATING,/Return/ReturnData/IRS990ScheduleG/FundraisingEventInformationGrp/RentFcltyCostsTotalEventsAmt,SG_02_FUNDR_EVNT_EXP_RENT_TOT,SG-P02-T01-FUNDRAISING-EVENTS,move_variable,SG-P02-T00-FUNDRAISING-EVENTS,"Schedule G Part II is a fixed grid (columns Event 1 / Event 2 / Other events / Total) stored as one group per filing; every flagged xpath has max 1/filing and repeat_root '' in all filings. Variables are already wide (_1/_2/_OTH/_TOT), so they belong in the ONE table SG-P02-T00 (equivalently: set SG-P02-T01 cardinality ONE or merge the two tables). Evidence: repeats in 0.0% of 342,856 filings, max 1/filing, TY2013-2024; repeat_root: ''=100%.",high
MANY_NOT_REPEATING,/Return/ReturnData/IRS990ScheduleH/Form990ScheduleHPartIV/NameOfEntity/BusinessNameLine1,SH_04_CO_ENTITY_NAME_L1,SH-P04-T01-COMPANY-JOINT-VENTURES,accept,"","Genuine repeating group: the group element is the repeat_root in filings with 2+ rows and '' in single-row filings, so the high unrepeated share just means most filers report one row. Evidence: repeats in 49.0% of 2,115 filings, max 31/filing, TY2009-2012; repeat_root: ''=51% ; IRS990ScheduleH/Form990ScheduleHPartIV=49%.",high
MANY_NOT_REPEATING,/Return/ReturnData/IRS990ScheduleH/ManagementCoAndJntVenturesGrp/EntityName/BusinessNameLine1,SH_04_CO_ENTITY_NAME_L1,SH-P04-T01-COMPANY-JOINT-VENTURES,accept,"","Genuine repeating group: the group element is the repeat_root in filings with 2+ rows and '' in single-row filings, so the high unrepeated share just means most filers report one row. Evidence: repeats in 46.2% of 593 filings, max 34/filing, TY2013-2013; repeat_root: ''=54% ; IRS990ScheduleH/ManagementCoAndJntVenturesGrp=46%.",high
MANY_NOT_REPEATING,/Return/ReturnData/IRS990ScheduleH/ManagementCoAndJntVenturesGrp/EntityName/BusinessNameLine1Txt,SH_04_CO_ENTITY_NAME_L1,SH-P04-T01-COMPANY-JOINT-VENTURES,accept,"","Genuine repeating group: the group element is the repeat_root in filings with 2+ rows and '' in single-row filings, so the high unrepeated share just means most filers report one row. Evidence: repeats in 45.1% of 4,956 filings, max 39/filing, TY2014-2024; repeat_root: ''=55% ; IRS990ScheduleH/ManagementCoAndJntVenturesGrp=45%.",high
MANY_NOT_REPEATING,/Return/ReturnData/IRS990ScheduleH/ManagementCoAndJntVenturesGrp/OfcrEtcProfitOrOwnershipPct,SH_04_CO_PROFIT_PCT_OFF,SH-P04-T01-COMPANY-JOINT-VENTURES,accept,"","Genuine repeating group: the group element is the repeat_root in filings with 2+ rows and '' in single-row filings, so the high unrepeated share just means most filers report one row. Evidence: repeats in 37.7% of 2,319 filings, max 38/filing, TY2013-2024; repeat_root: ''=57% ; IRS990ScheduleH/ManagementCoAndJntVenturesGrp=43%.",high
MANY_NOT_REPEATING,/Return/ReturnData/IRS990ScheduleH/ManagementCoAndJntVenturesGrp/OrgProfitOrOwnershipPct,SH_04_CO_PROFIT_PCT_ORG,SH-P04-T01-COMPANY-JOINT-VENTURES,accept,"","Genuine repeating group: the group element is the repeat_root in filings with 2+ rows and '' in single-row filings, so the high unrepeated share just means most filers report one row. Evidence: repeats in 46.4% of 5,176 filings, max 39/filing, TY2013-2024; repeat_root: ''=52% ; IRS990ScheduleH/ManagementCoAndJntVenturesGrp=48%.",high
MANY_NOT_REPEATING,/Return/ReturnData/IRS990ScheduleH/ManagementCoAndJntVenturesGrp/PhysiciansProfitOrOwnershipPct,SH_04_CO_PROFIT_PCT_PHYSICIAN,SH-P04-T01-COMPANY-JOINT-VENTURES,accept,"","Genuine repeating group: the group element is the repeat_root in filings with 2+ rows and '' in single-row filings, so the high unrepeated share just means most filers report one row. Evidence: repeats in 46.8% of 4,735 filings, max 39/filing, TY2013-2024; repeat_root: ''=50% ; IRS990ScheduleH/ManagementCoAndJntVenturesGrp=50%.",high
MANY_NOT_REPEATING,/Return/ReturnData/IRS990ScheduleH/ManagementCoAndJntVenturesGrp/PrimaryActivitiesTxt,SH_04_CO_ENTITY_ACT_DESC,SH-P04-T01-COMPANY-JOINT-VENTURES,accept,"","Genuine repeating group: the group element is the repeat_root in filings with 2+ rows and '' in single-row filings, so the high unrepeated share just means most filers report one row. Evidence: repeats in 46.3% of 5,252 filings, max 39/filing, TY2013-2024; repeat_root: ''=52% ; IRS990ScheduleH/ManagementCoAndJntVenturesGrp=48%.",high
MANY_NOT_REPEATING,/Return/ReturnData/IRS990ScheduleH/Form990ScheduleHPartV/Address/AddressLine1,SH_05_HOSPITAL_ADDR_L1,SH-P05-T01-HOSPITAL-FACILITY,accept,"","Genuine repeating group: the group element is the repeat_root in filings with 2+ rows and '' in single-row filings, so the high unrepeated share just means most filers report one row. Evidence: repeats in 44.8% of 1,521 filings, max 104/filing, TY2009-2009; repeat_root: ''=55% ; IRS990ScheduleH/Form990ScheduleHPartV=45%.",high
MANY_NOT_REPEATING,/Return/ReturnData/IRS990ScheduleH/Form990ScheduleHPartV/Address/City,SH_05_HOSPITAL_ADDR_CITY,SH-P05-T01-HOSPITAL-FACILITY,accept,"","Genuine repeating group: the group element is the repeat_root in filings with 2+ rows and '' in single-row filings, so the high unrepeated share just means most filers report one row. Evidence: repeats in 44.8% of 1,521 filings, max 104/filing, TY2009-2009; repeat_root: ''=55% ; IRS990ScheduleH/Form990ScheduleHPartV=45%.",high
MANY_NOT_REPEATING,/Return/ReturnData/IRS990ScheduleH/Form990ScheduleHPartV/Address/State,SH_05_HOSPITAL_ADDR_STATE,SH-P05-T01-HOSPITAL-FACILITY,accept,"","Genuine repeating group: the group element is the repeat_root in filings with 2+ rows and '' in single-row filings, so the high unrepeated share just means most filers report one row. Evidence: repeats in 44.8% of 1,521 filings, max 104/filing, TY2009-2009; repeat_root: ''=55% ; IRS990ScheduleH/Form990ScheduleHPartV=45%.",high
MANY_NOT_REPEATING,/Return/ReturnData/IRS990ScheduleH/Form990ScheduleHPartV/Address/ZIPCode,SH_05_HOSPITAL_ADDR_ZIP,SH-P05-T01-HOSPITAL-FACILITY,accept,"","Genuine repeating group: the group element is the repeat_root in filings with 2+ rows and '' in single-row filings, so the high unrepeated share just means most filers report one row. Evidence: repeats in 44.8% of 1,521 filings, max 104/filing, TY2009-2009; repeat_root: ''=55% ; IRS990ScheduleH/Form990ScheduleHPartV=45%.",high
MANY_NOT_REPEATING,/Return/ReturnData/IRS990ScheduleH/Form990ScheduleHPartV/CriticalAccessHospital,SH_05_HOSPITAL_CRITICAL_ACCESS_X,SH-P05-T01-HOSPITAL-FACILITY,accept,"","Genuine repeating group: the group element is the repeat_root in filings with 2+ rows and '' in single-row filings, so the high unrepeated share just means most filers report one row. Evidence: repeats in 6.8% of 470 filings, max 13/filing, TY2009-2009; repeat_root: ''=55% ; IRS990ScheduleH/Form990ScheduleHPartV=45%.",high
MANY_NOT_REPEATING,/Return/ReturnData/IRS990ScheduleH/Form990ScheduleHPartV/Er24Hours,SH_05_HOSPITAL_ER_24HOURS_X,SH-P05-T01-HOSPITAL-FACILITY,accept,"","Genuine repeating group: the group element is the repeat_root in filings with 2+ rows and '' in single-row filings, so the high unrepeated share just means most filers report one row. Evidence: repeats in 12.4% of 1,157 filings, max 31/filing, TY2009-2009; repeat_root: ''=53% ; IRS990ScheduleH/Form990ScheduleHPartV=47%.",high
MANY_NOT_REPEATING,/Return/ReturnData/IRS990ScheduleH/Form990ScheduleHPartV/GeneralMedicalAndSurgical,SH_05_HOSPITAL_MEDICAL_X,SH-P05-T01-HOSPITAL-FACILITY,accept,"","Genuine repeating group: the group element is the repeat_root in filings with 2+ rows and '' in single-row filings, so the high unrepeated share just means most filers report one row. Evidence: repeats in 17.7% of 1,136 filings, max 40/filing, TY2009-2009; repeat_root: ''=53% ; IRS990ScheduleH/Form990ScheduleHPartV=47%.",high
MANY_NOT_REPEATING,/Return/ReturnData/IRS990ScheduleH/Form990ScheduleHPartV/LicensedHospital,SH_05_HOSPITAL_LIC_X,SH-P05-T01-HOSPITAL-FACILITY,accept,"","Genuine repeating group: the group element is the repeat_root in filings with 2+ rows and '' in single-row filings, so the high unrepeated share just means most filers report one row. Evidence: repeats in 15.1% of 1,381 filings, max 34/filing, TY2009-2009; repeat_root: ''=55% ; IRS990ScheduleH/Form990ScheduleHPartV=45%.",high
MANY_NOT_REPEATING,/Return/ReturnData/IRS990ScheduleH/Form990ScheduleHPartV/Name/BusinessNameLine1,SH_05_HOSPITAL_NAME_L1,SH-P05-T01-HOSPITAL-FACILITY,accept,"","Genuine repeating group: the group element is the repeat_root in filings with 2+ rows and '' in single-row filings, so the high unrepeated share just means most filers report one row. Evidence: repeats in 44.8% of 1,525 filings, max 104/filing, TY2009-2009; repeat_root: ''=55% ; IRS990ScheduleH/Form990ScheduleHPartV=45%.",high
MANY_NOT_REPEATING,/Return/ReturnData/IRS990ScheduleH/Form990ScheduleHPartVSectionA/Address/AddressLine1,SH_05_HOSPITAL_ADDR_L1,SH-P05-T01-HOSPITAL-FACILITY,accept,"","Genuine repeating group: the group element is the repeat_root in filings with 2+ rows and '' in single-row filings, so the high unrepeated share just means most filers report one row. Evidence: repeats in 18.7% of 7,398 filings, max 68/filing, TY2010-2012; repeat_root: ''=81% ; IRS990ScheduleH/Form990ScheduleHPartVSectionA=19%.",high
MANY_NOT_REPEATING,/Return/ReturnData/IRS990ScheduleH/Form990ScheduleHPartVSectionA/Address/AddressLine2,SH_05_HOSPITAL_ADDR_L2,SH-P05-T01-HOSPITAL-FACILITY,accept,"","Genuine repeating group: the group element is the repeat_root in filings with 2+ rows and '' in single-row filings, so the high unrepeated share just means most filers report one row. Evidence: repeats in 1.9% of 53 filings, max 2/filing, TY2010-2012; repeat_root: ''=53% ; IRS990ScheduleH/Form990ScheduleHPartVSectionA=47%.",high
MANY_NOT_REPEATING,/Return/ReturnData/IRS990ScheduleH/Form990ScheduleHPartVSectionA/Address/City,SH_05_HOSPITAL_ADDR_CITY,SH-P05-T01-HOSPITAL-FACILITY,accept,"","Genuine repeating group: the group element is the repeat_root in filings with 2+ rows and '' in single-row filings, so the high unrepeated share just means most filers report one row. Evidence: repeats in 18.7% of 7,398 filings, max 68/filing, TY2010-2012; repeat_root: ''=81% ; IRS990ScheduleH/Form990ScheduleHPartVSectionA=19%.",high
MANY_NOT_REPEATING,/Return/ReturnData/IRS990ScheduleH/Form990ScheduleHPartVSectionA/Address/State,SH_05_HOSPITAL_ADDR_STATE,SH-P05-T01-HOSPITAL-FACILITY,accept,"","Genuine repeating group: the group element is the repeat_root in filings with 2+ rows and '' in single-row filings, so the high unrepeated share just means most filers report one row. Evidence: repeats in 18.7% of 7,398 filings, max 68/filing, TY2010-2012; repeat_root: ''=81% ; IRS990ScheduleH/Form990ScheduleHPartVSectionA=19%.",high
MANY_NOT_REPEATING,/Return/ReturnData/IRS990ScheduleH/Form990ScheduleHPartVSectionA/Address/ZIPCode,SH_05_HOSPITAL_ADDR_ZIP,SH-P05-T01-HOSPITAL-FACILITY,accept,"","Genuine repeating group: the group element is the repeat_root in filings with 2+ rows and '' in single-row filings, so the high unrepeated share just means most filers report one row. Evidence: repeats in 18.7% of 7,398 filings, max 68/filing, TY2010-2012; repeat_root: ''=81% ; IRS990ScheduleH/Form990ScheduleHPartVSectionA=19%.",high
MANY_NOT_REPEATING,/Return/ReturnData/IRS990ScheduleH/Form990ScheduleHPartVSectionA/ChildrensHospital,SH_05_HOSPITAL_CHILDREN_X,SH-P05-T01-HOSPITAL-FACILITY,accept,"","Genuine repeating group: the group element is the repeat_root in filings with 2+ rows and '' in single-row filings, so the high unrepeated share just means most filers report one row. Evidence: repeats in 13.4% of 574 filings, max 19/filing, TY2010-2012; repeat_root: ''=57% ; IRS990ScheduleH/Form990ScheduleHPartVSectionA=43%.",high
MANY_NOT_REPEATING,/Return/ReturnData/IRS990ScheduleH/Form990ScheduleHPartVSectionA/CriticalAccessHospital,SH_05_HOSPITAL_CRITICAL_ACCESS_X,SH-P05-T01-HOSPITAL-FACILITY,accept,"","Genuine repeating group: the group element is the repeat_root in filings with 2+ rows and '' in single-row filings, so the high unrepeated share just means most filers report one row. Evidence: repeats in 5.5% of 1,981 filings, max 16/filing, TY2010-2012; repeat_root: ''=84% ; IRS990ScheduleH/Form990ScheduleHPartVSectionA=16%.",high
MANY_NOT_REPEATING,/Return/ReturnData/IRS990ScheduleH/Form990ScheduleHPartVSectionA/Er24Hours,SH_05_HOSPITAL_ER_24HOURS_X,SH-P05-T01-HOSPITAL-FACILITY,accept,"","Genuine repeating group: the group element is the repeat_root in filings with 2+ rows and '' in single-row filings, so the high unrepeated share just means most filers report one row. Evidence: repeats in 13.7% of 6,258 filings, max 38/filing, TY2010-2012; repeat_root: ''=80% ; IRS990ScheduleH/Form990ScheduleHPartVSectionA=20%.",high
MANY_NOT_REPEATING,/Return/ReturnData/IRS990ScheduleH/Form990ScheduleHPartVSectionA/ErOther,SH_05_HOSPITAL_ER_OTH_X,SH-P05-T01-HOSPITAL-FACILITY,accept,"","Genuine repeating group: the group element is the repeat_root in filings with 2+ rows and '' in single-row filings, so the high unrepeated share just means most filers report one row. Evidence: repeats in 15.5% of 206 filings, max 6/filing, TY2010-2012; repeat_root: ''=59% ; IRS990ScheduleH/Form990ScheduleHPartVSectionA=41%.",high
MANY_NOT_REPEATING,/Return/ReturnData/IRS990ScheduleH/Form990ScheduleHPartVSectionA/GeneralMedicalAndSurgical,SH_05_HOSPITAL_MEDICAL_X,SH-P05-T01-HOSPITAL-FACILITY,accept,"","Genuine repeating group: the group element is the repeat_root in filings with 2+ rows and '' in single-row filings, so the high unrepeated share just means most filers report one row. Evidence: repeats in 15.1% of 6,019 filings, max 38/filing, TY2010-2012; repeat_root: ''=80% ; IRS990ScheduleH/Form990ScheduleHPartVSectionA=20%.",high
MANY_NOT_REPEATING,/Return/ReturnData/IRS990ScheduleH/Form990ScheduleHPartVSectionA/LicensedHospital,SH_05_HOSPITAL_LIC_X,SH-P05-T01-HOSPITAL-FACILITY,accept,"","Genuine repeating group: the group element is the repeat_root in filings with 2+ rows and '' in single-row filings, so the high unrepeated share just means most filers report one row. Evidence: repeats in 15.8% of 7,187 filings, max 38/filing, TY2010-2012; repeat_root: ''=81% ; IRS990ScheduleH/Form990ScheduleHPartVSectionA=19%.",high
MANY_NOT_REPEATING,/Return/ReturnData/IRS990ScheduleH/Form990ScheduleHPartVSectionA/Name/BusinessNameLine1,SH_05_HOSPITAL_NAME_L1,SH-P05-T01-HOSPITAL-FACILITY,accept,"","Genuine repeating group: the group element is the repeat_root in filings with 2+ rows and '' in single-row filings, so the high unrepeated share just means most filers report one row. Evidence: repeats in 18.7% of 7,404 filings, max 68/filing, TY2010-2012; repeat_root: ''=81% ; IRS990ScheduleH/Form990ScheduleHPartVSectionA=19%.",high
MANY_NOT_REPEATING,/Return/ReturnData/IRS990ScheduleH/Form990ScheduleHPartVSectionA/Name/BusinessNameLine2,SH_05_HOSPITAL_NAME_L2,SH-P05-T01-HOSPITAL-FACILITY,accept,"","Genuine repeating group: the group element is the repeat_root in filings with 2+ rows and '' in single-row filings, so the high unrepeated share just means most filers report one row. Evidence: repeats in 19.8% of 86 filings, max 8/filing, TY2010-2012; repeat_root: ''=64% ; IRS990ScheduleH/Form990ScheduleHPartVSectionA=36%.",high
MANY_NOT_REPEATING,/Return/ReturnData/IRS990ScheduleH/Form990ScheduleHPartVSectionA/Other,SH_05_HOSPITAL_OTH,SH-P05-T01-HOSPITAL-FACILITY,accept,"","Genuine repeating group: the group element is the repeat_root in filings with 2+ rows and '' in single-row filings, so the high unrepeated share just means most filers report one row. Evidence: repeats in 18.0% of 1,893 filings, max 66/filing, TY2010-2012; repeat_root: ''=69% ; IRS990ScheduleH/Form990ScheduleHPartVSectionA=31%.",high
MANY_NOT_REPEATING,/Return/ReturnData/IRS990ScheduleH/Form990ScheduleHPartVSectionA/ResearchFacility,SH_05_HOSPITAL_RSRCH_FACILITY_X,SH-P05-T01-HOSPITAL-FACILITY,accept,"","Genuine repeating group: the group element is the repeat_root in filings with 2+ rows and '' in single-row filings, so the high unrepeated share just means most filers report one row. Evidence: repeats in 15.5% of 746 filings, max 30/filing, TY2010-2012; repeat_root: ''=56% ; IRS990ScheduleH/Form990ScheduleHPartVSectionA=44%.",high
MANY_NOT_REPEATING,/Return/ReturnData/IRS990ScheduleH/Form990ScheduleHPartVSectionA/TeachingHospital,SH_05_HOSPITAL_TEACHING_X,SH-P05-T01-HOSPITAL-FACILITY,accept,"","Genuine repeating group: the group element is the repeat_root in filings with 2+ rows and '' in single-row filings, so the high unrepeated share just means most filers report one row. Evidence: repeats in 20.6% of 1,721 filings, max 37/filing, TY2010-2012; repeat_root: ''=65% ; IRS990ScheduleH/Form990ScheduleHPartVSectionA=35%.",high
MANY_NOT_REPEATING,/Return/ReturnData/IRS990ScheduleH/Form990ScheduleHPartVSectionA/WebsiteAddress,SH_05_HOSPITAL_WEBSITE,SH-P05-T01-HOSPITAL-FACILITY,accept,"","Genuine repeating group: the group element is the repeat_root in filings with 2+ rows and '' in single-row filings, so the high unrepeated share just means most filers report one row. Evidence: repeats in 20.6% of 756 filings, max 37/filing, TY2012-2012; repeat_root: ''=78% ; IRS990ScheduleH/Form990ScheduleHPartVSectionA=22%.",high
MANY_NOT_REPEATING,/Return/ReturnData/IRS990ScheduleH/HospitalFacilitiesGrp/BusinessName/BusinessNameLine1,SH_05_HOSPITAL_NAME_L1,SH-P05-T01-HOSPITAL-FACILITY,accept,"","Genuine repeating group: the group element is the repeat_root in filings with 2+ rows and '' in single-row filings, so the high unrepeated share just means most filers report one row. Evidence: repeats in 17.1% of 2,438 filings, max 38/filing, TY2013-2013; repeat_root: ''=83% ; IRS990ScheduleH/HospitalFacilitiesGrp=17%.",high
MANY_NOT_REPEATING,/Return/ReturnData/IRS990ScheduleH/HospitalFacilitiesGrp/BusinessName/BusinessNameLine1Txt,SH_05_HOSPITAL_NAME_L1,SH-P05-T01-HOSPITAL-FACILITY,accept,"","Genuine repeating group: the group element is the repeat_root in filings with 2+ rows and '' in single-row filings, so the high unrepeated share just means most filers report one row. Evidence: repeats in 17.1% of 24,524 filings, max 43/filing, TY2014-2024; repeat_root: ''=83% ; IRS990ScheduleH/HospitalFacilitiesGrp=17%.",high
MANY_NOT_REPEATING,/Return/ReturnData/IRS990ScheduleH/HospitalFacilitiesGrp/BusinessName/BusinessNameLine2,SH_05_HOSPITAL_NAME_L2,SH-P05-T01-HOSPITAL-FACILITY,accept,"","Genuine repeating group: the group element is the repeat_root in filings with 2+ rows and '' in single-row filings, so the high unrepeated share just means most filers report one row. Evidence: repeats in 13.3% of 30 filings, max 3/filing, TY2013-2013; repeat_root: ''=77% ; IRS990ScheduleH/HospitalFacilitiesGrp=23%.",high
MANY_NOT_REPEATING,/Return/ReturnData/IRS990ScheduleH/HospitalFacilitiesGrp/BusinessName/BusinessNameLine2Txt,SH_05_HOSPITAL_NAME_L2,SH-P05-T01-HOSPITAL-FACILITY,accept,"","Genuine repeating group: the group element is the repeat_root in filings with 2+ rows and '' in single-row filings, so the high unrepeated share just means most filers report one row. Evidence: repeats in 11.4% of 211 filings, max 4/filing, TY2014-2024; repeat_root: ''=81% ; IRS990ScheduleH/HospitalFacilitiesGrp=19%.",high
MANY_NOT_REPEATING,/Return/ReturnData/IRS990ScheduleH/HospitalFacilitiesGrp/ChildrensHospitalInd,SH_05_HOSPITAL_CHILDREN_X,SH-P05-T01-HOSPITAL-FACILITY,accept,"","Genuine repeating group: the group element is the repeat_root in filings with 2+ rows and '' in single-row filings, so the high unrepeated share just means most filers report one row. Evidence: repeats in 12.1% of 2,169 filings, max 17/filing, TY2013-2024; repeat_root: ''=58% ; IRS990ScheduleH/HospitalFacilitiesGrp=42%.",high
MANY_NOT_REPEATING,/Return/ReturnData/IRS990ScheduleH/HospitalFacilitiesGrp/CriticalAccessHospitalInd,SH_05_HOSPITAL_CRITICAL_ACCESS_X,SH-P05-T01-HOSPITAL-FACILITY,accept,"","Genuine repeating group: the group element is the repeat_root in filings with 2+ rows and '' in single-row filings, so the high unrepeated share just means most filers report one row. Evidence: repeats in 5.8% of 8,159 filings, max 17/filing, TY2013-2024; repeat_root: ''=86% ; IRS990ScheduleH/HospitalFacilitiesGrp=14%.",high
MANY_NOT_REPEATING,/Return/ReturnData/IRS990ScheduleH/HospitalFacilitiesGrp/EmergencyRoom24HrsInd,SH_05_HOSPITAL_ER_24HOURS_X,SH-P05-T01-HOSPITAL-FACILITY,accept,"","Genuine repeating group: the group element is the repeat_root in filings with 2+ rows and '' in single-row filings, so the high unrepeated share just means most filers report one row. Evidence: repeats in 14.3% of 23,394 filings, max 43/filing, TY2013-2024; repeat_root: ''=82% ; IRS990ScheduleH/HospitalFacilitiesGrp=18%.",high
MANY_NOT_REPEATING,/Return/ReturnData/IRS990ScheduleH/HospitalFacilitiesGrp/EmergencyRoomOtherInd,SH_05_HOSPITAL_ER_OTH_X,SH-P05-T01-HOSPITAL-FACILITY,accept,"","Genuine repeating group: the group element is the repeat_root in filings with 2+ rows and '' in single-row filings, so the high unrepeated share just means most filers report one row. Evidence: repeats in 8.0% of 800 filings, max 6/filing, TY2013-2024; repeat_root: ''=60% ; IRS990ScheduleH/HospitalFacilitiesGrp=40%.",high
MANY_NOT_REPEATING,/Return/ReturnData/IRS990ScheduleH/HospitalFacilitiesGrp/GeneralMedicalAndSurgicalInd,SH_05_HOSPITAL_MEDICAL_X,SH-P05-T01-HOSPITAL-FACILITY,accept,"","Genuine repeating group: the group element is the repeat_root in filings with 2+ rows and '' in single-row filings, so the high unrepeated share just means most filers report one row. Evidence: repeats in 15.6% of 22,449 filings, max 43/filing, TY2013-2024; repeat_root: ''=81% ; IRS990ScheduleH/HospitalFacilitiesGrp=19%.",high
MANY_NOT_REPEATING,/Return/ReturnData/IRS990ScheduleH/HospitalFacilitiesGrp/LicensedHospitalInd,SH_05_HOSPITAL_LIC_X,SH-P05-T01-HOSPITAL-FACILITY,accept,"","Genuine repeating group: the group element is the repeat_root in filings with 2+ rows and '' in single-row filings, so the high unrepeated share just means most filers report one row. Evidence: repeats in 16.3% of 26,334 filings, max 43/filing, TY2013-2024; repeat_root: ''=83% ; IRS990ScheduleH/HospitalFacilitiesGrp=17%.",high
MANY_NOT_REPEATING,/Return/ReturnData/IRS990ScheduleH/HospitalFacilitiesGrp/OtherDesc,SH_05_HOSPITAL_OTH,SH-P05-T01-HOSPITAL-FACILITY,accept,"","Genuine repeating group: the group element is the repeat_root in filings with 2+ rows and '' in single-row filings, so the high unrepeated share just means most filers report one row. Evidence: repeats in 14.5% of 6,909 filings, max 36/filing, TY2013-2024; repeat_root: ''=74% ; IRS990ScheduleH/HospitalFacilitiesGrp=26%.",high
MANY_NOT_REPEATING,/Return/ReturnData/IRS990ScheduleH/HospitalFacilitiesGrp/ResearchFacilityInd,SH_05_HOSPITAL_RSRCH_FACILITY_X,SH-P05-T01-HOSPITAL-FACILITY,accept,"","Genuine repeating group: the group element is the repeat_root in filings with 2+ rows and '' in single-row filings, so the high unrepeated share just means most filers report one row. Evidence: repeats in 16.7% of 2,935 filings, max 37/filing, TY2013-2024; repeat_root: ''=55% ; IRS990ScheduleH/HospitalFacilitiesGrp=45%.",high
MANY_NOT_REPEATING,/Return/ReturnData/IRS990ScheduleH/HospitalFacilitiesGrp/StateLicenseNum,SH_05_HOSPITAL_STATE_LIC_NUM,SH-P05-T01-HOSPITAL-FACILITY,accept,"","Genuine repeating group: the group element is the repeat_root in filings with 2+ rows and '' in single-row filings, so the high unrepeated share just means most filers report one row. Evidence: repeats in 17.1% of 20,745 filings, max 43/filing, TY2013-2024; repeat_root: ''=82% ; IRS990ScheduleH/HospitalFacilitiesGrp=18%.",high
MANY_NOT_REPEATING,/Return/ReturnData/IRS990ScheduleH/HospitalFacilitiesGrp/TeachingHospitalInd,SH_05_HOSPITAL_TEACHING_X,SH-P05-T01-HOSPITAL-FACILITY,accept,"","Genuine repeating group: the group element is the repeat_root in filings with 2+ rows and '' in single-row filings, so the high unrepeated share just means most filers report one row. Evidence: repeats in 21.0% of 6,867 filings, max 40/filing, TY2013-2024; repeat_root: ''=65% ; IRS990ScheduleH/HospitalFacilitiesGrp=35%.",high
MANY_NOT_REPEATING,/Return/ReturnData/IRS990ScheduleH/HospitalFacilitiesGrp/USAddress/AddressLine1,SH_05_HOSPITAL_ADDR_L1,SH-P05-T01-HOSPITAL-FACILITY,accept,"","Genuine repeating group: the group element is the repeat_root in filings with 2+ rows and '' in single-row filings, so the high unrepeated share just means most filers report one row. Evidence: repeats in 17.1% of 2,426 filings, max 38/filing, TY2013-2013; repeat_root: ''=83% ; IRS990ScheduleH/HospitalFacilitiesGrp=17%.",high
MANY_NOT_REPEATING,/Return/ReturnData/IRS990ScheduleH/HospitalFacilitiesGrp/USAddress/AddressLine1Txt,SH_05_HOSPITAL_ADDR_L1,SH-P05-T01-HOSPITAL-FACILITY,accept,"","Genuine repeating group: the group element is the repeat_root in filings with 2+ rows and '' in single-row filings, so the high unrepeated share just means most filers report one row. Evidence: repeats in 17.1% of 24,360 filings, max 43/filing, TY2014-2024; repeat_root: ''=83% ; IRS990ScheduleH/HospitalFacilitiesGrp=17%.",high
MANY_NOT_REPEATING,/Return/ReturnData/IRS990ScheduleH/HospitalFacilitiesGrp/USAddress/AddressLine2,SH_05_HOSPITAL_ADDR_L2,SH-P05-T01-HOSPITAL-FACILITY,accept,"","Sparse field (address line 2, foreign address, etc.) inside a genuine repeating group; too few filings to observe a repeat. Sibling xpaths of the same group repeat. Evidence: repeats in 0.0% of 18 filings, max 1/filing, TY2013-2013; repeat_root: ''=67% ; IRS990ScheduleH/HospitalFacilitiesGrp=33%.",high
MANY_NOT_REPEATING,/Return/ReturnData/IRS990ScheduleH/HospitalFacilitiesGrp/USAddress/AddressLine2Txt,SH_05_HOSPITAL_ADDR_L2,SH-P05-T01-HOSPITAL-FACILITY,accept,"","Genuine repeating group: the group element is the repeat_root in filings with 2+ rows and '' in single-row filings, so the high unrepeated share just means most filers report one row. Evidence: repeats in 1.2% of 163 filings, max 2/filing, TY2014-2024; repeat_root: ''=63% ; IRS990ScheduleH/HospitalFacilitiesGrp=37%.",high
MANY_NOT_REPEATING,/Return/ReturnData/IRS990ScheduleH/HospitalFacilitiesGrp/USAddress/City,SH_05_HOSPITAL_ADDR_CITY,SH-P05-T01-HOSPITAL-FACILITY,accept,"","Genuine repeating group: the group element is the repeat_root in filings with 2+ rows and '' in single-row filings, so the high unrepeated share just means most filers report one row. Evidence: repeats in 17.1% of 2,426 filings, max 38/filing, TY2013-2013; repeat_root: ''=83% ; IRS990ScheduleH/HospitalFacilitiesGrp=17%.",high
MANY_NOT_REPEATING,/Return/ReturnData/IRS990ScheduleH/HospitalFacilitiesGrp/USAddress/CityNm,SH_05_HOSPITAL_ADDR_CITY,SH-P05-T01-HOSPITAL-FACILITY,accept,"","Genuine repeating group: the group element is the repeat_root in filings with 2+ rows and '' in single-row filings, so the high unrepeated share just means most filers report one row. Evidence: repeats in 17.1% of 24,360 filings, max 43/filing, TY2014-2024; repeat_root: ''=83% ; IRS990ScheduleH/HospitalFacilitiesGrp=17%.",high
MANY_NOT_REPEATING,/Return/ReturnData/IRS990ScheduleH/HospitalFacilitiesGrp/USAddress/State,SH_05_HOSPITAL_ADDR_STATE,SH-P05-T01-HOSPITAL-FACILITY,accept,"","Genuine repeating group: the group element is the repeat_root in filings with 2+ rows and '' in single-row filings, so the high unrepeated share just means most filers report one row. Evidence: repeats in 17.1% of 2,426 filings, max 38/filing, TY2013-2013; repeat_root: ''=83% ; IRS990ScheduleH/HospitalFacilitiesGrp=17%.",high
MANY_NOT_REPEATING,/Return/ReturnData/IRS990ScheduleH/HospitalFacilitiesGrp/USAddress/StateAbbreviationCd,SH_05_HOSPITAL_ADDR_STATE,SH-P05-T01-HOSPITAL-FACILITY,accept,"","Genuine repeating group: the group element is the repeat_root in filings with 2+ rows and '' in single-row filings, so the high unrepeated share just means most filers report one row. Evidence: repeats in 17.1% of 24,360 filings, max 43/filing, TY2014-2024; repeat_root: ''=83% ; IRS990ScheduleH/HospitalFacilitiesGrp=17%.",high
MANY_NOT_REPEATING,/Return/ReturnData/IRS990ScheduleH/HospitalFacilitiesGrp/USAddress/ZIPCd,SH_05_HOSPITAL_ADDR_ZIP,SH-P05-T01-HOSPITAL-FACILITY,accept,"","Genuine repeating group: the group element is the repeat_root in filings with 2+ rows and '' in single-row filings, so the high unrepeated share just means most filers report one row. Evidence: repeats in 17.1% of 24,360 filings, max 43/filing, TY2014-2024; repeat_root: ''=83% ; IRS990ScheduleH/HospitalFacilitiesGrp=17%.",high
MANY_NOT_REPEATING,/Return/ReturnData/IRS990ScheduleH/HospitalFacilitiesGrp/USAddress/ZIPCode,SH_05_HOSPITAL_ADDR_ZIP,SH-P05-T01-HOSPITAL-FACILITY,accept,"","Genuine repeating group: the group element is the repeat_root in filings with 2+ rows and '' in single-row filings, so the high unrepeated share just means most filers report one row. Evidence: repeats in 17.1% of 2,426 filings, max 38/filing, TY2013-2013; repeat_root: ''=83% ; IRS990ScheduleH/HospitalFacilitiesGrp=17%.",high
MANY_NOT_REPEATING,/Return/ReturnData/IRS990ScheduleH/HospitalFacilitiesGrp/WebsiteAddressTxt,SH_05_HOSPITAL_WEBSITE,SH-P05-T01-HOSPITAL-FACILITY,accept,"","Genuine repeating group: the group element is the repeat_root in filings with 2+ rows and '' in single-row filings, so the high unrepeated share just means most filers report one row. Evidence: repeats in 17.5% of 21,617 filings, max 43/filing, TY2013-2024; repeat_root: ''=82% ; IRS990ScheduleH/HospitalFacilitiesGrp=18%.",high
MANY_NOT_REPEATING,/Return/ReturnData/IRS990ScheduleI/RecipientTable/MethodOfValuation,SI_02_GRANT_US_ORG_MOV,SI-P02-T01-GRANTS-US-ORGS-GOVTS,accept,"","Genuine repeating group: the group element is the repeat_root in filings with 2+ rows and '' in single-row filings, so the high unrepeated share just means most filers report one row. Evidence: repeats in 39.4% of 13,806 filings, max 2908/filing, TY2009-2012; repeat_root: ''=52% ; IRS990ScheduleI/RecipientTable=48%.",high
MANY_NOT_REPEATING,/Return/ReturnData/IRS990ScheduleI/RecipientTable/ValuationMethodUsedDesc,SI_02_GRANT_US_ORG_MOV,SI-P02-T01-GRANTS-US-ORGS-GOVTS,accept,"","Genuine repeating group: the group element is the repeat_root in filings with 2+ rows and '' in single-row filings, so the high unrepeated share just means most filers report one row. Evidence: repeats in 39.6% of 87,516 filings, max 80308/filing, TY2013-2024; repeat_root: ''=54% ; IRS990ScheduleI/RecipientTable=46%.",high
MANY_NOT_REPEATING,/Return/ReturnData/IRS990ScheduleI/Form990ScheduleIPartIII/AmountOfCashGrant,SI_03_GRANT_US_INDIV_AMT_CASH,SI-P03-T01-GRANTS-US-INDIV,accept,"","Genuine repeating group: the group element is the repeat_root in filings with 2+ rows and '' in single-row filings, so the high unrepeated share just means most filers report one row. Evidence: repeats in 32.9% of 47,962 filings, max 345/filing, TY2009-2012; repeat_root: ''=65% ; IRS990ScheduleI/Form990ScheduleIPartIII=35%.",high
MANY_NOT_REPEATING,/Return/ReturnData/IRS990ScheduleI/Form990ScheduleIPartIII/AmountOfNonCashAssistance,SI_03_GRANT_US_INDIV_AMT_NONCSH,SI-P03-T01-GRANTS-US-INDIV,accept,"","Genuine repeating group: the group element is the repeat_root in filings with 2+ rows and '' in single-row filings, so the high unrepeated share just means most filers report one row. Evidence: repeats in 29.9% of 12,043 filings, max 67/filing, TY2009-2012; repeat_root: ''=57% ; IRS990ScheduleI/Form990ScheduleIPartIII=43%.",high
MANY_NOT_REPEATING,/Return/ReturnData/IRS990ScheduleI/Form990ScheduleIPartIII/DescriptionOfNonCashAssistance,SI_03_GRANT_US_INDIV_DESC_NONCSH,SI-P03-T01-GRANTS-US-INDIV,accept,"","Genuine repeating group: the group element is the repeat_root in filings with 2+ rows and '' in single-row filings, so the high unrepeated share just means most filers report one row. Evidence: repeats in 29.4% of 12,864 filings, max 67/filing, TY2009-2012; repeat_root: ''=60% ; IRS990ScheduleI/Form990ScheduleIPartIII=40%.",high
MANY_NOT_REPEATING,/Return/ReturnData/IRS990ScheduleI/Form990ScheduleIPartIII/MethodOfValuation,SI_03_GRANT_US_INDIV_MOV,SI-P03-T01-GRANTS-US-INDIV,accept,"","Genuine repeating group: the group element is the repeat_root in filings with 2+ rows and '' in single-row filings, so the high unrepeated share just means most filers report one row. Evidence: repeats in 31.0% of 16,851 filings, max 92/filing, TY2009-2012; repeat_root: ''=62% ; IRS990ScheduleI/Form990ScheduleIPartIII=38%.",high
MANY_NOT_REPEATING,/Return/ReturnData/IRS990ScheduleI/Form990ScheduleIPartIII/NumberOfRecipients,SI_03_GRANT_US_INDIV_NUM,SI-P03-T01-GRANTS-US-INDIV,accept,"","Genuine repeating group: the group element is the repeat_root in filings with 2+ rows and '' in single-row filings, so the high unrepeated share just means most filers report one row. Evidence: repeats in 33.4% of 49,891 filings, max 161/filing, TY2009-2012; repeat_root: ''=66% ; IRS990ScheduleI/Form990ScheduleIPartIII=34%.",high
MANY_NOT_REPEATING,/Return/ReturnData/IRS990ScheduleI/Form990ScheduleIPartIII/TypeOfGrant,SI_03_GRANT_US_INDIV_TYPE_GRANT,SI-P03-T01-GRANTS-US-INDIV,accept,"","Genuine repeating group: the group element is the repeat_root in filings with 2+ rows and '' in single-row filings, so the high unrepeated share just means most filers report one row. Evidence: repeats in 34.0% of 53,431 filings, max 346/filing, TY2009-2012; repeat_root: ''=66% ; IRS990ScheduleI/Form990ScheduleIPartIII=34%.",high
MANY_NOT_REPEATING,/Return/ReturnData/IRS990ScheduleI/GrantsOtherAsstToIndivInUSGrp/CashGrantAmt,SI_03_GRANT_US_INDIV_AMT_CASH,SI-P03-T01-GRANTS-US-INDIV,accept,"","Genuine repeating group: the group element is the repeat_root in filings with 2+ rows and '' in single-row filings, so the high unrepeated share just means most filers report one row. Evidence: repeats in 31.0% of 305,053 filings, max 302/filing, TY2013-2024; repeat_root: ''=66% ; IRS990ScheduleI/GrantsOtherAsstToIndivInUSGrp=34%.",high
MANY_NOT_REPEATING,/Return/ReturnData/IRS990ScheduleI/GrantsOtherAsstToIndivInUSGrp/GrantTypeTxt,SI_03_GRANT_US_INDIV_TYPE_GRANT,SI-P03-T01-GRANTS-US-INDIV,accept,"","Genuine repeating group: the group element is the repeat_root in filings with 2+ rows and '' in single-row filings, so the high unrepeated share just means most filers report one row. Evidence: repeats in 32.4% of 342,276 filings, max 301/filing, TY2013-2024; repeat_root: ''=67% ; IRS990ScheduleI/GrantsOtherAsstToIndivInUSGrp=33%.",high
MANY_NOT_REPEATING,/Return/ReturnData/IRS990ScheduleI/GrantsOtherAsstToIndivInUSGrp/NonCashAssistanceAmt,SI_03_GRANT_US_INDIV_AMT_NONCSH,SI-P03-T01-GRANTS-US-INDIV,accept,"","Genuine repeating group: the group element is the repeat_root in filings with 2+ rows and '' in single-row filings, so the high unrepeated share just means most filers report one row. Evidence: repeats in 28.6% of 77,869 filings, max 120/filing, TY2013-2024; repeat_root: ''=58% ; IRS990ScheduleI/GrantsOtherAsstToIndivInUSGrp=42%.",high
MANY_NOT_REPEATING,/Return/ReturnData/IRS990ScheduleI/GrantsOtherAsstToIndivInUSGrp/NonCashAssistanceDesc,SI_03_GRANT_US_INDIV_DESC_NONCSH,SI-P03-T01-GRANTS-US-INDIV,accept,"","Genuine repeating group: the group element is the repeat_root in filings with 2+ rows and '' in single-row filings, so the high unrepeated share just means most filers report one row. Evidence: repeats in 28.7% of 87,750 filings, max 133/filing, TY2013-2024; repeat_root: ''=60% ; IRS990ScheduleI/GrantsOtherAsstToIndivInUSGrp=40%.",high
MANY_NOT_REPEATING,/Return/ReturnData/IRS990ScheduleI/GrantsOtherAsstToIndivInUSGrp/RecipientCnt,SI_03_GRANT_US_INDIV_NUM,SI-P03-T01-GRANTS-US-INDIV,accept,"","Genuine repeating group: the group element is the repeat_root in filings with 2+ rows and '' in single-row filings, so the high unrepeated share just means most filers report one row. Evidence: repeats in 31.6% of 314,895 filings, max 251/filing, TY2013-2024; repeat_root: ''=67% ; IRS990ScheduleI/GrantsOtherAsstToIndivInUSGrp=33%.",high
MANY_NOT_REPEATING,/Return/ReturnData/IRS990ScheduleI/GrantsOtherAsstToIndivInUSGrp/ValuationMethodUsedDesc,SI_03_GRANT_US_INDIV_MOV,SI-P03-T01-GRANTS-US-INDIV,accept,"","Genuine repeating group: the group element is the repeat_root in filings with 2+ rows and '' in single-row filings, so the high unrepeated share just means most filers report one row. Evidence: repeats in 29.2% of 111,619 filings, max 133/filing, TY2013-2024; repeat_root: ''=63% ; IRS990ScheduleI/GrantsOtherAsstToIndivInUSGrp=37%.",high
MANY_NOT_REPEATING,/Return/ReturnData/IRS990ScheduleJ/Form990ScheduleJPartII/NameBusiness/BusinessNameLine2,SJ_02_COMP_DTK_NAME_ORG_L2,SJ-P02-T01-COMPENSATION-DTK,accept,"","Genuine repeating group: the group element is the repeat_root in filings with 2+ rows and '' in single-row filings, so the high unrepeated share just means most filers report one row. Evidence: repeats in 29.1% of 55 filings, max 17/filing, TY2009-2012; repeat_root: ''=69% ; IRS990ScheduleJ/Form990ScheduleJPartII=31%.",high
MANY_NOT_REPEATING,/Return/ReturnData/IRS990ScheduleJ/RltdOrgOfficerTrstKeyEmplGrp/BusinessName/BusinessNameLine1,SJ_02_COMP_DTK_NAME_ORG_L1,SJ-P02-T01-COMPENSATION-DTK,accept,"","Genuine repeating group: the group element is the repeat_root in filings with 2+ rows and '' in single-row filings, so the high unrepeated share just means most filers report one row. Evidence: repeats in 20.0% of 110 filings, max 13/filing, TY2013-2013; repeat_root: ''=51% ; IRS990ScheduleJ/RltdOrgOfficerTrstKeyEmplGrp=49%.",high
MANY_NOT_REPEATING,/Return/ReturnData/IRS990ScheduleJ/RltdOrgOfficerTrstKeyEmplGrp/BusinessName/BusinessNameLine2,SJ_02_COMP_DTK_NAME_ORG_L2,SJ-P02-T01-COMPENSATION-DTK,accept,"","Genuine repeating group: the group element is the repeat_root in filings with 2+ rows and '' in single-row filings, so the high unrepeated share just means most filers report one row. Evidence: repeats in 14.3% of 14 filings, max 4/filing, TY2013-2013; repeat_root: ''=64% ; IRS990ScheduleJ/RltdOrgOfficerTrstKeyEmplGrp=36%.",high
MANY_NOT_REPEATING,/Return/ReturnData/IRS990ScheduleJ/RltdOrgOfficerTrstKeyEmplGrp/BusinessName/BusinessNameLine2Txt,SJ_02_COMP_DTK_NAME_ORG_L2,SJ-P02-T01-COMPENSATION-DTK,accept,"","Genuine repeating group: the group element is the repeat_root in filings with 2+ rows and '' in single-row filings, so the high unrepeated share just means most filers report one row. Evidence: repeats in 5.9% of 85 filings, max 11/filing, TY2014-2024; repeat_root: ''=64% ; IRS990ScheduleJ/RltdOrgOfficerTrstKeyEmplGrp=36%.",high
MANY_NOT_REPEATING,/Return/ReturnData/IRS990ScheduleK/Form990ScheduleKPartI/BondReferenceCd,SK_01_BOND_ISSUE_REFERENCE_NUM,SK-P01-T01-BOND-ISSUES,accept,"","Genuine repeating group: the group element is the repeat_root in filings with 2+ rows and '' in single-row filings, so the high unrepeated share just means most filers report one row. Pre-2013 the whole Schedule K repeats (repeat_root IRS990ScheduleK), one schedule per bond issue. Evidence: repeats in 41.0% of 5,856 filings, max 61/filing, TY2012-2012; repeat_root: ''=57% ; IRS990ScheduleK/Form990ScheduleKPartI=40% ; IRS990ScheduleK=3%.",high
MANY_NOT_REPEATING,/Return/ReturnData/IRS990ScheduleK/Form990ScheduleKPartI/CUSIPNumber,SK_01_BOND_ISSUE_CUSIP_NUM,SK-P01-T01-BOND-ISSUES,accept,"","Genuine repeating group: the group element is the repeat_root in filings with 2+ rows and '' in single-row filings, so the high unrepeated share just means most filers report one row. Pre-2013 the whole Schedule K repeats (repeat_root IRS990ScheduleK), one schedule per bond issue. Evidence: repeats in 42.5% of 14,087 filings, max 108/filing, TY2009-2012; repeat_root: ''=51% ; IRS990ScheduleK/Form990ScheduleKPartI=46% ; IRS990ScheduleK=3%.",high
MANY_NOT_REPEATING,/Return/ReturnData/IRS990ScheduleK/Form990ScheduleKPartI/DateIssued,SK_01_BOND_ISSUE_DATE,SK-P01-T01-BOND-ISSUES,accept,"","Genuine repeating group: the group element is the repeat_root in filings with 2+ rows and '' in single-row filings, so the high unrepeated share just means most filers report one row. Pre-2013 the whole Schedule K repeats (repeat_root IRS990ScheduleK), one schedule per bond issue. Evidence: repeats in 41.1% of 19,645 filings, max 108/filing, TY2009-2012; repeat_root: ''=57% ; IRS990ScheduleK/Form990ScheduleKPartI=40% ; IRS990ScheduleK=2%.",high
MANY_NOT_REPEATING,/Return/ReturnData/IRS990ScheduleK/Form990ScheduleKPartI/Defeased,SK_01_BOND_ISSUE_DEFEASED_X,SK-P01-T01-BOND-ISSUES,accept,"","Genuine repeating group: the group element is the repeat_root in filings with 2+ rows and '' in single-row filings, so the high unrepeated share just means most filers report one row. Pre-2013 the whole Schedule K repeats (repeat_root IRS990ScheduleK), one schedule per bond issue. Evidence: repeats in 41.2% of 19,597 filings, max 108/filing, TY2009-2012; repeat_root: ''=57% ; IRS990ScheduleK/Form990ScheduleKPartI=40% ; IRS990ScheduleK=2%.",high
MANY_NOT_REPEATING,/Return/ReturnData/IRS990ScheduleK/Form990ScheduleKPartI/DescriptionOfPurpose,SK_01_BOND_ISSUE_PURPOSE_DESC,SK-P01-T01-BOND-ISSUES,accept,"","Genuine repeating group: the group element is the repeat_root in filings with 2+ rows and '' in single-row filings, so the high unrepeated share just means most filers report one row. Pre-2013 the whole Schedule K repeats (repeat_root IRS990ScheduleK), one schedule per bond issue. Evidence: repeats in 41.3% of 19,466 filings, max 108/filing, TY2009-2012; repeat_root: ''=57% ; IRS990ScheduleK/Form990ScheduleKPartI=40% ; IRS990ScheduleK=2%.",high
MANY_NOT_REPEATING,/Return/ReturnData/IRS990ScheduleK/Form990ScheduleKPartI/IssuePrice,SK_01_BOND_ISSUE_PRICE,SK-P01-T01-BOND-ISSUES,accept,"","Genuine repeating group: the group element is the repeat_root in filings with 2+ rows and '' in single-row filings, so the high unrepeated share just means most filers report one row. Pre-2013 the whole Schedule K repeats (repeat_root IRS990ScheduleK), one schedule per bond issue. Evidence: repeats in 41.2% of 19,605 filings, max 108/filing, TY2009-2012; repeat_root: ''=57% ; IRS990ScheduleK/Form990ScheduleKPartI=40% ; IRS990ScheduleK=2%.",high
MANY_NOT_REPEATING,/Return/ReturnData/IRS990ScheduleK/Form990ScheduleKPartI/IssuerEIN,SK_01_BOND_ISSUER_EIN,SK-P01-T01-BOND-ISSUES,accept,"","Genuine repeating group: the group element is the repeat_root in filings with 2+ rows and '' in single-row filings, so the high unrepeated share just means most filers report one row. Pre-2013 the whole Schedule K repeats (repeat_root IRS990ScheduleK), one schedule per bond issue. Evidence: repeats in 42.3% of 18,124 filings, max 108/filing, TY2009-2012; repeat_root: ''=56% ; IRS990ScheduleK/Form990ScheduleKPartI=42% ; IRS990ScheduleK=2%.",high
MANY_NOT_REPEATING,/Return/ReturnData/IRS990ScheduleK/Form990ScheduleKPartI/IssuerName/BusinessNameLine1,SK_01_BOND_ISSUER_NAME_L1,SK-P01-T01-BOND-ISSUES,accept,"","Genuine repeating group: the group element is the repeat_root in filings with 2+ rows and '' in single-row filings, so the high unrepeated share just means most filers report one row. Pre-2013 the whole Schedule K repeats (repeat_root IRS990ScheduleK), one schedule per bond issue. Evidence: repeats in 41.2% of 19,680 filings, max 108/filing, TY2009-2012; repeat_root: ''=57% ; IRS990ScheduleK/Form990ScheduleKPartI=40% ; IRS990ScheduleK=2%.",high
MANY_NOT_REPEATING,/Return/ReturnData/IRS990ScheduleK/Form990ScheduleKPartI/OnBehalfOfIssuer,SK_01_BOND_ISSUER_ON_BEHALF_OF_X,SK-P01-T01-BOND-ISSUES,accept,"","Genuine repeating group: the group element is the repeat_root in filings with 2+ rows and '' in single-row filings, so the high unrepeated share just means most filers report one row. Pre-2013 the whole Schedule K repeats (repeat_root IRS990ScheduleK), one schedule per bond issue. Evidence: repeats in 41.2% of 19,543 filings, max 108/filing, TY2009-2012; repeat_root: ''=57% ; IRS990ScheduleK/Form990ScheduleKPartI=40% ; IRS990ScheduleK=2%.",high
MANY_NOT_REPEATING,/Return/ReturnData/IRS990ScheduleK/Form990ScheduleKPartI/PoolFinancing,SK_01_BOND_ISSUE_POOL_FIN_X,SK-P01-T01-BOND-ISSUES,accept,"","Genuine repeating group: the group element is the repeat_root in filings with 2+ rows and '' in single-row filings, so the high unrepeated share just means most filers report one row. Pre-2013 the whole Schedule K repeats (repeat_root IRS990ScheduleK), one schedule per bond issue. Evidence: repeats in 40.9% of 16,096 filings, max 108/filing, TY2010-2012; repeat_root: ''=58% ; IRS990ScheduleK/Form990ScheduleKPartI=40% ; IRS990ScheduleK=3%.",high
MANY_NOT_REPEATING,/Return/ReturnData/IRS990ScheduleK/TaxExemptBondsIssuesGrp/BondIssuedDt,SK_01_BOND_ISSUE_DATE,SK-P01-T01-BOND-ISSUES,accept,"","Genuine repeating group: the group element is the repeat_root in filings with 2+ rows and '' in single-row filings, so the high unrepeated share just means most filers report one row. Pre-2013 the whole Schedule K repeats (repeat_root IRS990ScheduleK), one schedule per bond issue. Evidence: repeats in 40.6% of 69,293 filings, max 149/filing, TY2013-2024; repeat_root: ''=57% ; IRS990ScheduleK/TaxExemptBondsIssuesGrp=39% ; IRS990ScheduleK=3%.",high
MANY_NOT_REPEATING,/Return/ReturnData/IRS990ScheduleK/TaxExemptBondsIssuesGrp/BondIssuerEIN,SK_01_BOND_ISSUER_EIN,SK-P01-T01-BOND-ISSUES,accept,"","Genuine repeating group: the group element is the repeat_root in filings with 2+ rows and '' in single-row filings, so the high unrepeated share just means most filers report one row. Pre-2013 the whole Schedule K repeats (repeat_root IRS990ScheduleK), one schedule per bond issue. Evidence: repeats in 41.2% of 64,560 filings, max 149/filing, TY2013-2024; repeat_root: ''=57% ; IRS990ScheduleK/TaxExemptBondsIssuesGrp=40% ; IRS990ScheduleK=3%.",high
MANY_NOT_REPEATING,/Return/ReturnData/IRS990ScheduleK/TaxExemptBondsIssuesGrp/BondReferenceCd,SK_01_BOND_ISSUE_REFERENCE_NUM,SK-P01-T01-BOND-ISSUES,accept,"","Genuine repeating group: the group element is the repeat_root in filings with 2+ rows and '' in single-row filings, so the high unrepeated share just means most filers report one row. Pre-2013 the whole Schedule K repeats (repeat_root IRS990ScheduleK), one schedule per bond issue. Evidence: repeats in 40.6% of 69,491 filings, max 149/filing, TY2013-2024; repeat_root: ''=58% ; IRS990ScheduleK/TaxExemptBondsIssuesGrp=39% ; IRS990ScheduleK=3%.",high
MANY_NOT_REPEATING,/Return/ReturnData/IRS990ScheduleK/TaxExemptBondsIssuesGrp/DefeasedInd,SK_01_BOND_ISSUE_DEFEASED_X,SK-P01-T01-BOND-ISSUES,accept,"","Genuine repeating group: the group element is the repeat_root in filings with 2+ rows and '' in single-row filings, so the high unrepeated share just means most filers report one row. Pre-2013 the whole Schedule K repeats (repeat_root IRS990ScheduleK), one schedule per bond issue. Evidence: repeats in 40.7% of 69,148 filings, max 149/filing, TY2013-2024; repeat_root: ''=57% ; IRS990ScheduleK/TaxExemptBondsIssuesGrp=39% ; IRS990ScheduleK=3%.",high
MANY_NOT_REPEATING,/Return/ReturnData/IRS990ScheduleK/TaxExemptBondsIssuesGrp/IssuePriceAmt,SK_01_BOND_ISSUE_PRICE,SK-P01-T01-BOND-ISSUES,accept,"","Genuine repeating group: the group element is the repeat_root in filings with 2+ rows and '' in single-row filings, so the high unrepeated share just means most filers report one row. Pre-2013 the whole Schedule K repeats (repeat_root IRS990ScheduleK), one schedule per bond issue. Evidence: repeats in 40.7% of 69,192 filings, max 149/filing, TY2013-2024; repeat_root: ''=57% ; IRS990ScheduleK/TaxExemptBondsIssuesGrp=39% ; IRS990ScheduleK=3%.",high
MANY_NOT_REPEATING,/Return/ReturnData/IRS990ScheduleK/TaxExemptBondsIssuesGrp/IssuerName/BusinessNameLine1,SK_01_BOND_ISSUER_NAME_L1,SK-P01-T01-BOND-ISSUES,accept,"","Genuine repeating group: the group element is the repeat_root in filings with 2+ rows and '' in single-row filings, so the high unrepeated share just means most filers report one row. Pre-2013 the whole Schedule K repeats (repeat_root IRS990ScheduleK), one schedule per bond issue. Evidence: repeats in 40.9% of 5,906 filings, max 61/filing, TY2013-2013; repeat_root: ''=57% ; IRS990ScheduleK/TaxExemptBondsIssuesGrp=40% ; IRS990ScheduleK=3%.",high
MANY_NOT_REPEATING,/Return/ReturnData/IRS990ScheduleK/TaxExemptBondsIssuesGrp/IssuerName/BusinessNameLine1Txt,SK_01_BOND_ISSUER_NAME_L1,SK-P01-T01-BOND-ISSUES,accept,"","Genuine repeating group: the group element is the repeat_root in filings with 2+ rows and '' in single-row filings, so the high unrepeated share just means most filers report one row. Pre-2013 the whole Schedule K repeats (repeat_root IRS990ScheduleK), one schedule per bond issue. Evidence: repeats in 40.5% of 63,516 filings, max 149/filing, TY2014-2024; repeat_root: ''=58% ; IRS990ScheduleK/TaxExemptBondsIssuesGrp=39% ; IRS990ScheduleK=3%.",high
MANY_NOT_REPEATING,/Return/ReturnData/IRS990ScheduleK/TaxExemptBondsIssuesGrp/IssuerName/BusinessNameLine2,SK_01_BOND_ISSUER_NAME_L2,SK-P01-T01-BOND-ISSUES,accept,"","Genuine repeating group: the group element is the repeat_root in filings with 2+ rows and '' in single-row filings, so the high unrepeated share just means most filers report one row. Pre-2013 the whole Schedule K repeats (repeat_root IRS990ScheduleK), one schedule per bond issue. Evidence: repeats in 39.6% of 182 filings, max 15/filing, TY2013-2013; repeat_root: ''=50% ; IRS990ScheduleK/TaxExemptBondsIssuesGrp=47% ; IRS990ScheduleK=3%.",high
MANY_NOT_REPEATING,/Return/ReturnData/IRS990ScheduleK/TaxExemptBondsIssuesGrp/IssuerName/BusinessNameLine2Txt,SK_01_BOND_ISSUER_NAME_L2,SK-P01-T01-BOND-ISSUES,accept,"","Genuine repeating group: the group element is the repeat_root in filings with 2+ rows and '' in single-row filings, so the high unrepeated share just means most filers report one row. Pre-2013 the whole Schedule K repeats (repeat_root IRS990ScheduleK), one schedule per bond issue. Evidence: repeats in 36.5% of 1,760 filings, max 22/filing, TY2014-2024; repeat_root: ''=53% ; IRS990ScheduleK/TaxExemptBondsIssuesGrp=45% ; IRS990ScheduleK=1%.",high
MANY_NOT_REPEATING,/Return/ReturnData/IRS990ScheduleK/TaxExemptBondsIssuesGrp/OnBehalfOfIssuerInd,SK_01_BOND_ISSUER_ON_BEHALF_OF_X,SK-P01-T01-BOND-ISSUES,accept,"","Genuine repeating group: the group element is the repeat_root in filings with 2+ rows and '' in single-row filings, so the high unrepeated share just means most filers report one row. Pre-2013 the whole Schedule K repeats (repeat_root IRS990ScheduleK), one schedule per bond issue. Evidence: repeats in 40.7% of 69,035 filings, max 149/filing, TY2013-2024; repeat_root: ''=57% ; IRS990ScheduleK/TaxExemptBondsIssuesGrp=39% ; IRS990ScheduleK=3%.",high
MANY_NOT_REPEATING,/Return/ReturnData/IRS990ScheduleK/TaxExemptBondsIssuesGrp/PoolFinancingInd,SK_01_BOND_ISSUE_POOL_FIN_X,SK-P01-T01-BOND-ISSUES,accept,"","Genuine repeating group: the group element is the repeat_root in filings with 2+ rows and '' in single-row filings, so the high unrepeated share just means most filers report one row. Pre-2013 the whole Schedule K repeats (repeat_root IRS990ScheduleK), one schedule per bond issue. Evidence: repeats in 40.8% of 68,623 filings, max 149/filing, TY2013-2024; repeat_root: ''=57% ; IRS990ScheduleK/TaxExemptBondsIssuesGrp=39% ; IRS990ScheduleK=3%.",high
MANY_NOT_REPEATING,/Return/ReturnData/IRS990ScheduleK/TaxExemptBondsIssuesGrp/PurposeDesc,SK_01_BOND_ISSUE_PURPOSE_DESC,SK-P01-T01-BOND-ISSUES,accept,"","Genuine repeating group: the group element is the repeat_root in filings with 2+ rows and '' in single-row filings, so the high unrepeated share just means most filers report one row. Pre-2013 the whole Schedule K repeats (repeat_root IRS990ScheduleK), one schedule per bond issue. Evidence: repeats in 40.6% of 68,498 filings, max 149/filing, TY2013-2024; repeat_root: ''=57% ; IRS990ScheduleK/TaxExemptBondsIssuesGrp=40% ; IRS990ScheduleK=3%.",high
MANY_NOT_REPEATING,/Return/ReturnData/IRS990ScheduleK/Form990ScheduleKPartII/AdequateBooksAndRecdsMaintaind,SK_02_BOND_PROCEED_BOOK_RECORD_X,SK-P02-T01-BOND-PROCEEDS,accept,"","Genuine repeating group: the group element is the repeat_root in filings with 2+ rows and '' in single-row filings, so the high unrepeated share just means most filers report one row. Pre-2013 the whole Schedule K repeats (repeat_root IRS990ScheduleK), one schedule per bond issue. Evidence: repeats in 41.1% of 19,165 filings, max 72/filing, TY2009-2012; repeat_root: ''=57% ; IRS990ScheduleK/Form990ScheduleKPartII=40% ; IRS990ScheduleK=2%.",high
MANY_NOT_REPEATING,/Return/ReturnData/IRS990ScheduleK/Form990ScheduleKPartII/AdvanceRefunding,SK_02_BOND_PROCEED_REFUND_ADVC_X,SK-P02-T01-BOND-PROCEEDS,accept,"","Genuine repeating group: the group element is the repeat_root in filings with 2+ rows and '' in single-row filings, so the high unrepeated share just means most filers report one row. Pre-2013 the whole Schedule K repeats (repeat_root IRS990ScheduleK), one schedule per bond issue. Evidence: repeats in 41.2% of 19,186 filings, max 72/filing, TY2009-2012; repeat_root: ''=57% ; IRS990ScheduleK/Form990ScheduleKPartII=40% ; IRS990ScheduleK=2%.",high
MANY_NOT_REPEATING,/Return/ReturnData/IRS990ScheduleK/Form990ScheduleKPartII/AmountRetired,SK_02_BOND_PROCEED_AMT_RETIRED,SK-P02-T01-BOND-PROCEEDS,accept,"","Genuine repeating group: the group element is the repeat_root in filings with 2+ rows and '' in single-row filings, so the high unrepeated share just means most filers report one row. Pre-2013 the whole Schedule K repeats (repeat_root IRS990ScheduleK), one schedule per bond issue. Evidence: repeats in 39.9% of 8,687 filings, max 41/filing, TY2010-2012; repeat_root: ''=51% ; IRS990ScheduleK/Form990ScheduleKPartII=47% ; IRS990ScheduleK=3%.",high
MANY_NOT_REPEATING,/Return/ReturnData/IRS990ScheduleK/Form990ScheduleKPartII/BondReferenceCd,SK_02_BOND_ISSUE_REFERENCE_NUM,SK-P02-T01-BOND-PROCEEDS,accept,"","Genuine repeating group: the group element is the repeat_root in filings with 2+ rows and '' in single-row filings, so the high unrepeated share just means most filers report one row. Pre-2013 the whole Schedule K repeats (repeat_root IRS990ScheduleK), one schedule per bond issue. Evidence: repeats in 41.1% of 5,761 filings, max 61/filing, TY2012-2012; repeat_root: ''=57% ; IRS990ScheduleK/Form990ScheduleKPartII=40% ; IRS990ScheduleK=3%.",high
MANY_NOT_REPEATING,/Return/ReturnData/IRS990ScheduleK/Form990ScheduleKPartII/CapitalExpenditures,SK_02_BOND_PROCEED_CAP_EXP,SK-P02-T01-BOND-PROCEEDS,accept,"","Genuine repeating group: the group element is the repeat_root in filings with 2+ rows and '' in single-row filings, so the high unrepeated share just means most filers report one row. Pre-2013 the whole Schedule K repeats (repeat_root IRS990ScheduleK), one schedule per bond issue. Evidence: repeats in 38.5% of 14,428 filings, max 72/filing, TY2009-2012; repeat_root: ''=52% ; IRS990ScheduleK/Form990ScheduleKPartII=46% ; IRS990ScheduleK=2%.",high
MANY_NOT_REPEATING,/Return/ReturnData/IRS990ScheduleK/Form990ScheduleKPartII/CurrentRefunding,SK_02_BOND_PROCEED_REFUND_CURR_X,SK-P02-T01-BOND-PROCEEDS,accept,"","Genuine repeating group: the group element is the repeat_root in filings with 2+ rows and '' in single-row filings, so the high unrepeated share just means most filers report one row. Pre-2013 the whole Schedule K repeats (repeat_root IRS990ScheduleK), one schedule per bond issue. Evidence: repeats in 41.2% of 19,192 filings, max 72/filing, TY2009-2012; repeat_root: ''=57% ; IRS990ScheduleK/Form990ScheduleKPartII=40% ; IRS990ScheduleK=2%.",high
MANY_NOT_REPEATING,/Return/ReturnData/IRS990ScheduleK/Form990ScheduleKPartII/FinalAllocationMade,SK_02_BOND_PROCEED_ALLOC_FINAL_X,SK-P02-T01-BOND-PROCEEDS,accept,"","Genuine repeating group: the group element is the repeat_root in filings with 2+ rows and '' in single-row filings, so the high unrepeated share just means most filers report one row. Pre-2013 the whole Schedule K repeats (repeat_root IRS990ScheduleK), one schedule per bond issue. Evidence: repeats in 41.3% of 19,079 filings, max 72/filing, TY2009-2012; repeat_root: ''=57% ; IRS990ScheduleK/Form990ScheduleKPartII=40% ; IRS990ScheduleK=2%.",high
MANY_NOT_REPEATING,/Return/ReturnData/IRS990ScheduleK/Form990ScheduleKPartII/IssuanceCostsFromProceeds,SK_02_BOND_PROCEED_ISSUANCE_COST,SK-P02-T01-BOND-PROCEEDS,accept,"","Genuine repeating group: the group element is the repeat_root in filings with 2+ rows and '' in single-row filings, so the high unrepeated share just means most filers report one row. Pre-2013 the whole Schedule K repeats (repeat_root IRS990ScheduleK), one schedule per bond issue. Evidence: repeats in 41.1% of 15,446 filings, max 72/filing, TY2009-2012; repeat_root: ''=54% ; IRS990ScheduleK/Form990ScheduleKPartII=44% ; IRS990ScheduleK=2%.",high
MANY_NOT_REPEATING,/Return/ReturnData/IRS990ScheduleK/Form990ScheduleKPartII/TotalProceeds,SK_02_BOND_PROCEED_TOT,SK-P02-T01-BOND-PROCEEDS,accept,"","Genuine repeating group: the group element is the repeat_root in filings with 2+ rows and '' in single-row filings, so the high unrepeated share just means most filers report one row. Pre-2013 the whole Schedule K repeats (repeat_root IRS990ScheduleK), one schedule per bond issue. Evidence: repeats in 42.1% of 17,429 filings, max 72/filing, TY2009-2012; repeat_root: ''=56% ; IRS990ScheduleK/Form990ScheduleKPartII=41% ; IRS990ScheduleK=3%.",high
MANY_NOT_REPEATING,/Return/ReturnData/IRS990ScheduleK/Form990ScheduleKPartII/YearOfSubstCompletion,SK_02_BOND_PROCEED_Y_COMPLETION,SK-P02-T01-BOND-PROCEEDS,accept,"","Genuine repeating group: the group element is the repeat_root in filings with 2+ rows and '' in single-row filings, so the high unrepeated share just means most filers report one row. Pre-2013 the whole Schedule K repeats (repeat_root IRS990ScheduleK), one schedule per bond issue. Evidence: repeats in 39.6% of 15,420 filings, max 58/filing, TY2009-2012; repeat_root: ''=55% ; IRS990ScheduleK/Form990ScheduleKPartII=44% ; IRS990ScheduleK=2%.",high
MANY_NOT_REPEATING,/Return/ReturnData/IRS990ScheduleK/TaxExemptBondsProceedsGrp/AdequateBooksAndRecMaintInd,SK_02_BOND_PROCEED_BOOK_RECORD_X,SK-P02-T01-BOND-PROCEEDS,accept,"","Genuine repeating group: the group element is the repeat_root in filings with 2+ rows and '' in single-row filings, so the high unrepeated share just means most filers report one row. Pre-2013 the whole Schedule K repeats (repeat_root IRS990ScheduleK), one schedule per bond issue. Evidence: repeats in 40.7% of 68,668 filings, max 149/filing, TY2013-2024; repeat_root: ''=57% ; IRS990ScheduleK/TaxExemptBondsProceedsGrp=40% ; IRS990ScheduleK=3%.",high
MANY_NOT_REPEATING,/Return/ReturnData/IRS990ScheduleK/TaxExemptBondsProceedsGrp/AdvanceRefundingInd,SK_02_BOND_PROCEED_REFUND_ADVC_X,SK-P02-T01-BOND-PROCEEDS,accept,"","Genuine repeating group: the group element is the repeat_root in filings with 2+ rows and '' in single-row filings, so the high unrepeated share just means most filers report one row. Pre-2013 the whole Schedule K repeats (repeat_root IRS990ScheduleK), one schedule per bond issue. Evidence: repeats in 41.1% of 30,052 filings, max 126/filing, TY2013-2017; repeat_root: ''=57% ; IRS990ScheduleK/TaxExemptBondsProceedsGrp=40% ; IRS990ScheduleK=3%.",high
MANY_NOT_REPEATING,/Return/ReturnData/IRS990ScheduleK/TaxExemptBondsProceedsGrp/BondReferenceCd,SK_02_BOND_ISSUE_REFERENCE_NUM,SK-P02-T01-BOND-PROCEEDS,accept,"","Genuine repeating group: the group element is the repeat_root in filings with 2+ rows and '' in single-row filings, so the high unrepeated share just means most filers report one row. Pre-2013 the whole Schedule K repeats (repeat_root IRS990ScheduleK), one schedule per bond issue. Evidence: repeats in 40.8% of 68,896 filings, max 149/filing, TY2013-2024; repeat_root: ''=57% ; IRS990ScheduleK/TaxExemptBondsProceedsGrp=39% ; IRS990ScheduleK=3%.",high
MANY_NOT_REPEATING,/Return/ReturnData/IRS990ScheduleK/TaxExemptBondsProceedsGrp/CapitalExpendituresAmt,SK_02_BOND_PROCEED_CAP_EXP,SK-P02-T01-BOND-PROCEEDS,accept,"","Genuine repeating group: the group element is the repeat_root in filings with 2+ rows and '' in single-row filings, so the high unrepeated share just means most filers report one row. Pre-2013 the whole Schedule K repeats (repeat_root IRS990ScheduleK), one schedule per bond issue. Evidence: repeats in 37.4% of 47,843 filings, max 134/filing, TY2013-2024; repeat_root: ''=51% ; IRS990ScheduleK/TaxExemptBondsProceedsGrp=46% ; IRS990ScheduleK=3%.",high
MANY_NOT_REPEATING,/Return/ReturnData/IRS990ScheduleK/TaxExemptBondsProceedsGrp/CurrentRefundingInd,SK_02_BOND_PROCEED_REFUND_CURR_X,SK-P02-T01-BOND-PROCEEDS,accept,"","Genuine repeating group: the group element is the repeat_root in filings with 2+ rows and '' in single-row filings, so the high unrepeated share just means most filers report one row. Pre-2013 the whole Schedule K repeats (repeat_root IRS990ScheduleK), one schedule per bond issue. Evidence: repeats in 41.1% of 30,063 filings, max 126/filing, TY2013-2017; repeat_root: ''=57% ; IRS990ScheduleK/TaxExemptBondsProceedsGrp=40% ; IRS990ScheduleK=3%.",high
MANY_NOT_REPEATING,/Return/ReturnData/IRS990ScheduleK/TaxExemptBondsProceedsGrp/FinalAllocationMadeInd,SK_02_BOND_PROCEED_ALLOC_FINAL_X,SK-P02-T01-BOND-PROCEEDS,accept,"","Genuine repeating group: the group element is the repeat_root in filings with 2+ rows and '' in single-row filings, so the high unrepeated share just means most filers report one row. Pre-2013 the whole Schedule K repeats (repeat_root IRS990ScheduleK), one schedule per bond issue. Evidence: repeats in 40.7% of 68,654 filings, max 149/filing, TY2013-2024; repeat_root: ''=57% ; IRS990ScheduleK/TaxExemptBondsProceedsGrp=39% ; IRS990ScheduleK=3%.",high
MANY_NOT_REPEATING,/Return/ReturnData/IRS990ScheduleK/TaxExemptBondsProceedsGrp/IssuanceCostsFromProceedsAmt,SK_02_BOND_PROCEED_ISSUANCE_COST,SK-P02-T01-BOND-PROCEEDS,accept,"","Genuine repeating group: the group element is the repeat_root in filings with 2+ rows and '' in single-row filings, so the high unrepeated share just means most filers report one row. Pre-2013 the whole Schedule K repeats (repeat_root IRS990ScheduleK), one schedule per bond issue. Evidence: repeats in 40.1% of 55,431 filings, max 64/filing, TY2013-2024; repeat_root: ''=54% ; IRS990ScheduleK/TaxExemptBondsProceedsGrp=43% ; IRS990ScheduleK=3%.",high
MANY_NOT_REPEATING,/Return/ReturnData/IRS990ScheduleK/TaxExemptBondsProceedsGrp/RefundingTaxExemptBondsInd,SK_02_BOND_PROCEED_REFUND_ADVC_X,SK-P02-T01-BOND-PROCEEDS,accept,"","Genuine repeating group: the group element is the repeat_root in filings with 2+ rows and '' in single-row filings, so the high unrepeated share just means most filers report one row. Pre-2013 the whole Schedule K repeats (repeat_root IRS990ScheduleK), one schedule per bond issue. Evidence: repeats in 40.4% of 38,672 filings, max 149/filing, TY2018-2024; repeat_root: ''=58% ; IRS990ScheduleK/TaxExemptBondsProceedsGrp=39% ; IRS990ScheduleK=3%.",high
MANY_NOT_REPEATING,/Return/ReturnData/IRS990ScheduleK/TaxExemptBondsProceedsGrp/RefundingTaxableBondsInd,SK_02_BOND_PROCEED_REFUND_ADVC_X,SK-P02-T01-BOND-PROCEEDS,accept,"","Genuine repeating group: the group element is the repeat_root in filings with 2+ rows and '' in single-row filings, so the high unrepeated share just means most filers report one row. Pre-2013 the whole Schedule K repeats (repeat_root IRS990ScheduleK), one schedule per bond issue. Evidence: repeats in 40.4% of 38,629 filings, max 149/filing, TY2018-2024; repeat_root: ''=58% ; IRS990ScheduleK/TaxExemptBondsProceedsGrp=39% ; IRS990ScheduleK=3%.",high
MANY_NOT_REPEATING,/Return/ReturnData/IRS990ScheduleK/TaxExemptBondsProceedsGrp/RetiredAmt,SK_02_BOND_PROCEED_AMT_RETIRED,SK-P02-T01-BOND-PROCEEDS,accept,"","Genuine repeating group: the group element is the repeat_root in filings with 2+ rows and '' in single-row filings, so the high unrepeated share just means most filers report one row. Pre-2013 the whole Schedule K repeats (repeat_root IRS990ScheduleK), one schedule per bond issue. Evidence: repeats in 39.6% of 44,287 filings, max 41/filing, TY2013-2024; repeat_root: ''=52% ; IRS990ScheduleK/TaxExemptBondsProceedsGrp=45% ; IRS990ScheduleK=3%.",high
MANY_NOT_REPEATING,/Return/ReturnData/IRS990ScheduleK/TaxExemptBondsProceedsGrp/SubstantialCompletionYr,SK_02_BOND_PROCEED_Y_COMPLETION,SK-P02-T01-BOND-PROCEEDS,accept,"","Genuine repeating group: the group element is the repeat_root in filings with 2+ rows and '' in single-row filings, so the high unrepeated share just means most filers report one row. Pre-2013 the whole Schedule K repeats (repeat_root IRS990ScheduleK), one schedule per bond issue. Evidence: repeats in 39.3% of 50,469 filings, max 149/filing, TY2013-2024; repeat_root: ''=54% ; IRS990ScheduleK/TaxExemptBondsProceedsGrp=43% ; IRS990ScheduleK=3%.",high
MANY_NOT_REPEATING,/Return/ReturnData/IRS990ScheduleK/TaxExemptBondsProceedsGrp/TotalProceedsAmt,SK_02_BOND_PROCEED_TOT,SK-P02-T01-BOND-PROCEEDS,accept,"","Genuine repeating group: the group element is the repeat_root in filings with 2+ rows and '' in single-row filings, so the high unrepeated share just means most filers report one row. Pre-2013 the whole Schedule K repeats (repeat_root IRS990ScheduleK), one schedule per bond issue. Evidence: repeats in 41.1% of 64,171 filings, max 140/filing, TY2013-2024; repeat_root: ''=56% ; IRS990ScheduleK/TaxExemptBondsProceedsGrp=40% ; IRS990ScheduleK=3%.",high
MANY_NOT_REPEATING,/Return/ReturnData/IRS990ScheduleK/Form990ScheduleKPartIII/AnyLeaseArrangements,SK_03_BOND_BIZUSE_LEASEARRANGE_X,SK-P03-T01-BOND-PRIVATE-BIZ-USE,accept,"","Genuine repeating group: the group element is the repeat_root in filings with 2+ rows and '' in single-row filings, so the high unrepeated share just means most filers report one row. Pre-2013 the whole Schedule K repeats (repeat_root IRS990ScheduleK), one schedule per bond issue. Evidence: repeats in 40.8% of 18,037 filings, max 72/filing, TY2009-2012; repeat_root: ''=57% ; IRS990ScheduleK/Form990ScheduleKPartIII=40% ; IRS990ScheduleK=2%.",high
MANY_NOT_REPEATING,/Return/ReturnData/IRS990ScheduleK/Form990ScheduleKPartIII/AnyResearchAgreements,SK_03_BOND_BIZUSE_RSRCH_AGREE_X,SK-P03-T01-BOND-PRIVATE-BIZ-USE,accept,"","Genuine repeating group: the group element is the repeat_root in filings with 2+ rows and '' in single-row filings, so the high unrepeated share just means most filers report one row. Pre-2013 the whole Schedule K repeats (repeat_root IRS990ScheduleK), one schedule per bond issue. Evidence: repeats in 40.9% of 17,976 filings, max 72/filing, TY2009-2012; repeat_root: ''=57% ; IRS990ScheduleK/Form990ScheduleKPartIII=40% ; IRS990ScheduleK=2%.",high
MANY_NOT_REPEATING,/Return/ReturnData/IRS990ScheduleK/Form990ScheduleKPartIII/BondCounselRoutinelyEngaged,SK_03_BOND_BIZUSE_COUNS_ENGAGE_X,SK-P03-T01-BOND-PRIVATE-BIZ-USE,accept,"","Genuine repeating group: the group element is the repeat_root in filings with 2+ rows and '' in single-row filings, so the high unrepeated share just means most filers report one row. Pre-2013 the whole Schedule K repeats (repeat_root IRS990ScheduleK), one schedule per bond issue. Evidence: repeats in 41.9% of 6,130 filings, max 34/filing, TY2009-2010; repeat_root: ''=56% ; IRS990ScheduleK/Form990ScheduleKPartIII=42% ; IRS990ScheduleK=2%.",high
MANY_NOT_REPEATING,/Return/ReturnData/IRS990ScheduleK/Form990ScheduleKPartIII/BondIssMeetPrvtSecurityPayTest,SK_03_BOND_BIZUSE_PRIVATE_SEC_X,SK-P03-T01-BOND-PRIVATE-BIZ-USE,accept,"","Genuine repeating group: the group element is the repeat_root in filings with 2+ rows and '' in single-row filings, so the high unrepeated share just means most filers report one row. Pre-2013 the whole Schedule K repeats (repeat_root IRS990ScheduleK), one schedule per bond issue. Evidence: repeats in 41.1% of 5,156 filings, max 56/filing, TY2012-2012; repeat_root: ''=57% ; IRS990ScheduleK/Form990ScheduleKPartIII=40% ; IRS990ScheduleK=3%.",high
MANY_NOT_REPEATING,/Return/ReturnData/IRS990ScheduleK/Form990ScheduleKPartIII/BondReferenceCd,SK_03_BOND_ISSUE_REFERENCE_NUM,SK-P03-T01-BOND-PRIVATE-BIZ-USE,accept,"","Genuine repeating group: the group element is the repeat_root in filings with 2+ rows and '' in single-row filings, so the high unrepeated share just means most filers report one row. Pre-2013 the whole Schedule K repeats (repeat_root IRS990ScheduleK), one schedule per bond issue. Evidence: repeats in 41.2% of 5,525 filings, max 56/filing, TY2012-2012; repeat_root: ''=57% ; IRS990ScheduleK/Form990ScheduleKPartIII=40% ; IRS990ScheduleK=3%.",high
MANY_NOT_REPEATING,/Return/ReturnData/IRS990ScheduleK/Form990ScheduleKPartIII/ChangeInUseBondFinancedProp,SK_03_BOND_BIZUSE_CHANGE_X,SK-P03-T01-BOND-PRIVATE-BIZ-USE,accept,"","Genuine repeating group: the group element is the repeat_root in filings with 2+ rows and '' in single-row filings, so the high unrepeated share just means most filers report one row. Pre-2013 the whole Schedule K repeats (repeat_root IRS990ScheduleK), one schedule per bond issue. Evidence: repeats in 41.2% of 5,221 filings, max 56/filing, TY2012-2012; repeat_root: ''=56% ; IRS990ScheduleK/Form990ScheduleKPartIII=41% ; IRS990ScheduleK=3%.",high
MANY_NOT_REPEATING,/Return/ReturnData/IRS990ScheduleK/Form990ScheduleKPartIII/MngmentCntrctBondFinancdPrprty,SK_03_BOND_BIZUSE_MGMT_KONTR_X,SK-P03-T01-BOND-PRIVATE-BIZ-USE,accept,"","Genuine repeating group: the group element is the repeat_root in filings with 2+ rows and '' in single-row filings, so the high unrepeated share just means most filers report one row. Pre-2013 the whole Schedule K repeats (repeat_root IRS990ScheduleK), one schedule per bond issue. Evidence: repeats in 40.9% of 18,003 filings, max 72/filing, TY2009-2012; repeat_root: ''=57% ; IRS990ScheduleK/Form990ScheduleKPartIII=40% ; IRS990ScheduleK=2%.",high
MANY_NOT_REPEATING,/Return/ReturnData/IRS990ScheduleK/Form990ScheduleKPartIII/NonQualifiedBondRemedProcdrs,SK_03_BOND_BIZUSE_REMEDIATED_X,SK-P03-T01-BOND-PRIVATE-BIZ-USE,accept,"","Genuine repeating group: the group element is the repeat_root in filings with 2+ rows and '' in single-row filings, so the high unrepeated share just means most filers report one row. Pre-2013 the whole Schedule K repeats (repeat_root IRS990ScheduleK), one schedule per bond issue. Evidence: repeats in 41.1% of 5,364 filings, max 56/filing, TY2012-2012; repeat_root: ''=57% ; IRS990ScheduleK/Form990ScheduleKPartIII=40% ; IRS990ScheduleK=3%.",high
MANY_NOT_REPEATING,/Return/ReturnData/IRS990ScheduleK/Form990ScheduleKPartIII/OwningBondFinancedProperty,SK_03_BOND_BIZUSE_PTR_OWN_X,SK-P03-T01-BOND-PRIVATE-BIZ-USE,accept,"","Genuine repeating group: the group element is the repeat_root in filings with 2+ rows and '' in single-row filings, so the high unrepeated share just means most filers report one row. Pre-2013 the whole Schedule K repeats (repeat_root IRS990ScheduleK), one schedule per bond issue. Evidence: repeats in 40.8% of 18,046 filings, max 72/filing, TY2009-2012; repeat_root: ''=57% ; IRS990ScheduleK/Form990ScheduleKPartIII=40% ; IRS990ScheduleK=2%.",high
MANY_NOT_REPEATING,/Return/ReturnData/IRS990ScheduleK/Form990ScheduleKPartIII/PercentageOfPrvtBusinessReUBI,SK_03_BOND_BIZUSE_PCT_UBIZ,SK-P03-T01-BOND-PRIVATE-BIZ-USE,accept,"","Genuine repeating group: the group element is the repeat_root in filings with 2+ rows and '' in single-row filings, so the high unrepeated share just means most filers report one row. Pre-2013 the whole Schedule K repeats (repeat_root IRS990ScheduleK), one schedule per bond issue. Evidence: repeats in 43.7% of 8,469 filings, max 34/filing, TY2009-2012; repeat_root: ''=51% ; IRS990ScheduleK/Form990ScheduleKPartIII=46% ; IRS990ScheduleK=3%.",high
MANY_NOT_REPEATING,/Return/ReturnData/IRS990ScheduleK/Form990ScheduleKPartIII/PostIssuanceComplianceProcdrs,SK_03_BOND_BIZUSE_POST_ISSUANC_X,SK-P03-T01-BOND-PRIVATE-BIZ-USE,accept,"","Genuine repeating group: the group element is the repeat_root in filings with 2+ rows and '' in single-row filings, so the high unrepeated share just means most filers report one row. Pre-2013 the whole Schedule K repeats (repeat_root IRS990ScheduleK), one schedule per bond issue. Evidence: repeats in 41.0% of 12,504 filings, max 72/filing, TY2009-2011; repeat_root: ''=57% ; IRS990ScheduleK/Form990ScheduleKPartIII=40% ; IRS990ScheduleK=2%.",high
MANY_NOT_REPEATING,/Return/ReturnData/IRS990ScheduleK/Form990ScheduleKPartIII/PrcntgePrvtBusinessUseByOthers,SK_03_BOND_BIZUSE_PCT_BY_OTH,SK-P03-T01-BOND-PRIVATE-BIZ-USE,accept,"","Genuine repeating group: the group element is the repeat_root in filings with 2+ rows and '' in single-row filings, so the high unrepeated share just means most filers report one row. Pre-2013 the whole Schedule K repeats (repeat_root IRS990ScheduleK), one schedule per bond issue. Evidence: repeats in 44.8% of 9,485 filings, max 39/filing, TY2009-2012; repeat_root: ''=51% ; IRS990ScheduleK/Form990ScheduleKPartIII=46% ; IRS990ScheduleK=3%.",high
MANY_NOT_REPEATING,/Return/ReturnData/IRS990ScheduleK/Form990ScheduleKPartIII/RemedialActionTaken,SK_03_BOND_BIZUSE_REMEDIAL_ACT_X,SK-P03-T01-BOND-PRIVATE-BIZ-USE,accept,"","Genuine repeating group: the group element is the repeat_root in filings with 2+ rows and '' in single-row filings, so the high unrepeated share just means most filers report one row. Pre-2013 the whole Schedule K repeats (repeat_root IRS990ScheduleK), one schedule per bond issue. Evidence: repeats in 44.7% of 1,424 filings, max 27/filing, TY2012-2012; repeat_root: ''=50% ; IRS990ScheduleK/Form990ScheduleKPartIII=46% ; IRS990ScheduleK=4%.",high
MANY_NOT_REPEATING,/Return/ReturnData/IRS990ScheduleK/Form990ScheduleKPartIII/TotalPrivateBusinessUse,SK_03_BOND_BIZUSE_PCT_TOT_L45,SK-P03-T01-BOND-PRIVATE-BIZ-USE,accept,"","Genuine repeating group: the group element is the repeat_root in filings with 2+ rows and '' in single-row filings, so the high unrepeated share just means most filers report one row. Pre-2013 the whole Schedule K repeats (repeat_root IRS990ScheduleK), one schedule per bond issue. Evidence: repeats in 43.3% of 9,186 filings, max 39/filing, TY2009-2012; repeat_root: ''=51% ; IRS990ScheduleK/Form990ScheduleKPartIII=46% ; IRS990ScheduleK=3%.",high
MANY_NOT_REPEATING,/Return/ReturnData/IRS990ScheduleK/TaxExemptBondsPrivateBusUseGrp/AnyLeaseArrangementsInd,SK_03_BOND_BIZUSE_LEASEARRANGE_X,SK-P03-T01-BOND-PRIVATE-BIZ-USE,accept,"","Genuine repeating group: the group element is the repeat_root in filings with 2+ rows and '' in single-row filings, so the high unrepeated share just means most filers report one row. Pre-2013 the whole Schedule K repeats (repeat_root IRS990ScheduleK), one schedule per bond issue. Evidence: repeats in 40.8% of 64,352 filings, max 140/filing, TY2013-2024; repeat_root: ''=57% ; IRS990ScheduleK/TaxExemptBondsPrivateBusUseGrp=40% ; IRS990ScheduleK=3%.",high
MANY_NOT_REPEATING,/Return/ReturnData/IRS990ScheduleK/TaxExemptBondsPrivateBusUseGrp/AnyResearchAgreementsInd,SK_03_BOND_BIZUSE_RSRCH_AGREE_X,SK-P03-T01-BOND-PRIVATE-BIZ-USE,accept,"","Genuine repeating group: the group element is the repeat_root in filings with 2+ rows and '' in single-row filings, so the high unrepeated share just means most filers report one row. Pre-2013 the whole Schedule K repeats (repeat_root IRS990ScheduleK), one schedule per bond issue. Evidence: repeats in 40.9% of 63,958 filings, max 140/filing, TY2013-2024; repeat_root: ''=57% ; IRS990ScheduleK/TaxExemptBondsPrivateBusUseGrp=40% ; IRS990ScheduleK=3%.",high
MANY_NOT_REPEATING,/Return/ReturnData/IRS990ScheduleK/TaxExemptBondsPrivateBusUseGrp/BondIssMeetPrvtSecPymtTestInd,SK_03_BOND_BIZUSE_PRIVATE_SEC_X,SK-P03-T01-BOND-PRIVATE-BIZ-USE,accept,"","Genuine repeating group: the group element is the repeat_root in filings with 2+ rows and '' in single-row filings, so the high unrepeated share just means most filers report one row. Pre-2013 the whole Schedule K repeats (repeat_root IRS990ScheduleK), one schedule per bond issue. Evidence: repeats in 40.9% of 62,553 filings, max 140/filing, TY2013-2024; repeat_root: ''=57% ; IRS990ScheduleK/TaxExemptBondsPrivateBusUseGrp=40% ; IRS990ScheduleK=3%.",high
MANY_NOT_REPEATING,/Return/ReturnData/IRS990ScheduleK/TaxExemptBondsPrivateBusUseGrp/BondReferenceCd,SK_03_BOND_ISSUE_REFERENCE_NUM,SK-P03-T01-BOND-PRIVATE-BIZ-USE,accept,"","Genuine repeating group: the group element is the repeat_root in filings with 2+ rows and '' in single-row filings, so the high unrepeated share just means most filers report one row. Pre-2013 the whole Schedule K repeats (repeat_root IRS990ScheduleK), one schedule per bond issue. Evidence: repeats in 40.9% of 64,993 filings, max 140/filing, TY2013-2024; repeat_root: ''=57% ; IRS990ScheduleK/TaxExemptBondsPrivateBusUseGrp=40% ; IRS990ScheduleK=3%.",high
MANY_NOT_REPEATING,/Return/ReturnData/IRS990ScheduleK/TaxExemptBondsPrivateBusUseGrp/ChangeInUseBondFinancedPropInd,SK_03_BOND_BIZUSE_CHANGE_X,SK-P03-T01-BOND-PRIVATE-BIZ-USE,accept,"","Genuine repeating group: the group element is the repeat_root in filings with 2+ rows and '' in single-row filings, so the high unrepeated share just means most filers report one row. Pre-2013 the whole Schedule K repeats (repeat_root IRS990ScheduleK), one schedule per bond issue. Evidence: repeats in 41.0% of 63,138 filings, max 140/filing, TY2013-2024; repeat_root: ''=57% ; IRS990ScheduleK/TaxExemptBondsPrivateBusUseGrp=40% ; IRS990ScheduleK=3%.",high
MANY_NOT_REPEATING,/Return/ReturnData/IRS990ScheduleK/TaxExemptBondsPrivateBusUseGrp/MgmtContractBondFincdPropInd,SK_03_BOND_BIZUSE_MGMT_KONTR_X,SK-P03-T01-BOND-PRIVATE-BIZ-USE,accept,"","Genuine repeating group: the group element is the repeat_root in filings with 2+ rows and '' in single-row filings, so the high unrepeated share just means most filers report one row. Pre-2013 the whole Schedule K repeats (repeat_root IRS990ScheduleK), one schedule per bond issue. Evidence: repeats in 40.9% of 64,296 filings, max 140/filing, TY2013-2024; repeat_root: ''=57% ; IRS990ScheduleK/TaxExemptBondsPrivateBusUseGrp=40% ; IRS990ScheduleK=3%.",high
MANY_NOT_REPEATING,/Return/ReturnData/IRS990ScheduleK/TaxExemptBondsPrivateBusUseGrp/OwningBondFinancedPropertyInd,SK_03_BOND_BIZUSE_PTR_OWN_X,SK-P03-T01-BOND-PRIVATE-BIZ-USE,accept,"","Genuine repeating group: the group element is the repeat_root in filings with 2+ rows and '' in single-row filings, so the high unrepeated share just means most filers report one row. Pre-2013 the whole Schedule K repeats (repeat_root IRS990ScheduleK), one schedule per bond issue. Evidence: repeats in 40.8% of 64,354 filings, max 140/filing, TY2013-2024; repeat_root: ''=57% ; IRS990ScheduleK/TaxExemptBondsPrivateBusUseGrp=40% ; IRS990ScheduleK=3%.",high
MANY_NOT_REPEATING,/Return/ReturnData/IRS990ScheduleK/TaxExemptBondsPrivateBusUseGrp/ProcsNonqualifiedBondRemdtdInd,SK_03_BOND_BIZUSE_REMEDIATED_X,SK-P03-T01-BOND-PRIVATE-BIZ-USE,accept,"","Genuine repeating group: the group element is the repeat_root in filings with 2+ rows and '' in single-row filings, so the high unrepeated share just means most filers report one row. Pre-2013 the whole Schedule K repeats (repeat_root IRS990ScheduleK), one schedule per bond issue. Evidence: repeats in 41.0% of 63,391 filings, max 140/filing, TY2013-2024; repeat_root: ''=57% ; IRS990ScheduleK/TaxExemptBondsPrivateBusUseGrp=40% ; IRS990ScheduleK=3%.",high
MANY_NOT_REPEATING,/Return/ReturnData/IRS990ScheduleK/Form990ScheduleKPartIV/BondReferenceCd,SK_04_BOND_ISSUE_REFERENCE_NUM,SK-P04-T01-BOND-ARBITRAGE,accept,"","Genuine repeating group: the group element is the repeat_root in filings with 2+ rows and '' in single-row filings, so the high unrepeated share just means most filers report one row. Pre-2013 the whole Schedule K repeats (repeat_root IRS990ScheduleK), one schedule per bond issue. Evidence: repeats in 41.3% of 5,612 filings, max 56/filing, TY2012-2012; repeat_root: ''=57% ; IRS990ScheduleK/Form990ScheduleKPartIV=40% ; IRS990ScheduleK=3%.",high
MANY_NOT_REPEATING,/Return/ReturnData/IRS990ScheduleK/Form990ScheduleKPartIV/ExceptionToRebate,SK_04_BOND_ARB_REBATE_EXCEPT_X,SK-P04-T01-BOND-ARBITRAGE,accept,"","Genuine repeating group: the group element is the repeat_root in filings with 2+ rows and '' in single-row filings, so the high unrepeated share just means most filers report one row. Pre-2013 the whole Schedule K repeats (repeat_root IRS990ScheduleK), one schedule per bond issue. Evidence: repeats in 41.0% of 17,591 filings, max 72/filing, TY2009-2012; repeat_root: ''=57% ; IRS990ScheduleK/Form990ScheduleKPartIV=41% ; IRS990ScheduleK=2%.",high
MANY_NOT_REPEATING,/Return/ReturnData/IRS990ScheduleK/Form990ScheduleKPartIV/Form8038TFiled,SK_04_BOND_ARB_FORM_8038_FILED_X,SK-P04-T01-BOND-ARBITRAGE,accept,"","Genuine repeating group: the group element is the repeat_root in filings with 2+ rows and '' in single-row filings, so the high unrepeated share just means most filers report one row. Pre-2013 the whole Schedule K repeats (repeat_root IRS990ScheduleK), one schedule per bond issue. Evidence: repeats in 41.6% of 18,548 filings, max 72/filing, TY2009-2012; repeat_root: ''=57% ; IRS990ScheduleK/Form990ScheduleKPartIV=41% ; IRS990ScheduleK=2%.",high
MANY_NOT_REPEATING,/Return/ReturnData/IRS990ScheduleK/Form990ScheduleKPartIV/GrossProceedsInvested,SK_04_BOND_ARB_PROCEED_INVEST_X,SK-P04-T01-BOND-ARBITRAGE,accept,"","Genuine repeating group: the group element is the repeat_root in filings with 2+ rows and '' in single-row filings, so the high unrepeated share just means most filers report one row. Pre-2013 the whole Schedule K repeats (repeat_root IRS990ScheduleK), one schedule per bond issue. Evidence: repeats in 41.5% of 18,341 filings, max 72/filing, TY2009-2012; repeat_root: ''=57% ; IRS990ScheduleK/Form990ScheduleKPartIV=41% ; IRS990ScheduleK=2%.",high
MANY_NOT_REPEATING,/Return/ReturnData/IRS990ScheduleK/Form990ScheduleKPartIV/GrossProceedsInvestedInGIC,SK_04_BOND_ARB_GIC_INVESTED_X,SK-P04-T01-BOND-ARBITRAGE,accept,"","Genuine repeating group: the group element is the repeat_root in filings with 2+ rows and '' in single-row filings, so the high unrepeated share just means most filers report one row. Pre-2013 the whole Schedule K repeats (repeat_root IRS990ScheduleK), one schedule per bond issue. Evidence: repeats in 41.5% of 18,461 filings, max 72/filing, TY2009-2012; repeat_root: ''=57% ; IRS990ScheduleK/Form990ScheduleKPartIV=41% ; IRS990ScheduleK=2%.",high
MANY_NOT_REPEATING,/Return/ReturnData/IRS990ScheduleK/Form990ScheduleKPartIV/HedgeIdentifiedInBooksAndRecds,SK_04_BOND_ARB_HEDGE_IDENTIFY_X,SK-P04-T01-BOND-ARBITRAGE,accept,"","Genuine repeating group: the group element is the repeat_root in filings with 2+ rows and '' in single-row filings, so the high unrepeated share just means most filers report one row. Pre-2013 the whole Schedule K repeats (repeat_root IRS990ScheduleK), one schedule per bond issue. Evidence: repeats in 41.6% of 18,561 filings, max 72/filing, TY2009-2012; repeat_root: ''=57% ; IRS990ScheduleK/Form990ScheduleKPartIV=41% ; IRS990ScheduleK=2%.",high
MANY_NOT_REPEATING,/Return/ReturnData/IRS990ScheduleK/Form990ScheduleKPartIV/HedgeTerminated,SK_04_BOND_ARB_HEDGE_TERMINATE_X,SK-P04-T01-BOND-ARBITRAGE,accept,"","Genuine repeating group: the group element is the repeat_root in filings with 2+ rows and '' in single-row filings, so the high unrepeated share just means most filers report one row. Pre-2013 the whole Schedule K repeats (repeat_root IRS990ScheduleK), one schedule per bond issue. Evidence: repeats in 26.8% of 4,301 filings, max 39/filing, TY2010-2012; repeat_root: ''=52% ; IRS990ScheduleK/Form990ScheduleKPartIV=46% ; IRS990ScheduleK=1%.",high
MANY_NOT_REPEATING,/Return/ReturnData/IRS990ScheduleK/Form990ScheduleKPartIV/NameOfHedgeProvider/BusinessNameLine1,SK_04_BOND_ARB_HEDGE_NAME_L1,SK-P04-T01-BOND-ARBITRAGE,accept,"","Genuine repeating group: the group element is the repeat_root in filings with 2+ rows and '' in single-row filings, so the high unrepeated share just means most filers report one row. Pre-2013 the whole Schedule K repeats (repeat_root IRS990ScheduleK), one schedule per bond issue. Evidence: repeats in 33.6% of 6,017 filings, max 39/filing, TY2009-2012; repeat_root: ''=50% ; IRS990ScheduleK/Form990ScheduleKPartIV=47% ; IRS990ScheduleK=2%.",high
MANY_NOT_REPEATING,/Return/ReturnData/IRS990ScheduleK/Form990ScheduleKPartIV/NameOfHedgeProvider/BusinessNameLine2,SK_04_BOND_ARB_HEDGE_NAME_L2,SK-P04-T01-BOND-ARBITRAGE,accept,"","Genuine repeating group: the group element is the repeat_root in filings with 2+ rows and '' in single-row filings, so the high unrepeated share just means most filers report one row. Pre-2013 the whole Schedule K repeats (repeat_root IRS990ScheduleK), one schedule per bond issue. Evidence: repeats in 18.7% of 662 filings, max 11/filing, TY2009-2012; repeat_root: ''=50% ; IRS990ScheduleK/Form990ScheduleKPartIV=48% ; IRS990ScheduleK=2%.",high
MANY_NOT_REPEATING,/Return/ReturnData/IRS990ScheduleK/Form990ScheduleKPartIV/NoRebateDue,SK_04_BOND_ARB_NO_REBATE_DUE_X,SK-P04-T01-BOND-ARBITRAGE,accept,"","Genuine repeating group: the group element is the repeat_root in filings with 2+ rows and '' in single-row filings, so the high unrepeated share just means most filers report one row. Pre-2013 the whole Schedule K repeats (repeat_root IRS990ScheduleK), one schedule per bond issue. Evidence: repeats in 39.5% of 4,686 filings, max 28/filing, TY2012-2012; repeat_root: ''=57% ; IRS990ScheduleK/Form990ScheduleKPartIV=41% ; IRS990ScheduleK=3%.",high
MANY_NOT_REPEATING,/Return/ReturnData/IRS990ScheduleK/Form990ScheduleKPartIV/RebateNotDueYet,SK_04_BOND_ARB_REBATE_NOT_DUE_X,SK-P04-T01-BOND-ARBITRAGE,accept,"","Genuine repeating group: the group element is the repeat_root in filings with 2+ rows and '' in single-row filings, so the high unrepeated share just means most filers report one row. Pre-2013 the whole Schedule K repeats (repeat_root IRS990ScheduleK), one schedule per bond issue. Evidence: repeats in 39.4% of 4,749 filings, max 28/filing, TY2012-2012; repeat_root: ''=57% ; IRS990ScheduleK/Form990ScheduleKPartIV=40% ; IRS990ScheduleK=3%.",high
MANY_NOT_REPEATING,/Return/ReturnData/IRS990ScheduleK/Form990ScheduleKPartIV/SuperintegratedHedge,SK_04_BOND_ARB_HEDGE_INTEGRATE_X,SK-P04-T01-BOND-ARBITRAGE,accept,"","Genuine repeating group: the group element is the repeat_root in filings with 2+ rows and '' in single-row filings, so the high unrepeated share just means most filers report one row. Pre-2013 the whole Schedule K repeats (repeat_root IRS990ScheduleK), one schedule per bond issue. Evidence: repeats in 26.8% of 4,311 filings, max 39/filing, TY2010-2012; repeat_root: ''=52% ; IRS990ScheduleK/Form990ScheduleKPartIV=46% ; IRS990ScheduleK=1%.",high
MANY_NOT_REPEATING,/Return/ReturnData/IRS990ScheduleK/Form990ScheduleKPartIV/TermOfHedge,SK_04_BOND_ARB_HEDGE_TERM,SK-P04-T01-BOND-ARBITRAGE,accept,"","Genuine repeating group: the group element is the repeat_root in filings with 2+ rows and '' in single-row filings, so the high unrepeated share just means most filers report one row. Pre-2013 the whole Schedule K repeats (repeat_root IRS990ScheduleK), one schedule per bond issue. Evidence: repeats in 24.7% of 4,500 filings, max 27/filing, TY2009-2012; repeat_root: ''=51% ; IRS990ScheduleK/Form990ScheduleKPartIV=47% ; IRS990ScheduleK=1%.",high
MANY_NOT_REPEATING,/Return/ReturnData/IRS990ScheduleK/Form990ScheduleKPartIV/VariableRateIssue,SK_04_BOND_ARB_VAR_RATE_ISSUE_X,SK-P04-T01-BOND-ARBITRAGE,accept,"","Genuine repeating group: the group element is the repeat_root in filings with 2+ rows and '' in single-row filings, so the high unrepeated share just means most filers report one row. Pre-2013 the whole Schedule K repeats (repeat_root IRS990ScheduleK), one schedule per bond issue. Evidence: repeats in 41.7% of 18,273 filings, max 72/filing, TY2009-2012; repeat_root: ''=57% ; IRS990ScheduleK/Form990ScheduleKPartIV=41% ; IRS990ScheduleK=2%.",high
MANY_NOT_REPEATING,/Return/ReturnData/IRS990ScheduleK/Form990ScheduleKPartIV/WrittenProcToMonitorReqs,SK_04_BOND_ARB_WRITTEN_PROC_X,SK-P04-T01-BOND-ARBITRAGE,accept,"","Genuine repeating group: the group element is the repeat_root in filings with 2+ rows and '' in single-row filings, so the high unrepeated share just means most filers report one row. Pre-2013 the whole Schedule K repeats (repeat_root IRS990ScheduleK), one schedule per bond issue. Evidence: repeats in 41.6% of 5,454 filings, max 56/filing, TY2012-2012; repeat_root: ''=57% ; IRS990ScheduleK/Form990ScheduleKPartIV=40% ; IRS990ScheduleK=3%.",high
MANY_NOT_REPEATING,/Return/ReturnData/IRS990ScheduleK/TaxExemptBondsArbitrageGrp/BondReferenceCd,SK_04_BOND_ISSUE_REFERENCE_NUM,SK-P04-T01-BOND-ARBITRAGE,accept,"","Genuine repeating group: the group element is the repeat_root in filings with 2+ rows and '' in single-row filings, so the high unrepeated share just means most filers report one row. Pre-2013 the whole Schedule K repeats (repeat_root IRS990ScheduleK), one schedule per bond issue. Evidence: repeats in 40.7% of 68,044 filings, max 140/filing, TY2013-2024; repeat_root: ''=57% ; IRS990ScheduleK/TaxExemptBondsArbitrageGrp=39% ; IRS990ScheduleK=3%.",high
MANY_NOT_REPEATING,/Return/ReturnData/IRS990ScheduleK/TaxExemptBondsArbitrageGrp/ExceptionToRebateInd,SK_04_BOND_ARB_REBATE_EXCEPT_X,SK-P04-T01-BOND-ARBITRAGE,accept,"","Genuine repeating group: the group element is the repeat_root in filings with 2+ rows and '' in single-row filings, so the high unrepeated share just means most filers report one row. Pre-2013 the whole Schedule K repeats (repeat_root IRS990ScheduleK), one schedule per bond issue. Evidence: repeats in 40.3% of 60,764 filings, max 140/filing, TY2013-2024; repeat_root: ''=57% ; IRS990ScheduleK/TaxExemptBondsArbitrageGrp=40% ; IRS990ScheduleK=3%.",high
MANY_NOT_REPEATING,/Return/ReturnData/IRS990ScheduleK/TaxExemptBondsArbitrageGrp/Form8038TFiledInd,SK_04_BOND_ARB_FORM_8038_FILED_X,SK-P04-T01-BOND-ARBITRAGE,accept,"","Genuine repeating group: the group element is the repeat_root in filings with 2+ rows and '' in single-row filings, so the high unrepeated share just means most filers report one row. Pre-2013 the whole Schedule K repeats (repeat_root IRS990ScheduleK), one schedule per bond issue. Evidence: repeats in 40.9% of 67,575 filings, max 140/filing, TY2013-2024; repeat_root: ''=57% ; IRS990ScheduleK/TaxExemptBondsArbitrageGrp=40% ; IRS990ScheduleK=3%.",high
MANY_NOT_REPEATING,/Return/ReturnData/IRS990ScheduleK/TaxExemptBondsArbitrageGrp/GrossProceedsInvestedInGICInd,SK_04_BOND_ARB_GIC_INVESTED_X,SK-P04-T01-BOND-ARBITRAGE,accept,"","Genuine repeating group: the group element is the repeat_root in filings with 2+ rows and '' in single-row filings, so the high unrepeated share just means most filers report one row. Pre-2013 the whole Schedule K repeats (repeat_root IRS990ScheduleK), one schedule per bond issue. Evidence: repeats in 40.9% of 67,366 filings, max 140/filing, TY2013-2024; repeat_root: ''=57% ; IRS990ScheduleK/TaxExemptBondsArbitrageGrp=40% ; IRS990ScheduleK=3%.",high
MANY_NOT_REPEATING,/Return/ReturnData/IRS990ScheduleK/TaxExemptBondsArbitrageGrp/GrossProceedsInvestedInd,SK_04_BOND_ARB_PROCEED_INVEST_X,SK-P04-T01-BOND-ARBITRAGE,accept,"","Genuine repeating group: the group element is the repeat_root in filings with 2+ rows and '' in single-row filings, so the high unrepeated share just means most filers report one row. Pre-2013 the whole Schedule K repeats (repeat_root IRS990ScheduleK), one schedule per bond issue. Evidence: repeats in 40.7% of 66,594 filings, max 140/filing, TY2013-2024; repeat_root: ''=57% ; IRS990ScheduleK/TaxExemptBondsArbitrageGrp=40% ; IRS990ScheduleK=3%.",high
MANY_NOT_REPEATING,/Return/ReturnData/IRS990ScheduleK/TaxExemptBondsArbitrageGrp/HedgeIdentifiedInBksAndRecInd,SK_04_BOND_ARB_HEDGE_IDENTIFY_X,SK-P04-T01-BOND-ARBITRAGE,accept,"","Genuine repeating group: the group element is the repeat_root in filings with 2+ rows and '' in single-row filings, so the high unrepeated share just means most filers report one row. Pre-2013 the whole Schedule K repeats (repeat_root IRS990ScheduleK), one schedule per bond issue. Evidence: repeats in 40.9% of 67,563 filings, max 140/filing, TY2013-2024; repeat_root: ''=57% ; IRS990ScheduleK/TaxExemptBondsArbitrageGrp=40% ; IRS990ScheduleK=3%.",high
MANY_NOT_REPEATING,/Return/ReturnData/IRS990ScheduleK/TaxExemptBondsArbitrageGrp/HedgeProviderName/BusinessNameLine2,SK_04_BOND_ARB_HEDGE_NAME_L2,SK-P04-T01-BOND-ARBITRAGE,accept,"","Genuine repeating group: the group element is the repeat_root in filings with 2+ rows and '' in single-row filings, so the high unrepeated share just means most filers report one row. Pre-2013 the whole Schedule K repeats (repeat_root IRS990ScheduleK), one schedule per bond issue. Evidence: repeats in 18.5% of 189 filings, max 3/filing, TY2013-2013; repeat_root: ''=55% ; IRS990ScheduleK/TaxExemptBondsArbitrageGrp=44% ; IRS990ScheduleK=1%.",high
MANY_NOT_REPEATING,/Return/ReturnData/IRS990ScheduleK/TaxExemptBondsArbitrageGrp/HedgeProviderName/BusinessNameLine2Txt,SK_04_BOND_ARB_HEDGE_NAME_L2,SK-P04-T01-BOND-ARBITRAGE,accept,"","Genuine repeating group: the group element is the repeat_root in filings with 2+ rows and '' in single-row filings, so the high unrepeated share just means most filers report one row. Pre-2013 the whole Schedule K repeats (repeat_root IRS990ScheduleK), one schedule per bond issue. Evidence: repeats in 13.6% of 1,719 filings, max 10/filing, TY2014-2024; repeat_root: ''=53% ; IRS990ScheduleK/TaxExemptBondsArbitrageGrp=46% ; IRS990ScheduleK=0%.",high
MANY_NOT_REPEATING,/Return/ReturnData/IRS990ScheduleK/TaxExemptBondsArbitrageGrp/NoRebateDueInd,SK_04_BOND_ARB_NO_REBATE_DUE_X,SK-P04-T01-BOND-ARBITRAGE,accept,"","Genuine repeating group: the group element is the repeat_root in filings with 2+ rows and '' in single-row filings, so the high unrepeated share just means most filers report one row. Pre-2013 the whole Schedule K repeats (repeat_root IRS990ScheduleK), one schedule per bond issue. Evidence: repeats in 40.2% of 60,877 filings, max 140/filing, TY2013-2024; repeat_root: ''=57% ; IRS990ScheduleK/TaxExemptBondsArbitrageGrp=40% ; IRS990ScheduleK=3%.",high
MANY_NOT_REPEATING,/Return/ReturnData/IRS990ScheduleK/TaxExemptBondsArbitrageGrp/RebateNotDueYetInd,SK_04_BOND_ARB_REBATE_NOT_DUE_X,SK-P04-T01-BOND-ARBITRAGE,accept,"","Genuine repeating group: the group element is the repeat_root in filings with 2+ rows and '' in single-row filings, so the high unrepeated share just means most filers report one row. Pre-2013 the whole Schedule K repeats (repeat_root IRS990ScheduleK), one schedule per bond issue. Evidence: repeats in 40.2% of 61,326 filings, max 140/filing, TY2013-2024; repeat_root: ''=57% ; IRS990ScheduleK/TaxExemptBondsArbitrageGrp=40% ; IRS990ScheduleK=3%.",high
MANY_NOT_REPEATING,/Return/ReturnData/IRS990ScheduleK/TaxExemptBondsArbitrageGrp/TermOfHedgePct,SK_04_BOND_ARB_HEDGE_TERM,SK-P04-T01-BOND-ARBITRAGE,accept,"","Genuine repeating group: the group element is the repeat_root in filings with 2+ rows and '' in single-row filings, so the high unrepeated share just means most filers report one row. Pre-2013 the whole Schedule K repeats (repeat_root IRS990ScheduleK), one schedule per bond issue. Evidence: repeats in 24.0% of 12,039 filings, max 43/filing, TY2013-2024; repeat_root: ''=51% ; IRS990ScheduleK/TaxExemptBondsArbitrageGrp=47% ; IRS990ScheduleK=2%.",high
MANY_NOT_REPEATING,/Return/ReturnData/IRS990ScheduleK/TaxExemptBondsArbitrageGrp/VariableRateIssueInd,SK_04_BOND_ARB_VAR_RATE_ISSUE_X,SK-P04-T01-BOND-ARBITRAGE,accept,"","Genuine repeating group: the group element is the repeat_root in filings with 2+ rows and '' in single-row filings, so the high unrepeated share just means most filers report one row. Pre-2013 the whole Schedule K repeats (repeat_root IRS990ScheduleK), one schedule per bond issue. Evidence: repeats in 41.2% of 64,535 filings, max 140/filing, TY2013-2024; repeat_root: ''=57% ; IRS990ScheduleK/TaxExemptBondsArbitrageGrp=40% ; IRS990ScheduleK=3%.",high
MANY_NOT_REPEATING,/Return/ReturnData/IRS990ScheduleK/TaxExemptBondsArbitrageGrp/WrittenProcToMonitorReqsInd,SK_04_BOND_ARB_WRITTEN_PROC_X,SK-P04-T01-BOND-ARBITRAGE,accept,"","Genuine repeating group: the group element is the repeat_root in filings with 2+ rows and '' in single-row filings, so the high unrepeated share just means most filers report one row. Pre-2013 the whole Schedule K repeats (repeat_root IRS990ScheduleK), one schedule per bond issue. Evidence: repeats in 41.0% of 66,871 filings, max 140/filing, TY2013-2024; repeat_root: ''=57% ; IRS990ScheduleK/TaxExemptBondsArbitrageGrp=40% ; IRS990ScheduleK=3%.",high
MANY_NOT_REPEATING,/Return/ReturnData/IRS990ScheduleK/FedTaxRequirementsCompliance,SK_05_PROC_CORRECTIVE_ACT_X,SK-P05-T01-PROCEDURE-CORRECTIVE-ACT,accept,"","Genuine repeating group: the group element is the repeat_root in filings with 2+ rows and '' in single-row filings, so the high unrepeated share just means most filers report one row. Pre-2013 the whole Schedule K repeats (repeat_root IRS990ScheduleK), one schedule per bond issue. Evidence: repeats in 1.7% of 1,486 filings, max 18/filing, TY2011-2011; repeat_root: ''=88% ; IRS990ScheduleK=12%.",high
MANY_NOT_REPEATING,/Return/ReturnData/IRS990ScheduleK/Form990ScheduleKPartV/BondReferenceCd,SK_05_BOND_ISSUE_REFERENCE_NUM,SK-P05-T01-PROCEDURE-CORRECTIVE-ACT,accept,"","Genuine repeating group: the group element is the repeat_root in filings with 2+ rows and '' in single-row filings, so the high unrepeated share just means most filers report one row. Pre-2013 the whole Schedule K repeats (repeat_root IRS990ScheduleK), one schedule per bond issue. Evidence: repeats in 41.6% of 3,995 filings, max 28/filing, TY2012-2012; repeat_root: ''=56% ; IRS990ScheduleK/Form990ScheduleKPartV=40% ; IRS990ScheduleK=3%.",high
MANY_NOT_REPEATING,/Return/ReturnData/IRS990ScheduleK/Form990ScheduleKPartV/ProcToUndertkCorrectiveAction,SK_05_PROC_CORRECTIVE_ACT_X,SK-P05-T01-PROCEDURE-CORRECTIVE-ACT,accept,"","Genuine repeating group: the group element is the repeat_root in filings with 2+ rows and '' in single-row filings, so the high unrepeated share just means most filers report one row. Pre-2013 the whole Schedule K repeats (repeat_root IRS990ScheduleK), one schedule per bond issue. Evidence: repeats in 41.7% of 3,962 filings, max 28/filing, TY2012-2012; repeat_root: ''=56% ; IRS990ScheduleK/Form990ScheduleKPartV=40% ; IRS990ScheduleK=3%.",high
MANY_NOT_REPEATING,/Return/ReturnData/IRS990ScheduleK/ProceduresCorrectiveActionGrp/BondReferenceCd,SK_05_BOND_ISSUE_REFERENCE_NUM,SK-P05-T01-PROCEDURE-CORRECTIVE-ACT,accept,"","Genuine repeating group: the group element is the repeat_root in filings with 2+ rows and '' in single-row filings, so the high unrepeated share just means most filers report one row. Pre-2013 the whole Schedule K repeats (repeat_root IRS990ScheduleK), one schedule per bond issue. Evidence: repeats in 41.3% of 64,130 filings, max 140/filing, TY2013-2024; repeat_root: ''=57% ; IRS990ScheduleK/ProceduresCorrectiveActionGrp=40% ; IRS990ScheduleK=3%.",high
MANY_NOT_REPEATING,/Return/ReturnData/IRS990ScheduleK/ProceduresCorrectiveActionGrp/ProceduresCorrectiveActionInd,SK_05_PROC_CORRECTIVE_ACT_X,SK-P05-T01-PROCEDURE-CORRECTIVE-ACT,accept,"","Genuine repeating group: the group element is the repeat_root in filings with 2+ rows and '' in single-row filings, so the high unrepeated share just means most filers report one row. Pre-2013 the whole Schedule K repeats (repeat_root IRS990ScheduleK), one schedule per bond issue. Evidence: repeats in 41.3% of 63,828 filings, max 140/filing, TY2013-2024; repeat_root: ''=57% ; IRS990ScheduleK/ProceduresCorrectiveActionGrp=40% ; IRS990ScheduleK=3%.",high
MANY_NOT_REPEATING,/Return/ReturnData/IRS990ScheduleL/DQPTable/DescriptionOfTransaction,SL_01_TRANSAC_DESC,SL-P01-T01-EXCESS-BENEFIT-TRANSAC,accept,"","Genuine repeating group: the group element is the repeat_root in filings with 2+ rows and '' in single-row filings, so the high unrepeated share just means most filers report one row. Evidence: repeats in 29.5% of 593 filings, max 9/filing, TY2009-2012; repeat_root: ''=69% ; IRS990ScheduleL/DQPTable=31%.",high
MANY_NOT_REPEATING,/Return/ReturnData/IRS990ScheduleL/DQPTable/NameBusiness/BusinessNameLine1,SL_01_TRANSAC_DSQ_NAME_ORG_L1,SL-P01-T01-EXCESS-BENEFIT-TRANSAC,accept,"","Genuine repeating group: the group element is the repeat_root in filings with 2+ rows and '' in single-row filings, so the high unrepeated share just means most filers report one row. Evidence: repeats in 28.8% of 226 filings, max 9/filing, TY2010-2012; repeat_root: ''=65% ; IRS990ScheduleL/DQPTable=35%.",high
MANY_NOT_REPEATING,/Return/ReturnData/IRS990ScheduleL/DQPTable/NameBusiness/BusinessNameLine2,SL_01_TRANSAC_DSQ_NAME_ORG_L2,SL-P01-T01-EXCESS-BENEFIT-TRANSAC,accept,"","Genuine repeating group: the group element is the repeat_root in filings with 2+ rows and '' in single-row filings, so the high unrepeated share just means most filers report one row. Evidence: repeats in 24.3% of 37 filings, max 3/filing, TY2010-2012; repeat_root: ''=65% ; IRS990ScheduleL/DQPTable=35%.",high
MANY_NOT_REPEATING,/Return/ReturnData/IRS990ScheduleL/DQPTable/NamePerson,SL_01_TRANSAC_DSQ_NAME_PERS,SL-P01-T01-EXCESS-BENEFIT-TRANSAC,accept,"","Genuine repeating group: the group element is the repeat_root in filings with 2+ rows and '' in single-row filings, so the high unrepeated share just means most filers report one row. Evidence: repeats in 25.5% of 416 filings, max 8/filing, TY2009-2012; repeat_root: ''=69% ; IRS990ScheduleL/DQPTable=31%.",high
MANY_NOT_REPEATING,/Return/ReturnData/IRS990ScheduleL/DQPTable/RelationshipDisqualifiedPerson,SL_01_TRANSAC_RELATIONSHIP,SL-P01-T01-EXCESS-BENEFIT-TRANSAC,accept,"","Genuine repeating group: the group element is the repeat_root in filings with 2+ rows and '' in single-row filings, so the high unrepeated share just means most filers report one row. Evidence: repeats in 28.6% of 42 filings, max 4/filing, TY2012-2012; repeat_root: ''=71% ; IRS990ScheduleL/DQPTable=29%.",high
MANY_NOT_REPEATING,/Return/ReturnData/IRS990ScheduleL/DQPTable/TransactionCorrected,SL_01_TRANSAC_CORRECTED_X,SL-P01-T01-EXCESS-BENEFIT-TRANSAC,accept,"","Genuine repeating group: the group element is the repeat_root in filings with 2+ rows and '' in single-row filings, so the high unrepeated share just means most filers report one row. Evidence: repeats in 30.3% of 620 filings, max 9/filing, TY2009-2012; repeat_root: ''=70% ; IRS990ScheduleL/DQPTable=30%.",high
MANY_NOT_REPEATING,/Return/ReturnData/IRS990ScheduleL/DisqualifiedPersonExBnftTrGrp/BusinessName/BusinessNameLine1,SL_01_TRANSAC_DSQ_NAME_ORG_L1,SL-P01-T01-EXCESS-BENEFIT-TRANSAC,accept,"","Genuine repeating group: the group element is the repeat_root in filings with 2+ rows and '' in single-row filings, so the high unrepeated share just means most filers report one row. Evidence: repeats in 11.1% of 9 filings, max 2/filing, TY2013-2013; repeat_root: ''=78% ; IRS990ScheduleL/DisqualifiedPersonExBnftTrGrp=22%.",high
MANY_NOT_REPEATING,/Return/ReturnData/IRS990ScheduleL/DisqualifiedPersonExBnftTrGrp/BusinessName/BusinessNameLine1Txt,SL_01_TRANSAC_DSQ_NAME_ORG_L1,SL-P01-T01-EXCESS-BENEFIT-TRANSAC,accept,"","Genuine repeating group: the group element is the repeat_root in filings with 2+ rows and '' in single-row filings, so the high unrepeated share just means most filers report one row. Evidence: repeats in 26.0% of 146 filings, max 8/filing, TY2014-2024; repeat_root: ''=64% ; IRS990ScheduleL/DisqualifiedPersonExBnftTrGrp=36%.",high
MANY_NOT_REPEATING,/Return/ReturnData/IRS990ScheduleL/DisqualifiedPersonExBnftTrGrp/BusinessName/BusinessNameLine2Txt,SL_01_TRANSAC_DSQ_NAME_ORG_L2,SL-P01-T01-EXCESS-BENEFIT-TRANSAC,accept,"","Sparse field (address line 2, foreign address, etc.) inside a genuine repeating group; too few filings to observe a repeat. Sibling xpaths of the same group repeat. Evidence: repeats in 0.0% of 3 filings, max 1/filing, TY2018-2022; repeat_root: ''=100%.",high
MANY_NOT_REPEATING,/Return/ReturnData/IRS990ScheduleL/DisqualifiedPersonExBnftTrGrp/PersonNm,SL_01_TRANSAC_DSQ_NAME_PERS,SL-P01-T01-EXCESS-BENEFIT-TRANSAC,accept,"","Genuine repeating group: the group element is the repeat_root in filings with 2+ rows and '' in single-row filings, so the high unrepeated share just means most filers report one row. Evidence: repeats in 16.6% of 971 filings, max 46/filing, TY2013-2024; repeat_root: ''=80% ; IRS990ScheduleL/DisqualifiedPersonExBnftTrGrp=20%.",high
MANY_NOT_REPEATING,/Return/ReturnData/IRS990ScheduleL/DisqualifiedPersonExBnftTrGrp/RlnDisqualifiedPersonOrgTxt,SL_01_TRANSAC_RELATIONSHIP,SL-P01-T01-EXCESS-BENEFIT-TRANSAC,accept,"","Genuine repeating group: the group element is the repeat_root in filings with 2+ rows and '' in single-row filings, so the high unrepeated share just means most filers report one row. Evidence: repeats in 18.7% of 1,038 filings, max 46/filing, TY2013-2024; repeat_root: ''=80% ; IRS990ScheduleL/DisqualifiedPersonExBnftTrGrp=20%.",high
MANY_NOT_REPEATING,/Return/ReturnData/IRS990ScheduleL/DisqualifiedPersonExBnftTrGrp/TransactionDesc,SL_01_TRANSAC_DESC,SL-P01-T01-EXCESS-BENEFIT-TRANSAC,accept,"","Genuine repeating group: the group element is the repeat_root in filings with 2+ rows and '' in single-row filings, so the high unrepeated share just means most filers report one row. Evidence: repeats in 20.7% of 1,040 filings, max 46/filing, TY2013-2024; repeat_root: ''=78% ; IRS990ScheduleL/DisqualifiedPersonExBnftTrGrp=22%.",high
MANY_NOT_REPEATING,/Return/ReturnData/IRS990ScheduleL/LoanTable/ApprovedByBoard,SL_02_LOAN_BOARD_APPROV_X,SL-P02-T01-LOANS-INTERESTED-PERS,accept,"","Genuine repeating group: the group element is the repeat_root in filings with 2+ rows and '' in single-row filings, so the high unrepeated share just means most filers report one row. Evidence: repeats in 31.3% of 24,934 filings, max 96/filing, TY2009-2012; repeat_root: ''=69% ; IRS990ScheduleL/LoanTable=31%.",high
MANY_NOT_REPEATING,/Return/ReturnData/IRS990ScheduleL/LoanTable/BalanceDue,SL_02_LOAN_BALANCE_DUE,SL-P02-T01-LOANS-INTERESTED-PERS,accept,"","Genuine repeating group: the group element is the repeat_root in filings with 2+ rows and '' in single-row filings, so the high unrepeated share just means most filers report one row. Evidence: repeats in 31.1% of 23,828 filings, max 96/filing, TY2009-2012; repeat_root: ''=68% ; IRS990ScheduleL/LoanTable=32%.",high
MANY_NOT_REPEATING,/Return/ReturnData/IRS990ScheduleL/LoanTable/Default,SL_02_LOAN_DEFAULT_X,SL-P02-T01-LOANS-INTERESTED-PERS,accept,"","Genuine repeating group: the group element is the repeat_root in filings with 2+ rows and '' in single-row filings, so the high unrepeated share just means most filers report one row. Evidence: repeats in 31.3% of 24,888 filings, max 96/filing, TY2009-2012; repeat_root: ''=69% ; IRS990ScheduleL/LoanTable=31%.",high
MANY_NOT_REPEATING,/Return/ReturnData/IRS990ScheduleL/LoanTable/LoanFromOrganization,SL_02_LOAN_FROM_ORG_X,SL-P02-T01-LOANS-INTERESTED-PERS,accept,"","Genuine repeating group: the group element is the repeat_root in filings with 2+ rows and '' in single-row filings, so the high unrepeated share just means most filers report one row. Evidence: repeats in 33.9% of 10,121 filings, max 96/filing, TY2009-2012; repeat_root: ''=61% ; IRS990ScheduleL/LoanTable=39%.",high
MANY_NOT_REPEATING,/Return/ReturnData/IRS990ScheduleL/LoanTable/LoanToOrganization,SL_02_LOAN_TO_ORG_X,SL-P02-T01-LOANS-INTERESTED-PERS,accept,"","Genuine repeating group: the group element is the repeat_root in filings with 2+ rows and '' in single-row filings, so the high unrepeated share just means most filers report one row. Evidence: repeats in 26.2% of 15,307 filings, max 41/filing, TY2009-2012; repeat_root: ''=71% ; IRS990ScheduleL/LoanTable=29%.",high
MANY_NOT_REPEATING,/Return/ReturnData/IRS990ScheduleL/LoanTable/NameBusiness/BusinessNameLine1,SL_02_LOAN_INT_NAME_ORG_L1,SL-P02-T01-LOANS-INTERESTED-PERS,accept,"","Genuine repeating group: the group element is the repeat_root in filings with 2+ rows and '' in single-row filings, so the high unrepeated share just means most filers report one row. Evidence: repeats in 26.5% of 3,311 filings, max 75/filing, TY2009-2012; repeat_root: ''=58% ; IRS990ScheduleL/LoanTable=42%.",high
MANY_NOT_REPEATING,/Return/ReturnData/IRS990ScheduleL/LoanTable/NameBusiness/BusinessNameLine2,SL_02_LOAN_INT_NAME_ORG_L2,SL-P02-T01-LOANS-INTERESTED-PERS,accept,"","Genuine repeating group: the group element is the repeat_root in filings with 2+ rows and '' in single-row filings, so the high unrepeated share just means most filers report one row. Evidence: repeats in 22.5% of 80 filings, max 3/filing, TY2009-2012; repeat_root: ''=57% ; IRS990ScheduleL/LoanTable=42%.",high
MANY_NOT_REPEATING,/Return/ReturnData/IRS990ScheduleL/LoanTable/NamePerson,SL_02_LOAN_INT_NAME_PERS,SL-P02-T01-LOANS-INTERESTED-PERS,accept,"","Genuine repeating group: the group element is the repeat_root in filings with 2+ rows and '' in single-row filings, so the high unrepeated share just means most filers report one row. Evidence: repeats in 30.2% of 22,372 filings, max 96/filing, TY2009-2012; repeat_root: ''=68% ; IRS990ScheduleL/LoanTable=32%.",high
MANY_NOT_REPEATING,/Return/ReturnData/IRS990ScheduleL/LoanTable/OriginalPrincipalAmount,SL_02_LOAN_AMT_ORIGIN_PRINCIPAL,SL-P02-T01-LOANS-INTERESTED-PERS,accept,"","Genuine repeating group: the group element is the repeat_root in filings with 2+ rows and '' in single-row filings, so the high unrepeated share just means most filers report one row. Evidence: repeats in 31.3% of 23,836 filings, max 96/filing, TY2009-2012; repeat_root: ''=68% ; IRS990ScheduleL/LoanTable=32%.",high
MANY_NOT_REPEATING,/Return/ReturnData/IRS990ScheduleL/LoanTable/PurposeOfLoan,SL_02_LOAN_PURPOSE,SL-P02-T01-LOANS-INTERESTED-PERS,accept,"","Genuine repeating group: the group element is the repeat_root in filings with 2+ rows and '' in single-row filings, so the high unrepeated share just means most filers report one row. Evidence: repeats in 31.7% of 21,852 filings, max 96/filing, TY2009-2012; repeat_root: ''=68% ; IRS990ScheduleL/LoanTable=32%.",high
MANY_NOT_REPEATING,/Return/ReturnData/IRS990ScheduleL/LoanTable/RelationshipWithOrganization,SL_02_LOAN_RELATIONSHIP,SL-P02-T01-LOANS-INTERESTED-PERS,accept,"","Genuine repeating group: the group element is the repeat_root in filings with 2+ rows and '' in single-row filings, so the high unrepeated share just means most filers report one row. Evidence: repeats in 28.8% of 5,502 filings, max 64/filing, TY2012-2012; repeat_root: ''=70% ; IRS990ScheduleL/LoanTable=30%.",high
MANY_NOT_REPEATING,/Return/ReturnData/IRS990ScheduleL/LoanTable/WrittenAgreement,SL_02_LOAN_WRITTEN_AGREEMENT_X,SL-P02-T01-LOANS-INTERESTED-PERS,accept,"","Genuine repeating group: the group element is the repeat_root in filings with 2+ rows and '' in single-row filings, so the high unrepeated share just means most filers report one row. Evidence: repeats in 31.3% of 24,870 filings, max 96/filing, TY2009-2012; repeat_root: ''=69% ; IRS990ScheduleL/LoanTable=31%.",high
MANY_NOT_REPEATING,/Return/ReturnData/IRS990ScheduleL/LoansBtwnOrgInterestedPrsnGrp/BalanceDueAmt,SL_02_LOAN_BALANCE_DUE,SL-P02-T01-LOANS-INTERESTED-PERS,accept,"","Genuine repeating group: the group element is the repeat_root in filings with 2+ rows and '' in single-row filings, so the high unrepeated share just means most filers report one row. Evidence: repeats in 28.0% of 117,662 filings, max 303/filing, TY2013-2024; repeat_root: ''=70% ; IRS990ScheduleL/LoansBtwnOrgInterestedPrsnGrp=30%.",high
MANY_NOT_REPEATING,/Return/ReturnData/IRS990ScheduleL/LoansBtwnOrgInterestedPrsnGrp/BoardOrCommitteeApprovalInd,SL_02_LOAN_BOARD_APPROV_X,SL-P02-T01-LOANS-INTERESTED-PERS,accept,"","Genuine repeating group: the group element is the repeat_root in filings with 2+ rows and '' in single-row filings, so the high unrepeated share just means most filers report one row. Evidence: repeats in 29.5% of 126,986 filings, max 303/filing, TY2013-2024; repeat_root: ''=70% ; IRS990ScheduleL/LoansBtwnOrgInterestedPrsnGrp=30%.",high
MANY_NOT_REPEATING,/Return/ReturnData/IRS990ScheduleL/LoansBtwnOrgInterestedPrsnGrp/BusinessName/BusinessNameLine1,SL_02_LOAN_INT_NAME_ORG_L1,SL-P02-T01-LOANS-INTERESTED-PERS,accept,"","Genuine repeating group: the group element is the repeat_root in filings with 2+ rows and '' in single-row filings, so the high unrepeated share just means most filers report one row. Evidence: repeats in 27.5% of 1,162 filings, max 75/filing, TY2013-2013; repeat_root: ''=57% ; IRS990ScheduleL/LoansBtwnOrgInterestedPrsnGrp=43%.",high
MANY_NOT_REPEATING,/Return/ReturnData/IRS990ScheduleL/LoansBtwnOrgInterestedPrsnGrp/BusinessName/BusinessNameLine1Txt,SL_02_LOAN_INT_NAME_ORG_L1,SL-P02-T01-LOANS-INTERESTED-PERS,accept,"","Genuine repeating group: the group element is the repeat_root in filings with 2+ rows and '' in single-row filings, so the high unrepeated share just means most filers report one row. Evidence: repeats in 25.5% of 15,953 filings, max 75/filing, TY2014-2024; repeat_root: ''=60% ; IRS990ScheduleL/LoansBtwnOrgInterestedPrsnGrp=40%.",high
MANY_NOT_REPEATING,/Return/ReturnData/IRS990ScheduleL/LoansBtwnOrgInterestedPrsnGrp/BusinessName/BusinessNameLine2,SL_02_LOAN_INT_NAME_ORG_L2,SL-P02-T01-LOANS-INTERESTED-PERS,accept,"","Genuine repeating group: the group element is the repeat_root in filings with 2+ rows and '' in single-row filings, so the high unrepeated share just means most filers report one row. Evidence: repeats in 29.4% of 34 filings, max 5/filing, TY2013-2013; repeat_root: ''=62% ; IRS990ScheduleL/LoansBtwnOrgInterestedPrsnGrp=38%.",high
MANY_NOT_REPEATING,/Return/ReturnData/IRS990ScheduleL/LoansBtwnOrgInterestedPrsnGrp/BusinessName/BusinessNameLine2Txt,SL_02_LOAN_INT_NAME_ORG_L2,SL-P02-T01-LOANS-INTERESTED-PERS,accept,"","Genuine repeating group: the group element is the repeat_root in filings with 2+ rows and '' in single-row filings, so the high unrepeated share just means most filers report one row. Evidence: repeats in 15.7% of 540 filings, max 9/filing, TY2014-2024; repeat_root: ''=69% ; IRS990ScheduleL/LoansBtwnOrgInterestedPrsnGrp=31%.",high
MANY_NOT_REPEATING,/Return/ReturnData/IRS990ScheduleL/LoansBtwnOrgInterestedPrsnGrp/DefaultInd,SL_02_LOAN_DEFAULT_X,SL-P02-T01-LOANS-INTERESTED-PERS,accept,"","Genuine repeating group: the group element is the repeat_root in filings with 2+ rows and '' in single-row filings, so the high unrepeated share just means most filers report one row. Evidence: repeats in 29.5% of 127,156 filings, max 303/filing, TY2013-2024; repeat_root: ''=70% ; IRS990ScheduleL/LoansBtwnOrgInterestedPrsnGrp=30%.",high
MANY_NOT_REPEATING,/Return/ReturnData/IRS990ScheduleL/LoansBtwnOrgInterestedPrsnGrp/LoanFromOrganizationInd,SL_02_LOAN_FROM_ORG_X,SL-P02-T01-LOANS-INTERESTED-PERS,accept,"","Genuine repeating group: the group element is the repeat_root in filings with 2+ rows and '' in single-row filings, so the high unrepeated share just means most filers report one row. Evidence: repeats in 29.4% of 40,478 filings, max 303/filing, TY2013-2024; repeat_root: ''=63% ; IRS990ScheduleL/LoansBtwnOrgInterestedPrsnGrp=37%.",high
MANY_NOT_REPEATING,/Return/ReturnData/IRS990ScheduleL/LoansBtwnOrgInterestedPrsnGrp/LoanPurposeTxt,SL_02_LOAN_PURPOSE,SL-P02-T01-LOANS-INTERESTED-PERS,accept,"","Genuine repeating group: the group element is the repeat_root in filings with 2+ rows and '' in single-row filings, so the high unrepeated share just means most filers report one row. Evidence: repeats in 28.3% of 117,851 filings, max 303/filing, TY2013-2024; repeat_root: ''=71% ; IRS990ScheduleL/LoansBtwnOrgInterestedPrsnGrp=29%.",high
MANY_NOT_REPEATING,/Return/ReturnData/IRS990ScheduleL/LoansBtwnOrgInterestedPrsnGrp/LoanToOrganizationInd,SL_02_LOAN_TO_ORG_X,SL-P02-T01-LOANS-INTERESTED-PERS,accept,"","Genuine repeating group: the group element is the repeat_root in filings with 2+ rows and '' in single-row filings, so the high unrepeated share just means most filers report one row. Evidence: repeats in 24.8% of 88,571 filings, max 110/filing, TY2013-2024; repeat_root: ''=72% ; IRS990ScheduleL/LoansBtwnOrgInterestedPrsnGrp=28%.",high
MANY_NOT_REPEATING,/Return/ReturnData/IRS990ScheduleL/LoansBtwnOrgInterestedPrsnGrp/OriginalPrincipalAmt,SL_02_LOAN_AMT_ORIGIN_PRINCIPAL,SL-P02-T01-LOANS-INTERESTED-PERS,accept,"","Genuine repeating group: the group element is the repeat_root in filings with 2+ rows and '' in single-row filings, so the high unrepeated share just means most filers report one row. Evidence: repeats in 28.1% of 120,139 filings, max 303/filing, TY2013-2024; repeat_root: ''=71% ; IRS990ScheduleL/LoansBtwnOrgInterestedPrsnGrp=29%.",high
MANY_NOT_REPEATING,/Return/ReturnData/IRS990ScheduleL/LoansBtwnOrgInterestedPrsnGrp/PersonNm,SL_02_LOAN_INT_NAME_PERS,SL-P02-T01-LOANS-INTERESTED-PERS,accept,"","Genuine repeating group: the group element is the repeat_root in filings with 2+ rows and '' in single-row filings, so the high unrepeated share just means most filers report one row. Evidence: repeats in 27.0% of 111,884 filings, max 303/filing, TY2013-2024; repeat_root: ''=71% ; IRS990ScheduleL/LoansBtwnOrgInterestedPrsnGrp=29%.",high
MANY_NOT_REPEATING,/Return/ReturnData/IRS990ScheduleL/LoansBtwnOrgInterestedPrsnGrp/RelationshipWithOrgTxt,SL_02_LOAN_RELATIONSHIP,SL-P02-T01-LOANS-INTERESTED-PERS,accept,"","Genuine repeating group: the group element is the repeat_root in filings with 2+ rows and '' in single-row filings, so the high unrepeated share just means most filers report one row. Evidence: repeats in 27.7% of 111,689 filings, max 303/filing, TY2013-2024; repeat_root: ''=71% ; IRS990ScheduleL/LoansBtwnOrgInterestedPrsnGrp=29%.",high
MANY_NOT_REPEATING,/Return/ReturnData/IRS990ScheduleL/LoansBtwnOrgInterestedPrsnGrp/WrittenAgreementInd,SL_02_LOAN_WRITTEN_AGREEMENT_X,SL-P02-T01-LOANS-INTERESTED-PERS,accept,"","Genuine repeating group: the group element is the repeat_root in filings with 2+ rows and '' in single-row filings, so the high unrepeated share just means most filers report one row. Evidence: repeats in 29.6% of 126,617 filings, max 303/filing, TY2013-2024; repeat_root: ''=70% ; IRS990ScheduleL/LoansBtwnOrgInterestedPrsnGrp=30%.",high
MANY_NOT_REPEATING,/Return/ReturnData/IRS990ScheduleL/Form990ScheduleLPartIII/AmountOfGrant,SL_03_GRANT_AMT,SL-P03-T01-GRANTS-INTERESTED-PERS,accept,"","Genuine repeating group: the group element is the repeat_root in filings with 2+ rows and '' in single-row filings, so the high unrepeated share just means most filers report one row. Evidence: repeats in 34.0% of 2,577 filings, max 83/filing, TY2009-2012; repeat_root: ''=65% ; IRS990ScheduleL/Form990ScheduleLPartIII=35%.",high
MANY_NOT_REPEATING,/Return/ReturnData/IRS990ScheduleL/Form990ScheduleLPartIII/NameOfInterestedBusiness/BusinessNameLine1,SL_03_GRANT_INT_NAME_ORG_L1,SL-P03-T01-GRANTS-INTERESTED-PERS,accept,"","Genuine repeating group: the group element is the repeat_root in filings with 2+ rows and '' in single-row filings, so the high unrepeated share just means most filers report one row. Evidence: repeats in 27.5% of 498 filings, max 12/filing, TY2009-2012; repeat_root: ''=68% ; IRS990ScheduleL/Form990ScheduleLPartIII=32%.",high
MANY_NOT_REPEATING,/Return/ReturnData/IRS990ScheduleL/Form990ScheduleLPartIII/NameOfInterestedBusiness/BusinessNameLine2,SL_03_GRANT_INT_NAME_ORG_L2,SL-P03-T01-GRANTS-INTERESTED-PERS,accept,"","Genuine repeating group: the group element is the repeat_root in filings with 2+ rows and '' in single-row filings, so the high unrepeated share just means most filers report one row. Evidence: repeats in 25.0% of 4 filings, max 2/filing, TY2011-2012; repeat_root: ''=75% ; IRS990ScheduleL/Form990ScheduleLPartIII=25%.",high
MANY_NOT_REPEATING,/Return/ReturnData/IRS990ScheduleL/Form990ScheduleLPartIII/NameOfInterestedPerson,SL_03_GRANT_INT_NAME_PERS,SL-P03-T01-GRANTS-INTERESTED-PERS,accept,"","Genuine repeating group: the group element is the repeat_root in filings with 2+ rows and '' in single-row filings, so the high unrepeated share just means most filers report one row. Evidence: repeats in 38.0% of 2,187 filings, max 83/filing, TY2009-2012; repeat_root: ''=61% ; IRS990ScheduleL/Form990ScheduleLPartIII=39%.",high
MANY_NOT_REPEATING,/Return/ReturnData/IRS990ScheduleL/Form990ScheduleLPartIII/PurposeOfAssistance,SL_03_GRANT_PURPOSE,SL-P03-T01-GRANTS-INTERESTED-PERS,accept,"","Genuine repeating group: the group element is the repeat_root in filings with 2+ rows and '' in single-row filings, so the high unrepeated share just means most filers report one row. Evidence: repeats in 34.3% of 607 filings, max 83/filing, TY2012-2012; repeat_root: ''=65% ; IRS990ScheduleL/Form990ScheduleLPartIII=35%.",high
MANY_NOT_REPEATING,/Return/ReturnData/IRS990ScheduleL/Form990ScheduleLPartIII/RelationshipWithOrganization,SL_03_GRANT_RELATIONSHIP,SL-P03-T01-GRANTS-INTERESTED-PERS,accept,"","Genuine repeating group: the group element is the repeat_root in filings with 2+ rows and '' in single-row filings, so the high unrepeated share just means most filers report one row. Evidence: repeats in 36.9% of 2,550 filings, max 83/filing, TY2009-2012; repeat_root: ''=62% ; IRS990ScheduleL/Form990ScheduleLPartIII=38%.",high
MANY_NOT_REPEATING,/Return/ReturnData/IRS990ScheduleL/Form990ScheduleLPartIII/TypeOfAssistance,SL_03_GRANT_TYPE,SL-P03-T01-GRANTS-INTERESTED-PERS,accept,"","Genuine repeating group: the group element is the repeat_root in filings with 2+ rows and '' in single-row filings, so the high unrepeated share just means most filers report one row. Evidence: repeats in 34.7% of 2,683 filings, max 52/filing, TY2009-2012; repeat_root: ''=65% ; IRS990ScheduleL/Form990ScheduleLPartIII=35%.",high
MANY_NOT_REPEATING,/Return/ReturnData/IRS990ScheduleL/GrntAsstBnftInterestedPrsnGrp/AssistancePurposeTxt,SL_03_GRANT_PURPOSE,SL-P03-T01-GRANTS-INTERESTED-PERS,accept,"","Genuine repeating group: the group element is the repeat_root in filings with 2+ rows and '' in single-row filings, so the high unrepeated share just means most filers report one row. Evidence: repeats in 31.4% of 10,715 filings, max 71/filing, TY2013-2024; repeat_root: ''=68% ; IRS990ScheduleL/GrntAsstBnftInterestedPrsnGrp=32%.",high
MANY_NOT_REPEATING,/Return/ReturnData/IRS990ScheduleL/GrntAsstBnftInterestedPrsnGrp/BusinessName/BusinessNameLine1,SL_03_GRANT_INT_NAME_ORG_L1,SL-P03-T01-GRANTS-INTERESTED-PERS,accept,"","Genuine repeating group: the group element is the repeat_root in filings with 2+ rows and '' in single-row filings, so the high unrepeated share just means most filers report one row. Evidence: repeats in 25.5% of 161 filings, max 13/filing, TY2013-2013; repeat_root: ''=72% ; IRS990ScheduleL/GrntAsstBnftInterestedPrsnGrp=28%.",high
MANY_NOT_REPEATING,/Return/ReturnData/IRS990ScheduleL/GrntAsstBnftInterestedPrsnGrp/BusinessName/BusinessNameLine1Txt,SL_03_GRANT_INT_NAME_ORG_L1,SL-P03-T01-GRANTS-INTERESTED-PERS,accept,"","Genuine repeating group: the group element is the repeat_root in filings with 2+ rows and '' in single-row filings, so the high unrepeated share just means most filers report one row. Evidence: repeats in 28.6% of 1,981 filings, max 91/filing, TY2014-2024; repeat_root: ''=68% ; IRS990ScheduleL/GrntAsstBnftInterestedPrsnGrp=32%.",high
MANY_NOT_REPEATING,/Return/ReturnData/IRS990ScheduleL/GrntAsstBnftInterestedPrsnGrp/CashGrantAmt,SL_03_GRANT_AMT,SL-P03-T01-GRANTS-INTERESTED-PERS,accept,"","Genuine repeating group: the group element is the repeat_root in filings with 2+ rows and '' in single-row filings, so the high unrepeated share just means most filers report one row. Evidence: repeats in 33.1% of 12,521 filings, max 91/filing, TY2013-2024; repeat_root: ''=67% ; IRS990ScheduleL/GrntAsstBnftInterestedPrsnGrp=33%.",high
MANY_NOT_REPEATING,/Return/ReturnData/IRS990ScheduleL/GrntAsstBnftInterestedPrsnGrp/PersonNm,SL_03_GRANT_INT_NAME_PERS,SL-P03-T01-GRANTS-INTERESTED-PERS,accept,"","Genuine repeating group: the group element is the repeat_root in filings with 2+ rows and '' in single-row filings, so the high unrepeated share just means most filers report one row. Evidence: repeats in 39.1% of 8,048 filings, max 71/filing, TY2013-2024; repeat_root: ''=60% ; IRS990ScheduleL/GrntAsstBnftInterestedPrsnGrp=40%.",high
MANY_NOT_REPEATING,/Return/ReturnData/IRS990ScheduleL/GrntAsstBnftInterestedPrsnGrp/RelationshipWithOrgTxt,SL_03_GRANT_RELATIONSHIP,SL-P03-T01-GRANTS-INTERESTED-PERS,accept,"","Genuine repeating group: the group element is the repeat_root in filings with 2+ rows and '' in single-row filings, so the high unrepeated share just means most filers report one row. Evidence: repeats in 37.7% of 10,097 filings, max 91/filing, TY2013-2024; repeat_root: ''=62% ; IRS990ScheduleL/GrntAsstBnftInterestedPrsnGrp=38%.",high
MANY_NOT_REPEATING,/Return/ReturnData/IRS990ScheduleL/GrntAsstBnftInterestedPrsnGrp/TypeOfAssistanceTxt,SL_03_GRANT_TYPE,SL-P03-T01-GRANTS-INTERESTED-PERS,accept,"","Genuine repeating group: the group element is the repeat_root in filings with 2+ rows and '' in single-row filings, so the high unrepeated share just means most filers report one row. Evidence: repeats in 32.7% of 12,758 filings, max 91/filing, TY2013-2024; repeat_root: ''=67% ; IRS990ScheduleL/GrntAsstBnftInterestedPrsnGrp=33%.",high
MANY_NOT_REPEATING,/Return/ReturnData/IRS990ScheduleL/BusTrInvolveInterestedPrsnGrp/NameOfInterested/BusinessName/BusinessNameLine1,SL_04_BIZTRANSAC_INT_NAME_ORG_L1,SL-P04-T01-BIZ-TRANSAC-INTERESTED-PERS,accept,"","Genuine repeating group: the group element is the repeat_root in filings with 2+ rows and '' in single-row filings, so the high unrepeated share just means most filers report one row. Evidence: repeats in 31.9% of 5,711 filings, max 32/filing, TY2013-2013; repeat_root: ''=57% ; IRS990ScheduleL/BusTrInvolveInterestedPrsnGrp=43%.",high
MANY_NOT_REPEATING,/Return/ReturnData/IRS990ScheduleL/BusTrInvolveInterestedPrsnGrp/NameOfInterested/BusinessName/BusinessNameLine1Txt,SL_04_BIZTRANSAC_INT_NAME_ORG_L1,SL-P04-T01-BIZ-TRANSAC-INTERESTED-PERS,accept,"","Genuine repeating group: the group element is the repeat_root in filings with 2+ rows and '' in single-row filings, so the high unrepeated share just means most filers report one row. Evidence: repeats in 29.4% of 65,431 filings, max 62/filing, TY2014-2024; repeat_root: ''=62% ; IRS990ScheduleL/BusTrInvolveInterestedPrsnGrp=38%.",high
MANY_NOT_REPEATING,/Return/ReturnData/IRS990ScheduleL/BusTrInvolveInterestedPrsnGrp/NameOfInterested/BusinessName/BusinessNameLine2,SL_04_BIZTRANSAC_INT_NAME_ORG_L2,SL-P04-T01-BIZ-TRANSAC-INTERESTED-PERS,accept,"","Genuine repeating group: the group element is the repeat_root in filings with 2+ rows and '' in single-row filings, so the high unrepeated share just means most filers report one row. Evidence: repeats in 33.1% of 136 filings, max 8/filing, TY2013-2013; repeat_root: ''=54% ; IRS990ScheduleL/BusTrInvolveInterestedPrsnGrp=46%.",high
MANY_NOT_REPEATING,/Return/ReturnData/IRS990ScheduleL/BusTrInvolveInterestedPrsnGrp/NameOfInterested/BusinessName/BusinessNameLine2Txt,SL_04_BIZTRANSAC_INT_NAME_ORG_L2,SL-P04-T01-BIZ-TRANSAC-INTERESTED-PERS,accept,"","Genuine repeating group: the group element is the repeat_root in filings with 2+ rows and '' in single-row filings, so the high unrepeated share just means most filers report one row. Evidence: repeats in 30.0% of 1,482 filings, max 19/filing, TY2014-2024; repeat_root: ''=61% ; IRS990ScheduleL/BusTrInvolveInterestedPrsnGrp=39%.",high
MANY_NOT_REPEATING,/Return/ReturnData/IRS990ScheduleL/BusTrInvolveInterestedPrsnGrp/NameOfInterested/PersonNm,SL_04_BIZTRANSAC_INT_NAME_PERS,SL-P04-T01-BIZ-TRANSAC-INTERESTED-PERS,accept,"","Genuine repeating group: the group element is the repeat_root in filings with 2+ rows and '' in single-row filings, so the high unrepeated share just means most filers report one row. Evidence: repeats in 34.3% of 138,446 filings, max 52/filing, TY2013-2024; repeat_root: ''=61% ; IRS990ScheduleL/BusTrInvolveInterestedPrsnGrp=39%.",high
MANY_NOT_REPEATING,/Return/ReturnData/IRS990ScheduleL/BusTrInvolveInterestedPrsnGrp/RelationshipDescriptionTxt,SL_04_BIZTRANSAC_RELATIONSHIP,SL-P04-T01-BIZ-TRANSAC-INTERESTED-PERS,accept,"","Genuine repeating group: the group element is the repeat_root in filings with 2+ rows and '' in single-row filings, so the high unrepeated share just means most filers report one row. Evidence: repeats in 35.4% of 199,122 filings, max 74/filing, TY2013-2024; repeat_root: ''=64% ; IRS990ScheduleL/BusTrInvolveInterestedPrsnGrp=36%.",high
MANY_NOT_REPEATING,/Return/ReturnData/IRS990ScheduleL/BusTrInvolveInterestedPrsnGrp/SharingOfRevenuesInd,SL_04_BIZTRANSAC_SHARING_REV_X,SL-P04-T01-BIZ-TRANSAC-INTERESTED-PERS,accept,"","Genuine repeating group: the group element is the repeat_root in filings with 2+ rows and '' in single-row filings, so the high unrepeated share just means most filers report one row. Evidence: repeats in 36.5% of 202,001 filings, max 74/filing, TY2013-2024; repeat_root: ''=63% ; IRS990ScheduleL/BusTrInvolveInterestedPrsnGrp=37%.",high
MANY_NOT_REPEATING,/Return/ReturnData/IRS990ScheduleL/BusTrInvolveInterestedPrsnGrp/TransactionAmt,SL_04_BIZTRANSAC_AMT,SL-P04-T01-BIZ-TRANSAC-INTERESTED-PERS,accept,"","Genuine repeating group: the group element is the repeat_root in filings with 2+ rows and '' in single-row filings, so the high unrepeated share just means most filers report one row. Evidence: repeats in 34.9% of 174,897 filings, max 74/filing, TY2013-2024; repeat_root: ''=63% ; IRS990ScheduleL/BusTrInvolveInterestedPrsnGrp=37%.",high
MANY_NOT_REPEATING,/Return/ReturnData/IRS990ScheduleL/BusTrInvolveInterestedPrsnGrp/TransactionDesc,SL_04_BIZTRANSAC_DESC,SL-P04-T01-BIZ-TRANSAC-INTERESTED-PERS,accept,"","Genuine repeating group: the group element is the repeat_root in filings with 2+ rows and '' in single-row filings, so the high unrepeated share just means most filers report one row. Evidence: repeats in 35.1% of 197,543 filings, max 74/filing, TY2013-2024; repeat_root: ''=64% ; IRS990ScheduleL/BusTrInvolveInterestedPrsnGrp=36%.",high
MANY_NOT_REPEATING,/Return/ReturnData/IRS990ScheduleL/Form990ScheduleLPartIV/AmountOfTransaction,SL_04_BIZTRANSAC_AMT,SL-P04-T01-BIZ-TRANSAC-INTERESTED-PERS,accept,"","Genuine repeating group: the group element is the repeat_root in filings with 2+ rows and '' in single-row filings, so the high unrepeated share just means most filers report one row. Evidence: repeats in 38.8% of 41,926 filings, max 71/filing, TY2009-2012; repeat_root: ''=59% ; IRS990ScheduleL/Form990ScheduleLPartIV=41%.",high
MANY_NOT_REPEATING,/Return/ReturnData/IRS990ScheduleL/Form990ScheduleLPartIV/DescriptionOfTransaction,SL_04_BIZTRANSAC_DESC,SL-P04-T01-BIZ-TRANSAC-INTERESTED-PERS,accept,"","Genuine repeating group: the group element is the repeat_root in filings with 2+ rows and '' in single-row filings, so the high unrepeated share just means most filers report one row. Evidence: repeats in 39.6% of 45,840 filings, max 71/filing, TY2009-2012; repeat_root: ''=59% ; IRS990ScheduleL/Form990ScheduleLPartIV=41%.",high
MANY_NOT_REPEATING,/Return/ReturnData/IRS990ScheduleL/Form990ScheduleLPartIV/NameOfInterestedPerson/NameBusiness/BusinessNameLine1,SL_04_BIZTRANSAC_INT_NAME_ORG_L1,SL-P04-T01-BIZ-TRANSAC-INTERESTED-PERS,accept,"","Genuine repeating group: the group element is the repeat_root in filings with 2+ rows and '' in single-row filings, so the high unrepeated share just means most filers report one row. Evidence: repeats in 32.3% of 15,297 filings, max 32/filing, TY2009-2012; repeat_root: ''=56% ; IRS990ScheduleL/Form990ScheduleLPartIV=44%.",high
MANY_NOT_REPEATING,/Return/ReturnData/IRS990ScheduleL/Form990ScheduleLPartIV/NameOfInterestedPerson/NameBusiness/BusinessNameLine2,SL_04_BIZTRANSAC_INT_NAME_ORG_L2,SL-P04-T01-BIZ-TRANSAC-INTERESTED-PERS,accept,"","Genuine repeating group: the group element is the repeat_root in filings with 2+ rows and '' in single-row filings, so the high unrepeated share just means most filers report one row. Evidence: repeats in 37.7% of 329 filings, max 10/filing, TY2009-2012; repeat_root: ''=52% ; IRS990ScheduleL/Form990ScheduleLPartIV=48%.",high
MANY_NOT_REPEATING,/Return/ReturnData/IRS990ScheduleL/Form990ScheduleLPartIV/NameOfInterestedPerson/NamePerson,SL_04_BIZTRANSAC_INT_NAME_PERS,SL-P04-T01-BIZ-TRANSAC-INTERESTED-PERS,accept,"","Genuine repeating group: the group element is the repeat_root in filings with 2+ rows and '' in single-row filings, so the high unrepeated share just means most filers report one row. Evidence: repeats in 39.2% of 34,549 filings, max 71/filing, TY2009-2012; repeat_root: ''=56% ; IRS990ScheduleL/Form990ScheduleLPartIV=44%.",high
MANY_NOT_REPEATING,/Return/ReturnData/IRS990ScheduleL/Form990ScheduleLPartIV/Relationship,SL_04_BIZTRANSAC_RELATIONSHIP,SL-P04-T01-BIZ-TRANSAC-INTERESTED-PERS,accept,"","Genuine repeating group: the group element is the repeat_root in filings with 2+ rows and '' in single-row filings, so the high unrepeated share just means most filers report one row. Evidence: repeats in 40.4% of 46,638 filings, max 71/filing, TY2009-2012; repeat_root: ''=58% ; IRS990ScheduleL/Form990ScheduleLPartIV=42%.",high
MANY_NOT_REPEATING,/Return/ReturnData/IRS990ScheduleL/Form990ScheduleLPartIV/SharingOfRevenues,SL_04_BIZTRANSAC_SHARING_REV_X,SL-P04-T01-BIZ-TRANSAC-INTERESTED-PERS,accept,"","Genuine repeating group: the group element is the repeat_root in filings with 2+ rows and '' in single-row filings, so the high unrepeated share just means most filers report one row. Evidence: repeats in 41.3% of 46,904 filings, max 74/filing, TY2009-2012; repeat_root: ''=59% ; IRS990ScheduleL/Form990ScheduleLPartIV=41%.",high
MANY_NOT_REPEATING,/Return/ReturnData/IRS990ScheduleM/OtherNonCashContriTableGrp/ContributionCnt,SM_01_OTH_NUM_CONTR,SM-P01-T01-NONCASH-CONTRIBUTIONS,accept,"","Genuine repeating group: the group element is the repeat_root in filings with 2+ rows and '' in single-row filings, so the high unrepeated share just means most filers report one row. Evidence: repeats in 42.9% of 167,426 filings, max 538/filing, TY2013-2024; repeat_root: ''=57% ; IRS990ScheduleM/OtherNonCashContriTableGrp=43%.",high
MANY_NOT_REPEATING,/Return/ReturnData/IRS990ScheduleM/OtherNonCashContriTableGrp/Desc,SM_01_OTH_NONCSH_DESC,SM-P01-T01-NONCASH-CONTRIBUTIONS,accept,"","Genuine repeating group: the group element is the repeat_root in filings with 2+ rows and '' in single-row filings, so the high unrepeated share just means most filers report one row. Evidence: repeats in 46.8% of 159,725 filings, max 538/filing, TY2013-2024; repeat_root: ''=53% ; IRS990ScheduleM/OtherNonCashContriTableGrp=47%.",high
MANY_NOT_REPEATING,/Return/ReturnData/IRS990ScheduleM/OtherNonCashContriTableGrp/MethodOfDeterminingRevenuesTxt,SM_01_OTH_METHOD_REV,SM-P01-T01-NONCASH-CONTRIBUTIONS,accept,"","Genuine repeating group: the group element is the repeat_root in filings with 2+ rows and '' in single-row filings, so the high unrepeated share just means most filers report one row. Evidence: repeats in 46.9% of 144,575 filings, max 538/filing, TY2013-2024; repeat_root: ''=53% ; IRS990ScheduleM/OtherNonCashContriTableGrp=47%.",high
MANY_NOT_REPEATING,/Return/ReturnData/IRS990ScheduleM/OtherNonCashContriTableGrp/NonCashCheckboxInd,SM_01_OTH_NONCSH_X,SM-P01-T01-NONCASH-CONTRIBUTIONS,accept,"","Genuine repeating group: the group element is the repeat_root in filings with 2+ rows and '' in single-row filings, so the high unrepeated share just means most filers report one row. Evidence: repeats in 42.8% of 167,195 filings, max 538/filing, TY2013-2024; repeat_root: ''=57% ; IRS990ScheduleM/OtherNonCashContriTableGrp=43%.",high
MANY_NOT_REPEATING,/Return/ReturnData/IRS990ScheduleM/OtherNonCashContriTableGrp/NoncashContributionsRptF990Amt,SM_01_OTH_NONCSH_CONTR,SM-P01-T01-NONCASH-CONTRIBUTIONS,accept,"","Genuine repeating group: the group element is the repeat_root in filings with 2+ rows and '' in single-row filings, so the high unrepeated share just means most filers report one row. Evidence: repeats in 42.9% of 174,297 filings, max 538/filing, TY2013-2024; repeat_root: ''=57% ; IRS990ScheduleM/OtherNonCashContriTableGrp=43%.",high
MANY_NOT_REPEATING,/Return/ReturnData/IRS990ScheduleM/OtherNonCashContributionsTable/NonCashCheckbox,SM_01_OTH_NONCSH_X,SM-P01-T01-NONCASH-CONTRIBUTIONS,accept,"","Genuine repeating group: the group element is the repeat_root in filings with 2+ rows and '' in single-row filings, so the high unrepeated share just means most filers report one row. Evidence: repeats in 47.7% of 30,041 filings, max 147/filing, TY2009-2012; repeat_root: ''=52% ; IRS990ScheduleM/OtherNonCashContributionsTable=48%.",high
MANY_NOT_REPEATING,/Return/ReturnData/IRS990ScheduleM/OtherNonCashContributionsTable/NoncashContribsRptdF990,SM_01_OTH_NONCSH_CONTR,SM-P01-T01-NONCASH-CONTRIBUTIONS,accept,"","Genuine repeating group: the group element is the repeat_root in filings with 2+ rows and '' in single-row filings, so the high unrepeated share just means most filers report one row. Evidence: repeats in 47.6% of 30,501 filings, max 147/filing, TY2009-2012; repeat_root: ''=52% ; IRS990ScheduleM/OtherNonCashContributionsTable=48%.",high
MANY_NOT_REPEATING,/Return/ReturnData/IRS990ScheduleM/OtherNonCashContributionsTable/NumberOfContributions,SM_01_OTH_NUM_CONTR,SM-P01-T01-NONCASH-CONTRIBUTIONS,accept,"","Genuine repeating group: the group element is the repeat_root in filings with 2+ rows and '' in single-row filings, so the high unrepeated share just means most filers report one row. Evidence: repeats in 47.6% of 29,536 filings, max 147/filing, TY2009-2012; repeat_root: ''=52% ; IRS990ScheduleM/OtherNonCashContributionsTable=48%.",high
MANY_NOT_REPEATING,/Return/ReturnData/IRS990ScheduleN/LiquidationOfAssetsTableGrp/LiquidationOfAssetsDetail/AssetsDistriOrExpnssPaidDesc,SN_01_LTD_ASSET_DIST_DESC,SN-P01-T01-LIQUIDATION-TERMINATION-DISSOLUTION,accept,"","Genuine repeating group: the group element is the repeat_root in filings with 2+ rows and '' in single-row filings, so the high unrepeated share just means most filers report one row. Evidence: repeats in 28.5% of 34,419 filings, max 469/filing, TY2013-2024; repeat_root: ''=71% ; IRS990ScheduleN/LiquidationOfAssetsTableGrp/LiquidationOfAssetsDetail=29%.",high
MANY_NOT_REPEATING,/Return/ReturnData/IRS990ScheduleN/LiquidationOfAssetsTableGrp/LiquidationOfAssetsDetail/BusinessName/BusinessNameLine1,SN_01_LTD_RECIP_NAME_ORG_L1,SN-P01-T01-LIQUIDATION-TERMINATION-DISSOLUTION,accept,"","Genuine repeating group: the group element is the repeat_root in filings with 2+ rows and '' in single-row filings, so the high unrepeated share just means most filers report one row. Evidence: repeats in 40.9% of 815 filings, max 85/filing, TY2013-2013; repeat_root: ''=57% ; IRS990ScheduleN/LiquidationOfAssetsTableGrp/LiquidationOfAssetsDetail=43%.",high
MANY_NOT_REPEATING,/Return/ReturnData/IRS990ScheduleN/LiquidationOfAssetsTableGrp/LiquidationOfAssetsDetail/BusinessName/BusinessNameLine1Txt,SN_01_LTD_RECIP_NAME_ORG_L1,SN-P01-T01-LIQUIDATION-TERMINATION-DISSOLUTION,accept,"","Genuine repeating group: the group element is the repeat_root in filings with 2+ rows and '' in single-row filings, so the high unrepeated share just means most filers report one row. Evidence: repeats in 37.5% of 14,318 filings, max 56/filing, TY2014-2024; repeat_root: ''=61% ; IRS990ScheduleN/LiquidationOfAssetsTableGrp/LiquidationOfAssetsDetail=39%.",high
MANY_NOT_REPEATING,/Return/ReturnData/IRS990ScheduleN/LiquidationOfAssetsTableGrp/LiquidationOfAssetsDetail/BusinessName/BusinessNameLine2Txt,SN_01_LTD_RECIP_NAME_ORG_L2,SN-P01-T01-LIQUIDATION-TERMINATION-DISSOLUTION,accept,"","Genuine repeating group: the group element is the repeat_root in filings with 2+ rows and '' in single-row filings, so the high unrepeated share just means most filers report one row. Evidence: repeats in 28.4% of 504 filings, max 20/filing, TY2014-2024; repeat_root: ''=57% ; IRS990ScheduleN/LiquidationOfAssetsTableGrp/LiquidationOfAssetsDetail=43%.",high
MANY_NOT_REPEATING,/Return/ReturnData/IRS990ScheduleN/LiquidationOfAssetsTableGrp/LiquidationOfAssetsDetail/DistributionDt,SN_01_LTD_ASSET_DIST_DATE,SN-P01-T01-LIQUIDATION-TERMINATION-DISSOLUTION,accept,"","Genuine repeating group: the group element is the repeat_root in filings with 2+ rows and '' in single-row filings, so the high unrepeated share just means most filers report one row. Evidence: repeats in 30.9% of 31,152 filings, max 469/filing, TY2013-2024; repeat_root: ''=69% ; IRS990ScheduleN/LiquidationOfAssetsTableGrp/LiquidationOfAssetsDetail=31%.",high
MANY_NOT_REPEATING,/Return/ReturnData/IRS990ScheduleN/LiquidationOfAssetsTableGrp/LiquidationOfAssetsDetail/EIN,SN_01_LTD_RECIP_EIN,SN-P01-T01-LIQUIDATION-TERMINATION-DISSOLUTION,accept,"","Genuine repeating group: the group element is the repeat_root in filings with 2+ rows and '' in single-row filings, so the high unrepeated share just means most filers report one row. Evidence: repeats in 35.5% of 23,006 filings, max 469/filing, TY2013-2024; repeat_root: ''=63% ; IRS990ScheduleN/LiquidationOfAssetsTableGrp/LiquidationOfAssetsDetail=37%.",high
MANY_NOT_REPEATING,/Return/ReturnData/IRS990ScheduleN/LiquidationOfAssetsTableGrp/LiquidationOfAssetsDetail/FairMarketValueOfAssetAmt,SN_01_LTD_ASSET_DIST_FMV,SN-P01-T01-LIQUIDATION-TERMINATION-DISSOLUTION,accept,"","Genuine repeating group: the group element is the repeat_root in filings with 2+ rows and '' in single-row filings, so the high unrepeated share just means most filers report one row. Evidence: repeats in 32.1% of 29,912 filings, max 181/filing, TY2013-2024; repeat_root: ''=68% ; IRS990ScheduleN/LiquidationOfAssetsTableGrp/LiquidationOfAssetsDetail=32%.",high
MANY_NOT_REPEATING,/Return/ReturnData/IRS990ScheduleN/LiquidationOfAssetsTableGrp/LiquidationOfAssetsDetail/ForeignAddress/AddressLine1Txt,SN_01_LTD_RECIP_ADDR_L1,SN-P01-T01-LIQUIDATION-TERMINATION-DISSOLUTION,accept,"","Genuine repeating group: the group element is the repeat_root in filings with 2+ rows and '' in single-row filings, so the high unrepeated share just means most filers report one row. Evidence: repeats in 19.5% of 236 filings, max 150/filing, TY2014-2024; repeat_root: ''=60% ; IRS990ScheduleN/LiquidationOfAssetsTableGrp/LiquidationOfAssetsDetail=40%.",high
MANY_NOT_REPEATING,/Return/ReturnData/IRS990ScheduleN/LiquidationOfAssetsTableGrp/LiquidationOfAssetsDetail/ForeignAddress/AddressLine2Txt,SN_01_LTD_RECIP_ADDR_L2,SN-P01-T01-LIQUIDATION-TERMINATION-DISSOLUTION,accept,"","Genuine repeating group: the group element is the repeat_root in filings with 2+ rows and '' in single-row filings, so the high unrepeated share just means most filers report one row. Evidence: repeats in 20.0% of 20 filings, max 116/filing, TY2015-2024; repeat_root: ''=60% ; IRS990ScheduleN/LiquidationOfAssetsTableGrp/LiquidationOfAssetsDetail=40%.",high
MANY_NOT_REPEATING,/Return/ReturnData/IRS990ScheduleN/LiquidationOfAssetsTableGrp/LiquidationOfAssetsDetail/ForeignAddress/CityNm,SN_01_LTD_RECIP_ADDR_CITY,SN-P01-T01-LIQUIDATION-TERMINATION-DISSOLUTION,accept,"","Genuine repeating group: the group element is the repeat_root in filings with 2+ rows and '' in single-row filings, so the high unrepeated share just means most filers report one row. Evidence: repeats in 19.5% of 210 filings, max 149/filing, TY2014-2024; repeat_root: ''=60% ; IRS990ScheduleN/LiquidationOfAssetsTableGrp/LiquidationOfAssetsDetail=40%.",high
MANY_NOT_REPEATING,/Return/ReturnData/IRS990ScheduleN/LiquidationOfAssetsTableGrp/LiquidationOfAssetsDetail/ForeignAddress/CountryCd,SN_01_LTD_RECIP_ADDR_CNTR,SN-P01-T01-LIQUIDATION-TERMINATION-DISSOLUTION,accept,"","Genuine repeating group: the group element is the repeat_root in filings with 2+ rows and '' in single-row filings, so the high unrepeated share just means most filers report one row. Evidence: repeats in 19.5% of 236 filings, max 150/filing, TY2014-2024; repeat_root: ''=60% ; IRS990ScheduleN/LiquidationOfAssetsTableGrp/LiquidationOfAssetsDetail=40%.",high
MANY_NOT_REPEATING,/Return/ReturnData/IRS990ScheduleN/LiquidationOfAssetsTableGrp/LiquidationOfAssetsDetail/ForeignAddress/ForeignPostalCd,SN_01_LTD_RECIP_ADDR_ZIP,SN-P01-T01-LIQUIDATION-TERMINATION-DISSOLUTION,accept,"","Genuine repeating group: the group element is the repeat_root in filings with 2+ rows and '' in single-row filings, so the high unrepeated share just means most filers report one row. Evidence: repeats in 21.8% of 110 filings, max 12/filing, TY2014-2024; repeat_root: ''=62% ; IRS990ScheduleN/LiquidationOfAssetsTableGrp/LiquidationOfAssetsDetail=38%.",high
MANY_NOT_REPEATING,/Return/ReturnData/IRS990ScheduleN/LiquidationOfAssetsTableGrp/LiquidationOfAssetsDetail/ForeignAddress/PostalCode,SN_01_LTD_RECIP_ADDR_ZIP,SN-P01-T01-LIQUIDATION-TERMINATION-DISSOLUTION,accept,"","Sparse field (address line 2, foreign address, etc.) inside a genuine repeating group; too few filings to observe a repeat. Sibling xpaths of the same group repeat. Evidence: repeats in 0.0% of 3 filings, max 1/filing, TY2013-2013; repeat_root: ''=67% ; IRS990ScheduleN/LiquidationOfAssetsTableGrp/LiquidationOfAssetsDetail=33%.",high
MANY_NOT_REPEATING,/Return/ReturnData/IRS990ScheduleN/LiquidationOfAssetsTableGrp/LiquidationOfAssetsDetail/ForeignAddress/ProvinceOrStateNm,SN_01_LTD_RECIP_ADDR_STATE,SN-P01-T01-LIQUIDATION-TERMINATION-DISSOLUTION,accept,"","Genuine repeating group: the group element is the repeat_root in filings with 2+ rows and '' in single-row filings, so the high unrepeated share just means most filers report one row. Evidence: repeats in 22.1% of 113 filings, max 149/filing, TY2014-2024; repeat_root: ''=58% ; IRS990ScheduleN/LiquidationOfAssetsTableGrp/LiquidationOfAssetsDetail=42%.",high
MANY_NOT_REPEATING,/Return/ReturnData/IRS990ScheduleN/LiquidationOfAssetsTableGrp/LiquidationOfAssetsDetail/IRCSectionTxt,SN_01_LTD_RECIP_IRC_SECTION,SN-P01-T01-LIQUIDATION-TERMINATION-DISSOLUTION,accept,"","Genuine repeating group: the group element is the repeat_root in filings with 2+ rows and '' in single-row filings, so the high unrepeated share just means most filers report one row. Evidence: repeats in 33.9% of 25,207 filings, max 469/filing, TY2013-2024; repeat_root: ''=65% ; IRS990ScheduleN/LiquidationOfAssetsTableGrp/LiquidationOfAssetsDetail=35%.",high
MANY_NOT_REPEATING,/Return/ReturnData/IRS990ScheduleN/LiquidationOfAssetsTableGrp/LiquidationOfAssetsDetail/MethodOfFMVDeterminationTxt,SN_01_LTD_ASSET_DIST_FMV_METHOD,SN-P01-T01-LIQUIDATION-TERMINATION-DISSOLUTION,accept,"","Genuine repeating group: the group element is the repeat_root in filings with 2+ rows and '' in single-row filings, so the high unrepeated share just means most filers report one row. Evidence: repeats in 32.3% of 26,314 filings, max 469/filing, TY2013-2024; repeat_root: ''=67% ; IRS990ScheduleN/LiquidationOfAssetsTableGrp/LiquidationOfAssetsDetail=33%.",high
MANY_NOT_REPEATING,/Return/ReturnData/IRS990ScheduleN/LiquidationOfAssetsTableGrp/LiquidationOfAssetsDetail/PersonNm,SN_01_LTD_RECIP_NAME_PERS,SN-P01-T01-LIQUIDATION-TERMINATION-DISSOLUTION,accept,"","Genuine repeating group: the group element is the repeat_root in filings with 2+ rows and '' in single-row filings, so the high unrepeated share just means most filers report one row. Evidence: repeats in 27.4% of 9,946 filings, max 469/filing, TY2013-2024; repeat_root: ''=70% ; IRS990ScheduleN/LiquidationOfAssetsTableGrp/LiquidationOfAssetsDetail=30%.",high
MANY_NOT_REPEATING,/Return/ReturnData/IRS990ScheduleN/LiquidationOfAssetsTableGrp/LiquidationOfAssetsDetail/USAddress/AddressLine1,SN_01_LTD_RECIP_ADDR_L1,SN-P01-T01-LIQUIDATION-TERMINATION-DISSOLUTION,accept,"","Genuine repeating group: the group element is the repeat_root in filings with 2+ rows and '' in single-row filings, so the high unrepeated share just means most filers report one row. Evidence: repeats in 37.9% of 1,429 filings, max 85/filing, TY2013-2013; repeat_root: ''=61% ; IRS990ScheduleN/LiquidationOfAssetsTableGrp/LiquidationOfAssetsDetail=39%.",high
MANY_NOT_REPEATING,/Return/ReturnData/IRS990ScheduleN/LiquidationOfAssetsTableGrp/LiquidationOfAssetsDetail/USAddress/AddressLine1Txt,SN_01_LTD_RECIP_ADDR_L1,SN-P01-T01-LIQUIDATION-TERMINATION-DISSOLUTION,accept,"","Genuine repeating group: the group element is the repeat_root in filings with 2+ rows and '' in single-row filings, so the high unrepeated share just means most filers report one row. Evidence: repeats in 33.7% of 25,817 filings, max 469/filing, TY2014-2024; repeat_root: ''=66% ; IRS990ScheduleN/LiquidationOfAssetsTableGrp/LiquidationOfAssetsDetail=34%.",high
MANY_NOT_REPEATING,/Return/ReturnData/IRS990ScheduleN/LiquidationOfAssetsTableGrp/LiquidationOfAssetsDetail/USAddress/AddressLine2Txt,SN_01_LTD_RECIP_ADDR_L2,SN-P01-T01-LIQUIDATION-TERMINATION-DISSOLUTION,accept,"","Genuine repeating group: the group element is the repeat_root in filings with 2+ rows and '' in single-row filings, so the high unrepeated share just means most filers report one row. Evidence: repeats in 22.2% of 708 filings, max 14/filing, TY2014-2024; repeat_root: ''=61% ; IRS990ScheduleN/LiquidationOfAssetsTableGrp/LiquidationOfAssetsDetail=39%.",high
MANY_NOT_REPEATING,/Return/ReturnData/IRS990ScheduleN/LiquidationOfAssetsTableGrp/LiquidationOfAssetsDetail/USAddress/City,SN_01_LTD_RECIP_ADDR_CITY,SN-P01-T01-LIQUIDATION-TERMINATION-DISSOLUTION,accept,"","Genuine repeating group: the group element is the repeat_root in filings with 2+ rows and '' in single-row filings, so the high unrepeated share just means most filers report one row. Evidence: repeats in 37.9% of 1,429 filings, max 85/filing, TY2013-2013; repeat_root: ''=61% ; IRS990ScheduleN/LiquidationOfAssetsTableGrp/LiquidationOfAssetsDetail=39%.",high
MANY_NOT_REPEATING,/Return/ReturnData/IRS990ScheduleN/LiquidationOfAssetsTableGrp/LiquidationOfAssetsDetail/USAddress/CityNm,SN_01_LTD_RECIP_ADDR_CITY,SN-P01-T01-LIQUIDATION-TERMINATION-DISSOLUTION,accept,"","Genuine repeating group: the group element is the repeat_root in filings with 2+ rows and '' in single-row filings, so the high unrepeated share just means most filers report one row. Evidence: repeats in 33.7% of 25,817 filings, max 469/filing, TY2014-2024; repeat_root: ''=66% ; IRS990ScheduleN/LiquidationOfAssetsTableGrp/LiquidationOfAssetsDetail=34%.",high
MANY_NOT_REPEATING,/Return/ReturnData/IRS990ScheduleN/LiquidationOfAssetsTableGrp/LiquidationOfAssetsDetail/USAddress/State,SN_01_LTD_RECIP_ADDR_STATE,SN-P01-T01-LIQUIDATION-TERMINATION-DISSOLUTION,accept,"","Genuine repeating group: the group element is the repeat_root in filings with 2+ rows and '' in single-row filings, so the high unrepeated share just means most filers report one row. Evidence: repeats in 37.9% of 1,429 filings, max 85/filing, TY2013-2013; repeat_root: ''=61% ; IRS990ScheduleN/LiquidationOfAssetsTableGrp/LiquidationOfAssetsDetail=39%.",high
MANY_NOT_REPEATING,/Return/ReturnData/IRS990ScheduleN/LiquidationOfAssetsTableGrp/LiquidationOfAssetsDetail/USAddress/StateAbbreviationCd,SN_01_LTD_RECIP_ADDR_STATE,SN-P01-T01-LIQUIDATION-TERMINATION-DISSOLUTION,accept,"","Genuine repeating group: the group element is the repeat_root in filings with 2+ rows and '' in single-row filings, so the high unrepeated share just means most filers report one row. Evidence: repeats in 33.7% of 25,817 filings, max 469/filing, TY2014-2024; repeat_root: ''=66% ; IRS990ScheduleN/LiquidationOfAssetsTableGrp/LiquidationOfAssetsDetail=34%.",high
MANY_NOT_REPEATING,/Return/ReturnData/IRS990ScheduleN/LiquidationOfAssetsTableGrp/LiquidationOfAssetsDetail/USAddress/ZIPCd,SN_01_LTD_RECIP_ADDR_ZIP,SN-P01-T01-LIQUIDATION-TERMINATION-DISSOLUTION,accept,"","Genuine repeating group: the group element is the repeat_root in filings with 2+ rows and '' in single-row filings, so the high unrepeated share just means most filers report one row. Evidence: repeats in 33.7% of 25,817 filings, max 469/filing, TY2014-2024; repeat_root: ''=66% ; IRS990ScheduleN/LiquidationOfAssetsTableGrp/LiquidationOfAssetsDetail=34%.",high
MANY_NOT_REPEATING,/Return/ReturnData/IRS990ScheduleN/LiquidationOfAssetsTableGrp/LiquidationOfAssetsDetail/USAddress/ZIPCode,SN_01_LTD_RECIP_ADDR_ZIP,SN-P01-T01-LIQUIDATION-TERMINATION-DISSOLUTION,accept,"","Genuine repeating group: the group element is the repeat_root in filings with 2+ rows and '' in single-row filings, so the high unrepeated share just means most filers report one row. Evidence: repeats in 37.9% of 1,429 filings, max 85/filing, TY2013-2013; repeat_root: ''=61% ; IRS990ScheduleN/LiquidationOfAssetsTableGrp/LiquidationOfAssetsDetail=39%.",high
MANY_NOT_REPEATING,/Return/ReturnData/IRS990ScheduleN/LiquidationTable/LiquidationDetail/AddressForeign/AddressLine1,SN_01_LTD_RECIP_ADDR_L1,SN-P01-T01-LIQUIDATION-TERMINATION-DISSOLUTION,accept,"","Genuine repeating group: the group element is the repeat_root in filings with 2+ rows and '' in single-row filings, so the high unrepeated share just means most filers report one row. Evidence: repeats in 14.3% of 14 filings, max 3/filing, TY2010-2012; repeat_root: ''=57% ; IRS990ScheduleN/LiquidationTable/LiquidationDetail=43%.",high
MANY_NOT_REPEATING,/Return/ReturnData/IRS990ScheduleN/LiquidationTable/LiquidationDetail/AddressForeign/AddressLine2,SN_01_LTD_RECIP_ADDR_L2,SN-P01-T01-LIQUIDATION-TERMINATION-DISSOLUTION,accept,"","Sparse field (address line 2, foreign address, etc.) inside a genuine repeating group; too few filings to observe a repeat. Sibling xpaths of the same group repeat. Evidence: repeats in 0.0% of 1 filings, max 1/filing, TY2011-2011; repeat_root: ''=100%.",high
MANY_NOT_REPEATING,/Return/ReturnData/IRS990ScheduleN/LiquidationTable/LiquidationDetail/AddressForeign/City,SN_01_LTD_RECIP_ADDR_CITY,SN-P01-T01-LIQUIDATION-TERMINATION-DISSOLUTION,accept,"","Genuine repeating group: the group element is the repeat_root in filings with 2+ rows and '' in single-row filings, so the high unrepeated share just means most filers report one row. Evidence: repeats in 16.7% of 12 filings, max 3/filing, TY2010-2012; repeat_root: ''=58% ; IRS990ScheduleN/LiquidationTable/LiquidationDetail=42%.",high
MANY_NOT_REPEATING,/Return/ReturnData/IRS990ScheduleN/LiquidationTable/LiquidationDetail/AddressForeign/Country,SN_01_LTD_RECIP_ADDR_CNTR,SN-P01-T01-LIQUIDATION-TERMINATION-DISSOLUTION,accept,"","Genuine repeating group: the group element is the repeat_root in filings with 2+ rows and '' in single-row filings, so the high unrepeated share just means most filers report one row. Evidence: repeats in 14.3% of 14 filings, max 3/filing, TY2010-2012; repeat_root: ''=57% ; IRS990ScheduleN/LiquidationTable/LiquidationDetail=43%.",high
MANY_NOT_REPEATING,/Return/ReturnData/IRS990ScheduleN/LiquidationTable/LiquidationDetail/AddressForeign/PostalCode,SN_01_LTD_RECIP_ADDR_ZIP,SN-P01-T01-LIQUIDATION-TERMINATION-DISSOLUTION,accept,"","Genuine repeating group: the group element is the repeat_root in filings with 2+ rows and '' in single-row filings, so the high unrepeated share just means most filers report one row. Evidence: repeats in 20.0% of 5 filings, max 3/filing, TY2010-2012; repeat_root: ''=60% ; IRS990ScheduleN/LiquidationTable/LiquidationDetail=40%.",high
MANY_NOT_REPEATING,/Return/ReturnData/IRS990ScheduleN/LiquidationTable/LiquidationDetail/AddressUS/AddressLine1,SN_01_LTD_RECIP_ADDR_L1,SN-P01-T01-LIQUIDATION-TERMINATION-DISSOLUTION,accept,"","Genuine repeating group: the group element is the repeat_root in filings with 2+ rows and '' in single-row filings, so the high unrepeated share just means most filers report one row. Evidence: repeats in 36.3% of 2,980 filings, max 27/filing, TY2009-2012; repeat_root: ''=63% ; IRS990ScheduleN/LiquidationTable/LiquidationDetail=37%.",high
MANY_NOT_REPEATING,/Return/ReturnData/IRS990ScheduleN/LiquidationTable/LiquidationDetail/AddressUS/City,SN_01_LTD_RECIP_ADDR_CITY,SN-P01-T01-LIQUIDATION-TERMINATION-DISSOLUTION,accept,"","Genuine repeating group: the group element is the repeat_root in filings with 2+ rows and '' in single-row filings, so the high unrepeated share just means most filers report one row. Evidence: repeats in 36.3% of 2,980 filings, max 27/filing, TY2009-2012; repeat_root: ''=63% ; IRS990ScheduleN/LiquidationTable/LiquidationDetail=37%.",high
MANY_NOT_REPEATING,/Return/ReturnData/IRS990ScheduleN/LiquidationTable/LiquidationDetail/AddressUS/State,SN_01_LTD_RECIP_ADDR_STATE,SN-P01-T01-LIQUIDATION-TERMINATION-DISSOLUTION,accept,"","Genuine repeating group: the group element is the repeat_root in filings with 2+ rows and '' in single-row filings, so the high unrepeated share just means most filers report one row. Evidence: repeats in 36.3% of 2,980 filings, max 27/filing, TY2009-2012; repeat_root: ''=63% ; IRS990ScheduleN/LiquidationTable/LiquidationDetail=37%.",high
MANY_NOT_REPEATING,/Return/ReturnData/IRS990ScheduleN/LiquidationTable/LiquidationDetail/AddressUS/ZIPCode,SN_01_LTD_RECIP_ADDR_ZIP,SN-P01-T01-LIQUIDATION-TERMINATION-DISSOLUTION,accept,"","Genuine repeating group: the group element is the repeat_root in filings with 2+ rows and '' in single-row filings, so the high unrepeated share just means most filers report one row. Evidence: repeats in 36.3% of 2,980 filings, max 27/filing, TY2009-2012; repeat_root: ''=63% ; IRS990ScheduleN/LiquidationTable/LiquidationDetail=37%.",high
MANY_NOT_REPEATING,/Return/ReturnData/IRS990ScheduleN/LiquidationTable/LiquidationDetail/DateOfDistribution,SN_01_LTD_ASSET_DIST_DATE,SN-P01-T01-LIQUIDATION-TERMINATION-DISSOLUTION,accept,"","Genuine repeating group: the group element is the repeat_root in filings with 2+ rows and '' in single-row filings, so the high unrepeated share just means most filers report one row. Evidence: repeats in 35.2% of 3,150 filings, max 58/filing, TY2009-2012; repeat_root: ''=64% ; IRS990ScheduleN/LiquidationTable/LiquidationDetail=36%.",high
MANY_NOT_REPEATING,/Return/ReturnData/IRS990ScheduleN/LiquidationTable/LiquidationDetail/DescriptionOfAsset,SN_01_LTD_ASSET_DIST_DESC,SN-P01-T01-LIQUIDATION-TERMINATION-DISSOLUTION,accept,"","Genuine repeating group: the group element is the repeat_root in filings with 2+ rows and '' in single-row filings, so the high unrepeated share just means most filers report one row. Evidence: repeats in 32.6% of 3,489 filings, max 58/filing, TY2009-2012; repeat_root: ''=67% ; IRS990ScheduleN/LiquidationTable/LiquidationDetail=33%.",high
MANY_NOT_REPEATING,/Return/ReturnData/IRS990ScheduleN/LiquidationTable/LiquidationDetail/EIN,SN_01_LTD_RECIP_EIN,SN-P01-T01-LIQUIDATION-TERMINATION-DISSOLUTION,accept,"","Genuine repeating group: the group element is the repeat_root in filings with 2+ rows and '' in single-row filings, so the high unrepeated share just means most filers report one row. Evidence: repeats in 36.5% of 2,686 filings, max 34/filing, TY2009-2012; repeat_root: ''=62% ; IRS990ScheduleN/LiquidationTable/LiquidationDetail=38%.",high
MANY_NOT_REPEATING,/Return/ReturnData/IRS990ScheduleN/LiquidationTable/LiquidationDetail/FMVOfAsset,SN_01_LTD_ASSET_DIST_FMV,SN-P01-T01-LIQUIDATION-TERMINATION-DISSOLUTION,accept,"","Genuine repeating group: the group element is the repeat_root in filings with 2+ rows and '' in single-row filings, so the high unrepeated share just means most filers report one row. Evidence: repeats in 36.6% of 3,007 filings, max 58/filing, TY2009-2012; repeat_root: ''=63% ; IRS990ScheduleN/LiquidationTable/LiquidationDetail=37%.",high
MANY_NOT_REPEATING,/Return/ReturnData/IRS990ScheduleN/LiquidationTable/LiquidationDetail/IRCSection,SN_01_LTD_RECIP_IRC_SECTION,SN-P01-T01-LIQUIDATION-TERMINATION-DISSOLUTION,accept,"","Genuine repeating group: the group element is the repeat_root in filings with 2+ rows and '' in single-row filings, so the high unrepeated share just means most filers report one row. Evidence: repeats in 36.3% of 2,866 filings, max 34/filing, TY2009-2012; repeat_root: ''=63% ; IRS990ScheduleN/LiquidationTable/LiquidationDetail=37%.",high
MANY_NOT_REPEATING,/Return/ReturnData/IRS990ScheduleN/LiquidationTable/LiquidationDetail/MethodOfFMVDetermination,SN_01_LTD_ASSET_DIST_FMV_METHOD,SN-P01-T01-LIQUIDATION-TERMINATION-DISSOLUTION,accept,"","Genuine repeating group: the group element is the repeat_root in filings with 2+ rows and '' in single-row filings, so the high unrepeated share just means most filers report one row. Evidence: repeats in 36.1% of 2,809 filings, max 58/filing, TY2009-2012; repeat_root: ''=63% ; IRS990ScheduleN/LiquidationTable/LiquidationDetail=37%.",high
MANY_NOT_REPEATING,/Return/ReturnData/IRS990ScheduleN/LiquidationTable/LiquidationDetail/NameBusiness/BusinessNameLine1,SN_01_LTD_RECIP_NAME_ORG_L1,SN-P01-T01-LIQUIDATION-TERMINATION-DISSOLUTION,accept,"","Genuine repeating group: the group element is the repeat_root in filings with 2+ rows and '' in single-row filings, so the high unrepeated share just means most filers report one row. Evidence: repeats in 38.5% of 1,897 filings, max 27/filing, TY2009-2012; repeat_root: ''=60% ; IRS990ScheduleN/LiquidationTable/LiquidationDetail=40%.",high
MANY_NOT_REPEATING,/Return/ReturnData/IRS990ScheduleN/LiquidationTable/LiquidationDetail/NamePerson,SN_01_LTD_RECIP_NAME_PERS,SN-P01-T01-LIQUIDATION-TERMINATION-DISSOLUTION,accept,"","Genuine repeating group: the group element is the repeat_root in filings with 2+ rows and '' in single-row filings, so the high unrepeated share just means most filers report one row. Evidence: repeats in 30.3% of 947 filings, max 34/filing, TY2009-2012; repeat_root: ''=66% ; IRS990ScheduleN/LiquidationTable/LiquidationDetail=34%.",high
MANY_NOT_REPEATING,/Return/ReturnData/IRS990ScheduleN/DispositionOfAssetsDetail/AssetsDistriOrExpnssPaidDesc,SN_02_DOA_ASSET_DIST_DESC,SN-P02-T01-DISPOSITION-OF-ASSETS,accept,"","Genuine repeating group: the group element is the repeat_root in filings with 2+ rows and '' in single-row filings, so the high unrepeated share just means most filers report one row. Evidence: repeats in 26.6% of 14,190 filings, max 167/filing, TY2013-2024; repeat_root: ''=73% ; IRS990ScheduleN/DispositionOfAssetsDetail=27%.",high
MANY_NOT_REPEATING,/Return/ReturnData/IRS990ScheduleN/DispositionOfAssetsDetail/BusinessName/BusinessNameLine1,SN_02_DOA_RECIP_NAME_ORG_L1,SN-P02-T01-DISPOSITION-OF-ASSETS,accept,"","Genuine repeating group: the group element is the repeat_root in filings with 2+ rows and '' in single-row filings, so the high unrepeated share just means most filers report one row. Evidence: repeats in 29.2% of 637 filings, max 22/filing, TY2013-2013; repeat_root: ''=68% ; IRS990ScheduleN/DispositionOfAssetsDetail=32%.",high
MANY_NOT_REPEATING,/Return/ReturnData/IRS990ScheduleN/DispositionOfAssetsDetail/BusinessName/BusinessNameLine1Txt,SN_02_DOA_RECIP_NAME_ORG_L1,SN-P02-T01-DISPOSITION-OF-ASSETS,accept,"","Genuine repeating group: the group element is the repeat_root in filings with 2+ rows and '' in single-row filings, so the high unrepeated share just means most filers report one row. Evidence: repeats in 28.2% of 7,889 filings, max 167/filing, TY2014-2024; repeat_root: ''=71% ; IRS990ScheduleN/DispositionOfAssetsDetail=29%.",high
MANY_NOT_REPEATING,/Return/ReturnData/IRS990ScheduleN/DispositionOfAssetsDetail/BusinessName/BusinessNameLine2,SN_02_DOA_RECIP_NAME_ORG_L2,SN-P02-T01-DISPOSITION-OF-ASSETS,accept,"","Genuine repeating group: the group element is the repeat_root in filings with 2+ rows and '' in single-row filings, so the high unrepeated share just means most filers report one row. Evidence: repeats in 14.3% of 14 filings, max 4/filing, TY2013-2013; repeat_root: ''=71% ; IRS990ScheduleN/DispositionOfAssetsDetail=29%.",high
MANY_NOT_REPEATING,/Return/ReturnData/IRS990ScheduleN/DispositionOfAssetsDetail/BusinessName/BusinessNameLine2Txt,SN_02_DOA_RECIP_NAME_ORG_L2,SN-P02-T01-DISPOSITION-OF-ASSETS,accept,"","Genuine repeating group: the group element is the repeat_root in filings with 2+ rows and '' in single-row filings, so the high unrepeated share just means most filers report one row. Evidence: repeats in 25.3% of 257 filings, max 16/filing, TY2014-2024; repeat_root: ''=68% ; IRS990ScheduleN/DispositionOfAssetsDetail=32%.",high
MANY_NOT_REPEATING,/Return/ReturnData/IRS990ScheduleN/DispositionOfAssetsDetail/DistributionDt,SN_02_DOA_ASSET_DIST_DATE,SN-P02-T01-DISPOSITION-OF-ASSETS,accept,"","Genuine repeating group: the group element is the repeat_root in filings with 2+ rows and '' in single-row filings, so the high unrepeated share just means most filers report one row. Evidence: repeats in 26.9% of 13,728 filings, max 167/filing, TY2013-2024; repeat_root: ''=73% ; IRS990ScheduleN/DispositionOfAssetsDetail=27%.",high
MANY_NOT_REPEATING,/Return/ReturnData/IRS990ScheduleN/DispositionOfAssetsDetail/EIN,SN_02_DOA_RECIP_EIN,SN-P02-T01-DISPOSITION-OF-ASSETS,accept,"","Genuine repeating group: the group element is the repeat_root in filings with 2+ rows and '' in single-row filings, so the high unrepeated share just means most filers report one row. Evidence: repeats in 28.4% of 10,312 filings, max 165/filing, TY2013-2024; repeat_root: ''=70% ; IRS990ScheduleN/DispositionOfAssetsDetail=30%.",high
MANY_NOT_REPEATING,/Return/ReturnData/IRS990ScheduleN/DispositionOfAssetsDetail/FairMarketValueOfAssetAmt,SN_02_DOA_ASSET_DIST_FMV,SN-P02-T01-DISPOSITION-OF-ASSETS,accept,"","Genuine repeating group: the group element is the repeat_root in filings with 2+ rows and '' in single-row filings, so the high unrepeated share just means most filers report one row. Evidence: repeats in 27.0% of 13,689 filings, max 167/filing, TY2013-2024; repeat_root: ''=73% ; IRS990ScheduleN/DispositionOfAssetsDetail=27%.",high
MANY_NOT_REPEATING,/Return/ReturnData/IRS990ScheduleN/DispositionOfAssetsDetail/ForeignAddress/AddressLine1Txt,SN_02_DOA_RECIP_ADDR_L1,SN-P02-T01-DISPOSITION-OF-ASSETS,accept,"","Genuine repeating group: the group element is the repeat_root in filings with 2+ rows and '' in single-row filings, so the high unrepeated share just means most filers report one row. Evidence: repeats in 32.4% of 185 filings, max 35/filing, TY2014-2024; repeat_root: ''=59% ; IRS990ScheduleN/DispositionOfAssetsDetail=41%.",high
MANY_NOT_REPEATING,/Return/ReturnData/IRS990ScheduleN/DispositionOfAssetsDetail/ForeignAddress/CityNm,SN_02_DOA_RECIP_ADDR_CITY,SN-P02-T01-DISPOSITION-OF-ASSETS,accept,"","Genuine repeating group: the group element is the repeat_root in filings with 2+ rows and '' in single-row filings, so the high unrepeated share just means most filers report one row. Evidence: repeats in 33.3% of 165 filings, max 35/filing, TY2014-2024; repeat_root: ''=58% ; IRS990ScheduleN/DispositionOfAssetsDetail=42%.",high
MANY_NOT_REPEATING,/Return/ReturnData/IRS990ScheduleN/DispositionOfAssetsDetail/ForeignAddress/CountryCd,SN_02_DOA_RECIP_ADDR_CNTR,SN-P02-T01-DISPOSITION-OF-ASSETS,accept,"","Genuine repeating group: the group element is the repeat_root in filings with 2+ rows and '' in single-row filings, so the high unrepeated share just means most filers report one row. Evidence: repeats in 32.4% of 185 filings, max 35/filing, TY2014-2024; repeat_root: ''=59% ; IRS990ScheduleN/DispositionOfAssetsDetail=41%.",high
MANY_NOT_REPEATING,/Return/ReturnData/IRS990ScheduleN/DispositionOfAssetsDetail/ForeignAddress/ForeignPostalCd,SN_02_DOA_RECIP_ADDR_ZIP,SN-P02-T01-DISPOSITION-OF-ASSETS,accept,"","Genuine repeating group: the group element is the repeat_root in filings with 2+ rows and '' in single-row filings, so the high unrepeated share just means most filers report one row. Evidence: repeats in 21.4% of 84 filings, max 35/filing, TY2014-2024; repeat_root: ''=67% ; IRS990ScheduleN/DispositionOfAssetsDetail=33%.",high
MANY_NOT_REPEATING,/Return/ReturnData/IRS990ScheduleN/DispositionOfAssetsDetail/ForeignAddress/ProvinceOrStateNm,SN_02_DOA_RECIP_ADDR_STATE,SN-P02-T01-DISPOSITION-OF-ASSETS,accept,"","Genuine repeating group: the group element is the repeat_root in filings with 2+ rows and '' in single-row filings, so the high unrepeated share just means most filers report one row. Evidence: repeats in 23.8% of 101 filings, max 15/filing, TY2014-2024; repeat_root: ''=64% ; IRS990ScheduleN/DispositionOfAssetsDetail=36%.",high
MANY_NOT_REPEATING,/Return/ReturnData/IRS990ScheduleN/DispositionOfAssetsDetail/IRCSectionTxt,SN_02_DOA_RECIP_IRC_SECTION,SN-P02-T01-DISPOSITION-OF-ASSETS,accept,"","Genuine repeating group: the group element is the repeat_root in filings with 2+ rows and '' in single-row filings, so the high unrepeated share just means most filers report one row. Evidence: repeats in 27.9% of 11,345 filings, max 167/filing, TY2013-2024; repeat_root: ''=71% ; IRS990ScheduleN/DispositionOfAssetsDetail=29%.",high
MANY_NOT_REPEATING,/Return/ReturnData/IRS990ScheduleN/DispositionOfAssetsDetail/MethodOfFMVDeterminationTxt,SN_02_DOA_ASSET_DIST_FMV_METHOD,SN-P02-T01-DISPOSITION-OF-ASSETS,accept,"","Genuine repeating group: the group element is the repeat_root in filings with 2+ rows and '' in single-row filings, so the high unrepeated share just means most filers report one row. Evidence: repeats in 26.8% of 12,683 filings, max 167/filing, TY2013-2024; repeat_root: ''=73% ; IRS990ScheduleN/DispositionOfAssetsDetail=27%.",high
MANY_NOT_REPEATING,/Return/ReturnData/IRS990ScheduleN/DispositionOfAssetsDetail/PersonNm,SN_02_DOA_RECIP_NAME_PERS,SN-P02-T01-DISPOSITION-OF-ASSETS,accept,"","Genuine repeating group: the group element is the repeat_root in filings with 2+ rows and '' in single-row filings, so the high unrepeated share just means most filers report one row. Evidence: repeats in 24.4% of 4,740 filings, max 167/filing, TY2013-2024; repeat_root: ''=73% ; IRS990ScheduleN/DispositionOfAssetsDetail=27%.",high
MANY_NOT_REPEATING,/Return/ReturnData/IRS990ScheduleN/DispositionOfAssetsDetail/USAddress/AddressLine1,SN_02_DOA_RECIP_ADDR_L1,SN-P02-T01-DISPOSITION-OF-ASSETS,accept,"","Genuine repeating group: the group element is the repeat_root in filings with 2+ rows and '' in single-row filings, so the high unrepeated share just means most filers report one row. Evidence: repeats in 29.4% of 868 filings, max 50/filing, TY2013-2013; repeat_root: ''=70% ; IRS990ScheduleN/DispositionOfAssetsDetail=30%.",high
MANY_NOT_REPEATING,/Return/ReturnData/IRS990ScheduleN/DispositionOfAssetsDetail/USAddress/AddressLine1Txt,SN_02_DOA_RECIP_ADDR_L1,SN-P02-T01-DISPOSITION-OF-ASSETS,accept,"","Genuine repeating group: the group element is the repeat_root in filings with 2+ rows and '' in single-row filings, so the high unrepeated share just means most filers report one row. Evidence: repeats in 27.2% of 11,669 filings, max 167/filing, TY2014-2024; repeat_root: ''=72% ; IRS990ScheduleN/DispositionOfAssetsDetail=28%.",high
MANY_NOT_REPEATING,/Return/ReturnData/IRS990ScheduleN/DispositionOfAssetsDetail/USAddress/AddressLine2,SN_02_DOA_RECIP_ADDR_L2,SN-P02-T01-DISPOSITION-OF-ASSETS,accept,"","Genuine repeating group: the group element is the repeat_root in filings with 2+ rows and '' in single-row filings, so the high unrepeated share just means most filers report one row. Evidence: repeats in 19.2% of 26 filings, max 4/filing, TY2013-2013; repeat_root: ''=58% ; IRS990ScheduleN/DispositionOfAssetsDetail=42%.",high
MANY_NOT_REPEATING,/Return/ReturnData/IRS990ScheduleN/DispositionOfAssetsDetail/USAddress/AddressLine2Txt,SN_02_DOA_RECIP_ADDR_L2,SN-P02-T01-DISPOSITION-OF-ASSETS,accept,"","Genuine repeating group: the group element is the repeat_root in filings with 2+ rows and '' in single-row filings, so the high unrepeated share just means most filers report one row. Evidence: repeats in 20.3% of 340 filings, max 16/filing, TY2014-2024; repeat_root: ''=68% ; IRS990ScheduleN/DispositionOfAssetsDetail=32%.",high
MANY_NOT_REPEATING,/Return/ReturnData/IRS990ScheduleN/DispositionOfAssetsDetail/USAddress/City,SN_02_DOA_RECIP_ADDR_CITY,SN-P02-T01-DISPOSITION-OF-ASSETS,accept,"","Genuine repeating group: the group element is the repeat_root in filings with 2+ rows and '' in single-row filings, so the high unrepeated share just means most filers report one row. Evidence: repeats in 29.4% of 868 filings, max 50/filing, TY2013-2013; repeat_root: ''=70% ; IRS990ScheduleN/DispositionOfAssetsDetail=30%.",high
MANY_NOT_REPEATING,/Return/ReturnData/IRS990ScheduleN/DispositionOfAssetsDetail/USAddress/CityNm,SN_02_DOA_RECIP_ADDR_CITY,SN-P02-T01-DISPOSITION-OF-ASSETS,accept,"","Genuine repeating group: the group element is the repeat_root in filings with 2+ rows and '' in single-row filings, so the high unrepeated share just means most filers report one row. Evidence: repeats in 27.2% of 11,669 filings, max 167/filing, TY2014-2024; repeat_root: ''=72% ; IRS990ScheduleN/DispositionOfAssetsDetail=28%.",high
MANY_NOT_REPEATING,/Return/ReturnData/IRS990ScheduleN/DispositionOfAssetsDetail/USAddress/State,SN_02_DOA_RECIP_ADDR_STATE,SN-P02-T01-DISPOSITION-OF-ASSETS,accept,"","Genuine repeating group: the group element is the repeat_root in filings with 2+ rows and '' in single-row filings, so the high unrepeated share just means most filers report one row. Evidence: repeats in 29.4% of 868 filings, max 50/filing, TY2013-2013; repeat_root: ''=70% ; IRS990ScheduleN/DispositionOfAssetsDetail=30%.",high
MANY_NOT_REPEATING,/Return/ReturnData/IRS990ScheduleN/DispositionOfAssetsDetail/USAddress/StateAbbreviationCd,SN_02_DOA_RECIP_ADDR_STATE,SN-P02-T01-DISPOSITION-OF-ASSETS,accept,"","Genuine repeating group: the group element is the repeat_root in filings with 2+ rows and '' in single-row filings, so the high unrepeated share just means most filers report one row. Evidence: repeats in 27.2% of 11,669 filings, max 167/filing, TY2014-2024; repeat_root: ''=72% ; IRS990ScheduleN/DispositionOfAssetsDetail=28%.",high
MANY_NOT_REPEATING,/Return/ReturnData/IRS990ScheduleN/DispositionOfAssetsDetail/USAddress/ZIPCd,SN_02_DOA_RECIP_ADDR_ZIP,SN-P02-T01-DISPOSITION-OF-ASSETS,accept,"","Genuine repeating group: the group element is the repeat_root in filings with 2+ rows and '' in single-row filings, so the high unrepeated share just means most filers report one row. Evidence: repeats in 27.2% of 11,669 filings, max 167/filing, TY2014-2024; repeat_root: ''=72% ; IRS990ScheduleN/DispositionOfAssetsDetail=28%.",high
MANY_NOT_REPEATING,/Return/ReturnData/IRS990ScheduleN/DispositionOfAssetsDetail/USAddress/ZIPCode,SN_02_DOA_RECIP_ADDR_ZIP,SN-P02-T01-DISPOSITION-OF-ASSETS,accept,"","Genuine repeating group: the group element is the repeat_root in filings with 2+ rows and '' in single-row filings, so the high unrepeated share just means most filers report one row. Evidence: repeats in 29.4% of 868 filings, max 50/filing, TY2013-2013; repeat_root: ''=70% ; IRS990ScheduleN/DispositionOfAssetsDetail=30%.",high
MANY_NOT_REPEATING,/Return/ReturnData/IRS990ScheduleN/DispositionTable/AddressForeign/AddressLine1,SN_02_DOA_RECIP_ADDR_L1,SN-P02-T01-DISPOSITION-OF-ASSETS,accept,"","Genuine repeating group: the group element is the repeat_root in filings with 2+ rows and '' in single-row filings, so the high unrepeated share just means most filers report one row. Evidence: repeats in 34.2% of 38 filings, max 12/filing, TY2009-2012; repeat_root: ''=53% ; IRS990ScheduleN/DispositionTable=47%.",high
MANY_NOT_REPEATING,/Return/ReturnData/IRS990ScheduleN/DispositionTable/AddressForeign/City,SN_02_DOA_RECIP_ADDR_CITY,SN-P02-T01-DISPOSITION-OF-ASSETS,accept,"","Genuine repeating group: the group element is the repeat_root in filings with 2+ rows and '' in single-row filings, so the high unrepeated share just means most filers report one row. Evidence: repeats in 33.3% of 33 filings, max 12/filing, TY2009-2012; repeat_root: ''=52% ; IRS990ScheduleN/DispositionTable=48%.",high
MANY_NOT_REPEATING,/Return/ReturnData/IRS990ScheduleN/DispositionTable/AddressForeign/Country,SN_02_DOA_RECIP_ADDR_CNTR,SN-P02-T01-DISPOSITION-OF-ASSETS,accept,"","Genuine repeating group: the group element is the repeat_root in filings with 2+ rows and '' in single-row filings, so the high unrepeated share just means most filers report one row. Evidence: repeats in 34.2% of 38 filings, max 12/filing, TY2009-2012; repeat_root: ''=53% ; IRS990ScheduleN/DispositionTable=47%.",high
MANY_NOT_REPEATING,/Return/ReturnData/IRS990ScheduleN/DispositionTable/AddressUS/AddressLine1,SN_02_DOA_RECIP_ADDR_L1,SN-P02-T01-DISPOSITION-OF-ASSETS,accept,"","Genuine repeating group: the group element is the repeat_root in filings with 2+ rows and '' in single-row filings, so the high unrepeated share just means most filers report one row. Evidence: repeats in 26.4% of 2,276 filings, max 74/filing, TY2009-2012; repeat_root: ''=73% ; IRS990ScheduleN/DispositionTable=27%.",high
MANY_NOT_REPEATING,/Return/ReturnData/IRS990ScheduleN/DispositionTable/AddressUS/AddressLine2,SN_02_DOA_RECIP_ADDR_L2,SN-P02-T01-DISPOSITION-OF-ASSETS,accept,"","Genuine repeating group: the group element is the repeat_root in filings with 2+ rows and '' in single-row filings, so the high unrepeated share just means most filers report one row. Evidence: repeats in 21.6% of 51 filings, max 6/filing, TY2009-2012; repeat_root: ''=75% ; IRS990ScheduleN/DispositionTable=25%.",high
MANY_NOT_REPEATING,/Return/ReturnData/IRS990ScheduleN/DispositionTable/AddressUS/City,SN_02_DOA_RECIP_ADDR_CITY,SN-P02-T01-DISPOSITION-OF-ASSETS,accept,"","Genuine repeating group: the group element is the repeat_root in filings with 2+ rows and '' in single-row filings, so the high unrepeated share just means most filers report one row. Evidence: repeats in 26.4% of 2,276 filings, max 74/filing, TY2009-2012; repeat_root: ''=73% ; IRS990ScheduleN/DispositionTable=27%.",high
MANY_NOT_REPEATING,/Return/ReturnData/IRS990ScheduleN/DispositionTable/AddressUS/State,SN_02_DOA_RECIP_ADDR_STATE,SN-P02-T01-DISPOSITION-OF-ASSETS,accept,"","Genuine repeating group: the group element is the repeat_root in filings with 2+ rows and '' in single-row filings, so the high unrepeated share just means most filers report one row. Evidence: repeats in 26.4% of 2,276 filings, max 74/filing, TY2009-2012; repeat_root: ''=73% ; IRS990ScheduleN/DispositionTable=27%.",high
MANY_NOT_REPEATING,/Return/ReturnData/IRS990ScheduleN/DispositionTable/AddressUS/ZIPCode,SN_02_DOA_RECIP_ADDR_ZIP,SN-P02-T01-DISPOSITION-OF-ASSETS,accept,"","Genuine repeating group: the group element is the repeat_root in filings with 2+ rows and '' in single-row filings, so the high unrepeated share just means most filers report one row. Evidence: repeats in 26.4% of 2,276 filings, max 74/filing, TY2009-2012; repeat_root: ''=73% ; IRS990ScheduleN/DispositionTable=27%.",high
MANY_NOT_REPEATING,/Return/ReturnData/IRS990ScheduleN/DispositionTable/DateOfDistribution,SN_02_DOA_ASSET_DIST_DATE,SN-P02-T01-DISPOSITION-OF-ASSETS,accept,"","Genuine repeating group: the group element is the repeat_root in filings with 2+ rows and '' in single-row filings, so the high unrepeated share just means most filers report one row. Evidence: repeats in 26.5% of 2,400 filings, max 74/filing, TY2009-2012; repeat_root: ''=73% ; IRS990ScheduleN/DispositionTable=27%.",high
MANY_NOT_REPEATING,/Return/ReturnData/IRS990ScheduleN/DispositionTable/DescriptionOfAsset,SN_02_DOA_ASSET_DIST_DESC,SN-P02-T01-DISPOSITION-OF-ASSETS,accept,"","Genuine repeating group: the group element is the repeat_root in filings with 2+ rows and '' in single-row filings, so the high unrepeated share just means most filers report one row. Evidence: repeats in 26.3% of 2,523 filings, max 74/filing, TY2009-2012; repeat_root: ''=74% ; IRS990ScheduleN/DispositionTable=26%.",high
MANY_NOT_REPEATING,/Return/ReturnData/IRS990ScheduleN/DispositionTable/EIN,SN_02_DOA_RECIP_EIN,SN-P02-T01-DISPOSITION-OF-ASSETS,accept,"","Genuine repeating group: the group element is the repeat_root in filings with 2+ rows and '' in single-row filings, so the high unrepeated share just means most filers report one row. Evidence: repeats in 27.2% of 1,964 filings, max 74/filing, TY2009-2012; repeat_root: ''=71% ; IRS990ScheduleN/DispositionTable=29%.",high
MANY_NOT_REPEATING,/Return/ReturnData/IRS990ScheduleN/DispositionTable/FMVOfAsset,SN_02_DOA_ASSET_DIST_FMV,SN-P02-T01-DISPOSITION-OF-ASSETS,accept,"","Genuine repeating group: the group element is the repeat_root in filings with 2+ rows and '' in single-row filings, so the high unrepeated share just means most filers report one row. Evidence: repeats in 26.7% of 2,429 filings, max 74/filing, TY2009-2012; repeat_root: ''=73% ; IRS990ScheduleN/DispositionTable=27%.",high
MANY_NOT_REPEATING,/Return/ReturnData/IRS990ScheduleN/DispositionTable/IRCSection,SN_02_DOA_RECIP_IRC_SECTION,SN-P02-T01-DISPOSITION-OF-ASSETS,accept,"","Genuine repeating group: the group element is the repeat_root in filings with 2+ rows and '' in single-row filings, so the high unrepeated share just means most filers report one row. Evidence: repeats in 26.3% of 2,199 filings, max 74/filing, TY2009-2012; repeat_root: ''=73% ; IRS990ScheduleN/DispositionTable=27%.",high
MANY_NOT_REPEATING,/Return/ReturnData/IRS990ScheduleN/DispositionTable/MethodOfFMVDetermination,SN_02_DOA_ASSET_DIST_FMV_METHOD,SN-P02-T01-DISPOSITION-OF-ASSETS,accept,"","Genuine repeating group: the group element is the repeat_root in filings with 2+ rows and '' in single-row filings, so the high unrepeated share just means most filers report one row. Evidence: repeats in 26.4% of 2,249 filings, max 74/filing, TY2009-2012; repeat_root: ''=73% ; IRS990ScheduleN/DispositionTable=27%.",high
MANY_NOT_REPEATING,/Return/ReturnData/IRS990ScheduleN/DispositionTable/NameBusiness/BusinessNameLine1,SN_02_DOA_RECIP_NAME_ORG_L1,SN-P02-T01-DISPOSITION-OF-ASSETS,accept,"","Genuine repeating group: the group element is the repeat_root in filings with 2+ rows and '' in single-row filings, so the high unrepeated share just means most filers report one row. Evidence: repeats in 27.0% of 1,701 filings, max 74/filing, TY2009-2012; repeat_root: ''=72% ; IRS990ScheduleN/DispositionTable=28%.",high
MANY_NOT_REPEATING,/Return/ReturnData/IRS990ScheduleN/DispositionTable/NameBusiness/BusinessNameLine2,SN_02_DOA_RECIP_NAME_ORG_L2,SN-P02-T01-DISPOSITION-OF-ASSETS,accept,"","Genuine repeating group: the group element is the repeat_root in filings with 2+ rows and '' in single-row filings, so the high unrepeated share just means most filers report one row. Evidence: repeats in 15.8% of 38 filings, max 7/filing, TY2009-2012; repeat_root: ''=71% ; IRS990ScheduleN/DispositionTable=29%.",high
MANY_NOT_REPEATING,/Return/ReturnData/IRS990ScheduleN/DispositionTable/NamePerson,SN_02_DOA_RECIP_NAME_PERS,SN-P02-T01-DISPOSITION-OF-ASSETS,accept,"","Genuine repeating group: the group element is the repeat_root in filings with 2+ rows and '' in single-row filings, so the high unrepeated share just means most filers report one row. Evidence: repeats in 24.9% of 687 filings, max 33/filing, TY2009-2012; repeat_root: ''=73% ; IRS990ScheduleN/DispositionTable=27%.",high
MANY_NOT_REPEATING,/Return/ReturnData/IRS990ScheduleR/Form990ScheduleRPartI/AddressUS/AddressLine1,SR_01_DISREG_ENTITY_ADDR_L1,SR-P01-T01-ID-DISREGARDED-ENTITIES,accept,"","Genuine repeating group: the group element is the repeat_root in filings with 2+ rows and '' in single-row filings, so the high unrepeated share just means most filers report one row. Evidence: repeats in 41.7% of 15,198 filings, max 187/filing, TY2009-2012; repeat_root: ''=58% ; IRS990ScheduleR/Form990ScheduleRPartI=42%.",high
MANY_NOT_REPEATING,/Return/ReturnData/IRS990ScheduleR/Form990ScheduleRPartI/AddressUS/AddressLine2,SR_01_DISREG_ENTITY_ADDR_L2,SR-P01-T01-ID-DISREGARDED-ENTITIES,accept,"","Genuine repeating group: the group element is the repeat_root in filings with 2+ rows and '' in single-row filings, so the high unrepeated share just means most filers report one row. Evidence: repeats in 25.0% of 128 filings, max 8/filing, TY2009-2012; repeat_root: ''=67% ; IRS990ScheduleR/Form990ScheduleRPartI=33%.",high
MANY_NOT_REPEATING,/Return/ReturnData/IRS990ScheduleR/Form990ScheduleRPartI/AddressUS/City,SR_01_DISREG_ENTITY_ADDR_CITY,SR-P01-T01-ID-DISREGARDED-ENTITIES,accept,"","Genuine repeating group: the group element is the repeat_root in filings with 2+ rows and '' in single-row filings, so the high unrepeated share just means most filers report one row. Evidence: repeats in 41.7% of 15,198 filings, max 187/filing, TY2009-2012; repeat_root: ''=58% ; IRS990ScheduleR/Form990ScheduleRPartI=42%.",high
MANY_NOT_REPEATING,/Return/ReturnData/IRS990ScheduleR/Form990ScheduleRPartI/AddressUS/State,SR_01_DISREG_ENTITY_ADDR_STATE,SR-P01-T01-ID-DISREGARDED-ENTITIES,accept,"","Genuine repeating group: the group element is the repeat_root in filings with 2+ rows and '' in single-row filings, so the high unrepeated share just means most filers report one row. Evidence: repeats in 41.7% of 15,198 filings, max 187/filing, TY2009-2012; repeat_root: ''=58% ; IRS990ScheduleR/Form990ScheduleRPartI=42%.",high
MANY_NOT_REPEATING,/Return/ReturnData/IRS990ScheduleR/Form990ScheduleRPartI/AddressUS/ZIPCode,SR_01_DISREG_ENTITY_ADDR_ZIP,SR-P01-T01-ID-DISREGARDED-ENTITIES,accept,"","Genuine repeating group: the group element is the repeat_root in filings with 2+ rows and '' in single-row filings, so the high unrepeated share just means most filers report one row. Evidence: repeats in 41.7% of 15,198 filings, max 187/filing, TY2009-2012; repeat_root: ''=58% ; IRS990ScheduleR/Form990ScheduleRPartI=42%.",high
MANY_NOT_REPEATING,/Return/ReturnData/IRS990ScheduleR/Form990ScheduleRPartI/DirectControllingEntityNA,SR_01_DISREG_ENTITY_CTRL_NA,SR-P01-T01-ID-DISREGARDED-ENTITIES,accept,"","Genuine repeating group: the group element is the repeat_root in filings with 2+ rows and '' in single-row filings, so the high unrepeated share just means most filers report one row. Evidence: repeats in 44.1% of 3,616 filings, max 49/filing, TY2009-2012; repeat_root: ''=53% ; IRS990ScheduleR/Form990ScheduleRPartI=47%.",high
MANY_NOT_REPEATING,/Return/ReturnData/IRS990ScheduleR/Form990ScheduleRPartI/DirectControllingEntityName/BusinessNameLine1,SR_01_DISREG_ENTITY_CTRL_NAME_L1,SR-P01-T01-ID-DISREGARDED-ENTITIES,accept,"","Genuine repeating group: the group element is the repeat_root in filings with 2+ rows and '' in single-row filings, so the high unrepeated share just means most filers report one row. Evidence: repeats in 41.6% of 10,753 filings, max 90/filing, TY2009-2012; repeat_root: ''=57% ; IRS990ScheduleR/Form990ScheduleRPartI=43%.",high
MANY_NOT_REPEATING,/Return/ReturnData/IRS990ScheduleR/Form990ScheduleRPartI/DirectControllingEntityName/BusinessNameLine2,SR_01_DISREG_ENTITY_CTRL_NAME_L2,SR-P01-T01-ID-DISREGARDED-ENTITIES,accept,"","Genuine repeating group: the group element is the repeat_root in filings with 2+ rows and '' in single-row filings, so the high unrepeated share just means most filers report one row. Evidence: repeats in 29.4% of 194 filings, max 20/filing, TY2009-2012; repeat_root: ''=69% ; IRS990ScheduleR/Form990ScheduleRPartI=31%.",high
MANY_NOT_REPEATING,/Return/ReturnData/IRS990ScheduleR/Form990ScheduleRPartI/EIN,SR_01_DISREG_ENTITY_EIN,SR-P01-T01-ID-DISREGARDED-ENTITIES,accept,"","Genuine repeating group: the group element is the repeat_root in filings with 2+ rows and '' in single-row filings, so the high unrepeated share just means most filers report one row. Evidence: repeats in 40.8% of 13,589 filings, max 90/filing, TY2009-2012; repeat_root: ''=56% ; IRS990ScheduleR/Form990ScheduleRPartI=44%.",high
MANY_NOT_REPEATING,/Return/ReturnData/IRS990ScheduleR/Form990ScheduleRPartI/EOYAssets,SR_01_DISREG_ENTITY_ASSETS_EOY,SR-P01-T01-ID-DISREGARDED-ENTITIES,accept,"","Genuine repeating group: the group element is the repeat_root in filings with 2+ rows and '' in single-row filings, so the high unrepeated share just means most filers report one row. Evidence: repeats in 38.0% of 11,815 filings, max 88/filing, TY2009-2012; repeat_root: ''=60% ; IRS990ScheduleR/Form990ScheduleRPartI=40%.",high
MANY_NOT_REPEATING,/Return/ReturnData/IRS990ScheduleR/Form990ScheduleRPartI/LegalDomicileState,SR_01_DISREG_ENTITY_DMCL_STATE,SR-P01-T01-ID-DISREGARDED-ENTITIES,accept,"","Genuine repeating group: the group element is the repeat_root in filings with 2+ rows and '' in single-row filings, so the high unrepeated share just means most filers report one row. Evidence: repeats in 41.4% of 15,269 filings, max 187/filing, TY2009-2012; repeat_root: ''=58% ; IRS990ScheduleR/Form990ScheduleRPartI=42%.",high
MANY_NOT_REPEATING,/Return/ReturnData/IRS990ScheduleR/Form990ScheduleRPartI/NameOfDisregardedEntity/BusinessNameLine1,SR_01_DISREG_ENTITY_NAME_L1,SR-P01-T01-ID-DISREGARDED-ENTITIES,accept,"","Genuine repeating group: the group element is the repeat_root in filings with 2+ rows and '' in single-row filings, so the high unrepeated share just means most filers report one row. Evidence: repeats in 41.5% of 15,511 filings, max 187/filing, TY2009-2012; repeat_root: ''=58% ; IRS990ScheduleR/Form990ScheduleRPartI=42%.",high
MANY_NOT_REPEATING,/Return/ReturnData/IRS990ScheduleR/Form990ScheduleRPartI/NameOfDisregardedEntity/BusinessNameLine2,SR_01_DISREG_ENTITY_NAME_L2,SR-P01-T01-ID-DISREGARDED-ENTITIES,accept,"","Genuine repeating group: the group element is the repeat_root in filings with 2+ rows and '' in single-row filings, so the high unrepeated share just means most filers report one row. Evidence: repeats in 20.0% of 165 filings, max 9/filing, TY2009-2012; repeat_root: ''=68% ; IRS990ScheduleR/Form990ScheduleRPartI=32%.",high
MANY_NOT_REPEATING,/Return/ReturnData/IRS990ScheduleR/Form990ScheduleRPartI/PrimaryActivities,SR_01_DISREG_ENTITY_PRIMARY_ACT,SR-P01-T01-ID-DISREGARDED-ENTITIES,accept,"","Genuine repeating group: the group element is the repeat_root in filings with 2+ rows and '' in single-row filings, so the high unrepeated share just means most filers report one row. Evidence: repeats in 41.8% of 15,293 filings, max 90/filing, TY2009-2012; repeat_root: ''=58% ; IRS990ScheduleR/Form990ScheduleRPartI=42%.",high
MANY_NOT_REPEATING,/Return/ReturnData/IRS990ScheduleR/Form990ScheduleRPartI/TotalIncome,SR_01_DISREG_ENTITY_INCOME_TOT,SR-P01-T01-ID-DISREGARDED-ENTITIES,accept,"","Genuine repeating group: the group element is the repeat_root in filings with 2+ rows and '' in single-row filings, so the high unrepeated share just means most filers report one row. Evidence: repeats in 37.2% of 11,512 filings, max 83/filing, TY2009-2012; repeat_root: ''=59% ; IRS990ScheduleR/Form990ScheduleRPartI=41%.",high
MANY_NOT_REPEATING,/Return/ReturnData/IRS990ScheduleR/IdDisregardedEntitiesGrp/DirectControllingEntityName/BusinessNameLine1,SR_01_DISREG_ENTITY_CTRL_NAME_L1,SR-P01-T01-ID-DISREGARDED-ENTITIES,accept,"","Genuine repeating group: the group element is the repeat_root in filings with 2+ rows and '' in single-row filings, so the high unrepeated share just means most filers report one row. Evidence: repeats in 41.0% of 4,574 filings, max 90/filing, TY2013-2013; repeat_root: ''=58% ; IRS990ScheduleR/IdDisregardedEntitiesGrp=42%.",high
MANY_NOT_REPEATING,/Return/ReturnData/IRS990ScheduleR/IdDisregardedEntitiesGrp/DirectControllingEntityName/BusinessNameLine1Txt,SR_01_DISREG_ENTITY_CTRL_NAME_L1,SR-P01-T01-ID-DISREGARDED-ENTITIES,accept,"","Genuine repeating group: the group element is the repeat_root in filings with 2+ rows and '' in single-row filings, so the high unrepeated share just means most filers report one row. Evidence: repeats in 41.3% of 80,980 filings, max 412/filing, TY2014-2024; repeat_root: ''=58% ; IRS990ScheduleR/IdDisregardedEntitiesGrp=42%.",high
MANY_NOT_REPEATING,/Return/ReturnData/IRS990ScheduleR/IdDisregardedEntitiesGrp/DirectControllingEntityName/BusinessNameLine2,SR_01_DISREG_ENTITY_CTRL_NAME_L2,SR-P01-T01-ID-DISREGARDED-ENTITIES,accept,"","Genuine repeating group: the group element is the repeat_root in filings with 2+ rows and '' in single-row filings, so the high unrepeated share just means most filers report one row. Evidence: repeats in 28.6% of 91 filings, max 20/filing, TY2013-2013; repeat_root: ''=69% ; IRS990ScheduleR/IdDisregardedEntitiesGrp=31%.",high
MANY_NOT_REPEATING,/Return/ReturnData/IRS990ScheduleR/IdDisregardedEntitiesGrp/DirectControllingEntityName/BusinessNameLine2Txt,SR_01_DISREG_ENTITY_CTRL_NAME_L2,SR-P01-T01-ID-DISREGARDED-ENTITIES,accept,"","Genuine repeating group: the group element is the repeat_root in filings with 2+ rows and '' in single-row filings, so the high unrepeated share just means most filers report one row. Evidence: repeats in 23.0% of 2,183 filings, max 57/filing, TY2014-2024; repeat_root: ''=75% ; IRS990ScheduleR/IdDisregardedEntitiesGrp=25%.",high
MANY_NOT_REPEATING,/Return/ReturnData/IRS990ScheduleR/IdDisregardedEntitiesGrp/DirectControllingNACd,SR_01_DISREG_ENTITY_CTRL_NA,SR-P01-T01-ID-DISREGARDED-ENTITIES,accept,"","Genuine repeating group: the group element is the repeat_root in filings with 2+ rows and '' in single-row filings, so the high unrepeated share just means most filers report one row. Evidence: repeats in 44.1% of 11,165 filings, max 1024/filing, TY2013-2024; repeat_root: ''=53% ; IRS990ScheduleR/IdDisregardedEntitiesGrp=47%.",high
MANY_NOT_REPEATING,/Return/ReturnData/IRS990ScheduleR/IdDisregardedEntitiesGrp/DisregardedEntityName/BusinessNameLine1,SR_01_DISREG_ENTITY_NAME_L1,SR-P01-T01-ID-DISREGARDED-ENTITIES,accept,"","Genuine repeating group: the group element is the repeat_root in filings with 2+ rows and '' in single-row filings, so the high unrepeated share just means most filers report one row. Evidence: repeats in 41.8% of 5,777 filings, max 187/filing, TY2013-2013; repeat_root: ''=58% ; IRS990ScheduleR/IdDisregardedEntitiesGrp=42%.",high
MANY_NOT_REPEATING,/Return/ReturnData/IRS990ScheduleR/IdDisregardedEntitiesGrp/DisregardedEntityName/BusinessNameLine1Txt,SR_01_DISREG_ENTITY_NAME_L1,SR-P01-T01-ID-DISREGARDED-ENTITIES,accept,"","Genuine repeating group: the group element is the repeat_root in filings with 2+ rows and '' in single-row filings, so the high unrepeated share just means most filers report one row. Evidence: repeats in 41.8% of 96,292 filings, max 1024/filing, TY2014-2024; repeat_root: ''=58% ; IRS990ScheduleR/IdDisregardedEntitiesGrp=42%.",high
MANY_NOT_REPEATING,/Return/ReturnData/IRS990ScheduleR/IdDisregardedEntitiesGrp/DisregardedEntityName/BusinessNameLine2,SR_01_DISREG_ENTITY_NAME_L2,SR-P01-T01-ID-DISREGARDED-ENTITIES,accept,"","Genuine repeating group: the group element is the repeat_root in filings with 2+ rows and '' in single-row filings, so the high unrepeated share just means most filers report one row. Evidence: repeats in 23.2% of 56 filings, max 8/filing, TY2013-2013; repeat_root: ''=64% ; IRS990ScheduleR/IdDisregardedEntitiesGrp=36%.",high
MANY_NOT_REPEATING,/Return/ReturnData/IRS990ScheduleR/IdDisregardedEntitiesGrp/DisregardedEntityName/BusinessNameLine2Txt,SR_01_DISREG_ENTITY_NAME_L2,SR-P01-T01-ID-DISREGARDED-ENTITIES,accept,"","Genuine repeating group: the group element is the repeat_root in filings with 2+ rows and '' in single-row filings, so the high unrepeated share just means most filers report one row. Evidence: repeats in 21.3% of 1,003 filings, max 14/filing, TY2014-2024; repeat_root: ''=61% ; IRS990ScheduleR/IdDisregardedEntitiesGrp=39%.",high
MANY_NOT_REPEATING,/Return/ReturnData/IRS990ScheduleR/IdDisregardedEntitiesGrp/EIN,SR_01_DISREG_ENTITY_EIN,SR-P01-T01-ID-DISREGARDED-ENTITIES,accept,"","Genuine repeating group: the group element is the repeat_root in filings with 2+ rows and '' in single-row filings, so the high unrepeated share just means most filers report one row. Evidence: repeats in 41.7% of 85,788 filings, max 1020/filing, TY2013-2024; repeat_root: ''=55% ; IRS990ScheduleR/IdDisregardedEntitiesGrp=45%.",high
MANY_NOT_REPEATING,/Return/ReturnData/IRS990ScheduleR/IdDisregardedEntitiesGrp/EndOfYearAssetsAmt,SR_01_DISREG_ENTITY_ASSETS_EOY,SR-P01-T01-ID-DISREGARDED-ENTITIES,accept,"","Genuine repeating group: the group element is the repeat_root in filings with 2+ rows and '' in single-row filings, so the high unrepeated share just means most filers report one row. Evidence: repeats in 39.3% of 78,233 filings, max 412/filing, TY2013-2024; repeat_root: ''=59% ; IRS990ScheduleR/IdDisregardedEntitiesGrp=41%.",high
MANY_NOT_REPEATING,/Return/ReturnData/IRS990ScheduleR/IdDisregardedEntitiesGrp/LegalDomicileStateCd,SR_01_DISREG_ENTITY_DMCL_STATE,SR-P01-T01-ID-DISREGARDED-ENTITIES,accept,"","Genuine repeating group: the group element is the repeat_root in filings with 2+ rows and '' in single-row filings, so the high unrepeated share just means most filers report one row. Evidence: repeats in 41.6% of 100,187 filings, max 412/filing, TY2013-2024; repeat_root: ''=58% ; IRS990ScheduleR/IdDisregardedEntitiesGrp=42%.",high
MANY_NOT_REPEATING,/Return/ReturnData/IRS990ScheduleR/IdDisregardedEntitiesGrp/PrimaryActivitiesTxt,SR_01_DISREG_ENTITY_PRIMARY_ACT,SR-P01-T01-ID-DISREGARDED-ENTITIES,accept,"","Genuine repeating group: the group element is the repeat_root in filings with 2+ rows and '' in single-row filings, so the high unrepeated share just means most filers report one row. Evidence: repeats in 42.0% of 100,482 filings, max 412/filing, TY2013-2024; repeat_root: ''=58% ; IRS990ScheduleR/IdDisregardedEntitiesGrp=42%.",high
MANY_NOT_REPEATING,/Return/ReturnData/IRS990ScheduleR/IdDisregardedEntitiesGrp/TotalIncomeAmt,SR_01_DISREG_ENTITY_INCOME_TOT,SR-P01-T01-ID-DISREGARDED-ENTITIES,accept,"","Genuine repeating group: the group element is the repeat_root in filings with 2+ rows and '' in single-row filings, so the high unrepeated share just means most filers report one row. Evidence: repeats in 39.4% of 74,980 filings, max 412/filing, TY2013-2024; repeat_root: ''=58% ; IRS990ScheduleR/IdDisregardedEntitiesGrp=42%.",high
MANY_NOT_REPEATING,/Return/ReturnData/IRS990ScheduleR/IdDisregardedEntitiesGrp/USAddress/AddressLine1,SR_01_DISREG_ENTITY_ADDR_L1,SR-P01-T01-ID-DISREGARDED-ENTITIES,accept,"","Genuine repeating group: the group element is the repeat_root in filings with 2+ rows and '' in single-row filings, so the high unrepeated share just means most filers report one row. Evidence: repeats in 41.6% of 5,674 filings, max 187/filing, TY2013-2013; repeat_root: ''=58% ; IRS990ScheduleR/IdDisregardedEntitiesGrp=42%.",high
MANY_NOT_REPEATING,/Return/ReturnData/IRS990ScheduleR/IdDisregardedEntitiesGrp/USAddress/AddressLine1Txt,SR_01_DISREG_ENTITY_ADDR_L1,SR-P01-T01-ID-DISREGARDED-ENTITIES,accept,"","Genuine repeating group: the group element is the repeat_root in filings with 2+ rows and '' in single-row filings, so the high unrepeated share just means most filers report one row. Evidence: repeats in 41.7% of 94,365 filings, max 1024/filing, TY2014-2024; repeat_root: ''=58% ; IRS990ScheduleR/IdDisregardedEntitiesGrp=42%.",high
MANY_NOT_REPEATING,/Return/ReturnData/IRS990ScheduleR/IdDisregardedEntitiesGrp/USAddress/AddressLine2,SR_01_DISREG_ENTITY_ADDR_L2,SR-P01-T01-ID-DISREGARDED-ENTITIES,accept,"","Genuine repeating group: the group element is the repeat_root in filings with 2+ rows and '' in single-row filings, so the high unrepeated share just means most filers report one row. Evidence: repeats in 32.1% of 56 filings, max 5/filing, TY2013-2013; repeat_root: ''=59% ; IRS990ScheduleR/IdDisregardedEntitiesGrp=41%.",high
MANY_NOT_REPEATING,/Return/ReturnData/IRS990ScheduleR/IdDisregardedEntitiesGrp/USAddress/City,SR_01_DISREG_ENTITY_ADDR_CITY,SR-P01-T01-ID-DISREGARDED-ENTITIES,accept,"","Genuine repeating group: the group element is the repeat_root in filings with 2+ rows and '' in single-row filings, so the high unrepeated share just means most filers report one row. Evidence: repeats in 41.6% of 5,674 filings, max 187/filing, TY2013-2013; repeat_root: ''=58% ; IRS990ScheduleR/IdDisregardedEntitiesGrp=42%.",high
MANY_NOT_REPEATING,/Return/ReturnData/IRS990ScheduleR/IdDisregardedEntitiesGrp/USAddress/CityNm,SR_01_DISREG_ENTITY_ADDR_CITY,SR-P01-T01-ID-DISREGARDED-ENTITIES,accept,"","Genuine repeating group: the group element is the repeat_root in filings with 2+ rows and '' in single-row filings, so the high unrepeated share just means most filers report one row. Evidence: repeats in 41.7% of 94,365 filings, max 1024/filing, TY2014-2024; repeat_root: ''=58% ; IRS990ScheduleR/IdDisregardedEntitiesGrp=42%.",high
MANY_NOT_REPEATING,/Return/ReturnData/IRS990ScheduleR/IdDisregardedEntitiesGrp/USAddress/State,SR_01_DISREG_ENTITY_ADDR_STATE,SR-P01-T01-ID-DISREGARDED-ENTITIES,accept,"","Genuine repeating group: the group element is the repeat_root in filings with 2+ rows and '' in single-row filings, so the high unrepeated share just means most filers report one row. Evidence: repeats in 41.6% of 5,674 filings, max 187/filing, TY2013-2013; repeat_root: ''=58% ; IRS990ScheduleR/IdDisregardedEntitiesGrp=42%.",high
MANY_NOT_REPEATING,/Return/ReturnData/IRS990ScheduleR/IdDisregardedEntitiesGrp/USAddress/StateAbbreviationCd,SR_01_DISREG_ENTITY_ADDR_STATE,SR-P01-T01-ID-DISREGARDED-ENTITIES,accept,"","Genuine repeating group: the group element is the repeat_root in filings with 2+ rows and '' in single-row filings, so the high unrepeated share just means most filers report one row. Evidence: repeats in 41.7% of 94,365 filings, max 1024/filing, TY2014-2024; repeat_root: ''=58% ; IRS990ScheduleR/IdDisregardedEntitiesGrp=42%.",high
MANY_NOT_REPEATING,/Return/ReturnData/IRS990ScheduleR/IdDisregardedEntitiesGrp/USAddress/ZIPCd,SR_01_DISREG_ENTITY_ADDR_ZIP,SR-P01-T01-ID-DISREGARDED-ENTITIES,accept,"","Genuine repeating group: the group element is the repeat_root in filings with 2+ rows and '' in single-row filings, so the high unrepeated share just means most filers report one row. Evidence: repeats in 41.7% of 94,365 filings, max 1024/filing, TY2014-2024; repeat_root: ''=58% ; IRS990ScheduleR/IdDisregardedEntitiesGrp=42%.",high
MANY_NOT_REPEATING,/Return/ReturnData/IRS990ScheduleR/IdDisregardedEntitiesGrp/USAddress/ZIPCode,SR_01_DISREG_ENTITY_ADDR_ZIP,SR-P01-T01-ID-DISREGARDED-ENTITIES,accept,"","Genuine repeating group: the group element is the repeat_root in filings with 2+ rows and '' in single-row filings, so the high unrepeated share just means most filers report one row. Evidence: repeats in 41.6% of 5,674 filings, max 187/filing, TY2013-2013; repeat_root: ''=58% ; IRS990ScheduleR/IdDisregardedEntitiesGrp=42%.",high
MANY_NOT_REPEATING,/Return/ReturnData/IRS990ScheduleR/Form990ScheduleRPartII/AddressUS/AddressLine2,SR_02_RLTD_ORG_ADDR_L2,SR-P02-T01-ID-RLTD-TAX-EXEMPED-ORGS,accept,"","Genuine repeating group: the group element is the repeat_root in filings with 2+ rows and '' in single-row filings, so the high unrepeated share just means most filers report one row. Evidence: repeats in 35.8% of 1,325 filings, max 24/filing, TY2009-2012; repeat_root: ''=55% ; IRS990ScheduleR/Form990ScheduleRPartII=45%.",high
MANY_NOT_REPEATING,/Return/ReturnData/IRS990ScheduleR/IdRelatedTaxExemptOrgGrp/ControlledOrganizationInd,SR_02_RLTD_ORG_CTRL_512_X,SR-P02-T01-ID-RLTD-TAX-EXEMPED-ORGS,accept,"","Genuine repeating group: the group element is the repeat_root in filings with 2+ rows and '' in single-row filings, so the high unrepeated share just means most filers report one row. Evidence: repeats in 48.3% of 699,707 filings, max 993/filing, TY2013-2024; repeat_root: ''=52% ; IRS990ScheduleR/IdRelatedTaxExemptOrgGrp=48%.",high
MANY_NOT_REPEATING,/Return/ReturnData/IRS990ScheduleR/IdRelatedTaxExemptOrgGrp/DisregardedEntityName/BusinessNameLine1,SR_02_RLTD_ORG_NAME_L1,SR-P02-T01-ID-RLTD-TAX-EXEMPED-ORGS,accept,"","Genuine repeating group: the group element is the repeat_root in filings with 2+ rows and '' in single-row filings, so the high unrepeated share just means most filers report one row. Evidence: repeats in 49.4% of 48,298 filings, max 835/filing, TY2013-2013; repeat_root: ''=51% ; IRS990ScheduleR/IdRelatedTaxExemptOrgGrp=49%.",high
MANY_NOT_REPEATING,/Return/ReturnData/IRS990ScheduleR/IdRelatedTaxExemptOrgGrp/DisregardedEntityName/BusinessNameLine1Txt,SR_02_RLTD_ORG_NAME_L1,SR-P02-T01-ID-RLTD-TAX-EXEMPED-ORGS,accept,"","Genuine repeating group: the group element is the repeat_root in filings with 2+ rows and '' in single-row filings, so the high unrepeated share just means most filers report one row. Evidence: repeats in 48.0% of 663,836 filings, max 993/filing, TY2014-2024; repeat_root: ''=52% ; IRS990ScheduleR/IdRelatedTaxExemptOrgGrp=48%.",high
MANY_NOT_REPEATING,/Return/ReturnData/IRS990ScheduleR/IdRelatedTaxExemptOrgGrp/DisregardedEntityName/BusinessNameLine2,SR_02_RLTD_ORG_NAME_L2,SR-P02-T01-ID-RLTD-TAX-EXEMPED-ORGS,accept,"","Genuine repeating group: the group element is the repeat_root in filings with 2+ rows and '' in single-row filings, so the high unrepeated share just means most filers report one row. Evidence: repeats in 28.4% of 991 filings, max 19/filing, TY2013-2013; repeat_root: ''=53% ; IRS990ScheduleR/IdRelatedTaxExemptOrgGrp=47%.",high
MANY_NOT_REPEATING,/Return/ReturnData/IRS990ScheduleR/IdRelatedTaxExemptOrgGrp/EIN,SR_02_RLTD_ORG_EIN,SR-P02-T01-ID-RLTD-TAX-EXEMPED-ORGS,accept,"","Genuine repeating group: the group element is the repeat_root in filings with 2+ rows and '' in single-row filings, so the high unrepeated share just means most filers report one row. Evidence: repeats in 48.2% of 678,819 filings, max 993/filing, TY2013-2024; repeat_root: ''=51% ; IRS990ScheduleR/IdRelatedTaxExemptOrgGrp=49%.",high
MANY_NOT_REPEATING,/Return/ReturnData/IRS990ScheduleR/IdRelatedTaxExemptOrgGrp/ExemptCodeSectionTxt,SR_02_RLTD_ORG_EXEMPT_CODE,SR-P02-T01-ID-RLTD-TAX-EXEMPED-ORGS,accept,"","Genuine repeating group: the group element is the repeat_root in filings with 2+ rows and '' in single-row filings, so the high unrepeated share just means most filers report one row. Evidence: repeats in 48.7% of 680,750 filings, max 993/filing, TY2013-2024; repeat_root: ''=51% ; IRS990ScheduleR/IdRelatedTaxExemptOrgGrp=49%.",high
MANY_NOT_REPEATING,/Return/ReturnData/IRS990ScheduleR/IdRelatedTaxExemptOrgGrp/ForeignAddress/AddressLine2,SR_02_RLTD_ORG_ADDR_L2,SR-P02-T01-ID-RLTD-TAX-EXEMPED-ORGS,accept,"","Genuine repeating group: the group element is the repeat_root in filings with 2+ rows and '' in single-row filings, so the high unrepeated share just means most filers report one row. Evidence: repeats in 23.3% of 30 filings, max 8/filing, TY2013-2013; repeat_root: ''=53% ; IRS990ScheduleR/IdRelatedTaxExemptOrgGrp=47%.",high
MANY_NOT_REPEATING,/Return/ReturnData/IRS990ScheduleR/IdRelatedTaxExemptOrgGrp/LegalDomicileStateCd,SR_02_RLTD_ORG_DMCL_STATE,SR-P02-T01-ID-RLTD-TAX-EXEMPED-ORGS,accept,"","Genuine repeating group: the group element is the repeat_root in filings with 2+ rows and '' in single-row filings, so the high unrepeated share just means most filers report one row. Evidence: repeats in 48.0% of 695,300 filings, max 993/filing, TY2013-2024; repeat_root: ''=51% ; IRS990ScheduleR/IdRelatedTaxExemptOrgGrp=49%.",high
MANY_NOT_REPEATING,/Return/ReturnData/IRS990ScheduleR/IdRelatedTaxExemptOrgGrp/PrimaryActivitiesTxt,SR_02_RLTD_ORG_PRIMARY_ACT,SR-P02-T01-ID-RLTD-TAX-EXEMPED-ORGS,accept,"","Genuine repeating group: the group element is the repeat_root in filings with 2+ rows and '' in single-row filings, so the high unrepeated share just means most filers report one row. Evidence: repeats in 48.5% of 694,732 filings, max 993/filing, TY2013-2024; repeat_root: ''=51% ; IRS990ScheduleR/IdRelatedTaxExemptOrgGrp=49%.",high
MANY_NOT_REPEATING,/Return/ReturnData/IRS990ScheduleR/IdRelatedTaxExemptOrgGrp/USAddress/AddressLine1,SR_02_RLTD_ORG_ADDR_L1,SR-P02-T01-ID-RLTD-TAX-EXEMPED-ORGS,accept,"","Genuine repeating group: the group element is the repeat_root in filings with 2+ rows and '' in single-row filings, so the high unrepeated share just means most filers report one row. Evidence: repeats in 49.2% of 47,596 filings, max 835/filing, TY2013-2013; repeat_root: ''=50% ; IRS990ScheduleR/IdRelatedTaxExemptOrgGrp=50%.",high
MANY_NOT_REPEATING,/Return/ReturnData/IRS990ScheduleR/IdRelatedTaxExemptOrgGrp/USAddress/AddressLine1Txt,SR_02_RLTD_ORG_ADDR_L1,SR-P02-T01-ID-RLTD-TAX-EXEMPED-ORGS,accept,"","Genuine repeating group: the group element is the repeat_root in filings with 2+ rows and '' in single-row filings, so the high unrepeated share just means most filers report one row. Evidence: repeats in 47.9% of 651,290 filings, max 993/filing, TY2014-2024; repeat_root: ''=52% ; IRS990ScheduleR/IdRelatedTaxExemptOrgGrp=48%.",high
MANY_NOT_REPEATING,/Return/ReturnData/IRS990ScheduleR/IdRelatedTaxExemptOrgGrp/USAddress/AddressLine2,SR_02_RLTD_ORG_ADDR_L2,SR-P02-T01-ID-RLTD-TAX-EXEMPED-ORGS,accept,"","Genuine repeating group: the group element is the repeat_root in filings with 2+ rows and '' in single-row filings, so the high unrepeated share just means most filers report one row. Evidence: repeats in 27.2% of 464 filings, max 19/filing, TY2013-2013; repeat_root: ''=64% ; IRS990ScheduleR/IdRelatedTaxExemptOrgGrp=36%.",high
MANY_NOT_REPEATING,/Return/ReturnData/IRS990ScheduleR/IdRelatedTaxExemptOrgGrp/USAddress/City,SR_02_RLTD_ORG_ADDR_CITY,SR-P02-T01-ID-RLTD-TAX-EXEMPED-ORGS,accept,"","Genuine repeating group: the group element is the repeat_root in filings with 2+ rows and '' in single-row filings, so the high unrepeated share just means most filers report one row. Evidence: repeats in 49.2% of 47,596 filings, max 835/filing, TY2013-2013; repeat_root: ''=50% ; IRS990ScheduleR/IdRelatedTaxExemptOrgGrp=50%.",high
MANY_NOT_REPEATING,/Return/ReturnData/IRS990ScheduleR/IdRelatedTaxExemptOrgGrp/USAddress/CityNm,SR_02_RLTD_ORG_ADDR_CITY,SR-P02-T01-ID-RLTD-TAX-EXEMPED-ORGS,accept,"","Genuine repeating group: the group element is the repeat_root in filings with 2+ rows and '' in single-row filings, so the high unrepeated share just means most filers report one row. Evidence: repeats in 47.9% of 651,290 filings, max 993/filing, TY2014-2024; repeat_root: ''=52% ; IRS990ScheduleR/IdRelatedTaxExemptOrgGrp=48%.",high
MANY_NOT_REPEATING,/Return/ReturnData/IRS990ScheduleR/IdRelatedTaxExemptOrgGrp/USAddress/State,SR_02_RLTD_ORG_ADDR_STATE,SR-P02-T01-ID-RLTD-TAX-EXEMPED-ORGS,accept,"","Genuine repeating group: the group element is the repeat_root in filings with 2+ rows and '' in single-row filings, so the high unrepeated share just means most filers report one row. Evidence: repeats in 49.2% of 47,596 filings, max 835/filing, TY2013-2013; repeat_root: ''=50% ; IRS990ScheduleR/IdRelatedTaxExemptOrgGrp=50%.",high
MANY_NOT_REPEATING,/Return/ReturnData/IRS990ScheduleR/IdRelatedTaxExemptOrgGrp/USAddress/StateAbbreviationCd,SR_02_RLTD_ORG_ADDR_STATE,SR-P02-T01-ID-RLTD-TAX-EXEMPED-ORGS,accept,"","Genuine repeating group: the group element is the repeat_root in filings with 2+ rows and '' in single-row filings, so the high unrepeated share just means most filers report one row. Evidence: repeats in 47.9% of 651,290 filings, max 993/filing, TY2014-2024; repeat_root: ''=52% ; IRS990ScheduleR/IdRelatedTaxExemptOrgGrp=48%.",high
MANY_NOT_REPEATING,/Return/ReturnData/IRS990ScheduleR/IdRelatedTaxExemptOrgGrp/USAddress/ZIPCd,SR_02_RLTD_ORG_ADDR_ZIP,SR-P02-T01-ID-RLTD-TAX-EXEMPED-ORGS,accept,"","Genuine repeating group: the group element is the repeat_root in filings with 2+ rows and '' in single-row filings, so the high unrepeated share just means most filers report one row. Evidence: repeats in 47.9% of 651,290 filings, max 993/filing, TY2014-2024; repeat_root: ''=52% ; IRS990ScheduleR/IdRelatedTaxExemptOrgGrp=48%.",high
MANY_NOT_REPEATING,/Return/ReturnData/IRS990ScheduleR/IdRelatedTaxExemptOrgGrp/USAddress/ZIPCode,SR_02_RLTD_ORG_ADDR_ZIP,SR-P02-T01-ID-RLTD-TAX-EXEMPED-ORGS,accept,"","Genuine repeating group: the group element is the repeat_root in filings with 2+ rows and '' in single-row filings, so the high unrepeated share just means most filers report one row. Evidence: repeats in 49.2% of 47,596 filings, max 835/filing, TY2013-2013; repeat_root: ''=50% ; IRS990ScheduleR/IdRelatedTaxExemptOrgGrp=50%.",high
MANY_NOT_REPEATING,/Return/ReturnData/IRS990ScheduleR/Form990ScheduleRPartIII/AddressForeign/AddressLine2,SR_03_RLTD_ORG_PTR_ADDR_L2,SR-P03-T01-ID-RLTD-ORGS-TAXABLE-PARTNERSHIP,accept,"","Sparse field (address line 2, foreign address, etc.) inside a genuine repeating group; too few filings to observe a repeat. Sibling xpaths of the same group repeat. Evidence: repeats in 0.0% of 2 filings, max 1/filing, TY2012-2012; repeat_root: ''=100%.",high
MANY_NOT_REPEATING,/Return/ReturnData/IRS990ScheduleR/Form990ScheduleRPartIII/AddressUS/AddressLine2,SR_03_RLTD_ORG_PTR_ADDR_L2,SR-P03-T01-ID-RLTD-ORGS-TAXABLE-PARTNERSHIP,accept,"","Genuine repeating group: the group element is the repeat_root in filings with 2+ rows and '' in single-row filings, so the high unrepeated share just means most filers report one row. Evidence: repeats in 41.9% of 124 filings, max 174/filing, TY2009-2012; repeat_root: ''=52% ; IRS990ScheduleR/Form990ScheduleRPartIII=48%.",high
MANY_NOT_REPEATING,/Return/ReturnData/IRS990ScheduleR/Form990ScheduleRPartIII/NameOfRelatedOrg/BusinessNameLine2,SR_03_RLTD_ORG_PTR_NAME_L2,SR-P03-T01-ID-RLTD-ORGS-TAXABLE-PARTNERSHIP,accept,"","Genuine repeating group: the group element is the repeat_root in filings with 2+ rows and '' in single-row filings, so the high unrepeated share just means most filers report one row. Evidence: repeats in 35.6% of 135 filings, max 144/filing, TY2009-2012; repeat_root: ''=59% ; IRS990ScheduleR/Form990ScheduleRPartIII=41%.",high
MANY_NOT_REPEATING,/Return/ReturnData/IRS990ScheduleR/IdRelatedOrgTxblPartnershipGrp/ForeignAddress/AddressLine2,SR_03_RLTD_ORG_PTR_ADDR_L2,SR-P03-T01-ID-RLTD-ORGS-TAXABLE-PARTNERSHIP,accept,"","Sparse field (address line 2, foreign address, etc.) inside a genuine repeating group; too few filings to observe a repeat. Sibling xpaths of the same group repeat. Evidence: repeats in 0.0% of 2 filings, max 1/filing, TY2013-2013; repeat_root: ''=100%.",high
MANY_NOT_REPEATING,/Return/ReturnData/IRS990ScheduleR/IdRelatedOrgTxblPartnershipGrp/USAddress/AddressLine2,SR_03_RLTD_ORG_PTR_ADDR_L2,SR-P03-T01-ID-RLTD-ORGS-TAXABLE-PARTNERSHIP,accept,"","Genuine repeating group: the group element is the repeat_root in filings with 2+ rows and '' in single-row filings, so the high unrepeated share just means most filers report one row. Evidence: repeats in 41.5% of 53 filings, max 21/filing, TY2013-2013; repeat_root: ''=53% ; IRS990ScheduleR/IdRelatedOrgTxblPartnershipGrp=47%.",high
MANY_NOT_REPEATING,/Return/ReturnData/IRS990ScheduleR/Form990ScheduleRPartIV/AddressForeign/AddressLine2,SR_04_RLTD_ORG_CORP_ADDR_L2,SR-P04-T01-ID-RLTD-ORGS-TAXABLE-CORPORATION,accept,"","Genuine repeating group: the group element is the repeat_root in filings with 2+ rows and '' in single-row filings, so the high unrepeated share just means most filers report one row. Evidence: repeats in 14.3% of 91 filings, max 243/filing, TY2009-2012; repeat_root: ''=68% ; IRS990ScheduleR/Form990ScheduleRPartIV=32%.",high
MANY_NOT_REPEATING,/Return/ReturnData/IRS990ScheduleR/Form990ScheduleRPartIV/DirectControllingEntityName/BusinessNameLine2,SR_04_RLTD_ORG_CORP_CTRL_NAME_L2,SR-P04-T01-ID-RLTD-ORGS-TAXABLE-CORPORATION,accept,"","Genuine repeating group: the group element is the repeat_root in filings with 2+ rows and '' in single-row filings, so the high unrepeated share just means most filers report one row. Evidence: repeats in 39.4% of 165 filings, max 306/filing, TY2009-2012; repeat_root: ''=56% ; IRS990ScheduleR/Form990ScheduleRPartIV=44%.",high
MANY_NOT_REPEATING,/Return/ReturnData/IRS990ScheduleR/Form990ScheduleRPartIV/PercentageOwnership,SR_04_RLTD_ORG_CORP_PCT_OWN,SR-P04-T01-ID-RLTD-ORGS-TAXABLE-CORPORATION,accept,"","Genuine repeating group: the group element is the repeat_root in filings with 2+ rows and '' in single-row filings, so the high unrepeated share just means most filers report one row. Evidence: repeats in 39.1% of 18,789 filings, max 3108/filing, TY2009-2012; repeat_root: ''=53% ; IRS990ScheduleR/Form990ScheduleRPartIV=47%.",high
MANY_NOT_REPEATING,/Return/ReturnData/IRS990ScheduleR/IdRelatedOrgTxblCorpTrGrp/DirectControllingEntityName/BusinessNameLine2,SR_04_RLTD_ORG_CORP_CTRL_NAME_L2,SR-P04-T01-ID-RLTD-ORGS-TAXABLE-CORPORATION,accept,"","Genuine repeating group: the group element is the repeat_root in filings with 2+ rows and '' in single-row filings, so the high unrepeated share just means most filers report one row. Evidence: repeats in 20.5% of 88 filings, max 10/filing, TY2013-2013; repeat_root: ''=74% ; IRS990ScheduleR/IdRelatedOrgTxblCorpTrGrp=26%.",high
MANY_NOT_REPEATING,/Return/ReturnData/IRS990ScheduleR/IdRelatedOrgTxblCorpTrGrp/DirectControllingEntityName/BusinessNameLine2Txt,SR_04_RLTD_ORG_CORP_CTRL_NAME_L2,SR-P04-T01-ID-RLTD-ORGS-TAXABLE-CORPORATION,accept,"","Genuine repeating group: the group element is the repeat_root in filings with 2+ rows and '' in single-row filings, so the high unrepeated share just means most filers report one row. Evidence: repeats in 17.4% of 1,141 filings, max 13/filing, TY2014-2024; repeat_root: ''=72% ; IRS990ScheduleR/IdRelatedOrgTxblCorpTrGrp=28%.",high
MANY_NOT_REPEATING,/Return/ReturnData/IRS990ScheduleR/IdRelatedOrgTxblCorpTrGrp/OwnershipPct,SR_04_RLTD_ORG_CORP_PCT_OWN,SR-P04-T01-ID-RLTD-ORGS-TAXABLE-CORPORATION,accept,"","Genuine repeating group: the group element is the repeat_root in filings with 2+ rows and '' in single-row filings, so the high unrepeated share just means most filers report one row. Evidence: repeats in 34.0% of 79,628 filings, max 278/filing, TY2013-2024; repeat_root: ''=57% ; IRS990ScheduleR/IdRelatedOrgTxblCorpTrGrp=43%.",high
MANY_NOT_REPEATING,/Return/ReturnData/IRS990ScheduleR/IdRelatedOrgTxblCorpTrGrp/ShareOfEOYAssetsAmt,SR_04_RLTD_ORG_CORP_EOY_ASSETS,SR-P04-T01-ID-RLTD-ORGS-TAXABLE-CORPORATION,accept,"","Genuine repeating group: the group element is the repeat_root in filings with 2+ rows and '' in single-row filings, so the high unrepeated share just means most filers report one row. Evidence: repeats in 34.9% of 61,002 filings, max 277/filing, TY2013-2024; repeat_root: ''=53% ; IRS990ScheduleR/IdRelatedOrgTxblCorpTrGrp=47%.",high
MANY_NOT_REPEATING,/Return/ReturnData/IRS990ScheduleR/IdRelatedOrgTxblCorpTrGrp/ShareOfTotalIncomeAmt,SR_04_RLTD_ORG_CORP_TOT_INCOME,SR-P04-T01-ID-RLTD-ORGS-TAXABLE-CORPORATION,accept,"","Genuine repeating group: the group element is the repeat_root in filings with 2+ rows and '' in single-row filings, so the high unrepeated share just means most filers report one row. Evidence: repeats in 34.8% of 57,921 filings, max 578/filing, TY2013-2024; repeat_root: ''=52% ; IRS990ScheduleR/IdRelatedOrgTxblCorpTrGrp=48%.",high
MANY_NOT_REPEATING,/Return/ReturnData/IRS990ScheduleR/Form990ScheduleRPartVI/AddressUS/AddressLine1,SR_06_UNRLTD_ORG_PTR_ADDR_L1,SR-P06-T01-UNRLTD-ORGS-TAXABLE-PARTNERSHIP,accept,"","Genuine repeating group: the group element is the repeat_root in filings with 2+ rows and '' in single-row filings, so the high unrepeated share just means most filers report one row. Evidence: repeats in 23.2% of 418 filings, max 41/filing, TY2009-2012; repeat_root: ''=76% ; IRS990ScheduleR/Form990ScheduleRPartVI=24%.",high
MANY_NOT_REPEATING,/Return/ReturnData/IRS990ScheduleR/Form990ScheduleRPartVI/AddressUS/AddressLine2,SR_06_UNRLTD_ORG_PTR_ADDR_L2,SR-P06-T01-UNRLTD-ORGS-TAXABLE-PARTNERSHIP,accept,"","Sparse field (address line 2, foreign address, etc.) inside a genuine repeating group; too few filings to observe a repeat. Sibling xpaths of the same group repeat. Evidence: repeats in 0.0% of 1 filings, max 1/filing, TY2011-2011; repeat_root: ''=100%.",high
MANY_NOT_REPEATING,/Return/ReturnData/IRS990ScheduleR/Form990ScheduleRPartVI/AddressUS/City,SR_06_UNRLTD_ORG_PTR_ADDR_CITY,SR-P06-T01-UNRLTD-ORGS-TAXABLE-PARTNERSHIP,accept,"","Genuine repeating group: the group element is the repeat_root in filings with 2+ rows and '' in single-row filings, so the high unrepeated share just means most filers report one row. Evidence: repeats in 23.2% of 418 filings, max 41/filing, TY2009-2012; repeat_root: ''=76% ; IRS990ScheduleR/Form990ScheduleRPartVI=24%.",high
MANY_NOT_REPEATING,/Return/ReturnData/IRS990ScheduleR/Form990ScheduleRPartVI/AddressUS/State,SR_06_UNRLTD_ORG_PTR_ADDR_STATE,SR-P06-T01-UNRLTD-ORGS-TAXABLE-PARTNERSHIP,accept,"","Genuine repeating group: the group element is the repeat_root in filings with 2+ rows and '' in single-row filings, so the high unrepeated share just means most filers report one row. Evidence: repeats in 23.2% of 418 filings, max 41/filing, TY2009-2012; repeat_root: ''=76% ; IRS990ScheduleR/Form990ScheduleRPartVI=24%.",high
MANY_NOT_REPEATING,/Return/ReturnData/IRS990ScheduleR/Form990ScheduleRPartVI/AddressUS/ZIPCode,SR_06_UNRLTD_ORG_PTR_ADDR_ZIP,SR-P06-T01-UNRLTD-ORGS-TAXABLE-PARTNERSHIP,accept,"","Genuine repeating group: the group element is the repeat_root in filings with 2+ rows and '' in single-row filings, so the high unrepeated share just means most filers report one row. Evidence: repeats in 23.2% of 418 filings, max 41/filing, TY2009-2012; repeat_root: ''=76% ; IRS990ScheduleR/Form990ScheduleRPartVI=24%.",high
MANY_NOT_REPEATING,/Return/ReturnData/IRS990ScheduleR/Form990ScheduleRPartVI/AllPartnersC3S,SR_06_UNRLTD_ORG_PTR_501C3_X,SR-P06-T01-UNRLTD-ORGS-TAXABLE-PARTNERSHIP,accept,"","Genuine repeating group: the group element is the repeat_root in filings with 2+ rows and '' in single-row filings, so the high unrepeated share just means most filers report one row. Evidence: repeats in 23.5% of 417 filings, max 41/filing, TY2009-2012; repeat_root: ''=76% ; IRS990ScheduleR/Form990ScheduleRPartVI=24%.",high
MANY_NOT_REPEATING,/Return/ReturnData/IRS990ScheduleR/Form990ScheduleRPartVI/CodeVAmount,SR_06_UNRLTD_ORG_PTR_CODE_V_AMT,SR-P06-T01-UNRLTD-ORGS-TAXABLE-PARTNERSHIP,accept,"","Genuine repeating group: the group element is the repeat_root in filings with 2+ rows and '' in single-row filings, so the high unrepeated share just means most filers report one row. Evidence: repeats in 30.2% of 126 filings, max 41/filing, TY2009-2012; repeat_root: ''=70% ; IRS990ScheduleR/Form990ScheduleRPartVI=30%.",high
MANY_NOT_REPEATING,/Return/ReturnData/IRS990ScheduleR/Form990ScheduleRPartVI/DisproportionateAllocations,SR_06_UNRLTD_ORG_PTR_ALLOC_X,SR-P06-T01-UNRLTD-ORGS-TAXABLE-PARTNERSHIP,accept,"","Genuine repeating group: the group element is the repeat_root in filings with 2+ rows and '' in single-row filings, so the high unrepeated share just means most filers report one row. Evidence: repeats in 23.6% of 419 filings, max 41/filing, TY2009-2012; repeat_root: ''=76% ; IRS990ScheduleR/Form990ScheduleRPartVI=24%.",high
MANY_NOT_REPEATING,/Return/ReturnData/IRS990ScheduleR/Form990ScheduleRPartVI/EIN,SR_06_UNRLTD_ORG_PTR_EIN,SR-P06-T01-UNRLTD-ORGS-TAXABLE-PARTNERSHIP,accept,"","Genuine repeating group: the group element is the repeat_root in filings with 2+ rows and '' in single-row filings, so the high unrepeated share just means most filers report one row. Evidence: repeats in 23.5% of 400 filings, max 40/filing, TY2009-2012; repeat_root: ''=76% ; IRS990ScheduleR/Form990ScheduleRPartVI=24%.",high
MANY_NOT_REPEATING,/Return/ReturnData/IRS990ScheduleR/Form990ScheduleRPartVI/GeneralOrManagingPartner,SR_06_UNRLTD_ORG_PTR_GENERAL_X,SR-P06-T01-UNRLTD-ORGS-TAXABLE-PARTNERSHIP,accept,"","Genuine repeating group: the group element is the repeat_root in filings with 2+ rows and '' in single-row filings, so the high unrepeated share just means most filers report one row. Evidence: repeats in 23.6% of 420 filings, max 41/filing, TY2009-2012; repeat_root: ''=76% ; IRS990ScheduleR/Form990ScheduleRPartVI=24%.",high
MANY_NOT_REPEATING,/Return/ReturnData/IRS990ScheduleR/Form990ScheduleRPartVI/LegalDomicileState,SR_06_UNRLTD_ORG_PTR_DMCL_STATE,SR-P06-T01-UNRLTD-ORGS-TAXABLE-PARTNERSHIP,accept,"","Genuine repeating group: the group element is the repeat_root in filings with 2+ rows and '' in single-row filings, so the high unrepeated share just means most filers report one row. Evidence: repeats in 23.1% of 416 filings, max 41/filing, TY2009-2012; repeat_root: ''=76% ; IRS990ScheduleR/Form990ScheduleRPartVI=24%.",high
MANY_NOT_REPEATING,/Return/ReturnData/IRS990ScheduleR/Form990ScheduleRPartVI/NameOfBusiness/BusinessNameLine1,SR_06_UNRLTD_ORG_PTR_NAME_L1,SR-P06-T01-UNRLTD-ORGS-TAXABLE-PARTNERSHIP,accept,"","Genuine repeating group: the group element is the repeat_root in filings with 2+ rows and '' in single-row filings, so the high unrepeated share just means most filers report one row. Evidence: repeats in 23.5% of 426 filings, max 41/filing, TY2009-2012; repeat_root: ''=77% ; IRS990ScheduleR/Form990ScheduleRPartVI=23%.",high
MANY_NOT_REPEATING,/Return/ReturnData/IRS990ScheduleR/Form990ScheduleRPartVI/PercentageOwnership,SR_06_UNRLTD_ORG_PTR_PCT_OWN,SR-P06-T01-UNRLTD-ORGS-TAXABLE-PARTNERSHIP,accept,"","Genuine repeating group: the group element is the repeat_root in filings with 2+ rows and '' in single-row filings, so the high unrepeated share just means most filers report one row. Evidence: repeats in 22.3% of 197 filings, max 40/filing, TY2011-2012; repeat_root: ''=78% ; IRS990ScheduleR/Form990ScheduleRPartVI=22%.",high
MANY_NOT_REPEATING,/Return/ReturnData/IRS990ScheduleR/Form990ScheduleRPartVI/PredominateIncomeDesc,SR_06_UNRLTD_ORG_PTR_PREDMNT,SR-P06-T01-UNRLTD-ORGS-TAXABLE-PARTNERSHIP,accept,"","Genuine repeating group: the group element is the repeat_root in filings with 2+ rows and '' in single-row filings, so the high unrepeated share just means most filers report one row. Evidence: repeats in 23.9% of 180 filings, max 40/filing, TY2011-2012; repeat_root: ''=76% ; IRS990ScheduleR/Form990ScheduleRPartVI=24%.",high
MANY_NOT_REPEATING,/Return/ReturnData/IRS990ScheduleR/Form990ScheduleRPartVI/PrimaryActivity,SR_06_UNRLTD_ORG_PTR_PRIMARY_ACT,SR-P06-T01-UNRLTD-ORGS-TAXABLE-PARTNERSHIP,accept,"","Genuine repeating group: the group element is the repeat_root in filings with 2+ rows and '' in single-row filings, so the high unrepeated share just means most filers report one row. Evidence: repeats in 24.1% of 410 filings, max 41/filing, TY2009-2012; repeat_root: ''=76% ; IRS990ScheduleR/Form990ScheduleRPartVI=24%.",high
MANY_NOT_REPEATING,/Return/ReturnData/IRS990ScheduleR/Form990ScheduleRPartVI/ShareOfEOYAssets,SR_06_UNRLTD_ORG_PTR_EOY_ASSETS,SR-P06-T01-UNRLTD-ORGS-TAXABLE-PARTNERSHIP,accept,"","Genuine repeating group: the group element is the repeat_root in filings with 2+ rows and '' in single-row filings, so the high unrepeated share just means most filers report one row. Evidence: repeats in 24.9% of 345 filings, max 41/filing, TY2009-2012; repeat_root: ''=75% ; IRS990ScheduleR/Form990ScheduleRPartVI=25%.",high
MANY_NOT_REPEATING,/Return/ReturnData/IRS990ScheduleR/Form990ScheduleRPartVI/ShareOfTotalIncome,SR_06_UNRLTD_ORG_PTR_TOT_INCOME,SR-P06-T01-UNRLTD-ORGS-TAXABLE-PARTNERSHIP,accept,"","Genuine repeating group: the group element is the repeat_root in filings with 2+ rows and '' in single-row filings, so the high unrepeated share just means most filers report one row. Evidence: repeats in 23.4% of 188 filings, max 40/filing, TY2011-2012; repeat_root: ''=76% ; IRS990ScheduleR/Form990ScheduleRPartVI=24%.",high
MANY_NOT_REPEATING,/Return/ReturnData/IRS990ScheduleR/UnrelatedOrgTxblPartnershipGrp/AllPartnersC3SInd,SR_06_UNRLTD_ORG_PTR_501C3_X,SR-P06-T01-UNRLTD-ORGS-TAXABLE-PARTNERSHIP,accept,"","Genuine repeating group: the group element is the repeat_root in filings with 2+ rows and '' in single-row filings, so the high unrepeated share just means most filers report one row. Evidence: repeats in 22.8% of 2,131 filings, max 1081/filing, TY2013-2024; repeat_root: ''=77% ; IRS990ScheduleR/UnrelatedOrgTxblPartnershipGrp=23%.",high
MANY_NOT_REPEATING,/Return/ReturnData/IRS990ScheduleR/UnrelatedOrgTxblPartnershipGrp/BusinessName/BusinessNameLine1,SR_06_UNRLTD_ORG_PTR_NAME_L1,SR-P06-T01-UNRLTD-ORGS-TAXABLE-PARTNERSHIP,accept,"","Genuine repeating group: the group element is the repeat_root in filings with 2+ rows and '' in single-row filings, so the high unrepeated share just means most filers report one row. Evidence: repeats in 26.1% of 153 filings, max 44/filing, TY2013-2013; repeat_root: ''=74% ; IRS990ScheduleR/UnrelatedOrgTxblPartnershipGrp=26%.",high
MANY_NOT_REPEATING,/Return/ReturnData/IRS990ScheduleR/UnrelatedOrgTxblPartnershipGrp/BusinessName/BusinessNameLine1Txt,SR_06_UNRLTD_ORG_PTR_NAME_L1,SR-P06-T01-UNRLTD-ORGS-TAXABLE-PARTNERSHIP,accept,"","Genuine repeating group: the group element is the repeat_root in filings with 2+ rows and '' in single-row filings, so the high unrepeated share just means most filers report one row. Evidence: repeats in 22.6% of 1,967 filings, max 1081/filing, TY2014-2024; repeat_root: ''=77% ; IRS990ScheduleR/UnrelatedOrgTxblPartnershipGrp=23%.",high
MANY_NOT_REPEATING,/Return/ReturnData/IRS990ScheduleR/UnrelatedOrgTxblPartnershipGrp/BusinessName/BusinessNameLine2Txt,SR_06_UNRLTD_ORG_PTR_NAME_L2,SR-P06-T01-UNRLTD-ORGS-TAXABLE-PARTNERSHIP,accept,"","Genuine repeating group: the group element is the repeat_root in filings with 2+ rows and '' in single-row filings, so the high unrepeated share just means most filers report one row. Evidence: repeats in 3.8% of 26 filings, max 2/filing, TY2014-2023; repeat_root: ''=88% ; IRS990ScheduleR/UnrelatedOrgTxblPartnershipGrp=12%.",high
MANY_NOT_REPEATING,/Return/ReturnData/IRS990ScheduleR/UnrelatedOrgTxblPartnershipGrp/DisproportionateAllocationsInd,SR_06_UNRLTD_ORG_PTR_ALLOC_X,SR-P06-T01-UNRLTD-ORGS-TAXABLE-PARTNERSHIP,accept,"","Genuine repeating group: the group element is the repeat_root in filings with 2+ rows and '' in single-row filings, so the high unrepeated share just means most filers report one row. Evidence: repeats in 22.9% of 2,093 filings, max 1081/filing, TY2013-2024; repeat_root: ''=77% ; IRS990ScheduleR/UnrelatedOrgTxblPartnershipGrp=23%.",high
MANY_NOT_REPEATING,/Return/ReturnData/IRS990ScheduleR/UnrelatedOrgTxblPartnershipGrp/EIN,SR_06_UNRLTD_ORG_PTR_EIN,SR-P06-T01-UNRLTD-ORGS-TAXABLE-PARTNERSHIP,accept,"","Genuine repeating group: the group element is the repeat_root in filings with 2+ rows and '' in single-row filings, so the high unrepeated share just means most filers report one row. Evidence: repeats in 23.6% of 1,999 filings, max 44/filing, TY2013-2024; repeat_root: ''=76% ; IRS990ScheduleR/UnrelatedOrgTxblPartnershipGrp=24%.",high
MANY_NOT_REPEATING,/Return/ReturnData/IRS990ScheduleR/UnrelatedOrgTxblPartnershipGrp/ForeignAddress/AddressLine1Txt,SR_06_UNRLTD_ORG_PTR_ADDR_L1,SR-P06-T01-UNRLTD-ORGS-TAXABLE-PARTNERSHIP,accept,"","Genuine repeating group: the group element is the repeat_root in filings with 2+ rows and '' in single-row filings, so the high unrepeated share just means most filers report one row. Evidence: repeats in 25.0% of 16 filings, max 4/filing, TY2014-2024; repeat_root: ''=69% ; IRS990ScheduleR/UnrelatedOrgTxblPartnershipGrp=31%.",high
MANY_NOT_REPEATING,/Return/ReturnData/IRS990ScheduleR/UnrelatedOrgTxblPartnershipGrp/ForeignAddress/CountryCd,SR_06_UNRLTD_ORG_PTR_ADDR_CNTR,SR-P06-T01-UNRLTD-ORGS-TAXABLE-PARTNERSHIP,accept,"","Genuine repeating group: the group element is the repeat_root in filings with 2+ rows and '' in single-row filings, so the high unrepeated share just means most filers report one row. Evidence: repeats in 25.0% of 16 filings, max 4/filing, TY2014-2024; repeat_root: ''=69% ; IRS990ScheduleR/UnrelatedOrgTxblPartnershipGrp=31%.",high
MANY_NOT_REPEATING,/Return/ReturnData/IRS990ScheduleR/UnrelatedOrgTxblPartnershipGrp/ForeignAddress/ForeignPostalCd,SR_06_UNRLTD_ORG_PTR_ADDR_ZIP,SR-P06-T01-UNRLTD-ORGS-TAXABLE-PARTNERSHIP,accept,"","Genuine repeating group: the group element is the repeat_root in filings with 2+ rows and '' in single-row filings, so the high unrepeated share just means most filers report one row. Evidence: repeats in 25.0% of 16 filings, max 4/filing, TY2014-2024; repeat_root: ''=69% ; IRS990ScheduleR/UnrelatedOrgTxblPartnershipGrp=31%.",high
MANY_NOT_REPEATING,/Return/ReturnData/IRS990ScheduleR/UnrelatedOrgTxblPartnershipGrp/ForeignAddress/ProvinceOrStateNm,SR_06_UNRLTD_ORG_PTR_ADDR_STATE,SR-P06-T01-UNRLTD-ORGS-TAXABLE-PARTNERSHIP,accept,"","Genuine repeating group: the group element is the repeat_root in filings with 2+ rows and '' in single-row filings, so the high unrepeated share just means most filers report one row. Evidence: repeats in 28.6% of 14 filings, max 4/filing, TY2014-2024; repeat_root: ''=71% ; IRS990ScheduleR/UnrelatedOrgTxblPartnershipGrp=29%.",high
MANY_NOT_REPEATING,/Return/ReturnData/IRS990ScheduleR/UnrelatedOrgTxblPartnershipGrp/GeneralOrManagingPartnerInd,SR_06_UNRLTD_ORG_PTR_GENERAL_X,SR-P06-T01-UNRLTD-ORGS-TAXABLE-PARTNERSHIP,accept,"","Genuine repeating group: the group element is the repeat_root in filings with 2+ rows and '' in single-row filings, so the high unrepeated share just means most filers report one row. Evidence: repeats in 22.8% of 2,128 filings, max 1081/filing, TY2013-2024; repeat_root: ''=77% ; IRS990ScheduleR/UnrelatedOrgTxblPartnershipGrp=23%.",high
MANY_NOT_REPEATING,/Return/ReturnData/IRS990ScheduleR/UnrelatedOrgTxblPartnershipGrp/LegalDomicileForeignCountryCd,SR_06_UNRLTD_ORG_PTR_DMCL_CNTR,SR-P06-T01-UNRLTD-ORGS-TAXABLE-PARTNERSHIP,accept,"","Genuine repeating group: the group element is the repeat_root in filings with 2+ rows and '' in single-row filings, so the high unrepeated share just means most filers report one row. Evidence: repeats in 21.1% of 19 filings, max 4/filing, TY2013-2024; repeat_root: ''=63% ; IRS990ScheduleR/UnrelatedOrgTxblPartnershipGrp=37%.",high
MANY_NOT_REPEATING,/Return/ReturnData/IRS990ScheduleR/UnrelatedOrgTxblPartnershipGrp/LegalDomicileStateCd,SR_06_UNRLTD_ORG_PTR_DMCL_STATE,SR-P06-T01-UNRLTD-ORGS-TAXABLE-PARTNERSHIP,accept,"","Genuine repeating group: the group element is the repeat_root in filings with 2+ rows and '' in single-row filings, so the high unrepeated share just means most filers report one row. Evidence: repeats in 23.2% of 2,072 filings, max 1080/filing, TY2013-2024; repeat_root: ''=76% ; IRS990ScheduleR/UnrelatedOrgTxblPartnershipGrp=24%.",high
MANY_NOT_REPEATING,/Return/ReturnData/IRS990ScheduleR/UnrelatedOrgTxblPartnershipGrp/OwnershipPct,SR_06_UNRLTD_ORG_PTR_PCT_OWN,SR-P06-T01-UNRLTD-ORGS-TAXABLE-PARTNERSHIP,accept,"","Genuine repeating group: the group element is the repeat_root in filings with 2+ rows and '' in single-row filings, so the high unrepeated share just means most filers report one row. Evidence: repeats in 23.7% of 1,934 filings, max 44/filing, TY2013-2024; repeat_root: ''=76% ; IRS990ScheduleR/UnrelatedOrgTxblPartnershipGrp=24%.",high
MANY_NOT_REPEATING,/Return/ReturnData/IRS990ScheduleR/UnrelatedOrgTxblPartnershipGrp/PredominateIncomeDesc,SR_06_UNRLTD_ORG_PTR_PREDMNT,SR-P06-T01-UNRLTD-ORGS-TAXABLE-PARTNERSHIP,accept,"","Genuine repeating group: the group element is the repeat_root in filings with 2+ rows and '' in single-row filings, so the high unrepeated share just means most filers report one row. Evidence: repeats in 22.3% of 1,729 filings, max 44/filing, TY2013-2024; repeat_root: ''=78% ; IRS990ScheduleR/UnrelatedOrgTxblPartnershipGrp=22%.",high
MANY_NOT_REPEATING,/Return/ReturnData/IRS990ScheduleR/UnrelatedOrgTxblPartnershipGrp/PrimaryActivitiesTxt,SR_06_UNRLTD_ORG_PTR_PRIMARY_ACT,SR-P06-T01-UNRLTD-ORGS-TAXABLE-PARTNERSHIP,accept,"","Genuine repeating group: the group element is the repeat_root in filings with 2+ rows and '' in single-row filings, so the high unrepeated share just means most filers report one row. Evidence: repeats in 23.2% of 2,057 filings, max 1081/filing, TY2013-2024; repeat_root: ''=77% ; IRS990ScheduleR/UnrelatedOrgTxblPartnershipGrp=23%.",high
MANY_NOT_REPEATING,/Return/ReturnData/IRS990ScheduleR/UnrelatedOrgTxblPartnershipGrp/ShareOfEOYAssetsAmt,SR_06_UNRLTD_ORG_PTR_EOY_ASSETS,SR-P06-T01-UNRLTD-ORGS-TAXABLE-PARTNERSHIP,accept,"","Genuine repeating group: the group element is the repeat_root in filings with 2+ rows and '' in single-row filings, so the high unrepeated share just means most filers report one row. Evidence: repeats in 22.9% of 1,660 filings, max 44/filing, TY2013-2024; repeat_root: ''=76% ; IRS990ScheduleR/UnrelatedOrgTxblPartnershipGrp=24%.",high
MANY_NOT_REPEATING,/Return/ReturnData/IRS990ScheduleR/UnrelatedOrgTxblPartnershipGrp/ShareOfTotalIncomeAmt,SR_06_UNRLTD_ORG_PTR_TOT_INCOME,SR-P06-T01-UNRLTD-ORGS-TAXABLE-PARTNERSHIP,accept,"","Genuine repeating group: the group element is the repeat_root in filings with 2+ rows and '' in single-row filings, so the high unrepeated share just means most filers report one row. Evidence: repeats in 23.7% of 1,642 filings, max 44/filing, TY2013-2024; repeat_root: ''=76% ; IRS990ScheduleR/UnrelatedOrgTxblPartnershipGrp=24%.",high
MANY_NOT_REPEATING,/Return/ReturnData/IRS990ScheduleR/UnrelatedOrgTxblPartnershipGrp/UBICodeVAmt,SR_06_UNRLTD_ORG_PTR_CODE_V_AMT,SR-P06-T01-UNRLTD-ORGS-TAXABLE-PARTNERSHIP,accept,"","Genuine repeating group: the group element is the repeat_root in filings with 2+ rows and '' in single-row filings, so the high unrepeated share just means most filers report one row. Evidence: repeats in 27.8% of 392 filings, max 9/filing, TY2013-2024; repeat_root: ''=70% ; IRS990ScheduleR/UnrelatedOrgTxblPartnershipGrp=30%.",high
MANY_NOT_REPEATING,/Return/ReturnData/IRS990ScheduleR/UnrelatedOrgTxblPartnershipGrp/USAddress/AddressLine1,SR_06_UNRLTD_ORG_PTR_ADDR_L1,SR-P06-T01-UNRLTD-ORGS-TAXABLE-PARTNERSHIP,accept,"","Genuine repeating group: the group element is the repeat_root in filings with 2+ rows and '' in single-row filings, so the high unrepeated share just means most filers report one row. Evidence: repeats in 25.5% of 153 filings, max 44/filing, TY2013-2013; repeat_root: ''=74% ; IRS990ScheduleR/UnrelatedOrgTxblPartnershipGrp=26%.",high
MANY_NOT_REPEATING,/Return/ReturnData/IRS990ScheduleR/UnrelatedOrgTxblPartnershipGrp/USAddress/AddressLine1Txt,SR_06_UNRLTD_ORG_PTR_ADDR_L1,SR-P06-T01-UNRLTD-ORGS-TAXABLE-PARTNERSHIP,accept,"","Genuine repeating group: the group element is the repeat_root in filings with 2+ rows and '' in single-row filings, so the high unrepeated share just means most filers report one row. Evidence: repeats in 22.8% of 1,926 filings, max 44/filing, TY2014-2024; repeat_root: ''=77% ; IRS990ScheduleR/UnrelatedOrgTxblPartnershipGrp=23%.",high
MANY_NOT_REPEATING,/Return/ReturnData/IRS990ScheduleR/UnrelatedOrgTxblPartnershipGrp/USAddress/AddressLine2Txt,SR_06_UNRLTD_ORG_PTR_ADDR_L2,SR-P06-T01-UNRLTD-ORGS-TAXABLE-PARTNERSHIP,accept,"","Genuine repeating group: the group element is the repeat_root in filings with 2+ rows and '' in single-row filings, so the high unrepeated share just means most filers report one row. Evidence: repeats in 26.8% of 41 filings, max 4/filing, TY2014-2024; repeat_root: ''=63% ; IRS990ScheduleR/UnrelatedOrgTxblPartnershipGrp=37%.",high
MANY_NOT_REPEATING,/Return/ReturnData/IRS990ScheduleR/UnrelatedOrgTxblPartnershipGrp/USAddress/City,SR_06_UNRLTD_ORG_PTR_ADDR_CITY,SR-P06-T01-UNRLTD-ORGS-TAXABLE-PARTNERSHIP,accept,"","Genuine repeating group: the group element is the repeat_root in filings with 2+ rows and '' in single-row filings, so the high unrepeated share just means most filers report one row. Evidence: repeats in 25.5% of 153 filings, max 44/filing, TY2013-2013; repeat_root: ''=74% ; IRS990ScheduleR/UnrelatedOrgTxblPartnershipGrp=26%.",high
MANY_NOT_REPEATING,/Return/ReturnData/IRS990ScheduleR/UnrelatedOrgTxblPartnershipGrp/USAddress/CityNm,SR_06_UNRLTD_ORG_PTR_ADDR_CITY,SR-P06-T01-UNRLTD-ORGS-TAXABLE-PARTNERSHIP,accept,"","Genuine repeating group: the group element is the repeat_root in filings with 2+ rows and '' in single-row filings, so the high unrepeated share just means most filers report one row. Evidence: repeats in 22.8% of 1,926 filings, max 44/filing, TY2014-2024; repeat_root: ''=77% ; IRS990ScheduleR/UnrelatedOrgTxblPartnershipGrp=23%.",high
MANY_NOT_REPEATING,/Return/ReturnData/IRS990ScheduleR/UnrelatedOrgTxblPartnershipGrp/USAddress/State,SR_06_UNRLTD_ORG_PTR_ADDR_STATE,SR-P06-T01-UNRLTD-ORGS-TAXABLE-PARTNERSHIP,accept,"","Genuine repeating group: the group element is the repeat_root in filings with 2+ rows and '' in single-row filings, so the high unrepeated share just means most filers report one row. Evidence: repeats in 25.5% of 153 filings, max 44/filing, TY2013-2013; repeat_root: ''=74% ; IRS990ScheduleR/UnrelatedOrgTxblPartnershipGrp=26%.",high
MANY_NOT_REPEATING,/Return/ReturnData/IRS990ScheduleR/UnrelatedOrgTxblPartnershipGrp/USAddress/StateAbbreviationCd,SR_06_UNRLTD_ORG_PTR_ADDR_STATE,SR-P06-T01-UNRLTD-ORGS-TAXABLE-PARTNERSHIP,accept,"","Genuine repeating group: the group element is the repeat_root in filings with 2+ rows and '' in single-row filings, so the high unrepeated share just means most filers report one row. Evidence: repeats in 22.8% of 1,926 filings, max 44/filing, TY2014-2024; repeat_root: ''=77% ; IRS990ScheduleR/UnrelatedOrgTxblPartnershipGrp=23%.",high
MANY_NOT_REPEATING,/Return/ReturnData/IRS990ScheduleR/UnrelatedOrgTxblPartnershipGrp/USAddress/ZIPCd,SR_06_UNRLTD_ORG_PTR_ADDR_ZIP,SR-P06-T01-UNRLTD-ORGS-TAXABLE-PARTNERSHIP,accept,"","Genuine repeating group: the group element is the repeat_root in filings with 2+ rows and '' in single-row filings, so the high unrepeated share just means most filers report one row. Evidence: repeats in 22.8% of 1,926 filings, max 44/filing, TY2014-2024; repeat_root: ''=77% ; IRS990ScheduleR/UnrelatedOrgTxblPartnershipGrp=23%.",high
MANY_NOT_REPEATING,/Return/ReturnData/IRS990ScheduleR/UnrelatedOrgTxblPartnershipGrp/USAddress/ZIPCode,SR_06_UNRLTD_ORG_PTR_ADDR_ZIP,SR-P06-T01-UNRLTD-ORGS-TAXABLE-PARTNERSHIP,accept,"","Genuine repeating group: the group element is the repeat_root in filings with 2+ rows and '' in single-row filings, so the high unrepeated share just means most filers report one row. Evidence: repeats in 25.5% of 153 filings, max 44/filing, TY2013-2013; repeat_root: ''=74% ; IRS990ScheduleR/UnrelatedOrgTxblPartnershipGrp=26%.",high
ONE_REPEATS,/Return/ReturnData/IRS990/SpecialConditionDescription,F9_00_SPECIAL_COND_DESC,F9-P00-T00-HEADER,needs_input,option A: NEW F9-P00-T01-SPECIAL-CONDITIONS (MANY); option B: keep in F9-P00-T00-HEADER as a list-valued field,"Multi-valued code list (the state/country/condition element itself repeats; repeat_root = the element), not a row group. Human choice: (A) one child MANY table per list, or (B) keep in the ONE table and mark the variable list-valued so parsers concatenate (e.g. CA;NY) instead of dropping values. B suits one-row-per-filing users; A is normalised. Evidence: repeats in 2.8% of 108 filings, max 15/filing, TY2009-2012; repeat_root: ''=97% ; IRS990/SpecialConditionDescription=3%.",medium
ONE_REPEATS,/Return/ReturnData/IRS990EZ/SpecialConditionDescription,F9_00_SPECIAL_COND_DESC,F9-P00-T00-HEADER,needs_input,option A: NEW F9-P00-T01-SPECIAL-CONDITIONS (MANY); option B: keep in F9-P00-T00-HEADER as a list-valued field,"Multi-valued code list (the state/country/condition element itself repeats; repeat_root = the element), not a row group. Human choice: (A) one child MANY table per list, or (B) keep in the ONE table and mark the variable list-valued so parsers concatenate (e.g. CA;NY) instead of dropping values. B suits one-row-per-filing users; A is normalised. Evidence: repeats in 6.0% of 50 filings, max 4/filing, TY2009-2012; repeat_root: ''=94% ; IRS990EZ/SpecialConditionDescription=6%.",medium
ONE_REPEATS,/Return/ReturnData/IRS990EZ/ForeignOfficeCountry,F9_04_FRGN_OFFICE_CNTR,F9-P04-T00-REQUIRED-SCHEDULES-EZ,needs_input,option A: NEW F9-P04-T01-FRGN-OFFICE-COUNTRIES-EZ (MANY); option B: keep in F9-P04-T00-REQUIRED-SCHEDULES-EZ as a list-valued field,"Multi-valued code list (the state/country/condition element itself repeats; repeat_root = the element), not a row group. Human choice: (A) one child MANY table per list, or (B) keep in the ONE table and mark the variable list-valued so parsers concatenate (e.g. CA;NY) instead of dropping values. B suits one-row-per-filing users; A is normalised. Evidence: repeats in 2.5% of 993 filings, max 7/filing, TY2009-2012; repeat_root: ''=97% ; IRS990EZ/ForeignOfficeCountry=3%.",medium
ONE_REPEATS,/Return/ReturnData/IRS990EZ/ForeignOfficeCountryCd,F9_04_FRGN_OFFICE_CNTR,F9-P04-T00-REQUIRED-SCHEDULES-EZ,needs_input,option A: NEW F9-P04-T01-FRGN-OFFICE-COUNTRIES-EZ (MANY); option B: keep in F9-P04-T00-REQUIRED-SCHEDULES-EZ as a list-valued field,"Multi-valued code list (the state/country/condition element itself repeats; repeat_root = the element), not a row group. Human choice: (A) one child MANY table per list, or (B) keep in the ONE table and mark the variable list-valued so parsers concatenate (e.g. CA;NY) instead of dropping values. B suits one-row-per-filing users; A is normalised. Evidence: repeats in 2.1% of 7,817 filings, max 16/filing, TY2013-2024; repeat_root: ''=98% ; IRS990EZ/ForeignOfficeCountryCd=2%.",medium
ONE_REPEATS,/Return/ReturnData/IRS990/ForeignCountryCd,F9_05_FRGN_FIN_ACC_CNTR,F9-P05-T00-OTHER-IRS-FILING,needs_input,option A: NEW F9-P05-T01-FRGN-FIN-ACC-COUNTRIES (MANY); option B: keep in F9-P05-T00-OTHER-IRS-FILING as a list-valued field,"Multi-valued code list (the state/country/condition element itself repeats; repeat_root = the element), not a row group. Human choice: (A) one child MANY table per list, or (B) keep in the ONE table and mark the variable list-valued so parsers concatenate (e.g. CA;NY) instead of dropping values. B suits one-row-per-filing users; A is normalised. Evidence: repeats in 24.1% of 44,724 filings, max 79/filing, TY2013-2024; repeat_root: ''=76% ; IRS990/ForeignCountryCd=24%.",medium
ONE_REPEATS,/Return/ReturnData/IRS990/NameOfForeignCountry,F9_05_FRGN_FIN_ACC_CNTR,F9-P05-T00-OTHER-IRS-FILING,needs_input,option A: NEW F9-P05-T01-FRGN-FIN-ACC-COUNTRIES (MANY); option B: keep in F9-P05-T00-OTHER-IRS-FILING as a list-valued field,"Multi-valued code list (the state/country/condition element itself repeats; repeat_root = the element), not a row group. Human choice: (A) one child MANY table per list, or (B) keep in the ONE table and mark the variable list-valued so parsers concatenate (e.g. CA;NY) instead of dropping values. B suits one-row-per-filing users; A is normalised. Evidence: repeats in 29.4% of 9,330 filings, max 84/filing, TY2009-2012; repeat_root: ''=71% ; IRS990/NameOfForeignCountry=29%.",medium
ONE_REPEATS,/Return/ReturnData/IRS990EZ/ForeignFinancialAccountCntryCd,F9_05_FRGN_FIN_ACC_CNTR,F9-P05-T00-OTHER-IRS-FILING,needs_input,option A: NEW F9-P05-T01-FRGN-FIN-ACC-COUNTRIES (MANY); option B: keep in F9-P05-T00-OTHER-IRS-FILING as a list-valued field,"Multi-valued code list (the state/country/condition element itself repeats; repeat_root = the element), not a row group. Human choice: (A) one child MANY table per list, or (B) keep in the ONE table and mark the variable list-valued so parsers concatenate (e.g. CA;NY) instead of dropping values. B suits one-row-per-filing users; A is normalised. Evidence: repeats in 2.3% of 5,996 filings, max 7/filing, TY2013-2024; repeat_root: ''=98% ; IRS990EZ/ForeignFinancialAccountCntryCd=2%.",medium
ONE_REPEATS,/Return/ReturnData/IRS990EZ/ForeignFinancialAccountCountry,F9_05_FRGN_FIN_ACC_CNTR,F9-P05-T00-OTHER-IRS-FILING,needs_input,option A: NEW F9-P05-T01-FRGN-FIN-ACC-COUNTRIES (MANY); option B: keep in F9-P05-T00-OTHER-IRS-FILING as a list-valued field,"Multi-valued code list (the state/country/condition element itself repeats; repeat_root = the element), not a row group. Human choice: (A) one child MANY table per list, or (B) keep in the ONE table and mark the variable list-valued so parsers concatenate (e.g. CA;NY) instead of dropping values. B suits one-row-per-filing users; A is normalised. Evidence: repeats in 2.6% of 917 filings, max 7/filing, TY2009-2012; repeat_root: ''=97% ; IRS990EZ/ForeignFinancialAccountCountry=3%.",medium
ONE_REPEATS,/Return/ReturnData/IRS990/StatesWhereCopyOfReturnIsFiled,F9_06_DISCLOSURE_STATES_FILED,F9-P06-T00-GOVERNANCE,needs_input,option A: NEW F9-P06-T01-STATES-RETURN-FILED (MANY); option B: keep in F9-P06-T00-GOVERNANCE as a list-valued field,"Multi-valued code list (the state/country/condition element itself repeats; repeat_root = the element), not a row group. Human choice: (A) one child MANY table per list, or (B) keep in the ONE table and mark the variable list-valued so parsers concatenate (e.g. CA;NY) instead of dropping values. B suits one-row-per-filing users; A is normalised. Evidence: repeats in 5.5% of 260,142 filings, max 59/filing, TY2009-2012; repeat_root: ''=95% ; IRS990/StatesWhereCopyOfReturnIsFiled=5%.",medium
ONE_REPEATS,/Return/ReturnData/IRS990/StatesWhereCopyOfReturnIsFldCd,F9_06_DISCLOSURE_STATES_FILED,F9-P06-T00-GOVERNANCE,needs_input,option A: NEW F9-P06-T01-STATES-RETURN-FILED (MANY); option B: keep in F9-P06-T00-GOVERNANCE as a list-valued field,"Multi-valued code list (the state/country/condition element itself repeats; repeat_root = the element), not a row group. Human choice: (A) one child MANY table per list, or (B) keep in the ONE table and mark the variable list-valued so parsers concatenate (e.g. CA;NY) instead of dropping values. B suits one-row-per-filing users; A is normalised. Evidence: repeats in 6.0% of 1,719,773 filings, max 59/filing, TY2013-2024; repeat_root: ''=94% ; IRS990/StatesWhereCopyOfReturnIsFldCd=6%.",medium
ONE_REPEATS,/Return/ReturnData/IRS990EZ/StatesWhereCopyOfReturnIsFiled,F9_06_DISCLOSURE_STATES_FILED,F9-P06-T00-GOVERNANCE,needs_input,option A: NEW F9-P06-T01-STATES-RETURN-FILED (MANY); option B: keep in F9-P06-T00-GOVERNANCE as a list-valued field,"Multi-valued code list (the state/country/condition element itself repeats; repeat_root = the element), not a row group. Human choice: (A) one child MANY table per list, or (B) keep in the ONE table and mark the variable list-valued so parsers concatenate (e.g. CA;NY) instead of dropping values. B suits one-row-per-filing users; A is normalised. Evidence: repeats in 1.1% of 103,795 filings, max 53/filing, TY2009-2012; repeat_root: ''=99% ; IRS990EZ/StatesWhereCopyOfReturnIsFiled=1%.",medium
ONE_REPEATS,/Return/ReturnData/IRS990EZ/StatesWhereCopyOfReturnIsFldCd,F9_06_DISCLOSURE_STATES_FILED,F9-P06-T00-GOVERNANCE,needs_input,option A: NEW F9-P06-T01-STATES-RETURN-FILED (MANY); option B: keep in F9-P06-T00-GOVERNANCE as a list-valued field,"Multi-valued code list (the state/country/condition element itself repeats; repeat_root = the element), not a row group. Human choice: (A) one child MANY table per list, or (B) keep in the ONE table and mark the variable list-valued so parsers concatenate (e.g. CA;NY) instead of dropping values. B suits one-row-per-filing users; A is normalised. Evidence: repeats in 1.4% of 744,061 filings, max 59/filing, TY2013-2024; repeat_root: ''=99% ; IRS990EZ/StatesWhereCopyOfReturnIsFldCd=1%.",medium
ONE_REPEATS,/Return/ReturnData/IRS990ScheduleA/HospitalNameAndAddress/City,SA_01_PCSTAT_HOSPITAL_ADDR_CITY,SA-P01-T00-PUBLIC-CHARITY-STATUS,move_variable,"NEW SA-P01-T02-HOSPITAL-NAME-ADDRESS (MANY; groups IRS990ScheduleA/HospitalNameAndAddress, IRS990ScheduleA/HospitalNameAndAddressGrp)","Schedule A Part I hospital name/city/state is a repeating group (up to 35 per filing). Move all SA_01_PCSTAT_HOSPITAL_NAME/ADDR_* variables (incl. unflagged NAME_L2) to a new MANY table; SA_01_PCSTAT_HOSPITAL_X stays in SA-P01-T00. Evidence: repeats in 6.2% of 801 filings, max 20/filing, TY2009-2012; repeat_root: ''=94% ; IRS990ScheduleA/HospitalNameAndAddress=6%.",high
ONE_REPEATS,/Return/ReturnData/IRS990ScheduleA/HospitalNameAndAddress/Name/BusinessNameLine1,SA_01_PCSTAT_HOSPITAL_NAME_L1,SA-P01-T00-PUBLIC-CHARITY-STATUS,move_variable,"NEW SA-P01-T02-HOSPITAL-NAME-ADDRESS (MANY; groups IRS990ScheduleA/HospitalNameAndAddress, IRS990ScheduleA/HospitalNameAndAddressGrp)","Schedule A Part I hospital name/city/state is a repeating group (up to 35 per filing). Move all SA_01_PCSTAT_HOSPITAL_NAME/ADDR_* variables (incl. unflagged NAME_L2) to a new MANY table; SA_01_PCSTAT_HOSPITAL_X stays in SA-P01-T00. Evidence: repeats in 6.2% of 801 filings, max 20/filing, TY2009-2012; repeat_root: ''=94% ; IRS990ScheduleA/HospitalNameAndAddress=6%.",high
ONE_REPEATS,/Return/ReturnData/IRS990ScheduleA/HospitalNameAndAddress/State,SA_01_PCSTAT_HOSPITAL_ADDR_STATE,SA-P01-T00-PUBLIC-CHARITY-STATUS,move_variable,"NEW SA-P01-T02-HOSPITAL-NAME-ADDRESS (MANY; groups IRS990ScheduleA/HospitalNameAndAddress, IRS990ScheduleA/HospitalNameAndAddressGrp)","Schedule A Part I hospital name/city/state is a repeating group (up to 35 per filing). Move all SA_01_PCSTAT_HOSPITAL_NAME/ADDR_* variables (incl. unflagged NAME_L2) to a new MANY table; SA_01_PCSTAT_HOSPITAL_X stays in SA-P01-T00. Evidence: repeats in 5.7% of 789 filings, max 19/filing, TY2009-2012; repeat_root: ''=94% ; IRS990ScheduleA/HospitalNameAndAddress=6%.",high
ONE_REPEATS,/Return/ReturnData/IRS990ScheduleA/HospitalNameAndAddressGrp/CityNm,SA_01_PCSTAT_HOSPITAL_ADDR_CITY,SA-P01-T00-PUBLIC-CHARITY-STATUS,move_variable,"NEW SA-P01-T02-HOSPITAL-NAME-ADDRESS (MANY; groups IRS990ScheduleA/HospitalNameAndAddress, IRS990ScheduleA/HospitalNameAndAddressGrp)","Schedule A Part I hospital name/city/state is a repeating group (up to 35 per filing). Move all SA_01_PCSTAT_HOSPITAL_NAME/ADDR_* variables (incl. unflagged NAME_L2) to a new MANY table; SA_01_PCSTAT_HOSPITAL_X stays in SA-P01-T00. Evidence: repeats in 7.9% of 4,350 filings, max 35/filing, TY2013-2024; repeat_root: ''=92% ; IRS990ScheduleA/HospitalNameAndAddressGrp=8%.",high
ONE_REPEATS,/Return/ReturnData/IRS990ScheduleA/HospitalNameAndAddressGrp/CountryCd,SA_01_PCSTAT_HOSPITAL_ADDR_CNTR,SA-P01-T00-PUBLIC-CHARITY-STATUS,move_variable,"NEW SA-P01-T02-HOSPITAL-NAME-ADDRESS (MANY; groups IRS990ScheduleA/HospitalNameAndAddress, IRS990ScheduleA/HospitalNameAndAddressGrp)","Schedule A Part I hospital name/city/state is a repeating group (up to 35 per filing). Move all SA_01_PCSTAT_HOSPITAL_NAME/ADDR_* variables (incl. unflagged NAME_L2) to a new MANY table; SA_01_PCSTAT_HOSPITAL_X stays in SA-P01-T00. Evidence: repeats in 7.4% of 108 filings, max 5/filing, TY2013-2024; repeat_root: ''=88% ; IRS990ScheduleA/HospitalNameAndAddressGrp=12%.",high
ONE_REPEATS,/Return/ReturnData/IRS990ScheduleA/HospitalNameAndAddressGrp/StateAbbreviationCd,SA_01_PCSTAT_HOSPITAL_ADDR_STATE,SA-P01-T00-PUBLIC-CHARITY-STATUS,move_variable,"NEW SA-P01-T02-HOSPITAL-NAME-ADDRESS (MANY; groups IRS990ScheduleA/HospitalNameAndAddress, IRS990ScheduleA/HospitalNameAndAddressGrp)","Schedule A Part I hospital name/city/state is a repeating group (up to 35 per filing). Move all SA_01_PCSTAT_HOSPITAL_NAME/ADDR_* variables (incl. unflagged NAME_L2) to a new MANY table; SA_01_PCSTAT_HOSPITAL_X stays in SA-P01-T00. Evidence: repeats in 8.0% of 4,254 filings, max 35/filing, TY2013-2024; repeat_root: ''=92% ; IRS990ScheduleA/HospitalNameAndAddressGrp=8%.",high
ONE_REPEATS,/Return/ReturnData/IRS990ScheduleA/HospitalNameAndAddressGrp/SupportedOrganizationName/BusinessNameLine1,SA_01_PCSTAT_HOSPITAL_NAME_L1,SA-P01-T00-PUBLIC-CHARITY-STATUS,move_variable,"NEW SA-P01-T02-HOSPITAL-NAME-ADDRESS (MANY; groups IRS990ScheduleA/HospitalNameAndAddress, IRS990ScheduleA/HospitalNameAndAddressGrp)","Schedule A Part I hospital name/city/state is a repeating group (up to 35 per filing). Move all SA_01_PCSTAT_HOSPITAL_NAME/ADDR_* variables (incl. unflagged NAME_L2) to a new MANY table; SA_01_PCSTAT_HOSPITAL_X stays in SA-P01-T00. Evidence: repeats in 6.5% of 321 filings, max 16/filing, TY2013-2013; repeat_root: ''=93% ; IRS990ScheduleA/HospitalNameAndAddressGrp=7%.",high
ONE_REPEATS,/Return/ReturnData/IRS990ScheduleA/HospitalNameAndAddressGrp/SupportedOrganizationName/BusinessNameLine1Txt,SA_01_PCSTAT_HOSPITAL_NAME_L1,SA-P01-T00-PUBLIC-CHARITY-STATUS,move_variable,"NEW SA-P01-T02-HOSPITAL-NAME-ADDRESS (MANY; groups IRS990ScheduleA/HospitalNameAndAddress, IRS990ScheduleA/HospitalNameAndAddressGrp)","Schedule A Part I hospital name/city/state is a repeating group (up to 35 per filing). Move all SA_01_PCSTAT_HOSPITAL_NAME/ADDR_* variables (incl. unflagged NAME_L2) to a new MANY table; SA_01_PCSTAT_HOSPITAL_X stays in SA-P01-T00. Evidence: repeats in 8.0% of 4,029 filings, max 35/filing, TY2014-2024; repeat_root: ''=92% ; IRS990ScheduleA/HospitalNameAndAddressGrp=8%.",high
ONE_REPEATS,/Return/ReturnData/IRS990ScheduleA/Form990ScheduleAPartIVGrp/ExplanationTxt,SA_06_EXPLANATION_TEXT,SA-P06-T99-SUPPLEMENTAL-INFO,table_to_many,SA-P06-T99-SUPPLEMENTAL-INFO,"Supplemental-information table: each explanation is one instance of a repeating element (Part-level explanation group / SupplementalInformationDetail), so filings with several explanations lose all but one. Make SA-P06-T99-SUPPLEMENTAL-INFO MANY. Evidence: repeats in 17.7% of 22,589 filings, max 129/filing, TY2013-2013; repeat_root: ''=82% ; IRS990ScheduleA/Form990ScheduleAPartIVGrp=18%.",high
ONE_REPEATS,/Return/ReturnData/IRS990ScheduleA/Form990ScheduleAPartIVGrp/FormAndLineReferenceDesc,SA_06_FORM_LINE_REFERENCE,SA-P06-T99-SUPPLEMENTAL-INFO,table_to_many,SA-P06-T99-SUPPLEMENTAL-INFO,"Supplemental-information table: each explanation is one instance of a repeating element (Part-level explanation group / SupplementalInformationDetail), so filings with several explanations lose all but one. Make SA-P06-T99-SUPPLEMENTAL-INFO MANY. Evidence: repeats in 17.5% of 22,840 filings, max 129/filing, TY2013-2013; repeat_root: ''=82% ; IRS990ScheduleA/Form990ScheduleAPartIVGrp=18%.",high
ONE_REPEATS,/Return/ReturnData/IRS990ScheduleA/Form990ScheduleAPartVIGrp/ExplanationTxt,SA_06_EXPLANATION_TEXT,SA-P06-T99-SUPPLEMENTAL-INFO,table_to_many,SA-P06-T99-SUPPLEMENTAL-INFO,"Supplemental-information table: each explanation is one instance of a repeating element (Part-level explanation group / SupplementalInformationDetail), so filings with several explanations lose all but one. Make SA-P06-T99-SUPPLEMENTAL-INFO MANY. Evidence: repeats in 14.6% of 491,389 filings, max 162/filing, TY2014-2024; repeat_root: ''=85% ; IRS990ScheduleA/Form990ScheduleAPartVIGrp=15%.",high
ONE_REPEATS,/Return/ReturnData/IRS990ScheduleA/Form990ScheduleAPartVIGrp/FormAndLineReferenceDesc,SA_06_FORM_LINE_REFERENCE,SA-P06-T99-SUPPLEMENTAL-INFO,table_to_many,SA-P06-T99-SUPPLEMENTAL-INFO,"Supplemental-information table: each explanation is one instance of a repeating element (Part-level explanation group / SupplementalInformationDetail), so filings with several explanations lose all but one. Make SA-P06-T99-SUPPLEMENTAL-INFO MANY. Evidence: repeats in 14.6% of 495,595 filings, max 162/filing, TY2014-2024; repeat_root: ''=85% ; IRS990ScheduleA/Form990ScheduleAPartVIGrp=15%.",high
ONE_REPEATS,/Return/ReturnData/IRS990ScheduleA/GeneralExplanation,SA_06_EXPLANATION_TEXT,SA-P06-T99-SUPPLEMENTAL-INFO,table_to_many,SA-P06-T99-SUPPLEMENTAL-INFO,"Supplemental-information table: each explanation is one instance of a repeating element (Part-level explanation group / SupplementalInformationDetail), so filings with several explanations lose all but one. Make SA-P06-T99-SUPPLEMENTAL-INFO MANY. Evidence: repeats in 4.1% of 25,209 filings, max 4/filing, TY2009-2012; repeat_root: ''=96% ; IRS990ScheduleA/GeneralExplanation=4%.",high
ONE_REPEATS,/Return/ReturnData/IRS990ScheduleC/Form990ScheduleCPartIV/Explanation,SC_04_EXPLANATION_TEXT,SC-P04-T99-SUPPLEMENTAL-INFO,table_to_many,SC-P04-T99-SUPPLEMENTAL-INFO,"Supplemental-information table: each explanation is one instance of a repeating element (Part-level explanation group / SupplementalInformationDetail), so filings with several explanations lose all but one. Make SC-P04-T99-SUPPLEMENTAL-INFO MANY. Evidence: repeats in 4.4% of 20,889 filings, max 5/filing, TY2009-2012; repeat_root: ''=95% ; IRS990ScheduleC/Form990ScheduleCPartIV=5%.",high
ONE_REPEATS,/Return/ReturnData/IRS990ScheduleC/Form990ScheduleCPartIV/Identifier,SC_04_IDENTIFIER,SC-P04-T99-SUPPLEMENTAL-INFO,table_to_many,SC-P04-T99-SUPPLEMENTAL-INFO,"Supplemental-information table: each explanation is one instance of a repeating element (Part-level explanation group / SupplementalInformationDetail), so filings with several explanations lose all but one. Make SC-P04-T99-SUPPLEMENTAL-INFO MANY. Evidence: repeats in 3.4% of 19,364 filings, max 5/filing, TY2009-2012; repeat_root: ''=96% ; IRS990ScheduleC/Form990ScheduleCPartIV=4%.",high
ONE_REPEATS,/Return/ReturnData/IRS990ScheduleC/Form990ScheduleCPartIV/ReturnReference,SC_04_RETURN_REFERENCE,SC-P04-T99-SUPPLEMENTAL-INFO,table_to_many,SC-P04-T99-SUPPLEMENTAL-INFO,"Supplemental-information table: each explanation is one instance of a repeating element (Part-level explanation group / SupplementalInformationDetail), so filings with several explanations lose all but one. Make SC-P04-T99-SUPPLEMENTAL-INFO MANY. Evidence: repeats in 2.5% of 17,701 filings, max 5/filing, TY2009-2012; repeat_root: ''=96% ; IRS990ScheduleC/Form990ScheduleCPartIV=4%.",high
ONE_REPEATS,/Return/ReturnData/IRS990ScheduleC/SupplementalInformationDetail/ExplanationTxt,SC_04_EXPLANATION_TEXT,SC-P04-T99-SUPPLEMENTAL-INFO,table_to_many,SC-P04-T99-SUPPLEMENTAL-INFO,"Supplemental-information table: each explanation is one instance of a repeating element (Part-level explanation group / SupplementalInformationDetail), so filings with several explanations lose all but one. Make SC-P04-T99-SUPPLEMENTAL-INFO MANY. Evidence: repeats in 5.7% of 117,257 filings, max 5/filing, TY2013-2024; repeat_root: ''=93% ; IRS990ScheduleC/SupplementalInformationDetail=7%.",high
ONE_REPEATS,/Return/ReturnData/IRS990ScheduleC/SupplementalInformationDetail/FormAndLineReferenceDesc,SC_04_FORM_LINE_REFERENCE,SC-P04-T99-SUPPLEMENTAL-INFO,table_to_many,SC-P04-T99-SUPPLEMENTAL-INFO,"Supplemental-information table: each explanation is one instance of a repeating element (Part-level explanation group / SupplementalInformationDetail), so filings with several explanations lose all but one. Make SC-P04-T99-SUPPLEMENTAL-INFO MANY. Evidence: repeats in 6.7% of 117,316 filings, max 5/filing, TY2013-2024; repeat_root: ''=93% ; IRS990ScheduleC/SupplementalInformationDetail=7%.",high
ONE_REPEATS,/Return/ReturnData/IRS990ScheduleD/Form990ScheduleDPartXIII/Explanation,SD_13_EXPLANATION_TEXT,SD-P13-T99-SUPPLEMENTAL-INFO,table_to_many,SD-P13-T99-SUPPLEMENTAL-INFO,"Supplemental-information table: each explanation is one instance of a repeating element (Part-level explanation group / SupplementalInformationDetail), so filings with several explanations lose all but one. Make SD-P13-T99-SUPPLEMENTAL-INFO MANY. Evidence: repeats in 54.3% of 71,082 filings, max 14/filing, TY2012-2012; repeat_root: IRS990ScheduleD/Form990ScheduleDPartXIII=54% ; ''=46%.",high
ONE_REPEATS,/Return/ReturnData/IRS990ScheduleD/Form990ScheduleDPartXIII/Identifier,SD_13_IDENTIFIER,SD-P13-T99-SUPPLEMENTAL-INFO,table_to_many,SD-P13-T99-SUPPLEMENTAL-INFO,"Supplemental-information table: each explanation is one instance of a repeating element (Part-level explanation group / SupplementalInformationDetail), so filings with several explanations lose all but one. Make SD-P13-T99-SUPPLEMENTAL-INFO MANY. Evidence: repeats in 51.8% of 68,888 filings, max 13/filing, TY2012-2012; repeat_root: IRS990ScheduleD/Form990ScheduleDPartXIII=56% ; ''=44%.",high
ONE_REPEATS,/Return/ReturnData/IRS990ScheduleD/Form990ScheduleDPartXIII/ReturnReference,SD_13_RETURN_REFERENCE,SD-P13-T99-SUPPLEMENTAL-INFO,table_to_many,SD-P13-T99-SUPPLEMENTAL-INFO,"Supplemental-information table: each explanation is one instance of a repeating element (Part-level explanation group / SupplementalInformationDetail), so filings with several explanations lose all but one. Make SD-P13-T99-SUPPLEMENTAL-INFO MANY. Evidence: repeats in 34.3% of 62,063 filings, max 11/filing, TY2012-2012; repeat_root: IRS990ScheduleD/Form990ScheduleDPartXIII=52% ; ''=48%.",high
ONE_REPEATS,/Return/ReturnData/IRS990ScheduleD/Form990ScheduleDPartXIV/Explanation,SD_13_EXPLANATION_TEXT,SD-P13-T99-SUPPLEMENTAL-INFO,table_to_many,SD-P13-T99-SUPPLEMENTAL-INFO,"Supplemental-information table: each explanation is one instance of a repeating element (Part-level explanation group / SupplementalInformationDetail), so filings with several explanations lose all but one. Make SD-P13-T99-SUPPLEMENTAL-INFO MANY. Evidence: repeats in 57.9% of 135,458 filings, max 15/filing, TY2009-2011; repeat_root: IRS990ScheduleD/Form990ScheduleDPartXIV=58% ; ''=42%.",high
ONE_REPEATS,/Return/ReturnData/IRS990ScheduleD/Form990ScheduleDPartXIV/Identifier,SD_13_IDENTIFIER,SD-P13-T99-SUPPLEMENTAL-INFO,table_to_many,SD-P13-T99-SUPPLEMENTAL-INFO,"Supplemental-information table: each explanation is one instance of a repeating element (Part-level explanation group / SupplementalInformationDetail), so filings with several explanations lose all but one. Make SD-P13-T99-SUPPLEMENTAL-INFO MANY. Evidence: repeats in 56.2% of 127,886 filings, max 15/filing, TY2009-2011; repeat_root: IRS990ScheduleD/Form990ScheduleDPartXIV=61% ; ''=39%.",high
ONE_REPEATS,/Return/ReturnData/IRS990ScheduleD/Form990ScheduleDPartXIV/ReturnReference,SD_13_RETURN_REFERENCE,SD-P13-T99-SUPPLEMENTAL-INFO,table_to_many,SD-P13-T99-SUPPLEMENTAL-INFO,"Supplemental-information table: each explanation is one instance of a repeating element (Part-level explanation group / SupplementalInformationDetail), so filings with several explanations lose all but one. Make SD-P13-T99-SUPPLEMENTAL-INFO MANY. Evidence: repeats in 37.8% of 109,424 filings, max 15/filing, TY2009-2011; repeat_root: IRS990ScheduleD/Form990ScheduleDPartXIV=58% ; ''=42%.",high
ONE_REPEATS,/Return/ReturnData/IRS990ScheduleD/SupplementalInformationDetail/ExplanationTxt,SD_13_EXPLANATION_TEXT,SD-P13-T99-SUPPLEMENTAL-INFO,table_to_many,SD-P13-T99-SUPPLEMENTAL-INFO,"Supplemental-information table: each explanation is one instance of a repeating element (Part-level explanation group / SupplementalInformationDetail), so filings with several explanations lose all but one. Make SD-P13-T99-SUPPLEMENTAL-INFO MANY. Evidence: repeats in 48.6% of 1,121,991 filings, max 15/filing, TY2013-2024; repeat_root: ''=51% ; IRS990ScheduleD/SupplementalInformationDetail=49%.",high
ONE_REPEATS,/Return/ReturnData/IRS990ScheduleD/SupplementalInformationDetail/FormAndLineReferenceDesc,SD_13_FORM_LINE_REFERENCE,SD-P13-T99-SUPPLEMENTAL-INFO,table_to_many,SD-P13-T99-SUPPLEMENTAL-INFO,"Supplemental-information table: each explanation is one instance of a repeating element (Part-level explanation group / SupplementalInformationDetail), so filings with several explanations lose all but one. Make SD-P13-T99-SUPPLEMENTAL-INFO MANY. Evidence: repeats in 48.6% of 1,122,248 filings, max 15/filing, TY2013-2024; repeat_root: ''=51% ; IRS990ScheduleD/SupplementalInformationDetail=49%.",high
ONE_REPEATS,/Return/ReturnData/IRS990ScheduleE/Form990ScheduleEPartII/Explanation,SE_02_EXPLANATION_TEXT,SE-P02-T99-SUPPLEMENTAL-INFO,table_to_many,SE-P02-T99-SUPPLEMENTAL-INFO,"Supplemental-information table: each explanation is one instance of a repeating element (Part-level explanation group / SupplementalInformationDetail), so filings with several explanations lose all but one. Make SE-P02-T99-SUPPLEMENTAL-INFO MANY. Evidence: repeats in 46.8% of 23,281 filings, max 6/filing, TY2010-2012; repeat_root: ''=53% ; IRS990ScheduleE/Form990ScheduleEPartII=47%.",high
ONE_REPEATS,/Return/ReturnData/IRS990ScheduleE/Form990ScheduleEPartII/Identifier,SE_02_IDENTIFIER,SE-P02-T99-SUPPLEMENTAL-INFO,table_to_many,SE-P02-T99-SUPPLEMENTAL-INFO,"Supplemental-information table: each explanation is one instance of a repeating element (Part-level explanation group / SupplementalInformationDetail), so filings with several explanations lose all but one. Make SE-P02-T99-SUPPLEMENTAL-INFO MANY. Evidence: repeats in 47.2% of 23,207 filings, max 6/filing, TY2010-2012; repeat_root: ''=53% ; IRS990ScheduleE/Form990ScheduleEPartII=47%.",high
ONE_REPEATS,/Return/ReturnData/IRS990ScheduleE/Form990ScheduleEPartII/ReturnReference,SE_02_RETURN_REFERENCE,SE-P02-T99-SUPPLEMENTAL-INFO,table_to_many,SE-P02-T99-SUPPLEMENTAL-INFO,"Supplemental-information table: each explanation is one instance of a repeating element (Part-level explanation group / SupplementalInformationDetail), so filings with several explanations lose all but one. Make SE-P02-T99-SUPPLEMENTAL-INFO MANY. Evidence: repeats in 50.6% of 16,632 filings, max 6/filing, TY2010-2012; repeat_root: IRS990ScheduleE/Form990ScheduleEPartII=51% ; ''=49%.",high
ONE_REPEATS,/Return/ReturnData/IRS990ScheduleE/SupplementalInformationDetail/ExplanationTxt,SE_02_EXPLANATION_TEXT,SE-P02-T99-SUPPLEMENTAL-INFO,table_to_many,SE-P02-T99-SUPPLEMENTAL-INFO,"Supplemental-information table: each explanation is one instance of a repeating element (Part-level explanation group / SupplementalInformationDetail), so filings with several explanations lose all but one. Make SE-P02-T99-SUPPLEMENTAL-INFO MANY. Evidence: repeats in 48.5% of 151,388 filings, max 10/filing, TY2013-2024; repeat_root: IRS990ScheduleE/SupplementalInformationDetail=56% ; ''=44%.",high
ONE_REPEATS,/Return/ReturnData/IRS990ScheduleE/SupplementalInformationDetail/FormAndLineReferenceDesc,SE_02_FORM_LINE_REFERENCE,SE-P02-T99-SUPPLEMENTAL-INFO,table_to_many,SE-P02-T99-SUPPLEMENTAL-INFO,"Supplemental-information table: each explanation is one instance of a repeating element (Part-level explanation group / SupplementalInformationDetail), so filings with several explanations lose all but one. Make SE-P02-T99-SUPPLEMENTAL-INFO MANY. Evidence: repeats in 59.3% of 162,566 filings, max 10/filing, TY2013-2024; repeat_root: IRS990ScheduleE/SupplementalInformationDetail=59% ; ''=41%.",high
ONE_REPEATS,/Return/ReturnData/IRS990ScheduleF/Form990ScheduleFPartIV/Explanation,SF_05_EXPLANATION_TEXT,SF-P05-T99-EXPLANATION-TEXT,table_to_many,SF-P05-T99-EXPLANATION-TEXT,"Supplemental-information table: each explanation is one instance of a repeating element (Part-level explanation group / SupplementalInformationDetail), so filings with several explanations lose all but one. Make SF-P05-T99-EXPLANATION-TEXT MANY. Evidence: repeats in 17.8% of 963 filings, max 5/filing, TY2009-2009; repeat_root: ''=82% ; IRS990ScheduleF/Form990ScheduleFPartIV=18%.",high
ONE_REPEATS,/Return/ReturnData/IRS990ScheduleF/Form990ScheduleFPartIV/Identifier,SF_05_IDENTIFIER,SF-P05-T99-EXPLANATION-TEXT,table_to_many,SF-P05-T99-EXPLANATION-TEXT,"Supplemental-information table: each explanation is one instance of a repeating element (Part-level explanation group / SupplementalInformationDetail), so filings with several explanations lose all but one. Make SF-P05-T99-EXPLANATION-TEXT MANY. Evidence: repeats in 18.0% of 959 filings, max 5/filing, TY2009-2009; repeat_root: ''=82% ; IRS990ScheduleF/Form990ScheduleFPartIV=18%.",high
ONE_REPEATS,/Return/ReturnData/IRS990ScheduleF/Form990ScheduleFPartIV/ReturnReference,SF_05_RETURN_REFERENCE,SF-P05-T99-EXPLANATION-TEXT,table_to_many,SF-P05-T99-EXPLANATION-TEXT,"Supplemental-information table: each explanation is one instance of a repeating element (Part-level explanation group / SupplementalInformationDetail), so filings with several explanations lose all but one. Make SF-P05-T99-EXPLANATION-TEXT MANY. Evidence: repeats in 11.9% of 403 filings, max 5/filing, TY2009-2009; repeat_root: ''=81% ; IRS990ScheduleF/Form990ScheduleFPartIV=19%.",high
ONE_REPEATS,/Return/ReturnData/IRS990ScheduleF/Form990ScheduleFPartV/Explanation,SF_05_EXPLANATION_TEXT,SF-P05-T99-EXPLANATION-TEXT,table_to_many,SF-P05-T99-EXPLANATION-TEXT,"Supplemental-information table: each explanation is one instance of a repeating element (Part-level explanation group / SupplementalInformationDetail), so filings with several explanations lose all but one. Make SF-P05-T99-EXPLANATION-TEXT MANY. Evidence: repeats in 24.9% of 11,820 filings, max 5/filing, TY2010-2012; repeat_root: ''=75% ; IRS990ScheduleF/Form990ScheduleFPartV=25%.",high
ONE_REPEATS,/Return/ReturnData/IRS990ScheduleF/Form990ScheduleFPartV/Identifier,SF_05_IDENTIFIER,SF-P05-T99-EXPLANATION-TEXT,table_to_many,SF-P05-T99-EXPLANATION-TEXT,"Supplemental-information table: each explanation is one instance of a repeating element (Part-level explanation group / SupplementalInformationDetail), so filings with several explanations lose all but one. Make SF-P05-T99-EXPLANATION-TEXT MANY. Evidence: repeats in 22.8% of 11,136 filings, max 5/filing, TY2010-2012; repeat_root: ''=74% ; IRS990ScheduleF/Form990ScheduleFPartV=26%.",high
ONE_REPEATS,/Return/ReturnData/IRS990ScheduleF/Form990ScheduleFPartV/ReturnReference,SF_05_RETURN_REFERENCE,SF-P05-T99-EXPLANATION-TEXT,table_to_many,SF-P05-T99-EXPLANATION-TEXT,"Supplemental-information table: each explanation is one instance of a repeating element (Part-level explanation group / SupplementalInformationDetail), so filings with several explanations lose all but one. Make SF-P05-T99-EXPLANATION-TEXT MANY. Evidence: repeats in 24.7% of 3,951 filings, max 5/filing, TY2010-2012; repeat_root: ''=65% ; IRS990ScheduleF/Form990ScheduleFPartV=35%.",high
ONE_REPEATS,/Return/ReturnData/IRS990ScheduleF/SupplementalInformationDetail/ExplanationTxt,SF_05_EXPLANATION_TEXT,SF-P05-T99-EXPLANATION-TEXT,table_to_many,SF-P05-T99-EXPLANATION-TEXT,"Supplemental-information table: each explanation is one instance of a repeating element (Part-level explanation group / SupplementalInformationDetail), so filings with several explanations lose all but one. Make SF-P05-T99-EXPLANATION-TEXT MANY. Evidence: repeats in 32.3% of 100,364 filings, max 5/filing, TY2013-2024; repeat_root: ''=55% ; IRS990ScheduleF/SupplementalInformationDetail=45%.",high
ONE_REPEATS,/Return/ReturnData/IRS990ScheduleF/SupplementalInformationDetail/FormAndLineReferenceDesc,SF_05_FORM_LINE_REFERENCE,SF-P05-T99-EXPLANATION-TEXT,table_to_many,SF-P05-T99-EXPLANATION-TEXT,"Supplemental-information table: each explanation is one instance of a repeating element (Part-level explanation group / SupplementalInformationDetail), so filings with several explanations lose all but one. Make SF-P05-T99-EXPLANATION-TEXT MANY. Evidence: repeats in 40.8% of 111,383 filings, max 5/filing, TY2013-2024; repeat_root: ''=59% ; IRS990ScheduleF/SupplementalInformationDetail=41%.",high
ONE_REPEATS,/Return/ReturnData/IRS990ScheduleG/LicensedStates,SG_01_LIST_STATES_ORG_LIC,SG-P01-T00-FUNDRAISING-ACTS,needs_input,option A: NEW SG-P01-T02-LICENSED-STATES (MANY); option B: keep in SG-P01-T00-FUNDRAISING-ACTS as a list-valued field,"Multi-valued code list (the state/country/condition element itself repeats; repeat_root = the element), not a row group. Human choice: (A) one child MANY table per list, or (B) keep in the ONE table and mark the variable list-valued so parsers concatenate (e.g. CA;NY) instead of dropping values. B suits one-row-per-filing users; A is normalised. Evidence: repeats in 23.7% of 17,072 filings, max 54/filing, TY2009-2012; repeat_root: ''=76% ; IRS990ScheduleG/LicensedStates=24%.",medium
ONE_REPEATS,/Return/ReturnData/IRS990ScheduleG/LicensedStatesCd,SG_01_LIST_STATES_ORG_LIC,SG-P01-T00-FUNDRAISING-ACTS,needs_input,option A: NEW SG-P01-T02-LICENSED-STATES (MANY); option B: keep in SG-P01-T00-FUNDRAISING-ACTS as a list-valued field,"Multi-valued code list (the state/country/condition element itself repeats; repeat_root = the element), not a row group. Human choice: (A) one child MANY table per list, or (B) keep in the ONE table and mark the variable list-valued so parsers concatenate (e.g. CA;NY) instead of dropping values. B suits one-row-per-filing users; A is normalised. Evidence: repeats in 23.4% of 91,140 filings, max 59/filing, TY2013-2024; repeat_root: ''=77% ; IRS990ScheduleG/LicensedStatesCd=23%.",medium
ONE_REPEATS,/Return/ReturnData/IRS990ScheduleG/StatesWhereGamingConducted,SG_03_STATES_GAMING_CONDUCTED,SG-P03-T00-GAMING,needs_input,option A: NEW SG-P03-T01-GAMING-STATES (MANY); option B: keep in SG-P03-T00-GAMING as a list-valued field,"Multi-valued code list (the state/country/condition element itself repeats; repeat_root = the element), not a row group. Human choice: (A) one child MANY table per list, or (B) keep in the ONE table and mark the variable list-valued so parsers concatenate (e.g. CA;NY) instead of dropping values. B suits one-row-per-filing users; A is normalised. Evidence: repeats in 1.0% of 17,082 filings, max 50/filing, TY2009-2012; repeat_root: ''=99% ; IRS990ScheduleG/StatesWhereGamingConducted=1%.",medium
ONE_REPEATS,/Return/ReturnData/IRS990ScheduleG/Form990ScheduleGPartIV/Explanation,SG_04_EXPLANATION_TEXT,SG-P04-T99-SUPPLEMENTAL-INFO,table_to_many,SG-P04-T99-SUPPLEMENTAL-INFO,"Supplemental-information table: each explanation is one instance of a repeating element (Part-level explanation group / SupplementalInformationDetail), so filings with several explanations lose all but one. Make SG-P04-T99-SUPPLEMENTAL-INFO MANY. Evidence: repeats in 9.5% of 5,023 filings, max 10/filing, TY2010-2012; repeat_root: ''=91% ; IRS990ScheduleG/Form990ScheduleGPartIV=9%.",high
ONE_REPEATS,/Return/ReturnData/IRS990ScheduleG/Form990ScheduleGPartIV/Identifier,SG_04_IDENTIFIER,SG-P04-T99-SUPPLEMENTAL-INFO,table_to_many,SG-P04-T99-SUPPLEMENTAL-INFO,"Supplemental-information table: each explanation is one instance of a repeating element (Part-level explanation group / SupplementalInformationDetail), so filings with several explanations lose all but one. Make SG-P04-T99-SUPPLEMENTAL-INFO MANY. Evidence: repeats in 8.1% of 4,536 filings, max 10/filing, TY2010-2012; repeat_root: ''=91% ; IRS990ScheduleG/Form990ScheduleGPartIV=9%.",high
ONE_REPEATS,/Return/ReturnData/IRS990ScheduleG/Form990ScheduleGPartIV/ReturnReference,SG_04_RETURN_REFERENCE,SG-P04-T99-SUPPLEMENTAL-INFO,table_to_many,SG-P04-T99-SUPPLEMENTAL-INFO,"Supplemental-information table: each explanation is one instance of a repeating element (Part-level explanation group / SupplementalInformationDetail), so filings with several explanations lose all but one. Make SG-P04-T99-SUPPLEMENTAL-INFO MANY. Evidence: repeats in 9.3% of 3,502 filings, max 10/filing, TY2010-2012; repeat_root: ''=90% ; IRS990ScheduleG/Form990ScheduleGPartIV=10%.",high
ONE_REPEATS,/Return/ReturnData/IRS990ScheduleG/SupplementalInformationDetail/ExplanationTxt,SG_04_EXPLANATION_TEXT,SG-P04-T99-SUPPLEMENTAL-INFO,table_to_many,SG-P04-T99-SUPPLEMENTAL-INFO,"Supplemental-information table: each explanation is one instance of a repeating element (Part-level explanation group / SupplementalInformationDetail), so filings with several explanations lose all but one. Make SG-P04-T99-SUPPLEMENTAL-INFO MANY. Evidence: repeats in 11.0% of 39,172 filings, max 10/filing, TY2013-2024; repeat_root: ''=89% ; IRS990ScheduleG/SupplementalInformationDetail=11%.",high
ONE_REPEATS,/Return/ReturnData/IRS990ScheduleG/SupplementalInformationDetail/FormAndLineReferenceDesc,SG_04_FORM_LINE_REFERENCE,SG-P04-T99-SUPPLEMENTAL-INFO,table_to_many,SG-P04-T99-SUPPLEMENTAL-INFO,"Supplemental-information table: each explanation is one instance of a repeating element (Part-level explanation group / SupplementalInformationDetail), so filings with several explanations lose all but one. Make SG-P04-T99-SUPPLEMENTAL-INFO MANY. Evidence: repeats in 11.0% of 39,247 filings, max 10/filing, TY2013-2024; repeat_root: ''=89% ; IRS990ScheduleG/SupplementalInformationDetail=11%.",high
ONE_REPEATS,/Return/ReturnData/IRS990ScheduleH/Form990ScheduleHPartVSectionA/FacilityNumber,SH_05_HOSPITAL_NUM,SH-P05-T00-FAP-COMMUNITY-BENEFIT-POLICY,move_variable,SH-P05-T01-HOSPITAL-FACILITY,"Per-facility line number inside the repeating Section A facility group. Already applied by data-raw/fixes/03 (now SH_05_HOSPITAL_FACILITY_NUM in MANY table SH-P05-T01); no further action. Evidence: repeats in 18.7% of 7,404 filings, max 68/filing, TY2010-2012; repeat_root: ''=81% ; IRS990ScheduleH/Form990ScheduleHPartVSectionA=19%.",high
ONE_REPEATS,/Return/ReturnData/IRS990ScheduleH/Form990ScheduleHPartVSectionB/ActionsOnNonpayment,SH_05_BILL_EXPLAIN_ACT_NOPAY_X,SH-P05-T00-FAP-COMMUNITY-BENEFIT-POLICY,move_variable,"NEW SH-P05-T03-FACILITY-POLICIES-PRACTICES (MANY; groups IRS990ScheduleH/Form990ScheduleHPartVSectionB TY2010-12, IRS990ScheduleH/HospitalFcltyPoliciesPrctcGrp TY2013+)","Schedule H Part V Section B is completed once per hospital facility (or facility group); values sit in the Section B group, which repeats. Move all Section B variables of SH-P05-T00 (incl. facility line number and HospitalFacilityName) to a new MANY table; keep the one-per-filing counts (SH_05_HOSPITAL_NUM, SH_05_NON_HOSPITAL_NUM: max 1/filing) in SH-P05-T00. Alternative: make SH-P05-T00 MANY and move the counts out. Evidence: repeats in 13.1% of 5,496 filings, max 60/filing, TY2010-2012; repeat_root: ''=87% ; IRS990ScheduleH/Form990ScheduleHPartVSectionB=13%.",high
ONE_REPEATS,/Return/ReturnData/IRS990ScheduleH/Form990ScheduleHPartVSectionB/AmountsGenerallyBilled,SH_05_CHARGE_MT_AMT_BILLED_X,SH-P05-T00-FAP-COMMUNITY-BENEFIT-POLICY,move_variable,"NEW SH-P05-T03-FACILITY-POLICIES-PRACTICES (MANY; groups IRS990ScheduleH/Form990ScheduleHPartVSectionB TY2010-12, IRS990ScheduleH/HospitalFcltyPoliciesPrctcGrp TY2013+)","Schedule H Part V Section B is completed once per hospital facility (or facility group); values sit in the Section B group, which repeats. Move all Section B variables of SH-P05-T00 (incl. facility line number and HospitalFacilityName) to a new MANY table; keep the one-per-filing counts (SH_05_HOSPITAL_NUM, SH_05_NON_HOSPITAL_NUM: max 1/filing) in SH-P05-T00. Alternative: make SH-P05-T00 MANY and move the counts out. Evidence: repeats in 13.1% of 5,475 filings, max 60/filing, TY2010-2012; repeat_root: ''=87% ; IRS990ScheduleH/Form990ScheduleHPartVSectionB=13%.",high
ONE_REPEATS,/Return/ReturnData/IRS990ScheduleH/Form990ScheduleHPartVSectionB/CHNAConducted,SH_05_CHNA_CONDUCTED_X,SH-P05-T00-FAP-COMMUNITY-BENEFIT-POLICY,move_variable,"NEW SH-P05-T03-FACILITY-POLICIES-PRACTICES (MANY; groups IRS990ScheduleH/Form990ScheduleHPartVSectionB TY2010-12, IRS990ScheduleH/HospitalFcltyPoliciesPrctcGrp TY2013+)","Schedule H Part V Section B is completed once per hospital facility (or facility group); values sit in the Section B group, which repeats. Move all Section B variables of SH-P05-T00 (incl. facility line number and HospitalFacilityName) to a new MANY table; keep the one-per-filing counts (SH_05_HOSPITAL_NUM, SH_05_NON_HOSPITAL_NUM: max 1/filing) in SH-P05-T00. Alternative: make SH-P05-T00 MANY and move the counts out. Evidence: repeats in 9.7% of 2,760 filings, max 29/filing, TY2010-2012; repeat_root: ''=89% ; IRS990ScheduleH/Form990ScheduleHPartVSectionB=11%.",high
ONE_REPEATS,/Return/ReturnData/IRS990ScheduleH/Form990ScheduleHPartVSectionB/CHNAWidelyAvailable,SH_05_CHNA_AVBL_PUB_X,SH-P05-T00-FAP-COMMUNITY-BENEFIT-POLICY,move_variable,"NEW SH-P05-T03-FACILITY-POLICIES-PRACTICES (MANY; groups IRS990ScheduleH/Form990ScheduleHPartVSectionB TY2010-12, IRS990ScheduleH/HospitalFcltyPoliciesPrctcGrp TY2013+)","Schedule H Part V Section B is completed once per hospital facility (or facility group); values sit in the Section B group, which repeats. Move all Section B variables of SH-P05-T00 (incl. facility line number and HospitalFacilityName) to a new MANY table; keep the one-per-filing counts (SH_05_HOSPITAL_NUM, SH_05_NON_HOSPITAL_NUM: max 1/filing) in SH-P05-T00. Alternative: make SH-P05-T00 MANY and move the counts out. Evidence: repeats in 9.4% of 1,837 filings, max 16/filing, TY2010-2012; repeat_root: ''=90% ; IRS990ScheduleH/Form990ScheduleHPartVSectionB=10%.",high
ONE_REPEATS,/Return/ReturnData/IRS990ScheduleH/Form990ScheduleHPartVSectionB/CollectionActivities,SH_05_BILL_3RD_PARTY_COLLEC_X,SH-P05-T00-FAP-COMMUNITY-BENEFIT-POLICY,move_variable,"NEW SH-P05-T03-FACILITY-POLICIES-PRACTICES (MANY; groups IRS990ScheduleH/Form990ScheduleHPartVSectionB TY2010-12, IRS990ScheduleH/HospitalFcltyPoliciesPrctcGrp TY2013+)","Schedule H Part V Section B is completed once per hospital facility (or facility group); values sit in the Section B group, which repeats. Move all Section B variables of SH-P05-T00 (incl. facility line number and HospitalFacilityName) to a new MANY table; keep the one-per-filing counts (SH_05_HOSPITAL_NUM, SH_05_NON_HOSPITAL_NUM: max 1/filing) in SH-P05-T00. Alternative: make SH-P05-T00 MANY and move the counts out. Evidence: repeats in 13.1% of 5,483 filings, max 60/filing, TY2010-2012; repeat_root: ''=87% ; IRS990ScheduleH/Form990ScheduleHPartVSectionB=13%.",high
ONE_REPEATS,/Return/ReturnData/IRS990ScheduleH/Form990ScheduleHPartVSectionB/CommunityDefinition,SH_05_CHNA_DESC_DEFINITION_COM_X,SH-P05-T00-FAP-COMMUNITY-BENEFIT-POLICY,move_variable,"NEW SH-P05-T03-FACILITY-POLICIES-PRACTICES (MANY; groups IRS990ScheduleH/Form990ScheduleHPartVSectionB TY2010-12, IRS990ScheduleH/HospitalFcltyPoliciesPrctcGrp TY2013+)","Schedule H Part V Section B is completed once per hospital facility (or facility group); values sit in the Section B group, which repeats. Move all Section B variables of SH-P05-T00 (incl. facility line number and HospitalFacilityName) to a new MANY table; keep the one-per-filing counts (SH_05_HOSPITAL_NUM, SH_05_NON_HOSPITAL_NUM: max 1/filing) in SH-P05-T00. Alternative: make SH-P05-T00 MANY and move the counts out. Evidence: repeats in 9.2% of 1,805 filings, max 16/filing, TY2010-2012; repeat_root: ''=90% ; IRS990ScheduleH/Form990ScheduleHPartVSectionB=10%.",high
ONE_REPEATS,/Return/ReturnData/IRS990ScheduleH/Form990ScheduleHPartVSectionB/CommunityDemographics,SH_05_CHNA_DESC_DEMOGRAPHICS_X,SH-P05-T00-FAP-COMMUNITY-BENEFIT-POLICY,move_variable,"NEW SH-P05-T03-FACILITY-POLICIES-PRACTICES (MANY; groups IRS990ScheduleH/Form990ScheduleHPartVSectionB TY2010-12, IRS990ScheduleH/HospitalFcltyPoliciesPrctcGrp TY2013+)","Schedule H Part V Section B is completed once per hospital facility (or facility group); values sit in the Section B group, which repeats. Move all Section B variables of SH-P05-T00 (incl. facility line number and HospitalFacilityName) to a new MANY table; keep the one-per-filing counts (SH_05_HOSPITAL_NUM, SH_05_NON_HOSPITAL_NUM: max 1/filing) in SH-P05-T00. Alternative: make SH-P05-T00 MANY and move the counts out. Evidence: repeats in 9.2% of 1,799 filings, max 16/filing, TY2010-2012; repeat_root: ''=90% ; IRS990ScheduleH/Form990ScheduleHPartVSectionB=10%.",high
ONE_REPEATS,/Return/ReturnData/IRS990ScheduleH/Form990ScheduleHPartVSectionB/CommunityHealthNeeds,SH_05_CHNA_DESC_HEALTH_NEED_X,SH-P05-T00-FAP-COMMUNITY-BENEFIT-POLICY,move_variable,"NEW SH-P05-T03-FACILITY-POLICIES-PRACTICES (MANY; groups IRS990ScheduleH/Form990ScheduleHPartVSectionB TY2010-12, IRS990ScheduleH/HospitalFcltyPoliciesPrctcGrp TY2013+)","Schedule H Part V Section B is completed once per hospital facility (or facility group); values sit in the Section B group, which repeats. Move all Section B variables of SH-P05-T00 (incl. facility line number and HospitalFacilityName) to a new MANY table; keep the one-per-filing counts (SH_05_HOSPITAL_NUM, SH_05_NON_HOSPITAL_NUM: max 1/filing) in SH-P05-T00. Alternative: make SH-P05-T00 MANY and move the counts out. Evidence: repeats in 9.4% of 1,801 filings, max 16/filing, TY2010-2012; repeat_root: ''=90% ; IRS990ScheduleH/Form990ScheduleHPartVSectionB=10%.",high
ONE_REPEATS,/Return/ReturnData/IRS990ScheduleH/Form990ScheduleHPartVSectionB/ConsultingProcess,SH_05_CHNA_DESC_CONSULTING_X,SH-P05-T00-FAP-COMMUNITY-BENEFIT-POLICY,move_variable,"NEW SH-P05-T03-FACILITY-POLICIES-PRACTICES (MANY; groups IRS990ScheduleH/Form990ScheduleHPartVSectionB TY2010-12, IRS990ScheduleH/HospitalFcltyPoliciesPrctcGrp TY2013+)","Schedule H Part V Section B is completed once per hospital facility (or facility group); values sit in the Section B group, which repeats. Move all Section B variables of SH-P05-T00 (incl. facility line number and HospitalFacilityName) to a new MANY table; keep the one-per-filing counts (SH_05_HOSPITAL_NUM, SH_05_NON_HOSPITAL_NUM: max 1/filing) in SH-P05-T00. Alternative: make SH-P05-T00 MANY and move the counts out. Evidence: repeats in 9.3% of 1,735 filings, max 16/filing, TY2010-2012; repeat_root: ''=90% ; IRS990ScheduleH/Form990ScheduleHPartVSectionB=10%.",high
ONE_REPEATS,/Return/ReturnData/IRS990ScheduleH/Form990ScheduleHPartVSectionB/EligibilityCriteriaExplained,SH_05_FAP_CRITERIA_EXPLAIN_X,SH-P05-T00-FAP-COMMUNITY-BENEFIT-POLICY,move_variable,"NEW SH-P05-T03-FACILITY-POLICIES-PRACTICES (MANY; groups IRS990ScheduleH/Form990ScheduleHPartVSectionB TY2010-12, IRS990ScheduleH/HospitalFcltyPoliciesPrctcGrp TY2013+)","Schedule H Part V Section B is completed once per hospital facility (or facility group); values sit in the Section B group, which repeats. Move all Section B variables of SH-P05-T00 (incl. facility line number and HospitalFacilityName) to a new MANY table; keep the one-per-filing counts (SH_05_HOSPITAL_NUM, SH_05_NON_HOSPITAL_NUM: max 1/filing) in SH-P05-T00. Alternative: make SH-P05-T00 MANY and move the counts out. Evidence: repeats in 13.1% of 5,501 filings, max 60/filing, TY2010-2012; repeat_root: ''=87% ; IRS990ScheduleH/Form990ScheduleHPartVSectionB=13%.",high
ONE_REPEATS,/Return/ReturnData/IRS990ScheduleH/Form990ScheduleHPartVSectionB/ExistingResources,SH_01_CHNA_DESC_RESOURCES_X,SH-P05-T00-FAP-COMMUNITY-BENEFIT-POLICY,move_variable,"NEW SH-P05-T03-FACILITY-POLICIES-PRACTICES (MANY; groups IRS990ScheduleH/Form990ScheduleHPartVSectionB TY2010-12, IRS990ScheduleH/HospitalFcltyPoliciesPrctcGrp TY2013+)","Schedule H Part V Section B is completed once per hospital facility (or facility group); values sit in the Section B group, which repeats. Move all Section B variables of SH-P05-T00 (incl. facility line number and HospitalFacilityName) to a new MANY table; keep the one-per-filing counts (SH_05_HOSPITAL_NUM, SH_05_NON_HOSPITAL_NUM: max 1/filing) in SH-P05-T00. Alternative: make SH-P05-T00 MANY and move the counts out. Evidence: repeats in 9.3% of 1,693 filings, max 15/filing, TY2010-2012; repeat_root: ''=90% ; IRS990ScheduleH/Form990ScheduleHPartVSectionB=10%.",high
ONE_REPEATS,/Return/ReturnData/IRS990ScheduleH/Form990ScheduleHPartVSectionB/ExplainsApplicationMethod,SH_05_FAP_METHOD_EXPLAIN_X,SH-P05-T00-FAP-COMMUNITY-BENEFIT-POLICY,move_variable,"NEW SH-P05-T03-FACILITY-POLICIES-PRACTICES (MANY; groups IRS990ScheduleH/Form990ScheduleHPartVSectionB TY2010-12, IRS990ScheduleH/HospitalFcltyPoliciesPrctcGrp TY2013+)","Schedule H Part V Section B is completed once per hospital facility (or facility group); values sit in the Section B group, which repeats. Move all Section B variables of SH-P05-T00 (incl. facility line number and HospitalFacilityName) to a new MANY table; keep the one-per-filing counts (SH_05_HOSPITAL_NUM, SH_05_NON_HOSPITAL_NUM: max 1/filing) in SH-P05-T00. Alternative: make SH-P05-T00 MANY and move the counts out. Evidence: repeats in 13.1% of 5,492 filings, max 60/filing, TY2010-2012; repeat_root: ''=87% ; IRS990ScheduleH/Form990ScheduleHPartVSectionB=13%.",high
ONE_REPEATS,/Return/ReturnData/IRS990ScheduleH/Form990ScheduleHPartVSectionB/ExplainsBasis,SH_05_FAP_BASIS_EXPLAIN_X,SH-P05-T00-FAP-COMMUNITY-BENEFIT-POLICY,move_variable,"NEW SH-P05-T03-FACILITY-POLICIES-PRACTICES (MANY; groups IRS990ScheduleH/Form990ScheduleHPartVSectionB TY2010-12, IRS990ScheduleH/HospitalFcltyPoliciesPrctcGrp TY2013+)","Schedule H Part V Section B is completed once per hospital facility (or facility group); values sit in the Section B group, which repeats. Move all Section B variables of SH-P05-T00 (incl. facility line number and HospitalFacilityName) to a new MANY table; keep the one-per-filing counts (SH_05_HOSPITAL_NUM, SH_05_NON_HOSPITAL_NUM: max 1/filing) in SH-P05-T00. Alternative: make SH-P05-T00 MANY and move the counts out. Evidence: repeats in 13.0% of 5,487 filings, max 60/filing, TY2010-2012; repeat_root: ''=87% ; IRS990ScheduleH/Form990ScheduleHPartVSectionB=13%.",high
ONE_REPEATS,/Return/ReturnData/IRS990ScheduleH/Form990ScheduleHPartVSectionB/FileForm4720ReportExciseTax,SH_05_CHNA_4959_FORM4720_FILED_X,SH-P05-T00-FAP-COMMUNITY-BENEFIT-POLICY,move_variable,"NEW SH-P05-T03-FACILITY-POLICIES-PRACTICES (MANY; groups IRS990ScheduleH/Form990ScheduleHPartVSectionB TY2010-12, IRS990ScheduleH/HospitalFcltyPoliciesPrctcGrp TY2013+)","Schedule H Part V Section B is completed once per hospital facility (or facility group); values sit in the Section B group, which repeats. Move all Section B variables of SH-P05-T00 (incl. facility line number and HospitalFacilityName) to a new MANY table; keep the one-per-filing counts (SH_05_HOSPITAL_NUM, SH_05_NON_HOSPITAL_NUM: max 1/filing) in SH-P05-T00. Alternative: make SH-P05-T00 MANY and move the counts out. Evidence: repeats in 5.4% of 74 filings, max 6/filing, TY2012-2012; repeat_root: ''=95% ; IRS990ScheduleH/Form990ScheduleHPartVSectionB=5%.",high
ONE_REPEATS,/Return/ReturnData/IRS990ScheduleH/Form990ScheduleHPartVSectionB/GrossCharges,SH_05_CHARGE_FAP_GRO_CHARGE_X,SH-P05-T00-FAP-COMMUNITY-BENEFIT-POLICY,move_variable,"NEW SH-P05-T03-FACILITY-POLICIES-PRACTICES (MANY; groups IRS990ScheduleH/Form990ScheduleHPartVSectionB TY2010-12, IRS990ScheduleH/HospitalFcltyPoliciesPrctcGrp TY2013+)","Schedule H Part V Section B is completed once per hospital facility (or facility group); values sit in the Section B group, which repeats. Move all Section B variables of SH-P05-T00 (incl. facility line number and HospitalFacilityName) to a new MANY table; keep the one-per-filing counts (SH_05_HOSPITAL_NUM, SH_05_NON_HOSPITAL_NUM: max 1/filing) in SH-P05-T00. Alternative: make SH-P05-T00 MANY and move the counts out. Evidence: repeats in 13.1% of 5,477 filings, max 60/filing, TY2010-2012; repeat_root: ''=87% ; IRS990ScheduleH/Form990ScheduleHPartVSectionB=13%.",high
ONE_REPEATS,/Return/ReturnData/IRS990ScheduleH/Form990ScheduleHPartVSectionB/HospitalFacilityName/BusinessNameLine1,SH_05_HOSPITAL_FACILITY_NAME_L1,SH-P05-T00-FAP-COMMUNITY-BENEFIT-POLICY,move_variable,"NEW SH-P05-T03-FACILITY-POLICIES-PRACTICES (MANY; groups IRS990ScheduleH/Form990ScheduleHPartVSectionB TY2010-12, IRS990ScheduleH/HospitalFcltyPoliciesPrctcGrp TY2013+)","Schedule H Part V Section B is completed once per hospital facility (or facility group); values sit in the Section B group, which repeats. Move all Section B variables of SH-P05-T00 (incl. facility line number and HospitalFacilityName) to a new MANY table; keep the one-per-filing counts (SH_05_HOSPITAL_NUM, SH_05_NON_HOSPITAL_NUM: max 1/filing) in SH-P05-T00. Alternative: make SH-P05-T00 MANY and move the counts out. Evidence: repeats in 13.1% of 7,206 filings, max 81/filing, TY2010-2012; repeat_root: ''=87% ; IRS990ScheduleH/Form990ScheduleHPartVSectionB=13%.",high
ONE_REPEATS,/Return/ReturnData/IRS990ScheduleH/Form990ScheduleHPartVSectionB/HospitalFacilityNumber,SH_05_HOSPITAL_FACILITY_LINE_NUM,SH-P05-T00-FAP-COMMUNITY-BENEFIT-POLICY,move_variable,"NEW SH-P05-T03-FACILITY-POLICIES-PRACTICES (MANY; groups IRS990ScheduleH/Form990ScheduleHPartVSectionB TY2010-12, IRS990ScheduleH/HospitalFcltyPoliciesPrctcGrp TY2013+)","Schedule H Part V Section B is completed once per hospital facility (or facility group); values sit in the Section B group, which repeats. Move all Section B variables of SH-P05-T00 (incl. facility line number and HospitalFacilityName) to a new MANY table; keep the one-per-filing counts (SH_05_HOSPITAL_NUM, SH_05_NON_HOSPITAL_NUM: max 1/filing) in SH-P05-T00. Alternative: make SH-P05-T00 MANY and move the counts out. Evidence: repeats in 12.9% of 6,939 filings, max 81/filing, TY2010-2012; repeat_root: ''=87% ; IRS990ScheduleH/Form990ScheduleHPartVSectionB=13%.",high
ONE_REPEATS,/Return/ReturnData/IRS990ScheduleH/Form990ScheduleHPartVSectionB/HowDataObtained,SH_05_CHNA_DESC_DATA_OBTAINED_X,SH-P05-T00-FAP-COMMUNITY-BENEFIT-POLICY,move_variable,"NEW SH-P05-T03-FACILITY-POLICIES-PRACTICES (MANY; groups IRS990ScheduleH/Form990ScheduleHPartVSectionB TY2010-12, IRS990ScheduleH/HospitalFcltyPoliciesPrctcGrp TY2013+)","Schedule H Part V Section B is completed once per hospital facility (or facility group); values sit in the Section B group, which repeats. Move all Section B variables of SH-P05-T00 (incl. facility line number and HospitalFacilityName) to a new MANY table; keep the one-per-filing counts (SH_05_HOSPITAL_NUM, SH_05_NON_HOSPITAL_NUM: max 1/filing) in SH-P05-T00. Alternative: make SH-P05-T00 MANY and move the counts out. Evidence: repeats in 9.4% of 1,793 filings, max 16/filing, TY2010-2012; repeat_root: ''=90% ; IRS990ScheduleH/Form990ScheduleHPartVSectionB=10%.",high
ONE_REPEATS,/Return/ReturnData/IRS990ScheduleH/Form990ScheduleHPartVSectionB/IdentifyingProcess,SH_05_CHNA_DESC_IDENTIFYING_X,SH-P05-T00-FAP-COMMUNITY-BENEFIT-POLICY,move_variable,"NEW SH-P05-T03-FACILITY-POLICIES-PRACTICES (MANY; groups IRS990ScheduleH/Form990ScheduleHPartVSectionB TY2010-12, IRS990ScheduleH/HospitalFcltyPoliciesPrctcGrp TY2013+)","Schedule H Part V Section B is completed once per hospital facility (or facility group); values sit in the Section B group, which repeats. Move all Section B variables of SH-P05-T00 (incl. facility line number and HospitalFacilityName) to a new MANY table; keep the one-per-filing counts (SH_05_HOSPITAL_NUM, SH_05_NON_HOSPITAL_NUM: max 1/filing) in SH-P05-T00. Alternative: make SH-P05-T00 MANY and move the counts out. Evidence: repeats in 9.3% of 1,742 filings, max 16/filing, TY2010-2012; repeat_root: ''=90% ; IRS990ScheduleH/Form990ScheduleHPartVSectionB=10%.",high
ONE_REPEATS,/Return/ReturnData/IRS990ScheduleH/Form990ScheduleHPartVSectionB/InformationGaps,SH_05_CHNA_DESC_INFO_GAP_X,SH-P05-T00-FAP-COMMUNITY-BENEFIT-POLICY,move_variable,"NEW SH-P05-T03-FACILITY-POLICIES-PRACTICES (MANY; groups IRS990ScheduleH/Form990ScheduleHPartVSectionB TY2010-12, IRS990ScheduleH/HospitalFcltyPoliciesPrctcGrp TY2013+)","Schedule H Part V Section B is completed once per hospital facility (or facility group); values sit in the Section B group, which repeats. Move all Section B variables of SH-P05-T00 (incl. facility line number and HospitalFacilityName) to a new MANY table; keep the one-per-filing counts (SH_05_HOSPITAL_NUM, SH_05_NON_HOSPITAL_NUM: max 1/filing) in SH-P05-T00. Alternative: make SH-P05-T00 MANY and move the counts out. Evidence: repeats in 9.4% of 1,231 filings, max 14/filing, TY2010-2012; repeat_root: ''=90% ; IRS990ScheduleH/Form990ScheduleHPartVSectionB=10%.",high
ONE_REPEATS,/Return/ReturnData/IRS990ScheduleH/Form990ScheduleHPartVSectionB/NeedsAssessmentConducted,SH_05_CHNA_YEAR_CONDUCTED,SH-P05-T00-FAP-COMMUNITY-BENEFIT-POLICY,move_variable,"NEW SH-P05-T03-FACILITY-POLICIES-PRACTICES (MANY; groups IRS990ScheduleH/Form990ScheduleHPartVSectionB TY2010-12, IRS990ScheduleH/HospitalFcltyPoliciesPrctcGrp TY2013+)","Schedule H Part V Section B is completed once per hospital facility (or facility group); values sit in the Section B group, which repeats. Move all Section B variables of SH-P05-T00 (incl. facility line number and HospitalFacilityName) to a new MANY table; keep the one-per-filing counts (SH_05_HOSPITAL_NUM, SH_05_NON_HOSPITAL_NUM: max 1/filing) in SH-P05-T00. Alternative: make SH-P05-T00 MANY and move the counts out. Evidence: repeats in 9.6% of 1,789 filings, max 16/filing, TY2010-2012; repeat_root: ''=90% ; IRS990ScheduleH/Form990ScheduleHPartVSectionB=10%.",high
ONE_REPEATS,/Return/ReturnData/IRS990ScheduleH/Form990ScheduleHPartVSectionB/NoEmergencyCare,SH_05_EMERGENCY_NO_CARE_X,SH-P05-T00-FAP-COMMUNITY-BENEFIT-POLICY,move_variable,"NEW SH-P05-T03-FACILITY-POLICIES-PRACTICES (MANY; groups IRS990ScheduleH/Form990ScheduleHPartVSectionB TY2010-12, IRS990ScheduleH/HospitalFcltyPoliciesPrctcGrp TY2013+)","Schedule H Part V Section B is completed once per hospital facility (or facility group); values sit in the Section B group, which repeats. Move all Section B variables of SH-P05-T00 (incl. facility line number and HospitalFacilityName) to a new MANY table; keep the one-per-filing counts (SH_05_HOSPITAL_NUM, SH_05_NON_HOSPITAL_NUM: max 1/filing) in SH-P05-T00. Alternative: make SH-P05-T00 MANY and move the counts out. Evidence: repeats in 11.2% of 268 filings, max 19/filing, TY2010-2012; repeat_root: ''=79% ; IRS990ScheduleH/Form990ScheduleHPartVSectionB=21%.",high
ONE_REPEATS,/Return/ReturnData/IRS990ScheduleH/Form990ScheduleHPartVSectionB/NondiscrimEmergencyCarePolicy,SH_05_EMERGENCY_NODISCR_POLICY_X,SH-P05-T00-FAP-COMMUNITY-BENEFIT-POLICY,move_variable,"NEW SH-P05-T03-FACILITY-POLICIES-PRACTICES (MANY; groups IRS990ScheduleH/Form990ScheduleHPartVSectionB TY2010-12, IRS990ScheduleH/HospitalFcltyPoliciesPrctcGrp TY2013+)","Schedule H Part V Section B is completed once per hospital facility (or facility group); values sit in the Section B group, which repeats. Move all Section B variables of SH-P05-T00 (incl. facility line number and HospitalFacilityName) to a new MANY table; keep the one-per-filing counts (SH_05_HOSPITAL_NUM, SH_05_NON_HOSPITAL_NUM: max 1/filing) in SH-P05-T00. Alternative: make SH-P05-T00 MANY and move the counts out. Evidence: repeats in 13.1% of 5,496 filings, max 60/filing, TY2010-2012; repeat_root: ''=87% ; IRS990ScheduleH/Form990ScheduleHPartVSectionB=13%.",high
ONE_REPEATS,/Return/ReturnData/IRS990ScheduleH/Form990ScheduleHPartVSectionB/OrganizationIncurExciseTax,SH_05_CHNA_EXCISE_TAX_4959_X,SH-P05-T00-FAP-COMMUNITY-BENEFIT-POLICY,move_variable,"NEW SH-P05-T03-FACILITY-POLICIES-PRACTICES (MANY; groups IRS990ScheduleH/Form990ScheduleHPartVSectionB TY2010-12, IRS990ScheduleH/HospitalFcltyPoliciesPrctcGrp TY2013+)","Schedule H Part V Section B is completed once per hospital facility (or facility group); values sit in the Section B group, which repeats. Move all Section B variables of SH-P05-T00 (incl. facility line number and HospitalFacilityName) to a new MANY table; keep the one-per-filing counts (SH_05_HOSPITAL_NUM, SH_05_NON_HOSPITAL_NUM: max 1/filing) in SH-P05-T00. Alternative: make SH-P05-T00 MANY and move the counts out. Evidence: repeats in 8.6% of 1,551 filings, max 16/filing, TY2012-2012; repeat_root: ''=91% ; IRS990ScheduleH/Form990ScheduleHPartVSectionB=9%.",high
ONE_REPEATS,/Return/ReturnData/IRS990ScheduleH/Form990ScheduleHPartVSectionB/Other,SH_05_CHNA_DESC_OTH_X,SH-P05-T00-FAP-COMMUNITY-BENEFIT-POLICY,move_variable,"NEW SH-P05-T03-FACILITY-POLICIES-PRACTICES (MANY; groups IRS990ScheduleH/Form990ScheduleHPartVSectionB TY2010-12, IRS990ScheduleH/HospitalFcltyPoliciesPrctcGrp TY2013+)","Schedule H Part V Section B is completed once per hospital facility (or facility group); values sit in the Section B group, which repeats. Move all Section B variables of SH-P05-T00 (incl. facility line number and HospitalFacilityName) to a new MANY table; keep the one-per-filing counts (SH_05_HOSPITAL_NUM, SH_05_NON_HOSPITAL_NUM: max 1/filing) in SH-P05-T00. Alternative: make SH-P05-T00 MANY and move the counts out. Evidence: repeats in 8.4% of 273 filings, max 5/filing, TY2010-2012; repeat_root: ''=90% ; IRS990ScheduleH/Form990ScheduleHPartVSectionB=10%.",high
ONE_REPEATS,/Return/ReturnData/IRS990ScheduleH/Form990ScheduleHPartVSectionB/OtherActions,SH_05_BILL_3RD_PARTY_OTH_ACT_X,SH-P05-T00-FAP-COMMUNITY-BENEFIT-POLICY,move_variable,"NEW SH-P05-T03-FACILITY-POLICIES-PRACTICES (MANY; groups IRS990ScheduleH/Form990ScheduleHPartVSectionB TY2010-12, IRS990ScheduleH/HospitalFcltyPoliciesPrctcGrp TY2013+)","Schedule H Part V Section B is completed once per hospital facility (or facility group); values sit in the Section B group, which repeats. Move all Section B variables of SH-P05-T00 (incl. facility line number and HospitalFacilityName) to a new MANY table; keep the one-per-filing counts (SH_05_HOSPITAL_NUM, SH_05_NON_HOSPITAL_NUM: max 1/filing) in SH-P05-T00. Alternative: make SH-P05-T00 MANY and move the counts out. Evidence: repeats in 14.1% of 206 filings, max 13/filing, TY2010-2012; repeat_root: ''=85% ; IRS990ScheduleH/Form990ScheduleHPartVSectionB=15%.",high
ONE_REPEATS,/Return/ReturnData/IRS990ScheduleH/Form990ScheduleHPartVSectionB/OtherFacilities,SH_05_CHNA_FACILITY_OTH_X,SH-P05-T00-FAP-COMMUNITY-BENEFIT-POLICY,move_variable,"NEW SH-P05-T03-FACILITY-POLICIES-PRACTICES (MANY; groups IRS990ScheduleH/Form990ScheduleHPartVSectionB TY2010-12, IRS990ScheduleH/HospitalFcltyPoliciesPrctcGrp TY2013+)","Schedule H Part V Section B is completed once per hospital facility (or facility group); values sit in the Section B group, which repeats. Move all Section B variables of SH-P05-T00 (incl. facility line number and HospitalFacilityName) to a new MANY table; keep the one-per-filing counts (SH_05_HOSPITAL_NUM, SH_05_NON_HOSPITAL_NUM: max 1/filing) in SH-P05-T00. Alternative: make SH-P05-T00 MANY and move the counts out. Evidence: repeats in 9.5% of 1,838 filings, max 16/filing, TY2010-2012; repeat_root: ''=90% ; IRS990ScheduleH/Form990ScheduleHPartVSectionB=10%.",high
ONE_REPEATS,/Return/ReturnData/IRS990ScheduleH/Form990ScheduleHPartVSectionB/OtherHealthIssues,SH_05_CHNA_DESC_HEALTH_ISSUE_X,SH-P05-T00-FAP-COMMUNITY-BENEFIT-POLICY,move_variable,"NEW SH-P05-T03-FACILITY-POLICIES-PRACTICES (MANY; groups IRS990ScheduleH/Form990ScheduleHPartVSectionB TY2010-12, IRS990ScheduleH/HospitalFcltyPoliciesPrctcGrp TY2013+)","Schedule H Part V Section B is completed once per hospital facility (or facility group); values sit in the Section B group, which repeats. Move all Section B variables of SH-P05-T00 (incl. facility line number and HospitalFacilityName) to a new MANY table; keep the one-per-filing counts (SH_05_HOSPITAL_NUM, SH_05_NON_HOSPITAL_NUM: max 1/filing) in SH-P05-T00. Alternative: make SH-P05-T00 MANY and move the counts out. Evidence: repeats in 9.8% of 1,692 filings, max 16/filing, TY2010-2012; repeat_root: ''=90% ; IRS990ScheduleH/Form990ScheduleHPartVSectionB=10%.",high
ONE_REPEATS,/Return/ReturnData/IRS990ScheduleH/Form990ScheduleHPartVSectionB/OtherMethod,SH_05_CHNA_AVBL_OTH_METHOD_X,SH-P05-T00-FAP-COMMUNITY-BENEFIT-POLICY,move_variable,"NEW SH-P05-T03-FACILITY-POLICIES-PRACTICES (MANY; groups IRS990ScheduleH/Form990ScheduleHPartVSectionB TY2010-12, IRS990ScheduleH/HospitalFcltyPoliciesPrctcGrp TY2013+)","Schedule H Part V Section B is completed once per hospital facility (or facility group); values sit in the Section B group, which repeats. Move all Section B variables of SH-P05-T00 (incl. facility line number and HospitalFacilityName) to a new MANY table; keep the one-per-filing counts (SH_05_HOSPITAL_NUM, SH_05_NON_HOSPITAL_NUM: max 1/filing) in SH-P05-T00. Alternative: make SH-P05-T00 MANY and move the counts out. Evidence: repeats in 9.9% of 536 filings, max 16/filing, TY2010-2012; repeat_root: ''=88% ; IRS990ScheduleH/Form990ScheduleHPartVSectionB=12%.",high
ONE_REPEATS,/Return/ReturnData/IRS990ScheduleH/Form990ScheduleHPartVSectionB/OtherReason,SH_05_EMERGENCY_OTH_REASON_X,SH-P05-T00-FAP-COMMUNITY-BENEFIT-POLICY,move_variable,"NEW SH-P05-T03-FACILITY-POLICIES-PRACTICES (MANY; groups IRS990ScheduleH/Form990ScheduleHPartVSectionB TY2010-12, IRS990ScheduleH/HospitalFcltyPoliciesPrctcGrp TY2013+)","Schedule H Part V Section B is completed once per hospital facility (or facility group); values sit in the Section B group, which repeats. Move all Section B variables of SH-P05-T00 (incl. facility line number and HospitalFacilityName) to a new MANY table; keep the one-per-filing counts (SH_05_HOSPITAL_NUM, SH_05_NON_HOSPITAL_NUM: max 1/filing) in SH-P05-T00. Alternative: make SH-P05-T00 MANY and move the counts out. Evidence: repeats in 8.7% of 92 filings, max 6/filing, TY2010-2012; repeat_root: ''=87% ; IRS990ScheduleH/Form990ScheduleHPartVSectionB=13%.",high
ONE_REPEATS,/Return/ReturnData/IRS990ScheduleH/Form990ScheduleHPartVSectionB/OwnWebsite,SH_05_CHNA_AVBL_WEBSITE_X,SH-P05-T00-FAP-COMMUNITY-BENEFIT-POLICY,move_variable,"NEW SH-P05-T03-FACILITY-POLICIES-PRACTICES (MANY; groups IRS990ScheduleH/Form990ScheduleHPartVSectionB TY2010-12, IRS990ScheduleH/HospitalFcltyPoliciesPrctcGrp TY2013+)","Schedule H Part V Section B is completed once per hospital facility (or facility group); values sit in the Section B group, which repeats. Move all Section B variables of SH-P05-T00 (incl. facility line number and HospitalFacilityName) to a new MANY table; keep the one-per-filing counts (SH_05_HOSPITAL_NUM, SH_05_NON_HOSPITAL_NUM: max 1/filing) in SH-P05-T00. Alternative: make SH-P05-T00 MANY and move the counts out. Evidence: repeats in 9.4% of 1,606 filings, max 16/filing, TY2010-2012; repeat_root: ''=90% ; IRS990ScheduleH/Form990ScheduleHPartVSectionB=10%.",high
ONE_REPEATS,/Return/ReturnData/IRS990ScheduleH/Form990ScheduleHPartVSectionB/PermitOtherActions,SH_05_BILL_PERMIT_OTH_ACT_X,SH-P05-T00-FAP-COMMUNITY-BENEFIT-POLICY,move_variable,"NEW SH-P05-T03-FACILITY-POLICIES-PRACTICES (MANY; groups IRS990ScheduleH/Form990ScheduleHPartVSectionB TY2010-12, IRS990ScheduleH/HospitalFcltyPoliciesPrctcGrp TY2013+)","Schedule H Part V Section B is completed once per hospital facility (or facility group); values sit in the Section B group, which repeats. Move all Section B variables of SH-P05-T00 (incl. facility line number and HospitalFacilityName) to a new MANY table; keep the one-per-filing counts (SH_05_HOSPITAL_NUM, SH_05_NON_HOSPITAL_NUM: max 1/filing) in SH-P05-T00. Alternative: make SH-P05-T00 MANY and move the counts out. Evidence: repeats in 11.8% of 346 filings, max 13/filing, TY2010-2012; repeat_root: ''=86% ; IRS990ScheduleH/Form990ScheduleHPartVSectionB=14%.",high
ONE_REPEATS,/Return/ReturnData/IRS990ScheduleH/Form990ScheduleHPartVSectionB/PermitReportToCreditAgency,SH_05_BILL_PERMIT_AGENCY_X,SH-P05-T00-FAP-COMMUNITY-BENEFIT-POLICY,move_variable,"NEW SH-P05-T03-FACILITY-POLICIES-PRACTICES (MANY; groups IRS990ScheduleH/Form990ScheduleHPartVSectionB TY2010-12, IRS990ScheduleH/HospitalFcltyPoliciesPrctcGrp TY2013+)","Schedule H Part V Section B is completed once per hospital facility (or facility group); values sit in the Section B group, which repeats. Move all Section B variables of SH-P05-T00 (incl. facility line number and HospitalFacilityName) to a new MANY table; keep the one-per-filing counts (SH_05_HOSPITAL_NUM, SH_05_NON_HOSPITAL_NUM: max 1/filing) in SH-P05-T00. Alternative: make SH-P05-T00 MANY and move the counts out. Evidence: repeats in 12.2% of 1,316 filings, max 60/filing, TY2010-2012; repeat_root: ''=87% ; IRS990ScheduleH/Form990ScheduleHPartVSectionB=13%.",high
ONE_REPEATS,/Return/ReturnData/IRS990ScheduleH/Form990ScheduleHPartVSectionB/ReportToCreditAgency,SH_05_BILL_3RD_PARTY_AGENCY_X,SH-P05-T00-FAP-COMMUNITY-BENEFIT-POLICY,move_variable,"NEW SH-P05-T03-FACILITY-POLICIES-PRACTICES (MANY; groups IRS990ScheduleH/Form990ScheduleHPartVSectionB TY2010-12, IRS990ScheduleH/HospitalFcltyPoliciesPrctcGrp TY2013+)","Schedule H Part V Section B is completed once per hospital facility (or facility group); values sit in the Section B group, which repeats. Move all Section B variables of SH-P05-T00 (incl. facility line number and HospitalFacilityName) to a new MANY table; keep the one-per-filing counts (SH_05_HOSPITAL_NUM, SH_05_NON_HOSPITAL_NUM: max 1/filing) in SH-P05-T00. Alternative: make SH-P05-T00 MANY and move the counts out. Evidence: repeats in 12.2% of 1,168 filings, max 60/filing, TY2010-2012; repeat_root: ''=87% ; IRS990ScheduleH/Form990ScheduleHPartVSectionB=13%.",high
ONE_REPEATS,/Return/ReturnData/IRS990ScheduleH/Form990ScheduleHPartVSectionB/TakeIntoAccount,SH_05_CHNA_TAKE_COM_ACC_X,SH-P05-T00-FAP-COMMUNITY-BENEFIT-POLICY,move_variable,"NEW SH-P05-T03-FACILITY-POLICIES-PRACTICES (MANY; groups IRS990ScheduleH/Form990ScheduleHPartVSectionB TY2010-12, IRS990ScheduleH/HospitalFcltyPoliciesPrctcGrp TY2013+)","Schedule H Part V Section B is completed once per hospital facility (or facility group); values sit in the Section B group, which repeats. Move all Section B variables of SH-P05-T00 (incl. facility line number and HospitalFacilityName) to a new MANY table; keep the one-per-filing counts (SH_05_HOSPITAL_NUM, SH_05_NON_HOSPITAL_NUM: max 1/filing) in SH-P05-T00. Alternative: make SH-P05-T00 MANY and move the counts out. Evidence: repeats in 9.5% of 1,837 filings, max 16/filing, TY2010-2012; repeat_root: ''=90% ; IRS990ScheduleH/Form990ScheduleHPartVSectionB=10%.",high
ONE_REPEATS,/Return/ReturnData/IRS990ScheduleH/HospitalFacilitiesGrp/FacilityNum,SH_05_HOSPITAL_NUM,SH-P05-T00-FAP-COMMUNITY-BENEFIT-POLICY,move_variable,SH-P05-T01-HOSPITAL-FACILITY,"Per-facility line number inside the repeating Section A facility group. Already applied by data-raw/fixes/03 (now SH_05_HOSPITAL_FACILITY_NUM in MANY table SH-P05-T01); no further action. Evidence: repeats in 17.1% of 26,974 filings, max 43/filing, TY2013-2024; repeat_root: ''=83% ; IRS990ScheduleH/HospitalFacilitiesGrp=17%.",high
ONE_REPEATS,/Return/ReturnData/IRS990ScheduleH/HospitalFcltyPoliciesPrctcGrp/AmountsGenerallyBilledInd,SH_05_CHARGE_MT_AMT_BILLED_X,SH-P05-T00-FAP-COMMUNITY-BENEFIT-POLICY,move_variable,"NEW SH-P05-T03-FACILITY-POLICIES-PRACTICES (MANY; groups IRS990ScheduleH/Form990ScheduleHPartVSectionB TY2010-12, IRS990ScheduleH/HospitalFcltyPoliciesPrctcGrp TY2013+)","Schedule H Part V Section B is completed once per hospital facility (or facility group); values sit in the Section B group, which repeats. Move all Section B variables of SH-P05-T00 (incl. facility line number and HospitalFacilityName) to a new MANY table; keep the one-per-filing counts (SH_05_HOSPITAL_NUM, SH_05_NON_HOSPITAL_NUM: max 1/filing) in SH-P05-T00. Alternative: make SH-P05-T00 MANY and move the counts out. Evidence: repeats in 7.8% of 26,944 filings, max 43/filing, TY2013-2024; repeat_root: ''=92% ; IRS990ScheduleH/HospitalFcltyPoliciesPrctcGrp=8%.",high
ONE_REPEATS,/Return/ReturnData/IRS990ScheduleH/HospitalFcltyPoliciesPrctcGrp/AppFinancialAsstExplnInd,SH_05_FAP_METHOD_EXPLAIN_X,SH-P05-T00-FAP-COMMUNITY-BENEFIT-POLICY,move_variable,"NEW SH-P05-T03-FACILITY-POLICIES-PRACTICES (MANY; groups IRS990ScheduleH/Form990ScheduleHPartVSectionB TY2010-12, IRS990ScheduleH/HospitalFcltyPoliciesPrctcGrp TY2013+)","Schedule H Part V Section B is completed once per hospital facility (or facility group); values sit in the Section B group, which repeats. Move all Section B variables of SH-P05-T00 (incl. facility line number and HospitalFacilityName) to a new MANY table; keep the one-per-filing counts (SH_05_HOSPITAL_NUM, SH_05_NON_HOSPITAL_NUM: max 1/filing) in SH-P05-T00. Alternative: make SH-P05-T00 MANY and move the counts out. Evidence: repeats in 7.8% of 26,944 filings, max 43/filing, TY2013-2024; repeat_root: ''=92% ; IRS990ScheduleH/HospitalFcltyPoliciesPrctcGrp=8%.",high
ONE_REPEATS,/Return/ReturnData/IRS990ScheduleH/HospitalFcltyPoliciesPrctcGrp/AssetLevelCriteriaInd,SH_05_FAP_CRITERIA_ASSET_X,SH-P05-T00-FAP-COMMUNITY-BENEFIT-POLICY,move_variable,"NEW SH-P05-T03-FACILITY-POLICIES-PRACTICES (MANY; groups IRS990ScheduleH/Form990ScheduleHPartVSectionB TY2010-12, IRS990ScheduleH/HospitalFcltyPoliciesPrctcGrp TY2013+)","Schedule H Part V Section B is completed once per hospital facility (or facility group); values sit in the Section B group, which repeats. Move all Section B variables of SH-P05-T00 (incl. facility line number and HospitalFacilityName) to a new MANY table; keep the one-per-filing counts (SH_05_HOSPITAL_NUM, SH_05_NON_HOSPITAL_NUM: max 1/filing) in SH-P05-T00. Alternative: make SH-P05-T00 MANY and move the counts out. Evidence: repeats in 8.0% of 14,874 filings, max 34/filing, TY2014-2024; repeat_root: ''=91% ; IRS990ScheduleH/HospitalFcltyPoliciesPrctcGrp=9%.",high
ONE_REPEATS,/Return/ReturnData/IRS990ScheduleH/HospitalFcltyPoliciesPrctcGrp/CHNAConductedInd,SH_05_CHNA_CONDUCTED_X,SH-P05-T00-FAP-COMMUNITY-BENEFIT-POLICY,move_variable,"NEW SH-P05-T03-FACILITY-POLICIES-PRACTICES (MANY; groups IRS990ScheduleH/Form990ScheduleHPartVSectionB TY2010-12, IRS990ScheduleH/HospitalFcltyPoliciesPrctcGrp TY2013+)","Schedule H Part V Section B is completed once per hospital facility (or facility group); values sit in the Section B group, which repeats. Move all Section B variables of SH-P05-T00 (incl. facility line number and HospitalFacilityName) to a new MANY table; keep the one-per-filing counts (SH_05_HOSPITAL_NUM, SH_05_NON_HOSPITAL_NUM: max 1/filing) in SH-P05-T00. Alternative: make SH-P05-T00 MANY and move the counts out. Evidence: repeats in 7.8% of 26,939 filings, max 43/filing, TY2013-2024; repeat_root: ''=92% ; IRS990ScheduleH/HospitalFcltyPoliciesPrctcGrp=8%.",high
ONE_REPEATS,/Return/ReturnData/IRS990ScheduleH/HospitalFcltyPoliciesPrctcGrp/CHNAConductedWithNonFcltsInd,SH_05_CHNA_FACILITY_NON_X,SH-P05-T00-FAP-COMMUNITY-BENEFIT-POLICY,move_variable,"NEW SH-P05-T03-FACILITY-POLICIES-PRACTICES (MANY; groups IRS990ScheduleH/Form990ScheduleHPartVSectionB TY2010-12, IRS990ScheduleH/HospitalFcltyPoliciesPrctcGrp TY2013+)","Schedule H Part V Section B is completed once per hospital facility (or facility group); values sit in the Section B group, which repeats. Move all Section B variables of SH-P05-T00 (incl. facility line number and HospitalFacilityName) to a new MANY table; keep the one-per-filing counts (SH_05_HOSPITAL_NUM, SH_05_NON_HOSPITAL_NUM: max 1/filing) in SH-P05-T00. Alternative: make SH-P05-T00 MANY and move the counts out. Evidence: repeats in 7.3% of 23,897 filings, max 38/filing, TY2014-2024; repeat_root: ''=92% ; IRS990ScheduleH/HospitalFcltyPoliciesPrctcGrp=8%.",high
ONE_REPEATS,/Return/ReturnData/IRS990ScheduleH/HospitalFcltyPoliciesPrctcGrp/CHNAConductedWithOtherFcltsInd,SH_05_CHNA_FACILITY_OTH_X,SH-P05-T00-FAP-COMMUNITY-BENEFIT-POLICY,move_variable,"NEW SH-P05-T03-FACILITY-POLICIES-PRACTICES (MANY; groups IRS990ScheduleH/Form990ScheduleHPartVSectionB TY2010-12, IRS990ScheduleH/HospitalFcltyPoliciesPrctcGrp TY2013+)","Schedule H Part V Section B is completed once per hospital facility (or facility group); values sit in the Section B group, which repeats. Move all Section B variables of SH-P05-T00 (incl. facility line number and HospitalFacilityName) to a new MANY table; keep the one-per-filing counts (SH_05_HOSPITAL_NUM, SH_05_NON_HOSPITAL_NUM: max 1/filing) in SH-P05-T00. Alternative: make SH-P05-T00 MANY and move the counts out. Evidence: repeats in 7.4% of 26,251 filings, max 38/filing, TY2013-2024; repeat_root: ''=92% ; IRS990ScheduleH/HospitalFcltyPoliciesPrctcGrp=8%.",high
ONE_REPEATS,/Return/ReturnData/IRS990ScheduleH/HospitalFcltyPoliciesPrctcGrp/CHNAConductedYr,SH_05_CHNA_YEAR_CONDUCTED,SH-P05-T00-FAP-COMMUNITY-BENEFIT-POLICY,move_variable,"NEW SH-P05-T03-FACILITY-POLICIES-PRACTICES (MANY; groups IRS990ScheduleH/Form990ScheduleHPartVSectionB TY2010-12, IRS990ScheduleH/HospitalFcltyPoliciesPrctcGrp TY2013+)","Schedule H Part V Section B is completed once per hospital facility (or facility group); values sit in the Section B group, which repeats. Move all Section B variables of SH-P05-T00 (incl. facility line number and HospitalFacilityName) to a new MANY table; keep the one-per-filing counts (SH_05_HOSPITAL_NUM, SH_05_NON_HOSPITAL_NUM: max 1/filing) in SH-P05-T00. Alternative: make SH-P05-T00 MANY and move the counts out. Evidence: repeats in 7.4% of 26,230 filings, max 38/filing, TY2013-2024; repeat_root: ''=92% ; IRS990ScheduleH/HospitalFcltyPoliciesPrctcGrp=8%.",high
ONE_REPEATS,/Return/ReturnData/IRS990ScheduleH/HospitalFcltyPoliciesPrctcGrp/CHNAReportWidelyAvailableInd,SH_05_CHNA_AVBL_PUB_X,SH-P05-T00-FAP-COMMUNITY-BENEFIT-POLICY,move_variable,"NEW SH-P05-T03-FACILITY-POLICIES-PRACTICES (MANY; groups IRS990ScheduleH/Form990ScheduleHPartVSectionB TY2010-12, IRS990ScheduleH/HospitalFcltyPoliciesPrctcGrp TY2013+)","Schedule H Part V Section B is completed once per hospital facility (or facility group); values sit in the Section B group, which repeats. Move all Section B variables of SH-P05-T00 (incl. facility line number and HospitalFacilityName) to a new MANY table; keep the one-per-filing counts (SH_05_HOSPITAL_NUM, SH_05_NON_HOSPITAL_NUM: max 1/filing) in SH-P05-T00. Alternative: make SH-P05-T00 MANY and move the counts out. Evidence: repeats in 7.3% of 26,253 filings, max 38/filing, TY2013-2024; repeat_root: ''=92% ; IRS990ScheduleH/HospitalFcltyPoliciesPrctcGrp=8%.",high
ONE_REPEATS,/Return/ReturnData/IRS990ScheduleH/HospitalFcltyPoliciesPrctcGrp/CollectionActivitiesInd,SH_05_BILL_3RD_PARTY_COLLEC_X,SH-P05-T00-FAP-COMMUNITY-BENEFIT-POLICY,move_variable,"NEW SH-P05-T03-FACILITY-POLICIES-PRACTICES (MANY; groups IRS990ScheduleH/Form990ScheduleHPartVSectionB TY2010-12, IRS990ScheduleH/HospitalFcltyPoliciesPrctcGrp TY2013+)","Schedule H Part V Section B is completed once per hospital facility (or facility group); values sit in the Section B group, which repeats. Move all Section B variables of SH-P05-T00 (incl. facility line number and HospitalFacilityName) to a new MANY table; keep the one-per-filing counts (SH_05_HOSPITAL_NUM, SH_05_NON_HOSPITAL_NUM: max 1/filing) in SH-P05-T00. Alternative: make SH-P05-T00 MANY and move the counts out. Evidence: repeats in 7.8% of 26,944 filings, max 43/filing, TY2013-2024; repeat_root: ''=92% ; IRS990ScheduleH/HospitalFcltyPoliciesPrctcGrp=8%.",high
ONE_REPEATS,/Return/ReturnData/IRS990ScheduleH/HospitalFcltyPoliciesPrctcGrp/CommunityDefinitionInd,SH_05_CHNA_DESC_DEFINITION_COM_X,SH-P05-T00-FAP-COMMUNITY-BENEFIT-POLICY,move_variable,"NEW SH-P05-T03-FACILITY-POLICIES-PRACTICES (MANY; groups IRS990ScheduleH/Form990ScheduleHPartVSectionB TY2010-12, IRS990ScheduleH/HospitalFcltyPoliciesPrctcGrp TY2013+)","Schedule H Part V Section B is completed once per hospital facility (or facility group); values sit in the Section B group, which repeats. Move all Section B variables of SH-P05-T00 (incl. facility line number and HospitalFacilityName) to a new MANY table; keep the one-per-filing counts (SH_05_HOSPITAL_NUM, SH_05_NON_HOSPITAL_NUM: max 1/filing) in SH-P05-T00. Alternative: make SH-P05-T00 MANY and move the counts out. Evidence: repeats in 7.4% of 26,196 filings, max 38/filing, TY2013-2024; repeat_root: ''=92% ; IRS990ScheduleH/HospitalFcltyPoliciesPrctcGrp=8%.",high
ONE_REPEATS,/Return/ReturnData/IRS990ScheduleH/HospitalFcltyPoliciesPrctcGrp/CommunityDemographicsInd,SH_05_CHNA_DESC_DEMOGRAPHICS_X,SH-P05-T00-FAP-COMMUNITY-BENEFIT-POLICY,move_variable,"NEW SH-P05-T03-FACILITY-POLICIES-PRACTICES (MANY; groups IRS990ScheduleH/Form990ScheduleHPartVSectionB TY2010-12, IRS990ScheduleH/HospitalFcltyPoliciesPrctcGrp TY2013+)","Schedule H Part V Section B is completed once per hospital facility (or facility group); values sit in the Section B group, which repeats. Move all Section B variables of SH-P05-T00 (incl. facility line number and HospitalFacilityName) to a new MANY table; keep the one-per-filing counts (SH_05_HOSPITAL_NUM, SH_05_NON_HOSPITAL_NUM: max 1/filing) in SH-P05-T00. Alternative: make SH-P05-T00 MANY and move the counts out. Evidence: repeats in 7.4% of 26,111 filings, max 38/filing, TY2013-2024; repeat_root: ''=92% ; IRS990ScheduleH/HospitalFcltyPoliciesPrctcGrp=8%.",high
ONE_REPEATS,/Return/ReturnData/IRS990ScheduleH/HospitalFcltyPoliciesPrctcGrp/CommunityHealthNeedsInd,SH_05_CHNA_DESC_HEALTH_NEED_X,SH-P05-T00-FAP-COMMUNITY-BENEFIT-POLICY,move_variable,"NEW SH-P05-T03-FACILITY-POLICIES-PRACTICES (MANY; groups IRS990ScheduleH/Form990ScheduleHPartVSectionB TY2010-12, IRS990ScheduleH/HospitalFcltyPoliciesPrctcGrp TY2013+)","Schedule H Part V Section B is completed once per hospital facility (or facility group); values sit in the Section B group, which repeats. Move all Section B variables of SH-P05-T00 (incl. facility line number and HospitalFacilityName) to a new MANY table; keep the one-per-filing counts (SH_05_HOSPITAL_NUM, SH_05_NON_HOSPITAL_NUM: max 1/filing) in SH-P05-T00. Alternative: make SH-P05-T00 MANY and move the counts out. Evidence: repeats in 7.4% of 26,064 filings, max 38/filing, TY2013-2024; repeat_root: ''=92% ; IRS990ScheduleH/HospitalFcltyPoliciesPrctcGrp=8%.",high
ONE_REPEATS,/Return/ReturnData/IRS990ScheduleH/HospitalFcltyPoliciesPrctcGrp/CommunityHlthNeedsIdProcessInd,SH_05_CHNA_DESC_IDENTIFYING_X,SH-P05-T00-FAP-COMMUNITY-BENEFIT-POLICY,move_variable,"NEW SH-P05-T03-FACILITY-POLICIES-PRACTICES (MANY; groups IRS990ScheduleH/Form990ScheduleHPartVSectionB TY2010-12, IRS990ScheduleH/HospitalFcltyPoliciesPrctcGrp TY2013+)","Schedule H Part V Section B is completed once per hospital facility (or facility group); values sit in the Section B group, which repeats. Move all Section B variables of SH-P05-T00 (incl. facility line number and HospitalFacilityName) to a new MANY table; keep the one-per-filing counts (SH_05_HOSPITAL_NUM, SH_05_NON_HOSPITAL_NUM: max 1/filing) in SH-P05-T00. Alternative: make SH-P05-T00 MANY and move the counts out. Evidence: repeats in 7.4% of 26,015 filings, max 38/filing, TY2013-2024; repeat_root: ''=92% ; IRS990ScheduleH/HospitalFcltyPoliciesPrctcGrp=8%.",high
ONE_REPEATS,/Return/ReturnData/IRS990ScheduleH/HospitalFcltyPoliciesPrctcGrp/CommuntityNotifiedFAPInd,SH_05_FAP_AVBL_COM_NOTIFIED_X,SH-P05-T00-FAP-COMMUNITY-BENEFIT-POLICY,move_variable,"NEW SH-P05-T03-FACILITY-POLICIES-PRACTICES (MANY; groups IRS990ScheduleH/Form990ScheduleHPartVSectionB TY2010-12, IRS990ScheduleH/HospitalFcltyPoliciesPrctcGrp TY2013+)","Schedule H Part V Section B is completed once per hospital facility (or facility group); values sit in the Section B group, which repeats. Move all Section B variables of SH-P05-T00 (incl. facility line number and HospitalFacilityName) to a new MANY table; keep the one-per-filing counts (SH_05_HOSPITAL_NUM, SH_05_NON_HOSPITAL_NUM: max 1/filing) in SH-P05-T00. Alternative: make SH-P05-T00 MANY and move the counts out. Evidence: repeats in 7.7% of 18,673 filings, max 38/filing, TY2014-2024; repeat_root: ''=92% ; IRS990ScheduleH/HospitalFcltyPoliciesPrctcGrp=8%.",high
ONE_REPEATS,/Return/ReturnData/IRS990ScheduleH/HospitalFcltyPoliciesPrctcGrp/ConsultingProcessInd,SH_05_CHNA_DESC_CONSULTING_X,SH-P05-T00-FAP-COMMUNITY-BENEFIT-POLICY,move_variable,"NEW SH-P05-T03-FACILITY-POLICIES-PRACTICES (MANY; groups IRS990ScheduleH/Form990ScheduleHPartVSectionB TY2010-12, IRS990ScheduleH/HospitalFcltyPoliciesPrctcGrp TY2013+)","Schedule H Part V Section B is completed once per hospital facility (or facility group); values sit in the Section B group, which repeats. Move all Section B variables of SH-P05-T00 (incl. facility line number and HospitalFacilityName) to a new MANY table; keep the one-per-filing counts (SH_05_HOSPITAL_NUM, SH_05_NON_HOSPITAL_NUM: max 1/filing) in SH-P05-T00. Alternative: make SH-P05-T00 MANY and move the counts out. Evidence: repeats in 7.4% of 25,829 filings, max 38/filing, TY2013-2024; repeat_root: ''=92% ; IRS990ScheduleH/HospitalFcltyPoliciesPrctcGrp=8%.",high
ONE_REPEATS,/Return/ReturnData/IRS990ScheduleH/HospitalFcltyPoliciesPrctcGrp/DescribedInfoInd,SH_05_FAP_METHOD_DESC_INFO_X,SH-P05-T00-FAP-COMMUNITY-BENEFIT-POLICY,move_variable,"NEW SH-P05-T03-FACILITY-POLICIES-PRACTICES (MANY; groups IRS990ScheduleH/Form990ScheduleHPartVSectionB TY2010-12, IRS990ScheduleH/HospitalFcltyPoliciesPrctcGrp TY2013+)","Schedule H Part V Section B is completed once per hospital facility (or facility group); values sit in the Section B group, which repeats. Move all Section B variables of SH-P05-T00 (incl. facility line number and HospitalFacilityName) to a new MANY table; keep the one-per-filing counts (SH_05_HOSPITAL_NUM, SH_05_NON_HOSPITAL_NUM: max 1/filing) in SH-P05-T00. Alternative: make SH-P05-T00 MANY and move the counts out. Evidence: repeats in 7.7% of 23,759 filings, max 43/filing, TY2014-2024; repeat_root: ''=92% ; IRS990ScheduleH/HospitalFcltyPoliciesPrctcGrp=8%.",high
ONE_REPEATS,/Return/ReturnData/IRS990ScheduleH/HospitalFcltyPoliciesPrctcGrp/DescribedSuprtDocInd,SH_05_FAP_METHOD_DESC_DOC_X,SH-P05-T00-FAP-COMMUNITY-BENEFIT-POLICY,move_variable,"NEW SH-P05-T03-FACILITY-POLICIES-PRACTICES (MANY; groups IRS990ScheduleH/Form990ScheduleHPartVSectionB TY2010-12, IRS990ScheduleH/HospitalFcltyPoliciesPrctcGrp TY2013+)","Schedule H Part V Section B is completed once per hospital facility (or facility group); values sit in the Section B group, which repeats. Move all Section B variables of SH-P05-T00 (incl. facility line number and HospitalFacilityName) to a new MANY table; keep the one-per-filing counts (SH_05_HOSPITAL_NUM, SH_05_NON_HOSPITAL_NUM: max 1/filing) in SH-P05-T00. Alternative: make SH-P05-T00 MANY and move the counts out. Evidence: repeats in 7.6% of 23,254 filings, max 43/filing, TY2014-2024; repeat_root: ''=92% ; IRS990ScheduleH/HospitalFcltyPoliciesPrctcGrp=8%.",high
ONE_REPEATS,/Return/ReturnData/IRS990ScheduleH/HospitalFcltyPoliciesPrctcGrp/EligCriteriaExplainedInd,SH_05_FAP_CRITERIA_EXPLAIN_X,SH-P05-T00-FAP-COMMUNITY-BENEFIT-POLICY,move_variable,"NEW SH-P05-T03-FACILITY-POLICIES-PRACTICES (MANY; groups IRS990ScheduleH/Form990ScheduleHPartVSectionB TY2010-12, IRS990ScheduleH/HospitalFcltyPoliciesPrctcGrp TY2013+)","Schedule H Part V Section B is completed once per hospital facility (or facility group); values sit in the Section B group, which repeats. Move all Section B variables of SH-P05-T00 (incl. facility line number and HospitalFacilityName) to a new MANY table; keep the one-per-filing counts (SH_05_HOSPITAL_NUM, SH_05_NON_HOSPITAL_NUM: max 1/filing) in SH-P05-T00. Alternative: make SH-P05-T00 MANY and move the counts out. Evidence: repeats in 7.8% of 26,944 filings, max 43/filing, TY2013-2024; repeat_root: ''=92% ; IRS990ScheduleH/HospitalFcltyPoliciesPrctcGrp=8%.",high
ONE_REPEATS,/Return/ReturnData/IRS990ScheduleH/HospitalFcltyPoliciesPrctcGrp/EngagedLegalJudicialProcessInd,SH_05_BILL_3RD_PARTY_LEGAL_X,SH-P05-T00-FAP-COMMUNITY-BENEFIT-POLICY,move_variable,"NEW SH-P05-T03-FACILITY-POLICIES-PRACTICES (MANY; groups IRS990ScheduleH/Form990ScheduleHPartVSectionB TY2010-12, IRS990ScheduleH/HospitalFcltyPoliciesPrctcGrp TY2013+)","Schedule H Part V Section B is completed once per hospital facility (or facility group); values sit in the Section B group, which repeats. Move all Section B variables of SH-P05-T00 (incl. facility line number and HospitalFacilityName) to a new MANY table; keep the one-per-filing counts (SH_05_HOSPITAL_NUM, SH_05_NON_HOSPITAL_NUM: max 1/filing) in SH-P05-T00. Alternative: make SH-P05-T00 MANY and move the counts out. Evidence: repeats in 6.0% of 333 filings, max 16/filing, TY2014-2024; repeat_root: ''=93% ; IRS990ScheduleH/HospitalFcltyPoliciesPrctcGrp=7%.",high
ONE_REPEATS,/Return/ReturnData/IRS990ScheduleH/HospitalFcltyPoliciesPrctcGrp/EngagedSellingDebtInd,SH_05_BILL_3RD_PARTY_SELL_DEBT_X,SH-P05-T00-FAP-COMMUNITY-BENEFIT-POLICY,move_variable,"NEW SH-P05-T03-FACILITY-POLICIES-PRACTICES (MANY; groups IRS990ScheduleH/Form990ScheduleHPartVSectionB TY2010-12, IRS990ScheduleH/HospitalFcltyPoliciesPrctcGrp TY2013+)","Schedule H Part V Section B is completed once per hospital facility (or facility group); values sit in the Section B group, which repeats. Move all Section B variables of SH-P05-T00 (incl. facility line number and HospitalFacilityName) to a new MANY table; keep the one-per-filing counts (SH_05_HOSPITAL_NUM, SH_05_NON_HOSPITAL_NUM: max 1/filing) in SH-P05-T00. Alternative: make SH-P05-T00 MANY and move the counts out. Evidence: repeats in 4.6% of 87 filings, max 2/filing, TY2014-2024; repeat_root: ''=93% ; IRS990ScheduleH/HospitalFcltyPoliciesPrctcGrp=7%.",high
ONE_REPEATS,/Return/ReturnData/IRS990ScheduleH/HospitalFcltyPoliciesPrctcGrp/ExciseReportForm4720ForAllAmt,SH_05_CHNA_EXCISE_TAX_4959_AMT,SH-P05-T00-FAP-COMMUNITY-BENEFIT-POLICY,move_variable,"NEW SH-P05-T03-FACILITY-POLICIES-PRACTICES (MANY; groups IRS990ScheduleH/Form990ScheduleHPartVSectionB TY2010-12, IRS990ScheduleH/HospitalFcltyPoliciesPrctcGrp TY2013+)","Schedule H Part V Section B is completed once per hospital facility (or facility group); values sit in the Section B group, which repeats. Move all Section B variables of SH-P05-T00 (incl. facility line number and HospitalFacilityName) to a new MANY table; keep the one-per-filing counts (SH_05_HOSPITAL_NUM, SH_05_NON_HOSPITAL_NUM: max 1/filing) in SH-P05-T00. Alternative: make SH-P05-T00 MANY and move the counts out. Evidence: repeats in 6.8% of 59 filings, max 41/filing, TY2013-2024; repeat_root: ''=81% ; IRS990ScheduleH/HospitalFcltyPoliciesPrctcGrp=19%.",high
ONE_REPEATS,/Return/ReturnData/IRS990ScheduleH/HospitalFcltyPoliciesPrctcGrp/ExistingResourcesInd,SH_01_CHNA_DESC_RESOURCES_X,SH-P05-T00-FAP-COMMUNITY-BENEFIT-POLICY,move_variable,"NEW SH-P05-T03-FACILITY-POLICIES-PRACTICES (MANY; groups IRS990ScheduleH/Form990ScheduleHPartVSectionB TY2010-12, IRS990ScheduleH/HospitalFcltyPoliciesPrctcGrp TY2013+)","Schedule H Part V Section B is completed once per hospital facility (or facility group); values sit in the Section B group, which repeats. Move all Section B variables of SH-P05-T00 (incl. facility line number and HospitalFacilityName) to a new MANY table; keep the one-per-filing counts (SH_05_HOSPITAL_NUM, SH_05_NON_HOSPITAL_NUM: max 1/filing) in SH-P05-T00. Alternative: make SH-P05-T00 MANY and move the counts out. Evidence: repeats in 7.4% of 25,396 filings, max 38/filing, TY2013-2024; repeat_root: ''=92% ; IRS990ScheduleH/HospitalFcltyPoliciesPrctcGrp=8%.",high
ONE_REPEATS,/Return/ReturnData/IRS990ScheduleH/HospitalFcltyPoliciesPrctcGrp/ExplainedBasisInd,SH_05_FAP_BASIS_EXPLAIN_X,SH-P05-T00-FAP-COMMUNITY-BENEFIT-POLICY,move_variable,"NEW SH-P05-T03-FACILITY-POLICIES-PRACTICES (MANY; groups IRS990ScheduleH/Form990ScheduleHPartVSectionB TY2010-12, IRS990ScheduleH/HospitalFcltyPoliciesPrctcGrp TY2013+)","Schedule H Part V Section B is completed once per hospital facility (or facility group); values sit in the Section B group, which repeats. Move all Section B variables of SH-P05-T00 (incl. facility line number and HospitalFacilityName) to a new MANY table; keep the one-per-filing counts (SH_05_HOSPITAL_NUM, SH_05_NON_HOSPITAL_NUM: max 1/filing) in SH-P05-T00. Alternative: make SH-P05-T00 MANY and move the counts out. Evidence: repeats in 7.8% of 26,944 filings, max 43/filing, TY2013-2024; repeat_root: ''=92% ; IRS990ScheduleH/HospitalFcltyPoliciesPrctcGrp=8%.",high
ONE_REPEATS,/Return/ReturnData/IRS990ScheduleH/HospitalFcltyPoliciesPrctcGrp/FAPActionsOnNonpaymentInd,SH_05_BILL_EXPLAIN_ACT_NOPAY_X,SH-P05-T00-FAP-COMMUNITY-BENEFIT-POLICY,move_variable,"NEW SH-P05-T03-FACILITY-POLICIES-PRACTICES (MANY; groups IRS990ScheduleH/Form990ScheduleHPartVSectionB TY2010-12, IRS990ScheduleH/HospitalFcltyPoliciesPrctcGrp TY2013+)","Schedule H Part V Section B is completed once per hospital facility (or facility group); values sit in the Section B group, which repeats. Move all Section B variables of SH-P05-T00 (incl. facility line number and HospitalFacilityName) to a new MANY table; keep the one-per-filing counts (SH_05_HOSPITAL_NUM, SH_05_NON_HOSPITAL_NUM: max 1/filing) in SH-P05-T00. Alternative: make SH-P05-T00 MANY and move the counts out. Evidence: repeats in 7.8% of 26,944 filings, max 43/filing, TY2013-2024; repeat_root: ''=92% ; IRS990ScheduleH/HospitalFcltyPoliciesPrctcGrp=8%.",high
ONE_REPEATS,/Return/ReturnData/IRS990ScheduleH/HospitalFcltyPoliciesPrctcGrp/FAPAppAvailableOnWebsiteInd,SH_05_FAP_AVBL_FORM_WEBSITE_X,SH-P05-T00-FAP-COMMUNITY-BENEFIT-POLICY,move_variable,"NEW SH-P05-T03-FACILITY-POLICIES-PRACTICES (MANY; groups IRS990ScheduleH/Form990ScheduleHPartVSectionB TY2010-12, IRS990ScheduleH/HospitalFcltyPoliciesPrctcGrp TY2013+)","Schedule H Part V Section B is completed once per hospital facility (or facility group); values sit in the Section B group, which repeats. Move all Section B variables of SH-P05-T00 (incl. facility line number and HospitalFacilityName) to a new MANY table; keep the one-per-filing counts (SH_05_HOSPITAL_NUM, SH_05_NON_HOSPITAL_NUM: max 1/filing) in SH-P05-T00. Alternative: make SH-P05-T00 MANY and move the counts out. Evidence: repeats in 7.6% of 21,873 filings, max 42/filing, TY2014-2024; repeat_root: ''=92% ; IRS990ScheduleH/HospitalFcltyPoliciesPrctcGrp=8%.",high
ONE_REPEATS,/Return/ReturnData/IRS990ScheduleH/HospitalFcltyPoliciesPrctcGrp/FAPAppAvailableOnWebsiteURLTxt,SH_05_FAP_AVBL_FORM_WEBSITE,SH-P05-T00-FAP-COMMUNITY-BENEFIT-POLICY,move_variable,"NEW SH-P05-T03-FACILITY-POLICIES-PRACTICES (MANY; groups IRS990ScheduleH/Form990ScheduleHPartVSectionB TY2010-12, IRS990ScheduleH/HospitalFcltyPoliciesPrctcGrp TY2013+)","Schedule H Part V Section B is completed once per hospital facility (or facility group); values sit in the Section B group, which repeats. Move all Section B variables of SH-P05-T00 (incl. facility line number and HospitalFacilityName) to a new MANY table; keep the one-per-filing counts (SH_05_HOSPITAL_NUM, SH_05_NON_HOSPITAL_NUM: max 1/filing) in SH-P05-T00. Alternative: make SH-P05-T00 MANY and move the counts out. Evidence: repeats in 7.6% of 21,466 filings, max 42/filing, TY2014-2024; repeat_root: ''=92% ; IRS990ScheduleH/HospitalFcltyPoliciesPrctcGrp=8%.",high
ONE_REPEATS,/Return/ReturnData/IRS990ScheduleH/HospitalFcltyPoliciesPrctcGrp/FAPAppAvlblOnRequestNoChrgInd,SH_05_FAP_AVBL_FORM_REQUEST_X,SH-P05-T00-FAP-COMMUNITY-BENEFIT-POLICY,move_variable,"NEW SH-P05-T03-FACILITY-POLICIES-PRACTICES (MANY; groups IRS990ScheduleH/Form990ScheduleHPartVSectionB TY2010-12, IRS990ScheduleH/HospitalFcltyPoliciesPrctcGrp TY2013+)","Schedule H Part V Section B is completed once per hospital facility (or facility group); values sit in the Section B group, which repeats. Move all Section B variables of SH-P05-T00 (incl. facility line number and HospitalFacilityName) to a new MANY table; keep the one-per-filing counts (SH_05_HOSPITAL_NUM, SH_05_NON_HOSPITAL_NUM: max 1/filing) in SH-P05-T00. Alternative: make SH-P05-T00 MANY and move the counts out. Evidence: repeats in 7.6% of 23,217 filings, max 43/filing, TY2014-2024; repeat_root: ''=92% ; IRS990ScheduleH/HospitalFcltyPoliciesPrctcGrp=8%.",high
ONE_REPEATS,/Return/ReturnData/IRS990ScheduleH/HospitalFcltyPoliciesPrctcGrp/FAPAvailableOnWebsiteInd,SH_05_FAP_AVBL_WEBSITE_X,SH-P05-T00-FAP-COMMUNITY-BENEFIT-POLICY,move_variable,"NEW SH-P05-T03-FACILITY-POLICIES-PRACTICES (MANY; groups IRS990ScheduleH/Form990ScheduleHPartVSectionB TY2010-12, IRS990ScheduleH/HospitalFcltyPoliciesPrctcGrp TY2013+)","Schedule H Part V Section B is completed once per hospital facility (or facility group); values sit in the Section B group, which repeats. Move all Section B variables of SH-P05-T00 (incl. facility line number and HospitalFacilityName) to a new MANY table; keep the one-per-filing counts (SH_05_HOSPITAL_NUM, SH_05_NON_HOSPITAL_NUM: max 1/filing) in SH-P05-T00. Alternative: make SH-P05-T00 MANY and move the counts out. Evidence: repeats in 7.6% of 22,446 filings, max 43/filing, TY2014-2024; repeat_root: ''=92% ; IRS990ScheduleH/HospitalFcltyPoliciesPrctcGrp=8%.",high
ONE_REPEATS,/Return/ReturnData/IRS990ScheduleH/HospitalFcltyPoliciesPrctcGrp/FAPAvailableOnWebsiteURLTxt,SH_05_FAP_AVBL_WEBSITE,SH-P05-T00-FAP-COMMUNITY-BENEFIT-POLICY,move_variable,"NEW SH-P05-T03-FACILITY-POLICIES-PRACTICES (MANY; groups IRS990ScheduleH/Form990ScheduleHPartVSectionB TY2010-12, IRS990ScheduleH/HospitalFcltyPoliciesPrctcGrp TY2013+)","Schedule H Part V Section B is completed once per hospital facility (or facility group); values sit in the Section B group, which repeats. Move all Section B variables of SH-P05-T00 (incl. facility line number and HospitalFacilityName) to a new MANY table; keep the one-per-filing counts (SH_05_HOSPITAL_NUM, SH_05_NON_HOSPITAL_NUM: max 1/filing) in SH-P05-T00. Alternative: make SH-P05-T00 MANY and move the counts out. Evidence: repeats in 7.5% of 22,025 filings, max 43/filing, TY2014-2024; repeat_root: ''=92% ; IRS990ScheduleH/HospitalFcltyPoliciesPrctcGrp=8%.",high
ONE_REPEATS,/Return/ReturnData/IRS990ScheduleH/HospitalFcltyPoliciesPrctcGrp/FAPAvlblOnRequestNoChargeInd,SH_05_FAP_AVBL_REQUEST_X,SH-P05-T00-FAP-COMMUNITY-BENEFIT-POLICY,move_variable,"NEW SH-P05-T03-FACILITY-POLICIES-PRACTICES (MANY; groups IRS990ScheduleH/Form990ScheduleHPartVSectionB TY2010-12, IRS990ScheduleH/HospitalFcltyPoliciesPrctcGrp TY2013+)","Schedule H Part V Section B is completed once per hospital facility (or facility group); values sit in the Section B group, which repeats. Move all Section B variables of SH-P05-T00 (incl. facility line number and HospitalFacilityName) to a new MANY table; keep the one-per-filing counts (SH_05_HOSPITAL_NUM, SH_05_NON_HOSPITAL_NUM: max 1/filing) in SH-P05-T00. Alternative: make SH-P05-T00 MANY and move the counts out. Evidence: repeats in 7.6% of 23,713 filings, max 43/filing, TY2014-2024; repeat_root: ''=92% ; IRS990ScheduleH/HospitalFcltyPoliciesPrctcGrp=8%.",high
ONE_REPEATS,/Return/ReturnData/IRS990ScheduleH/HospitalFcltyPoliciesPrctcGrp/FAPSumAvlblOnRequestNoChrgInd,SH_05_FAP_AVBL_SUMMARY_REQUEST_X,SH-P05-T00-FAP-COMMUNITY-BENEFIT-POLICY,move_variable,"NEW SH-P05-T03-FACILITY-POLICIES-PRACTICES (MANY; groups IRS990ScheduleH/Form990ScheduleHPartVSectionB TY2010-12, IRS990ScheduleH/HospitalFcltyPoliciesPrctcGrp TY2013+)","Schedule H Part V Section B is completed once per hospital facility (or facility group); values sit in the Section B group, which repeats. Move all Section B variables of SH-P05-T00 (incl. facility line number and HospitalFacilityName) to a new MANY table; keep the one-per-filing counts (SH_05_HOSPITAL_NUM, SH_05_NON_HOSPITAL_NUM: max 1/filing) in SH-P05-T00. Alternative: make SH-P05-T00 MANY and move the counts out. Evidence: repeats in 7.5% of 22,141 filings, max 43/filing, TY2014-2024; repeat_root: ''=92% ; IRS990ScheduleH/HospitalFcltyPoliciesPrctcGrp=8%.",high
ONE_REPEATS,/Return/ReturnData/IRS990ScheduleH/HospitalFcltyPoliciesPrctcGrp/FAPSummaryOnWebsiteInd,SH_05_FAP_AVBL_SUMMARY_WEBSITE_X,SH-P05-T00-FAP-COMMUNITY-BENEFIT-POLICY,move_variable,"NEW SH-P05-T03-FACILITY-POLICIES-PRACTICES (MANY; groups IRS990ScheduleH/Form990ScheduleHPartVSectionB TY2010-12, IRS990ScheduleH/HospitalFcltyPoliciesPrctcGrp TY2013+)","Schedule H Part V Section B is completed once per hospital facility (or facility group); values sit in the Section B group, which repeats. Move all Section B variables of SH-P05-T00 (incl. facility line number and HospitalFacilityName) to a new MANY table; keep the one-per-filing counts (SH_05_HOSPITAL_NUM, SH_05_NON_HOSPITAL_NUM: max 1/filing) in SH-P05-T00. Alternative: make SH-P05-T00 MANY and move the counts out. Evidence: repeats in 7.6% of 21,202 filings, max 43/filing, TY2014-2024; repeat_root: ''=92% ; IRS990ScheduleH/HospitalFcltyPoliciesPrctcGrp=8%.",high
ONE_REPEATS,/Return/ReturnData/IRS990ScheduleH/HospitalFcltyPoliciesPrctcGrp/FAPSummaryOnWebsiteURLTxt,SH_05_FAP_AVBL_SUMMARY_WEBSITE,SH-P05-T00-FAP-COMMUNITY-BENEFIT-POLICY,move_variable,"NEW SH-P05-T03-FACILITY-POLICIES-PRACTICES (MANY; groups IRS990ScheduleH/Form990ScheduleHPartVSectionB TY2010-12, IRS990ScheduleH/HospitalFcltyPoliciesPrctcGrp TY2013+)","Schedule H Part V Section B is completed once per hospital facility (or facility group); values sit in the Section B group, which repeats. Move all Section B variables of SH-P05-T00 (incl. facility line number and HospitalFacilityName) to a new MANY table; keep the one-per-filing counts (SH_05_HOSPITAL_NUM, SH_05_NON_HOSPITAL_NUM: max 1/filing) in SH-P05-T00. Alternative: make SH-P05-T00 MANY and move the counts out. Evidence: repeats in 7.6% of 20,865 filings, max 43/filing, TY2014-2024; repeat_root: ''=92% ; IRS990ScheduleH/HospitalFcltyPoliciesPrctcGrp=8%.",high
ONE_REPEATS,/Return/ReturnData/IRS990ScheduleH/HospitalFcltyPoliciesPrctcGrp/FPGFamilyIncmLmtDscntCarePct,SH_05_FAP_CRITERIA_PCT_FPG_DCNT,SH-P05-T00-FAP-COMMUNITY-BENEFIT-POLICY,move_variable,"NEW SH-P05-T03-FACILITY-POLICIES-PRACTICES (MANY; groups IRS990ScheduleH/Form990ScheduleHPartVSectionB TY2010-12, IRS990ScheduleH/HospitalFcltyPoliciesPrctcGrp TY2013+)","Schedule H Part V Section B is completed once per hospital facility (or facility group); values sit in the Section B group, which repeats. Move all Section B variables of SH-P05-T00 (incl. facility line number and HospitalFacilityName) to a new MANY table; keep the one-per-filing counts (SH_05_HOSPITAL_NUM, SH_05_NON_HOSPITAL_NUM: max 1/filing) in SH-P05-T00. Alternative: make SH-P05-T00 MANY and move the counts out. Evidence: repeats in 7.8% of 24,701 filings, max 43/filing, TY2013-2024; repeat_root: ''=92% ; IRS990ScheduleH/HospitalFcltyPoliciesPrctcGrp=8%.",high
ONE_REPEATS,/Return/ReturnData/IRS990ScheduleH/HospitalFcltyPoliciesPrctcGrp/FPGFamilyIncmLmtFreeCarePct,SH_05_FAP_CRITERIA_PCT_FPG_FREE,SH-P05-T00-FAP-COMMUNITY-BENEFIT-POLICY,move_variable,"NEW SH-P05-T03-FACILITY-POLICIES-PRACTICES (MANY; groups IRS990ScheduleH/Form990ScheduleHPartVSectionB TY2010-12, IRS990ScheduleH/HospitalFcltyPoliciesPrctcGrp TY2013+)","Schedule H Part V Section B is completed once per hospital facility (or facility group); values sit in the Section B group, which repeats. Move all Section B variables of SH-P05-T00 (incl. facility line number and HospitalFacilityName) to a new MANY table; keep the one-per-filing counts (SH_05_HOSPITAL_NUM, SH_05_NON_HOSPITAL_NUM: max 1/filing) in SH-P05-T00. Alternative: make SH-P05-T00 MANY and move the counts out. Evidence: repeats in 7.8% of 26,048 filings, max 43/filing, TY2013-2024; repeat_root: ''=92% ; IRS990ScheduleH/HospitalFcltyPoliciesPrctcGrp=8%.",high
ONE_REPEATS,/Return/ReturnData/IRS990ScheduleH/HospitalFcltyPoliciesPrctcGrp/FPGFamilyIncmLmtFreeDscntInd,SH_05_FAP_CRITERIA_PCT_FPG_X,SH-P05-T00-FAP-COMMUNITY-BENEFIT-POLICY,move_variable,"NEW SH-P05-T03-FACILITY-POLICIES-PRACTICES (MANY; groups IRS990ScheduleH/Form990ScheduleHPartVSectionB TY2010-12, IRS990ScheduleH/HospitalFcltyPoliciesPrctcGrp TY2013+)","Schedule H Part V Section B is completed once per hospital facility (or facility group); values sit in the Section B group, which repeats. Move all Section B variables of SH-P05-T00 (incl. facility line number and HospitalFacilityName) to a new MANY table; keep the one-per-filing counts (SH_05_HOSPITAL_NUM, SH_05_NON_HOSPITAL_NUM: max 1/filing) in SH-P05-T00. Alternative: make SH-P05-T00 MANY and move the counts out. Evidence: repeats in 7.6% of 23,903 filings, max 43/filing, TY2014-2024; repeat_root: ''=92% ; IRS990ScheduleH/HospitalFcltyPoliciesPrctcGrp=8%.",high
ONE_REPEATS,/Return/ReturnData/IRS990ScheduleH/HospitalFcltyPoliciesPrctcGrp/FacilityNum,SH_05_HOSPITAL_FACILITY_LINE_NUM,SH-P05-T00-FAP-COMMUNITY-BENEFIT-POLICY,move_variable,"NEW SH-P05-T03-FACILITY-POLICIES-PRACTICES (MANY; groups IRS990ScheduleH/Form990ScheduleHPartVSectionB TY2010-12, IRS990ScheduleH/HospitalFcltyPoliciesPrctcGrp TY2013+)","Schedule H Part V Section B is completed once per hospital facility (or facility group); values sit in the Section B group, which repeats. Move all Section B variables of SH-P05-T00 (incl. facility line number and HospitalFacilityName) to a new MANY table; keep the one-per-filing counts (SH_05_HOSPITAL_NUM, SH_05_NON_HOSPITAL_NUM: max 1/filing) in SH-P05-T00. Alternative: make SH-P05-T00 MANY and move the counts out. Evidence: repeats in 7.4% of 23,526 filings, max 43/filing, TY2013-2024; repeat_root: ''=92% ; IRS990ScheduleH/HospitalFcltyPoliciesPrctcGrp=8%.",high
ONE_REPEATS,/Return/ReturnData/IRS990ScheduleH/HospitalFcltyPoliciesPrctcGrp/FirstLicensedCYOrPYInd,SH_05_CHNA_FIRST_LIC_X,SH-P05-T00-FAP-COMMUNITY-BENEFIT-POLICY,move_variable,"NEW SH-P05-T03-FACILITY-POLICIES-PRACTICES (MANY; groups IRS990ScheduleH/Form990ScheduleHPartVSectionB TY2010-12, IRS990ScheduleH/HospitalFcltyPoliciesPrctcGrp TY2013+)","Schedule H Part V Section B is completed once per hospital facility (or facility group); values sit in the Section B group, which repeats. Move all Section B variables of SH-P05-T00 (incl. facility line number and HospitalFacilityName) to a new MANY table; keep the one-per-filing counts (SH_05_HOSPITAL_NUM, SH_05_NON_HOSPITAL_NUM: max 1/filing) in SH-P05-T00. Alternative: make SH-P05-T00 MANY and move the counts out. Evidence: repeats in 7.7% of 24,507 filings, max 43/filing, TY2014-2024; repeat_root: ''=92% ; IRS990ScheduleH/HospitalFcltyPoliciesPrctcGrp=8%.",high
ONE_REPEATS,/Return/ReturnData/IRS990ScheduleH/HospitalFcltyPoliciesPrctcGrp/Form4720FiledInd,SH_05_CHNA_4959_FORM4720_FILED_X,SH-P05-T00-FAP-COMMUNITY-BENEFIT-POLICY,move_variable,"NEW SH-P05-T03-FACILITY-POLICIES-PRACTICES (MANY; groups IRS990ScheduleH/Form990ScheduleHPartVSectionB TY2010-12, IRS990ScheduleH/HospitalFcltyPoliciesPrctcGrp TY2013+)","Schedule H Part V Section B is completed once per hospital facility (or facility group); values sit in the Section B group, which repeats. Move all Section B variables of SH-P05-T00 (incl. facility line number and HospitalFacilityName) to a new MANY table; keep the one-per-filing counts (SH_05_HOSPITAL_NUM, SH_05_NON_HOSPITAL_NUM: max 1/filing) in SH-P05-T00. Alternative: make SH-P05-T00 MANY and move the counts out. Evidence: repeats in 4.3% of 188 filings, max 6/filing, TY2013-2024; repeat_root: ''=91% ; IRS990ScheduleH/HospitalFcltyPoliciesPrctcGrp=9%.",high
ONE_REPEATS,/Return/ReturnData/IRS990ScheduleH/HospitalFcltyPoliciesPrctcGrp/GrossChargesInd,SH_05_CHARGE_FAP_GRO_CHARGE_X,SH-P05-T00-FAP-COMMUNITY-BENEFIT-POLICY,move_variable,"NEW SH-P05-T03-FACILITY-POLICIES-PRACTICES (MANY; groups IRS990ScheduleH/Form990ScheduleHPartVSectionB TY2010-12, IRS990ScheduleH/HospitalFcltyPoliciesPrctcGrp TY2013+)","Schedule H Part V Section B is completed once per hospital facility (or facility group); values sit in the Section B group, which repeats. Move all Section B variables of SH-P05-T00 (incl. facility line number and HospitalFacilityName) to a new MANY table; keep the one-per-filing counts (SH_05_HOSPITAL_NUM, SH_05_NON_HOSPITAL_NUM: max 1/filing) in SH-P05-T00. Alternative: make SH-P05-T00 MANY and move the counts out. Evidence: repeats in 7.8% of 26,944 filings, max 43/filing, TY2013-2024; repeat_root: ''=92% ; IRS990ScheduleH/HospitalFcltyPoliciesPrctcGrp=8%.",high
ONE_REPEATS,/Return/ReturnData/IRS990ScheduleH/HospitalFcltyPoliciesPrctcGrp/HospitalFacilityName/BusinessNameLine1,SH_05_HOSPITAL_FACILITY_NAME_L1,SH-P05-T00-FAP-COMMUNITY-BENEFIT-POLICY,move_variable,"NEW SH-P05-T03-FACILITY-POLICIES-PRACTICES (MANY; groups IRS990ScheduleH/Form990ScheduleHPartVSectionB TY2010-12, IRS990ScheduleH/HospitalFcltyPoliciesPrctcGrp TY2013+)","Schedule H Part V Section B is completed once per hospital facility (or facility group); values sit in the Section B group, which repeats. Move all Section B variables of SH-P05-T00 (incl. facility line number and HospitalFacilityName) to a new MANY table; keep the one-per-filing counts (SH_05_HOSPITAL_NUM, SH_05_NON_HOSPITAL_NUM: max 1/filing) in SH-P05-T00. Alternative: make SH-P05-T00 MANY and move the counts out. Evidence: repeats in 8.9% of 2,401 filings, max 38/filing, TY2013-2013; repeat_root: ''=91% ; IRS990ScheduleH/HospitalFcltyPoliciesPrctcGrp=9%.",high
ONE_REPEATS,/Return/ReturnData/IRS990ScheduleH/HospitalFcltyPoliciesPrctcGrp/HospitalFacilityName/BusinessNameLine1Txt,SH_05_HOSPITAL_FACILITY_NAME_L1,SH-P05-T00-FAP-COMMUNITY-BENEFIT-POLICY,move_variable,"NEW SH-P05-T03-FACILITY-POLICIES-PRACTICES (MANY; groups IRS990ScheduleH/Form990ScheduleHPartVSectionB TY2010-12, IRS990ScheduleH/HospitalFcltyPoliciesPrctcGrp TY2013+)","Schedule H Part V Section B is completed once per hospital facility (or facility group); values sit in the Section B group, which repeats. Move all Section B variables of SH-P05-T00 (incl. facility line number and HospitalFacilityName) to a new MANY table; keep the one-per-filing counts (SH_05_HOSPITAL_NUM, SH_05_NON_HOSPITAL_NUM: max 1/filing) in SH-P05-T00. Alternative: make SH-P05-T00 MANY and move the counts out. Evidence: repeats in 7.7% of 24,266 filings, max 43/filing, TY2014-2024; repeat_root: ''=92% ; IRS990ScheduleH/HospitalFcltyPoliciesPrctcGrp=8%.",high
ONE_REPEATS,/Return/ReturnData/IRS990ScheduleH/HospitalFcltyPoliciesPrctcGrp/HowDataObtainedInd,SH_05_CHNA_DESC_DATA_OBTAINED_X,SH-P05-T00-FAP-COMMUNITY-BENEFIT-POLICY,move_variable,"NEW SH-P05-T03-FACILITY-POLICIES-PRACTICES (MANY; groups IRS990ScheduleH/Form990ScheduleHPartVSectionB TY2010-12, IRS990ScheduleH/HospitalFcltyPoliciesPrctcGrp TY2013+)","Schedule H Part V Section B is completed once per hospital facility (or facility group); values sit in the Section B group, which repeats. Move all Section B variables of SH-P05-T00 (incl. facility line number and HospitalFacilityName) to a new MANY table; keep the one-per-filing counts (SH_05_HOSPITAL_NUM, SH_05_NON_HOSPITAL_NUM: max 1/filing) in SH-P05-T00. Alternative: make SH-P05-T00 MANY and move the counts out. Evidence: repeats in 7.4% of 26,159 filings, max 38/filing, TY2013-2024; repeat_root: ''=92% ; IRS990ScheduleH/HospitalFcltyPoliciesPrctcGrp=8%.",high
ONE_REPEATS,/Return/ReturnData/IRS990ScheduleH/HospitalFcltyPoliciesPrctcGrp/ImplementationStrategyAdoptInd,SH_05_CHNA_IMPLEMENT_ADOPT_X,SH-P05-T00-FAP-COMMUNITY-BENEFIT-POLICY,move_variable,"NEW SH-P05-T03-FACILITY-POLICIES-PRACTICES (MANY; groups IRS990ScheduleH/Form990ScheduleHPartVSectionB TY2010-12, IRS990ScheduleH/HospitalFcltyPoliciesPrctcGrp TY2013+)","Schedule H Part V Section B is completed once per hospital facility (or facility group); values sit in the Section B group, which repeats. Move all Section B variables of SH-P05-T00 (incl. facility line number and HospitalFacilityName) to a new MANY table; keep the one-per-filing counts (SH_05_HOSPITAL_NUM, SH_05_NON_HOSPITAL_NUM: max 1/filing) in SH-P05-T00. Alternative: make SH-P05-T00 MANY and move the counts out. Evidence: repeats in 7.3% of 23,905 filings, max 38/filing, TY2014-2024; repeat_root: ''=92% ; IRS990ScheduleH/HospitalFcltyPoliciesPrctcGrp=8%.",high
ONE_REPEATS,/Return/ReturnData/IRS990ScheduleH/HospitalFcltyPoliciesPrctcGrp/ImplementationStrategyAdptYr,SH_05_CHNA_IMPLEMENT_ADOPT_YEAR,SH-P05-T00-FAP-COMMUNITY-BENEFIT-POLICY,move_variable,"NEW SH-P05-T03-FACILITY-POLICIES-PRACTICES (MANY; groups IRS990ScheduleH/Form990ScheduleHPartVSectionB TY2010-12, IRS990ScheduleH/HospitalFcltyPoliciesPrctcGrp TY2013+)","Schedule H Part V Section B is completed once per hospital facility (or facility group); values sit in the Section B group, which repeats. Move all Section B variables of SH-P05-T00 (incl. facility line number and HospitalFacilityName) to a new MANY table; keep the one-per-filing counts (SH_05_HOSPITAL_NUM, SH_05_NON_HOSPITAL_NUM: max 1/filing) in SH-P05-T00. Alternative: make SH-P05-T00 MANY and move the counts out. Evidence: repeats in 7.2% of 23,656 filings, max 38/filing, TY2014-2024; repeat_root: ''=92% ; IRS990ScheduleH/HospitalFcltyPoliciesPrctcGrp=8%.",high
ONE_REPEATS,/Return/ReturnData/IRS990ScheduleH/HospitalFcltyPoliciesPrctcGrp/IncludesPublicityMeasuresInd,SH_05_FAP_AVBL_PUBLICITY_X,SH-P05-T00-FAP-COMMUNITY-BENEFIT-POLICY,move_variable,"NEW SH-P05-T03-FACILITY-POLICIES-PRACTICES (MANY; groups IRS990ScheduleH/Form990ScheduleHPartVSectionB TY2010-12, IRS990ScheduleH/HospitalFcltyPoliciesPrctcGrp TY2013+)","Schedule H Part V Section B is completed once per hospital facility (or facility group); values sit in the Section B group, which repeats. Move all Section B variables of SH-P05-T00 (incl. facility line number and HospitalFacilityName) to a new MANY table; keep the one-per-filing counts (SH_05_HOSPITAL_NUM, SH_05_NON_HOSPITAL_NUM: max 1/filing) in SH-P05-T00. Alternative: make SH-P05-T00 MANY and move the counts out. Evidence: repeats in 7.8% of 26,944 filings, max 43/filing, TY2013-2024; repeat_root: ''=92% ; IRS990ScheduleH/HospitalFcltyPoliciesPrctcGrp=8%.",high
ONE_REPEATS,/Return/ReturnData/IRS990ScheduleH/HospitalFcltyPoliciesPrctcGrp/IncomeLevelCriteriaInd,SH_05_FAP_CRITERIA_INCOME_X,SH-P05-T00-FAP-COMMUNITY-BENEFIT-POLICY,move_variable,"NEW SH-P05-T03-FACILITY-POLICIES-PRACTICES (MANY; groups IRS990ScheduleH/Form990ScheduleHPartVSectionB TY2010-12, IRS990ScheduleH/HospitalFcltyPoliciesPrctcGrp TY2013+)","Schedule H Part V Section B is completed once per hospital facility (or facility group); values sit in the Section B group, which repeats. Move all Section B variables of SH-P05-T00 (incl. facility line number and HospitalFacilityName) to a new MANY table; keep the one-per-filing counts (SH_05_HOSPITAL_NUM, SH_05_NON_HOSPITAL_NUM: max 1/filing) in SH-P05-T00. Alternative: make SH-P05-T00 MANY and move the counts out. Evidence: repeats in 6.7% of 6,991 filings, max 16/filing, TY2014-2024; repeat_root: ''=92% ; IRS990ScheduleH/HospitalFcltyPoliciesPrctcGrp=8%.",high
ONE_REPEATS,/Return/ReturnData/IRS990ScheduleH/HospitalFcltyPoliciesPrctcGrp/InformationGapsInd,SH_05_CHNA_DESC_INFO_GAP_X,SH-P05-T00-FAP-COMMUNITY-BENEFIT-POLICY,move_variable,"NEW SH-P05-T03-FACILITY-POLICIES-PRACTICES (MANY; groups IRS990ScheduleH/Form990ScheduleHPartVSectionB TY2010-12, IRS990ScheduleH/HospitalFcltyPoliciesPrctcGrp TY2013+)","Schedule H Part V Section B is completed once per hospital facility (or facility group); values sit in the Section B group, which repeats. Move all Section B variables of SH-P05-T00 (incl. facility line number and HospitalFacilityName) to a new MANY table; keep the one-per-filing counts (SH_05_HOSPITAL_NUM, SH_05_NON_HOSPITAL_NUM: max 1/filing) in SH-P05-T00. Alternative: make SH-P05-T00 MANY and move the counts out. Evidence: repeats in 7.9% of 5,018 filings, max 38/filing, TY2013-2015; repeat_root: ''=91% ; IRS990ScheduleH/HospitalFcltyPoliciesPrctcGrp=9%.",high
ONE_REPEATS,/Return/ReturnData/IRS990ScheduleH/HospitalFcltyPoliciesPrctcGrp/InsuranceStatusCriteriaInd,SH_05_FAP_CRITERIA_INSURANCE_X,SH-P05-T00-FAP-COMMUNITY-BENEFIT-POLICY,move_variable,"NEW SH-P05-T03-FACILITY-POLICIES-PRACTICES (MANY; groups IRS990ScheduleH/Form990ScheduleHPartVSectionB TY2010-12, IRS990ScheduleH/HospitalFcltyPoliciesPrctcGrp TY2013+)","Schedule H Part V Section B is completed once per hospital facility (or facility group); values sit in the Section B group, which repeats. Move all Section B variables of SH-P05-T00 (incl. facility line number and HospitalFacilityName) to a new MANY table; keep the one-per-filing counts (SH_05_HOSPITAL_NUM, SH_05_NON_HOSPITAL_NUM: max 1/filing) in SH-P05-T00. Alternative: make SH-P05-T00 MANY and move the counts out. Evidence: repeats in 8.0% of 17,148 filings, max 34/filing, TY2014-2024; repeat_root: ''=91% ; IRS990ScheduleH/HospitalFcltyPoliciesPrctcGrp=9%.",high
ONE_REPEATS,/Return/ReturnData/IRS990ScheduleH/HospitalFcltyPoliciesPrctcGrp/MedicalIndigencyCriteriaInd,SH_05_FAP_CRITERIA_INDIGENCY_X,SH-P05-T00-FAP-COMMUNITY-BENEFIT-POLICY,move_variable,"NEW SH-P05-T03-FACILITY-POLICIES-PRACTICES (MANY; groups IRS990ScheduleH/Form990ScheduleHPartVSectionB TY2010-12, IRS990ScheduleH/HospitalFcltyPoliciesPrctcGrp TY2013+)","Schedule H Part V Section B is completed once per hospital facility (or facility group); values sit in the Section B group, which repeats. Move all Section B variables of SH-P05-T00 (incl. facility line number and HospitalFacilityName) to a new MANY table; keep the one-per-filing counts (SH_05_HOSPITAL_NUM, SH_05_NON_HOSPITAL_NUM: max 1/filing) in SH-P05-T00. Alternative: make SH-P05-T00 MANY and move the counts out. Evidence: repeats in 7.9% of 18,263 filings, max 35/filing, TY2014-2024; repeat_root: ''=92% ; IRS990ScheduleH/HospitalFcltyPoliciesPrctcGrp=8%.",high
ONE_REPEATS,/Return/ReturnData/IRS990ScheduleH/HospitalFcltyPoliciesPrctcGrp/NoEmergencyCareInd,SH_05_EMERGENCY_NO_CARE_X,SH-P05-T00-FAP-COMMUNITY-BENEFIT-POLICY,move_variable,"NEW SH-P05-T03-FACILITY-POLICIES-PRACTICES (MANY; groups IRS990ScheduleH/Form990ScheduleHPartVSectionB TY2010-12, IRS990ScheduleH/HospitalFcltyPoliciesPrctcGrp TY2013+)","Schedule H Part V Section B is completed once per hospital facility (or facility group); values sit in the Section B group, which repeats. Move all Section B variables of SH-P05-T00 (incl. facility line number and HospitalFacilityName) to a new MANY table; keep the one-per-filing counts (SH_05_HOSPITAL_NUM, SH_05_NON_HOSPITAL_NUM: max 1/filing) in SH-P05-T00. Alternative: make SH-P05-T00 MANY and move the counts out. Evidence: repeats in 5.8% of 1,348 filings, max 17/filing, TY2013-2024; repeat_root: ''=76% ; IRS990ScheduleH/HospitalFcltyPoliciesPrctcGrp=24%.",high
ONE_REPEATS,/Return/ReturnData/IRS990ScheduleH/HospitalFcltyPoliciesPrctcGrp/NoEmergencyCarePolicyInd,SH_05_EMERGENCY_NO_POLICY_X,SH-P05-T00-FAP-COMMUNITY-BENEFIT-POLICY,move_variable,"NEW SH-P05-T03-FACILITY-POLICIES-PRACTICES (MANY; groups IRS990ScheduleH/Form990ScheduleHPartVSectionB TY2010-12, IRS990ScheduleH/HospitalFcltyPoliciesPrctcGrp TY2013+)","Schedule H Part V Section B is completed once per hospital facility (or facility group); values sit in the Section B group, which repeats. Move all Section B variables of SH-P05-T00 (incl. facility line number and HospitalFacilityName) to a new MANY table; keep the one-per-filing counts (SH_05_HOSPITAL_NUM, SH_05_NON_HOSPITAL_NUM: max 1/filing) in SH-P05-T00. Alternative: make SH-P05-T00 MANY and move the counts out. Evidence: repeats in 13.3% of 30 filings, max 2/filing, TY2013-2020; repeat_root: ''=57% ; IRS990ScheduleH/HospitalFcltyPoliciesPrctcGrp=43%.",high
ONE_REPEATS,/Return/ReturnData/IRS990ScheduleH/HospitalFcltyPoliciesPrctcGrp/NondisEmergencyCarePolicyInd,SH_05_EMERGENCY_NODISCR_POLICY_X,SH-P05-T00-FAP-COMMUNITY-BENEFIT-POLICY,move_variable,"NEW SH-P05-T03-FACILITY-POLICIES-PRACTICES (MANY; groups IRS990ScheduleH/Form990ScheduleHPartVSectionB TY2010-12, IRS990ScheduleH/HospitalFcltyPoliciesPrctcGrp TY2013+)","Schedule H Part V Section B is completed once per hospital facility (or facility group); values sit in the Section B group, which repeats. Move all Section B variables of SH-P05-T00 (incl. facility line number and HospitalFacilityName) to a new MANY table; keep the one-per-filing counts (SH_05_HOSPITAL_NUM, SH_05_NON_HOSPITAL_NUM: max 1/filing) in SH-P05-T00. Alternative: make SH-P05-T00 MANY and move the counts out. Evidence: repeats in 7.8% of 26,944 filings, max 43/filing, TY2013-2024; repeat_root: ''=92% ; IRS990ScheduleH/HospitalFcltyPoliciesPrctcGrp=8%.",high
ONE_REPEATS,/Return/ReturnData/IRS990ScheduleH/HospitalFcltyPoliciesPrctcGrp/NoneMadeInd,SH_05_BILL_MADE_NO_ACT_X,SH-P05-T00-FAP-COMMUNITY-BENEFIT-POLICY,move_variable,"NEW SH-P05-T03-FACILITY-POLICIES-PRACTICES (MANY; groups IRS990ScheduleH/Form990ScheduleHPartVSectionB TY2010-12, IRS990ScheduleH/HospitalFcltyPoliciesPrctcGrp TY2013+)","Schedule H Part V Section B is completed once per hospital facility (or facility group); values sit in the Section B group, which repeats. Move all Section B variables of SH-P05-T00 (incl. facility line number and HospitalFacilityName) to a new MANY table; keep the one-per-filing counts (SH_05_HOSPITAL_NUM, SH_05_NON_HOSPITAL_NUM: max 1/filing) in SH-P05-T00. Alternative: make SH-P05-T00 MANY and move the counts out. Evidence: repeats in 3.8% of 716 filings, max 5/filing, TY2014-2024; repeat_root: ''=92% ; IRS990ScheduleH/HospitalFcltyPoliciesPrctcGrp=8%.",high
ONE_REPEATS,/Return/ReturnData/IRS990ScheduleH/HospitalFcltyPoliciesPrctcGrp/OrganizationIncurExciseTaxInd,SH_05_CHNA_EXCISE_TAX_4959_X,SH-P05-T00-FAP-COMMUNITY-BENEFIT-POLICY,move_variable,"NEW SH-P05-T03-FACILITY-POLICIES-PRACTICES (MANY; groups IRS990ScheduleH/Form990ScheduleHPartVSectionB TY2010-12, IRS990ScheduleH/HospitalFcltyPoliciesPrctcGrp TY2013+)","Schedule H Part V Section B is completed once per hospital facility (or facility group); values sit in the Section B group, which repeats. Move all Section B variables of SH-P05-T00 (incl. facility line number and HospitalFacilityName) to a new MANY table; keep the one-per-filing counts (SH_05_HOSPITAL_NUM, SH_05_NON_HOSPITAL_NUM: max 1/filing) in SH-P05-T00. Alternative: make SH-P05-T00 MANY and move the counts out. Evidence: repeats in 7.7% of 26,820 filings, max 43/filing, TY2013-2024; repeat_root: ''=92% ; IRS990ScheduleH/HospitalFcltyPoliciesPrctcGrp=8%.",high
ONE_REPEATS,/Return/ReturnData/IRS990ScheduleH/HospitalFcltyPoliciesPrctcGrp/OtherActionsInd,SH_05_BILL_3RD_PARTY_OTH_ACT_X,SH-P05-T00-FAP-COMMUNITY-BENEFIT-POLICY,move_variable,"NEW SH-P05-T03-FACILITY-POLICIES-PRACTICES (MANY; groups IRS990ScheduleH/Form990ScheduleHPartVSectionB TY2010-12, IRS990ScheduleH/HospitalFcltyPoliciesPrctcGrp TY2013+)","Schedule H Part V Section B is completed once per hospital facility (or facility group); values sit in the Section B group, which repeats. Move all Section B variables of SH-P05-T00 (incl. facility line number and HospitalFacilityName) to a new MANY table; keep the one-per-filing counts (SH_05_HOSPITAL_NUM, SH_05_NON_HOSPITAL_NUM: max 1/filing) in SH-P05-T00. Alternative: make SH-P05-T00 MANY and move the counts out. Evidence: repeats in 13.5% of 244 filings, max 6/filing, TY2013-2024; repeat_root: ''=85% ; IRS990ScheduleH/HospitalFcltyPoliciesPrctcGrp=15%.",high
ONE_REPEATS,/Return/ReturnData/IRS990ScheduleH/HospitalFcltyPoliciesPrctcGrp/OtherActionsTakenInd,SH_05_BILL_MADE_OTH_ACT_X,SH-P05-T00-FAP-COMMUNITY-BENEFIT-POLICY,move_variable,"NEW SH-P05-T03-FACILITY-POLICIES-PRACTICES (MANY; groups IRS990ScheduleH/Form990ScheduleHPartVSectionB TY2010-12, IRS990ScheduleH/HospitalFcltyPoliciesPrctcGrp TY2013+)","Schedule H Part V Section B is completed once per hospital facility (or facility group); values sit in the Section B group, which repeats. Move all Section B variables of SH-P05-T00 (incl. facility line number and HospitalFacilityName) to a new MANY table; keep the one-per-filing counts (SH_05_HOSPITAL_NUM, SH_05_NON_HOSPITAL_NUM: max 1/filing) in SH-P05-T00. Alternative: make SH-P05-T00 MANY and move the counts out. Evidence: repeats in 9.0% of 3,919 filings, max 13/filing, TY2013-2024; repeat_root: ''=89% ; IRS990ScheduleH/HospitalFcltyPoliciesPrctcGrp=11%.",high
ONE_REPEATS,/Return/ReturnData/IRS990ScheduleH/HospitalFcltyPoliciesPrctcGrp/OtherCriteriaInd,SH_05_FAP_CRITERIA_OTH_X,SH-P05-T00-FAP-COMMUNITY-BENEFIT-POLICY,move_variable,"NEW SH-P05-T03-FACILITY-POLICIES-PRACTICES (MANY; groups IRS990ScheduleH/Form990ScheduleHPartVSectionB TY2010-12, IRS990ScheduleH/HospitalFcltyPoliciesPrctcGrp TY2013+)","Schedule H Part V Section B is completed once per hospital facility (or facility group); values sit in the Section B group, which repeats. Move all Section B variables of SH-P05-T00 (incl. facility line number and HospitalFacilityName) to a new MANY table; keep the one-per-filing counts (SH_05_HOSPITAL_NUM, SH_05_NON_HOSPITAL_NUM: max 1/filing) in SH-P05-T00. Alternative: make SH-P05-T00 MANY and move the counts out. Evidence: repeats in 8.5% of 6,672 filings, max 37/filing, TY2014-2024; repeat_root: ''=90% ; IRS990ScheduleH/HospitalFcltyPoliciesPrctcGrp=10%.",high
ONE_REPEATS,/Return/ReturnData/IRS990ScheduleH/HospitalFcltyPoliciesPrctcGrp/OtherHealthIssuesInd,SH_05_CHNA_DESC_HEALTH_ISSUE_X,SH-P05-T00-FAP-COMMUNITY-BENEFIT-POLICY,move_variable,"NEW SH-P05-T03-FACILITY-POLICIES-PRACTICES (MANY; groups IRS990ScheduleH/Form990ScheduleHPartVSectionB TY2010-12, IRS990ScheduleH/HospitalFcltyPoliciesPrctcGrp TY2013+)","Schedule H Part V Section B is completed once per hospital facility (or facility group); values sit in the Section B group, which repeats. Move all Section B variables of SH-P05-T00 (incl. facility line number and HospitalFacilityName) to a new MANY table; keep the one-per-filing counts (SH_05_HOSPITAL_NUM, SH_05_NON_HOSPITAL_NUM: max 1/filing) in SH-P05-T00. Alternative: make SH-P05-T00 MANY and move the counts out. Evidence: repeats in 7.5% of 25,443 filings, max 38/filing, TY2013-2024; repeat_root: ''=92% ; IRS990ScheduleH/HospitalFcltyPoliciesPrctcGrp=8%.",high
ONE_REPEATS,/Return/ReturnData/IRS990ScheduleH/HospitalFcltyPoliciesPrctcGrp/OtherInd,SH_05_CHNA_DESC_OTH_X,SH-P05-T00-FAP-COMMUNITY-BENEFIT-POLICY,move_variable,"NEW SH-P05-T03-FACILITY-POLICIES-PRACTICES (MANY; groups IRS990ScheduleH/Form990ScheduleHPartVSectionB TY2010-12, IRS990ScheduleH/HospitalFcltyPoliciesPrctcGrp TY2013+)","Schedule H Part V Section B is completed once per hospital facility (or facility group); values sit in the Section B group, which repeats. Move all Section B variables of SH-P05-T00 (incl. facility line number and HospitalFacilityName) to a new MANY table; keep the one-per-filing counts (SH_05_HOSPITAL_NUM, SH_05_NON_HOSPITAL_NUM: max 1/filing) in SH-P05-T00. Alternative: make SH-P05-T00 MANY and move the counts out. Evidence: repeats in 6.7% of 2,648 filings, max 9/filing, TY2013-2024; repeat_root: ''=92% ; IRS990ScheduleH/HospitalFcltyPoliciesPrctcGrp=8%.",high
ONE_REPEATS,/Return/ReturnData/IRS990ScheduleH/HospitalFcltyPoliciesPrctcGrp/OtherMethodInd,SH_05_FAP_METHOD_OTH_X,SH-P05-T00-FAP-COMMUNITY-BENEFIT-POLICY,move_variable,"NEW SH-P05-T03-FACILITY-POLICIES-PRACTICES (MANY; groups IRS990ScheduleH/Form990ScheduleHPartVSectionB TY2010-12, IRS990ScheduleH/HospitalFcltyPoliciesPrctcGrp TY2013+)","Schedule H Part V Section B is completed once per hospital facility (or facility group); values sit in the Section B group, which repeats. Move all Section B variables of SH-P05-T00 (incl. facility line number and HospitalFacilityName) to a new MANY table; keep the one-per-filing counts (SH_05_HOSPITAL_NUM, SH_05_NON_HOSPITAL_NUM: max 1/filing) in SH-P05-T00. Alternative: make SH-P05-T00 MANY and move the counts out. Evidence: repeats in 10.6% of 1,829 filings, max 14/filing, TY2014-2024; repeat_root: ''=87% ; IRS990ScheduleH/HospitalFcltyPoliciesPrctcGrp=13%.",high
ONE_REPEATS,/Return/ReturnData/IRS990ScheduleH/HospitalFcltyPoliciesPrctcGrp/OtherPublicityInd,SH_05_FAP_AVBL_OTH_PUBLICITY_X,SH-P05-T00-FAP-COMMUNITY-BENEFIT-POLICY,move_variable,"NEW SH-P05-T03-FACILITY-POLICIES-PRACTICES (MANY; groups IRS990ScheduleH/Form990ScheduleHPartVSectionB TY2010-12, IRS990ScheduleH/HospitalFcltyPoliciesPrctcGrp TY2013+)","Schedule H Part V Section B is completed once per hospital facility (or facility group); values sit in the Section B group, which repeats. Move all Section B variables of SH-P05-T00 (incl. facility line number and HospitalFacilityName) to a new MANY table; keep the one-per-filing counts (SH_05_HOSPITAL_NUM, SH_05_NON_HOSPITAL_NUM: max 1/filing) in SH-P05-T00. Alternative: make SH-P05-T00 MANY and move the counts out. Evidence: repeats in 9.0% of 7,882 filings, max 38/filing, TY2013-2024; repeat_root: ''=90% ; IRS990ScheduleH/HospitalFcltyPoliciesPrctcGrp=10%.",high
ONE_REPEATS,/Return/ReturnData/IRS990ScheduleH/HospitalFcltyPoliciesPrctcGrp/OtherReasonInd,SH_05_EMERGENCY_OTH_REASON_X,SH-P05-T00-FAP-COMMUNITY-BENEFIT-POLICY,move_variable,"NEW SH-P05-T03-FACILITY-POLICIES-PRACTICES (MANY; groups IRS990ScheduleH/Form990ScheduleHPartVSectionB TY2010-12, IRS990ScheduleH/HospitalFcltyPoliciesPrctcGrp TY2013+)","Schedule H Part V Section B is completed once per hospital facility (or facility group); values sit in the Section B group, which repeats. Move all Section B variables of SH-P05-T00 (incl. facility line number and HospitalFacilityName) to a new MANY table; keep the one-per-filing counts (SH_05_HOSPITAL_NUM, SH_05_NON_HOSPITAL_NUM: max 1/filing) in SH-P05-T00. Alternative: make SH-P05-T00 MANY and move the counts out. Evidence: repeats in 5.9% of 321 filings, max 8/filing, TY2013-2024; repeat_root: ''=81% ; IRS990ScheduleH/HospitalFcltyPoliciesPrctcGrp=19%.",high
ONE_REPEATS,/Return/ReturnData/IRS990ScheduleH/HospitalFcltyPoliciesPrctcGrp/OtherWebsiteInd,SH_05_CHNA_AVBL_OTH_WEBSITE_X,SH-P05-T00-FAP-COMMUNITY-BENEFIT-POLICY,move_variable,"NEW SH-P05-T03-FACILITY-POLICIES-PRACTICES (MANY; groups IRS990ScheduleH/Form990ScheduleHPartVSectionB TY2010-12, IRS990ScheduleH/HospitalFcltyPoliciesPrctcGrp TY2013+)","Schedule H Part V Section B is completed once per hospital facility (or facility group); values sit in the Section B group, which repeats. Move all Section B variables of SH-P05-T00 (incl. facility line number and HospitalFacilityName) to a new MANY table; keep the one-per-filing counts (SH_05_HOSPITAL_NUM, SH_05_NON_HOSPITAL_NUM: max 1/filing) in SH-P05-T00. Alternative: make SH-P05-T00 MANY and move the counts out. Evidence: repeats in 9.0% of 4,264 filings, max 38/filing, TY2013-2024; repeat_root: ''=86% ; IRS990ScheduleH/HospitalFcltyPoliciesPrctcGrp=14%.",high
ONE_REPEATS,/Return/ReturnData/IRS990ScheduleH/HospitalFcltyPoliciesPrctcGrp/OtherWebsiteURLTxt,SH_05_CHNA_AVBL_OTH_WEBSITE,SH-P05-T00-FAP-COMMUNITY-BENEFIT-POLICY,move_variable,"NEW SH-P05-T03-FACILITY-POLICIES-PRACTICES (MANY; groups IRS990ScheduleH/Form990ScheduleHPartVSectionB TY2010-12, IRS990ScheduleH/HospitalFcltyPoliciesPrctcGrp TY2013+)","Schedule H Part V Section B is completed once per hospital facility (or facility group); values sit in the Section B group, which repeats. Move all Section B variables of SH-P05-T00 (incl. facility line number and HospitalFacilityName) to a new MANY table; keep the one-per-filing counts (SH_05_HOSPITAL_NUM, SH_05_NON_HOSPITAL_NUM: max 1/filing) in SH-P05-T00. Alternative: make SH-P05-T00 MANY and move the counts out. Evidence: repeats in 9.0% of 4,331 filings, max 38/filing, TY2013-2024; repeat_root: ''=86% ; IRS990ScheduleH/HospitalFcltyPoliciesPrctcGrp=14%.",high
ONE_REPEATS,/Return/ReturnData/IRS990ScheduleH/HospitalFcltyPoliciesPrctcGrp/OwnWebsiteURLTxt,SH_05_CHNA_AVBL_WEBSITE,SH-P05-T00-FAP-COMMUNITY-BENEFIT-POLICY,move_variable,"NEW SH-P05-T03-FACILITY-POLICIES-PRACTICES (MANY; groups IRS990ScheduleH/Form990ScheduleHPartVSectionB TY2010-12, IRS990ScheduleH/HospitalFcltyPoliciesPrctcGrp TY2013+)","Schedule H Part V Section B is completed once per hospital facility (or facility group); values sit in the Section B group, which repeats. Move all Section B variables of SH-P05-T00 (incl. facility line number and HospitalFacilityName) to a new MANY table; keep the one-per-filing counts (SH_05_HOSPITAL_NUM, SH_05_NON_HOSPITAL_NUM: max 1/filing) in SH-P05-T00. Alternative: make SH-P05-T00 MANY and move the counts out. Evidence: repeats in 7.1% of 25,146 filings, max 38/filing, TY2013-2024; repeat_root: ''=92% ; IRS990ScheduleH/HospitalFcltyPoliciesPrctcGrp=8%.",high
ONE_REPEATS,/Return/ReturnData/IRS990ScheduleH/HospitalFcltyPoliciesPrctcGrp/PaperCopyPublicInspectionInd,SH_05_CHNA_AVBL_PAPER_COPY_X,SH-P05-T00-FAP-COMMUNITY-BENEFIT-POLICY,move_variable,"NEW SH-P05-T03-FACILITY-POLICIES-PRACTICES (MANY; groups IRS990ScheduleH/Form990ScheduleHPartVSectionB TY2010-12, IRS990ScheduleH/HospitalFcltyPoliciesPrctcGrp TY2013+)","Schedule H Part V Section B is completed once per hospital facility (or facility group); values sit in the Section B group, which repeats. Move all Section B variables of SH-P05-T00 (incl. facility line number and HospitalFacilityName) to a new MANY table; keep the one-per-filing counts (SH_05_HOSPITAL_NUM, SH_05_NON_HOSPITAL_NUM: max 1/filing) in SH-P05-T00. Alternative: make SH-P05-T00 MANY and move the counts out. Evidence: repeats in 7.4% of 21,748 filings, max 38/filing, TY2014-2024; repeat_root: ''=92% ; IRS990ScheduleH/HospitalFcltyPoliciesPrctcGrp=8%.",high
ONE_REPEATS,/Return/ReturnData/IRS990ScheduleH/HospitalFcltyPoliciesPrctcGrp/PermitLegalJudicialProcessInd,SH_05_BILL_PERMIT_LEGAL_X,SH-P05-T00-FAP-COMMUNITY-BENEFIT-POLICY,move_variable,"NEW SH-P05-T03-FACILITY-POLICIES-PRACTICES (MANY; groups IRS990ScheduleH/Form990ScheduleHPartVSectionB TY2010-12, IRS990ScheduleH/HospitalFcltyPoliciesPrctcGrp TY2013+)","Schedule H Part V Section B is completed once per hospital facility (or facility group); values sit in the Section B group, which repeats. Move all Section B variables of SH-P05-T00 (incl. facility line number and HospitalFacilityName) to a new MANY table; keep the one-per-filing counts (SH_05_HOSPITAL_NUM, SH_05_NON_HOSPITAL_NUM: max 1/filing) in SH-P05-T00. Alternative: make SH-P05-T00 MANY and move the counts out. Evidence: repeats in 6.9% of 665 filings, max 16/filing, TY2014-2024; repeat_root: ''=91% ; IRS990ScheduleH/HospitalFcltyPoliciesPrctcGrp=9%.",high
ONE_REPEATS,/Return/ReturnData/IRS990ScheduleH/HospitalFcltyPoliciesPrctcGrp/PermitNoActionsInd,SH_05_BILL_PERMIT_NO_ACT_X,SH-P05-T00-FAP-COMMUNITY-BENEFIT-POLICY,move_variable,"NEW SH-P05-T03-FACILITY-POLICIES-PRACTICES (MANY; groups IRS990ScheduleH/Form990ScheduleHPartVSectionB TY2010-12, IRS990ScheduleH/HospitalFcltyPoliciesPrctcGrp TY2013+)","Schedule H Part V Section B is completed once per hospital facility (or facility group); values sit in the Section B group, which repeats. Move all Section B variables of SH-P05-T00 (incl. facility line number and HospitalFacilityName) to a new MANY table; keep the one-per-filing counts (SH_05_HOSPITAL_NUM, SH_05_NON_HOSPITAL_NUM: max 1/filing) in SH-P05-T00. Alternative: make SH-P05-T00 MANY and move the counts out. Evidence: repeats in 7.9% of 21,341 filings, max 43/filing, TY2014-2024; repeat_root: ''=92% ; IRS990ScheduleH/HospitalFcltyPoliciesPrctcGrp=8%.",high
ONE_REPEATS,/Return/ReturnData/IRS990ScheduleH/HospitalFcltyPoliciesPrctcGrp/PermitOtherActionsInd,SH_05_BILL_PERMIT_OTH_ACT_X,SH-P05-T00-FAP-COMMUNITY-BENEFIT-POLICY,move_variable,"NEW SH-P05-T03-FACILITY-POLICIES-PRACTICES (MANY; groups IRS990ScheduleH/Form990ScheduleHPartVSectionB TY2010-12, IRS990ScheduleH/HospitalFcltyPoliciesPrctcGrp TY2013+)","Schedule H Part V Section B is completed once per hospital facility (or facility group); values sit in the Section B group, which repeats. Move all Section B variables of SH-P05-T00 (incl. facility line number and HospitalFacilityName) to a new MANY table; keep the one-per-filing counts (SH_05_HOSPITAL_NUM, SH_05_NON_HOSPITAL_NUM: max 1/filing) in SH-P05-T00. Alternative: make SH-P05-T00 MANY and move the counts out. Evidence: repeats in 6.9% of 520 filings, max 6/filing, TY2013-2024; repeat_root: ''=92% ; IRS990ScheduleH/HospitalFcltyPoliciesPrctcGrp=8%.",high
ONE_REPEATS,/Return/ReturnData/IRS990ScheduleH/HospitalFcltyPoliciesPrctcGrp/PermitReportToCreditAgencyInd,SH_05_BILL_PERMIT_AGENCY_X,SH-P05-T00-FAP-COMMUNITY-BENEFIT-POLICY,move_variable,"NEW SH-P05-T03-FACILITY-POLICIES-PRACTICES (MANY; groups IRS990ScheduleH/Form990ScheduleHPartVSectionB TY2010-12, IRS990ScheduleH/HospitalFcltyPoliciesPrctcGrp TY2013+)","Schedule H Part V Section B is completed once per hospital facility (or facility group); values sit in the Section B group, which repeats. Move all Section B variables of SH-P05-T00 (incl. facility line number and HospitalFacilityName) to a new MANY table; keep the one-per-filing counts (SH_05_HOSPITAL_NUM, SH_05_NON_HOSPITAL_NUM: max 1/filing) in SH-P05-T00. Alternative: make SH-P05-T00 MANY and move the counts out. Evidence: repeats in 6.1% of 1,373 filings, max 13/filing, TY2013-2024; repeat_root: ''=92% ; IRS990ScheduleH/HospitalFcltyPoliciesPrctcGrp=8%.",high
ONE_REPEATS,/Return/ReturnData/IRS990ScheduleH/HospitalFcltyPoliciesPrctcGrp/PermitSellingDebtInd,SH_05_BILL_PERMIT_SELL_DEBT_X,SH-P05-T00-FAP-COMMUNITY-BENEFIT-POLICY,move_variable,"NEW SH-P05-T03-FACILITY-POLICIES-PRACTICES (MANY; groups IRS990ScheduleH/Form990ScheduleHPartVSectionB TY2010-12, IRS990ScheduleH/HospitalFcltyPoliciesPrctcGrp TY2013+)","Schedule H Part V Section B is completed once per hospital facility (or facility group); values sit in the Section B group, which repeats. Move all Section B variables of SH-P05-T00 (incl. facility line number and HospitalFacilityName) to a new MANY table; keep the one-per-filing counts (SH_05_HOSPITAL_NUM, SH_05_NON_HOSPITAL_NUM: max 1/filing) in SH-P05-T00. Alternative: make SH-P05-T00 MANY and move the counts out. Evidence: repeats in 5.1% of 138 filings, max 8/filing, TY2014-2024; repeat_root: ''=86% ; IRS990ScheduleH/HospitalFcltyPoliciesPrctcGrp=14%.",high
ONE_REPEATS,/Return/ReturnData/IRS990ScheduleH/HospitalFcltyPoliciesPrctcGrp/ProvidedHospitalContactInd,SH_05_FAP_METHOD_INFO_HOSPITAL_X,SH-P05-T00-FAP-COMMUNITY-BENEFIT-POLICY,move_variable,"NEW SH-P05-T03-FACILITY-POLICIES-PRACTICES (MANY; groups IRS990ScheduleH/Form990ScheduleHPartVSectionB TY2010-12, IRS990ScheduleH/HospitalFcltyPoliciesPrctcGrp TY2013+)","Schedule H Part V Section B is completed once per hospital facility (or facility group); values sit in the Section B group, which repeats. Move all Section B variables of SH-P05-T00 (incl. facility line number and HospitalFacilityName) to a new MANY table; keep the one-per-filing counts (SH_05_HOSPITAL_NUM, SH_05_NON_HOSPITAL_NUM: max 1/filing) in SH-P05-T00. Alternative: make SH-P05-T00 MANY and move the counts out. Evidence: repeats in 7.7% of 22,897 filings, max 42/filing, TY2014-2024; repeat_root: ''=92% ; IRS990ScheduleH/HospitalFcltyPoliciesPrctcGrp=8%.",high
ONE_REPEATS,/Return/ReturnData/IRS990ScheduleH/HospitalFcltyPoliciesPrctcGrp/ProvidedNonprofitContactInd,SH_05_FAP_METHOD_INFO_NPO_X,SH-P05-T00-FAP-COMMUNITY-BENEFIT-POLICY,move_variable,"NEW SH-P05-T03-FACILITY-POLICIES-PRACTICES (MANY; groups IRS990ScheduleH/Form990ScheduleHPartVSectionB TY2010-12, IRS990ScheduleH/HospitalFcltyPoliciesPrctcGrp TY2013+)","Schedule H Part V Section B is completed once per hospital facility (or facility group); values sit in the Section B group, which repeats. Move all Section B variables of SH-P05-T00 (incl. facility line number and HospitalFacilityName) to a new MANY table; keep the one-per-filing counts (SH_05_HOSPITAL_NUM, SH_05_NON_HOSPITAL_NUM: max 1/filing) in SH-P05-T00. Alternative: make SH-P05-T00 MANY and move the counts out. Evidence: repeats in 6.1% of 9,020 filings, max 34/filing, TY2014-2024; repeat_root: ''=93% ; IRS990ScheduleH/HospitalFcltyPoliciesPrctcGrp=7%.",high
ONE_REPEATS,/Return/ReturnData/IRS990ScheduleH/HospitalFcltyPoliciesPrctcGrp/ProvidedWrittenNoticeInd,SH_05_FAP_METHOD_WRITTEN_X,SH-P05-T00-FAP-COMMUNITY-BENEFIT-POLICY,move_variable,"NEW SH-P05-T03-FACILITY-POLICIES-PRACTICES (MANY; groups IRS990ScheduleH/Form990ScheduleHPartVSectionB TY2010-12, IRS990ScheduleH/HospitalFcltyPoliciesPrctcGrp TY2013+)","Schedule H Part V Section B is completed once per hospital facility (or facility group); values sit in the Section B group, which repeats. Move all Section B variables of SH-P05-T00 (incl. facility line number and HospitalFacilityName) to a new MANY table; keep the one-per-filing counts (SH_05_HOSPITAL_NUM, SH_05_NON_HOSPITAL_NUM: max 1/filing) in SH-P05-T00. Alternative: make SH-P05-T00 MANY and move the counts out. Evidence: repeats in 7.8% of 15,693 filings, max 43/filing, TY2016-2024; repeat_root: ''=92% ; IRS990ScheduleH/HospitalFcltyPoliciesPrctcGrp=8%.",high
ONE_REPEATS,/Return/ReturnData/IRS990ScheduleH/HospitalFcltyPoliciesPrctcGrp/ReportingToCreditAgencyInd,SH_05_BILL_3RD_PARTY_AGENCY_X,SH-P05-T00-FAP-COMMUNITY-BENEFIT-POLICY,move_variable,"NEW SH-P05-T03-FACILITY-POLICIES-PRACTICES (MANY; groups IRS990ScheduleH/Form990ScheduleHPartVSectionB TY2010-12, IRS990ScheduleH/HospitalFcltyPoliciesPrctcGrp TY2013+)","Schedule H Part V Section B is completed once per hospital facility (or facility group); values sit in the Section B group, which repeats. Move all Section B variables of SH-P05-T00 (incl. facility line number and HospitalFacilityName) to a new MANY table; keep the one-per-filing counts (SH_05_HOSPITAL_NUM, SH_05_NON_HOSPITAL_NUM: max 1/filing) in SH-P05-T00. Alternative: make SH-P05-T00 MANY and move the counts out. Evidence: repeats in 6.4% of 910 filings, max 8/filing, TY2013-2024; repeat_root: ''=92% ; IRS990ScheduleH/HospitalFcltyPoliciesPrctcGrp=8%.",high
ONE_REPEATS,/Return/ReturnData/IRS990ScheduleH/HospitalFcltyPoliciesPrctcGrp/ResidencyCriteriaInd,SH_05_FAP_CRITERIA_RESIDENCY_X,SH-P05-T00-FAP-COMMUNITY-BENEFIT-POLICY,move_variable,"NEW SH-P05-T03-FACILITY-POLICIES-PRACTICES (MANY; groups IRS990ScheduleH/Form990ScheduleHPartVSectionB TY2010-12, IRS990ScheduleH/HospitalFcltyPoliciesPrctcGrp TY2013+)","Schedule H Part V Section B is completed once per hospital facility (or facility group); values sit in the Section B group, which repeats. Move all Section B variables of SH-P05-T00 (incl. facility line number and HospitalFacilityName) to a new MANY table; keep the one-per-filing counts (SH_05_HOSPITAL_NUM, SH_05_NON_HOSPITAL_NUM: max 1/filing) in SH-P05-T00. Alternative: make SH-P05-T00 MANY and move the counts out. Evidence: repeats in 8.3% of 9,063 filings, max 16/filing, TY2014-2024; repeat_root: ''=91% ; IRS990ScheduleH/HospitalFcltyPoliciesPrctcGrp=9%.",high
ONE_REPEATS,/Return/ReturnData/IRS990ScheduleH/HospitalFcltyPoliciesPrctcGrp/RptAvailableOnOwnWebsiteInd,SH_05_CHNA_AVBL_WEBSITE_X,SH-P05-T00-FAP-COMMUNITY-BENEFIT-POLICY,move_variable,"NEW SH-P05-T03-FACILITY-POLICIES-PRACTICES (MANY; groups IRS990ScheduleH/Form990ScheduleHPartVSectionB TY2010-12, IRS990ScheduleH/HospitalFcltyPoliciesPrctcGrp TY2013+)","Schedule H Part V Section B is completed once per hospital facility (or facility group); values sit in the Section B group, which repeats. Move all Section B variables of SH-P05-T00 (incl. facility line number and HospitalFacilityName) to a new MANY table; keep the one-per-filing counts (SH_05_HOSPITAL_NUM, SH_05_NON_HOSPITAL_NUM: max 1/filing) in SH-P05-T00. Alternative: make SH-P05-T00 MANY and move the counts out. Evidence: repeats in 7.1% of 25,282 filings, max 38/filing, TY2013-2024; repeat_root: ''=92% ; IRS990ScheduleH/HospitalFcltyPoliciesPrctcGrp=8%.",high
ONE_REPEATS,/Return/ReturnData/IRS990ScheduleH/HospitalFcltyPoliciesPrctcGrp/RptAvailableThruOtherMethodInd,SH_05_CHNA_AVBL_OTH_METHOD_X,SH-P05-T00-FAP-COMMUNITY-BENEFIT-POLICY,move_variable,"NEW SH-P05-T03-FACILITY-POLICIES-PRACTICES (MANY; groups IRS990ScheduleH/Form990ScheduleHPartVSectionB TY2010-12, IRS990ScheduleH/HospitalFcltyPoliciesPrctcGrp TY2013+)","Schedule H Part V Section B is completed once per hospital facility (or facility group); values sit in the Section B group, which repeats. Move all Section B variables of SH-P05-T00 (incl. facility line number and HospitalFacilityName) to a new MANY table; keep the one-per-filing counts (SH_05_HOSPITAL_NUM, SH_05_NON_HOSPITAL_NUM: max 1/filing) in SH-P05-T00. Alternative: make SH-P05-T00 MANY and move the counts out. Evidence: repeats in 8.6% of 5,607 filings, max 15/filing, TY2013-2024; repeat_root: ''=89% ; IRS990ScheduleH/HospitalFcltyPoliciesPrctcGrp=11%.",high
ONE_REPEATS,/Return/ReturnData/IRS990ScheduleH/HospitalFcltyPoliciesPrctcGrp/StrategyAttachedInd,SH_05_CHNA_STRATEGY_ATTACHED_X,SH-P05-T00-FAP-COMMUNITY-BENEFIT-POLICY,move_variable,"NEW SH-P05-T03-FACILITY-POLICIES-PRACTICES (MANY; groups IRS990ScheduleH/Form990ScheduleHPartVSectionB TY2010-12, IRS990ScheduleH/HospitalFcltyPoliciesPrctcGrp TY2013+)","Schedule H Part V Section B is completed once per hospital facility (or facility group); values sit in the Section B group, which repeats. Move all Section B variables of SH-P05-T00 (incl. facility line number and HospitalFacilityName) to a new MANY table; keep the one-per-filing counts (SH_05_HOSPITAL_NUM, SH_05_NON_HOSPITAL_NUM: max 1/filing) in SH-P05-T00. Alternative: make SH-P05-T00 MANY and move the counts out. Evidence: repeats in 7.7% of 7,456 filings, max 38/filing, TY2014-2024; repeat_root: ''=92% ; IRS990ScheduleH/HospitalFcltyPoliciesPrctcGrp=8%.",high
ONE_REPEATS,/Return/ReturnData/IRS990ScheduleH/HospitalFcltyPoliciesPrctcGrp/StrategyPostedWebsiteInd,SH_05_CHNA_STRATEGY_WEBSITE_X,SH-P05-T00-FAP-COMMUNITY-BENEFIT-POLICY,move_variable,"NEW SH-P05-T03-FACILITY-POLICIES-PRACTICES (MANY; groups IRS990ScheduleH/Form990ScheduleHPartVSectionB TY2010-12, IRS990ScheduleH/HospitalFcltyPoliciesPrctcGrp TY2013+)","Schedule H Part V Section B is completed once per hospital facility (or facility group); values sit in the Section B group, which repeats. Move all Section B variables of SH-P05-T00 (incl. facility line number and HospitalFacilityName) to a new MANY table; keep the one-per-filing counts (SH_05_HOSPITAL_NUM, SH_05_NON_HOSPITAL_NUM: max 1/filing) in SH-P05-T00. Alternative: make SH-P05-T00 MANY and move the counts out. Evidence: repeats in 7.2% of 23,665 filings, max 38/filing, TY2014-2024; repeat_root: ''=92% ; IRS990ScheduleH/HospitalFcltyPoliciesPrctcGrp=8%.",high
ONE_REPEATS,/Return/ReturnData/IRS990ScheduleH/HospitalFcltyPoliciesPrctcGrp/StrategyWebsiteURLTxt,SH_05_CHNA_STRATEGY_WEBSITE,SH-P05-T00-FAP-COMMUNITY-BENEFIT-POLICY,move_variable,"NEW SH-P05-T03-FACILITY-POLICIES-PRACTICES (MANY; groups IRS990ScheduleH/Form990ScheduleHPartVSectionB TY2010-12, IRS990ScheduleH/HospitalFcltyPoliciesPrctcGrp TY2013+)","Schedule H Part V Section B is completed once per hospital facility (or facility group); values sit in the Section B group, which repeats. Move all Section B variables of SH-P05-T00 (incl. facility line number and HospitalFacilityName) to a new MANY table; keep the one-per-filing counts (SH_05_HOSPITAL_NUM, SH_05_NON_HOSPITAL_NUM: max 1/filing) in SH-P05-T00. Alternative: make SH-P05-T00 MANY and move the counts out. Evidence: repeats in 6.8% of 21,474 filings, max 38/filing, TY2014-2024; repeat_root: ''=93% ; IRS990ScheduleH/HospitalFcltyPoliciesPrctcGrp=7%.",high
ONE_REPEATS,/Return/ReturnData/IRS990ScheduleH/HospitalFcltyPoliciesPrctcGrp/TakeIntoAccountOthersInputInd,SH_05_CHNA_TAKE_COM_ACC_X,SH-P05-T00-FAP-COMMUNITY-BENEFIT-POLICY,move_variable,"NEW SH-P05-T03-FACILITY-POLICIES-PRACTICES (MANY; groups IRS990ScheduleH/Form990ScheduleHPartVSectionB TY2010-12, IRS990ScheduleH/HospitalFcltyPoliciesPrctcGrp TY2013+)","Schedule H Part V Section B is completed once per hospital facility (or facility group); values sit in the Section B group, which repeats. Move all Section B variables of SH-P05-T00 (incl. facility line number and HospitalFacilityName) to a new MANY table; keep the one-per-filing counts (SH_05_HOSPITAL_NUM, SH_05_NON_HOSPITAL_NUM: max 1/filing) in SH-P05-T00. Alternative: make SH-P05-T00 MANY and move the counts out. Evidence: repeats in 7.4% of 26,254 filings, max 38/filing, TY2013-2024; repeat_root: ''=92% ; IRS990ScheduleH/HospitalFcltyPoliciesPrctcGrp=8%.",high
ONE_REPEATS,/Return/ReturnData/IRS990ScheduleH/HospitalFcltyPoliciesPrctcGrp/TaxExemptHospitalCYOrPYInd,SH_05_CHNA_TAX_EXEMPT_HOSPITAL_X,SH-P05-T00-FAP-COMMUNITY-BENEFIT-POLICY,move_variable,"NEW SH-P05-T03-FACILITY-POLICIES-PRACTICES (MANY; groups IRS990ScheduleH/Form990ScheduleHPartVSectionB TY2010-12, IRS990ScheduleH/HospitalFcltyPoliciesPrctcGrp TY2013+)","Schedule H Part V Section B is completed once per hospital facility (or facility group); values sit in the Section B group, which repeats. Move all Section B variables of SH-P05-T00 (incl. facility line number and HospitalFacilityName) to a new MANY table; keep the one-per-filing counts (SH_05_HOSPITAL_NUM, SH_05_NON_HOSPITAL_NUM: max 1/filing) in SH-P05-T00. Alternative: make SH-P05-T00 MANY and move the counts out. Evidence: repeats in 7.7% of 24,507 filings, max 43/filing, TY2014-2024; repeat_root: ''=92% ; IRS990ScheduleH/HospitalFcltyPoliciesPrctcGrp=8%.",high
ONE_REPEATS,/Return/ReturnData/IRS990ScheduleH/HospitalFcltyPoliciesPrctcGrp/UnderinsuranceStatCriteriaInd,SH_05_FAP_CRITERIA_UNINSURED_X,SH-P05-T00-FAP-COMMUNITY-BENEFIT-POLICY,move_variable,"NEW SH-P05-T03-FACILITY-POLICIES-PRACTICES (MANY; groups IRS990ScheduleH/Form990ScheduleHPartVSectionB TY2010-12, IRS990ScheduleH/HospitalFcltyPoliciesPrctcGrp TY2013+)","Schedule H Part V Section B is completed once per hospital facility (or facility group); values sit in the Section B group, which repeats. Move all Section B variables of SH-P05-T00 (incl. facility line number and HospitalFacilityName) to a new MANY table; keep the one-per-filing counts (SH_05_HOSPITAL_NUM, SH_05_NON_HOSPITAL_NUM: max 1/filing) in SH-P05-T00. Alternative: make SH-P05-T00 MANY and move the counts out. Evidence: repeats in 7.8% of 15,317 filings, max 37/filing, TY2014-2024; repeat_root: ''=92% ; IRS990ScheduleH/HospitalFcltyPoliciesPrctcGrp=8%.",high
ONE_REPEATS,/Return/ReturnData/IRS990ScheduleH/SupplementalInformationDetail/ExplanationTxt,SH_05_EXPLANATION_TEXT,SH-P05-T99-SUPPLEMENTAL-INFO,table_to_many,SH-P06-T99-SUPPLEMENTAL-INFO,"Supplemental-information table: each explanation is one instance of a repeating element (Part-level explanation group / SupplementalInformationDetail), so filings with several explanations lose all but one. Make SH-P06-T99-SUPPLEMENTAL-INFO MANY. Xpath already moved from SH-P05-T99-SUPPLEMENTAL-INFO to SH-P06-T99-SUPPLEMENTAL-INFO by data-raw/fixes/03. Evidence: repeats in 97.6% of 26,857 filings, max 296/filing, TY2013-2024; repeat_root: IRS990ScheduleH/SupplementalInformationDetail=98% ; ''=2%.",high
ONE_REPEATS,/Return/ReturnData/IRS990ScheduleH/SupplementalInformationDetail/FormAndLineReferenceDesc,SH_05_FORM_LINE_REFERENCE,SH-P05-T99-SUPPLEMENTAL-INFO,table_to_many,SH-P06-T99-SUPPLEMENTAL-INFO,"Supplemental-information table: each explanation is one instance of a repeating element (Part-level explanation group / SupplementalInformationDetail), so filings with several explanations lose all but one. Make SH-P06-T99-SUPPLEMENTAL-INFO MANY. Xpath already moved from SH-P05-T99-SUPPLEMENTAL-INFO to SH-P06-T99-SUPPLEMENTAL-INFO by data-raw/fixes/03. Evidence: repeats in 97.6% of 26,857 filings, max 296/filing, TY2013-2024; repeat_root: IRS990ScheduleH/SupplementalInformationDetail=98% ; ''=2%.",high
ONE_REPEATS,/Return/ReturnData/IRS990ScheduleH/SupplementalInformationGrp/ExplanationTxt,SH_05_EXPLANATION_TEXT,SH-P05-T99-SUPPLEMENTAL-INFO,table_to_many,SH-P05-T99-SUPPLEMENTAL-INFO,"Supplemental-information table: each explanation is one instance of a repeating element (Part-level explanation group / SupplementalInformationDetail), so filings with several explanations lose all but one. Make SH-P05-T99-SUPPLEMENTAL-INFO MANY. Evidence: repeats in 95.2% of 26,471 filings, max 174/filing, TY2013-2024; repeat_root: IRS990ScheduleH/SupplementalInformationGrp=95% ; ''=5%.",high
ONE_REPEATS,/Return/ReturnData/IRS990ScheduleH/SupplementalInformationGrp/FormAndLineReferenceDesc,SH_05_FORM_LINE_REFERENCE,SH-P05-T99-SUPPLEMENTAL-INFO,table_to_many,SH-P05-T99-SUPPLEMENTAL-INFO,"Supplemental-information table: each explanation is one instance of a repeating element (Part-level explanation group / SupplementalInformationDetail), so filings with several explanations lose all but one. Make SH-P05-T99-SUPPLEMENTAL-INFO MANY. Evidence: repeats in 95.2% of 26,472 filings, max 174/filing, TY2013-2024; repeat_root: IRS990ScheduleH/SupplementalInformationGrp=95% ; ''=5%.",high
ONE_REPEATS,/Return/ReturnData/IRS990ScheduleH/Form990ScheduleHPartVI/Explanation,SH_06_EXPLANATION_TEXT,SH-P06-T99-SUPPLEMENTAL-INFO,table_to_many,SH-P06-T99-SUPPLEMENTAL-INFO,"Supplemental-information table: each explanation is one instance of a repeating element (Part-level explanation group / SupplementalInformationDetail), so filings with several explanations lose all but one. Make SH-P06-T99-SUPPLEMENTAL-INFO MANY. Evidence: repeats in 96.9% of 7,350 filings, max 342/filing, TY2010-2012; repeat_root: IRS990ScheduleH/Form990ScheduleHPartVI=97% ; ''=3%.",high
ONE_REPEATS,/Return/ReturnData/IRS990ScheduleH/Form990ScheduleHPartVI/GeneralExplanation,SH_06_EXPLANATION_ADDITIONAL,SH-P06-T99-SUPPLEMENTAL-INFO,table_to_many,SH-P06-T99-SUPPLEMENTAL-INFO,"Supplemental-information table: each explanation is one instance of a repeating element (Part-level explanation group / SupplementalInformationDetail), so filings with several explanations lose all but one. Make SH-P06-T99-SUPPLEMENTAL-INFO MANY. TY2009-only legacy element; it becomes its own row once the table is MANY. Evidence: repeats in 17.2% of 326 filings, max 5/filing, TY2009-2009; repeat_root: ''=83% ; IRS990ScheduleH/Form990ScheduleHPartVI/GeneralExplanation=17%.",medium
ONE_REPEATS,/Return/ReturnData/IRS990ScheduleH/Form990ScheduleHPartVI/Identifier,SH_06_IDENTIFIER,SH-P06-T99-SUPPLEMENTAL-INFO,table_to_many,SH-P06-T99-SUPPLEMENTAL-INFO,"Supplemental-information table: each explanation is one instance of a repeating element (Part-level explanation group / SupplementalInformationDetail), so filings with several explanations lose all but one. Make SH-P06-T99-SUPPLEMENTAL-INFO MANY. Evidence: repeats in 81.0% of 6,500 filings, max 285/filing, TY2010-2012; repeat_root: IRS990ScheduleH/Form990ScheduleHPartVI=97% ; ''=3%.",high
ONE_REPEATS,/Return/ReturnData/IRS990ScheduleH/Form990ScheduleHPartVI/ReportsFiledWithStates,SH_06_EXPLANATION_REP_STATES,SH-P06-T99-SUPPLEMENTAL-INFO,table_to_many,SH-P06-T99-SUPPLEMENTAL-INFO,"Supplemental-information table: each explanation is one instance of a repeating element (Part-level explanation group / SupplementalInformationDetail), so filings with several explanations lose all but one. Make SH-P06-T99-SUPPLEMENTAL-INFO MANY. TY2009-only legacy element; it becomes its own row once the table is MANY. Evidence: repeats in 4.4% of 679 filings, max 7/filing, TY2009-2009; repeat_root: ''=96% ; IRS990ScheduleH/Form990ScheduleHPartVI/ReportsFiledWithStates=4%.",medium
ONE_REPEATS,/Return/ReturnData/IRS990ScheduleH/Form990ScheduleHPartVI/ReturnReference,SH_06_RETURN_REFERENCE,SH-P06-T99-SUPPLEMENTAL-INFO,table_to_many,SH-P06-T99-SUPPLEMENTAL-INFO,"Supplemental-information table: each explanation is one instance of a repeating element (Part-level explanation group / SupplementalInformationDetail), so filings with several explanations lose all but one. Make SH-P06-T99-SUPPLEMENTAL-INFO MANY. Evidence: repeats in 61.2% of 5,136 filings, max 227/filing, TY2010-2012; repeat_root: IRS990ScheduleH/Form990ScheduleHPartVI=99% ; ''=1%.",high
ONE_REPEATS,/Return/ReturnData/IRS990ScheduleH/Form990ScheduleHPartVSectionB/AdoptBudget,SH_99_CHNA_NEED_ADOPT_BUDGET_X,SH-P99-T00-FAP-COMMUNITY-BENEFIT-POLICY,table_to_many,SH-P99-T00-FAP-COMMUNITY-BENEFIT-POLICY,"Every xpath of this table is a (discontinued) Schedule H Part V Section B per-facility item inside the repeating Section B group. Make the table MANY (or fold it into the new SH-P05-T03 Section B table; the T00 suffix would then be misleading). Evidence: repeats in 9.6% of 1,047 filings, max 15/filing, TY2010-2012; repeat_root: ''=89% ; IRS990ScheduleH/Form990ScheduleHPartVSectionB=11%.",high
ONE_REPEATS,/Return/ReturnData/IRS990ScheduleH/Form990ScheduleHPartVSectionB/AdoptImplementStrategy,SH_99_CHNA_NEED_ADOPT_IMP_X,SH-P99-T00-FAP-COMMUNITY-BENEFIT-POLICY,table_to_many,SH-P99-T00-FAP-COMMUNITY-BENEFIT-POLICY,"Every xpath of this table is a (discontinued) Schedule H Part V Section B per-facility item inside the repeating Section B group. Make the table MANY (or fold it into the new SH-P05-T03 Section B table; the T00 suffix would then be misleading). Evidence: repeats in 9.8% of 1,653 filings, max 16/filing, TY2010-2012; repeat_root: ''=89% ; IRS990ScheduleH/Form990ScheduleHPartVSectionB=11%.",high
ONE_REPEATS,/Return/ReturnData/IRS990ScheduleH/Form990ScheduleHPartVSectionB/AllNeedsAddressed,SH_99_CHNA_NEED_ALL_ADDRESSED_X,SH-P99-T00-FAP-COMMUNITY-BENEFIT-POLICY,table_to_many,SH-P99-T00-FAP-COMMUNITY-BENEFIT-POLICY,"Every xpath of this table is a (discontinued) Schedule H Part V Section B per-facility item inside the repeating Section B group. Make the table MANY (or fold it into the new SH-P05-T03 Section B table; the T00 suffix would then be misleading). Evidence: repeats in 9.4% of 1,826 filings, max 16/filing, TY2010-2012; repeat_root: ''=90% ; IRS990ScheduleH/Form990ScheduleHPartVSectionB=10%.",high
ONE_REPEATS,/Return/ReturnData/IRS990ScheduleH/Form990ScheduleHPartVSectionB/AssetLevel,SH_99_FAP_FACTOR_ASSET_X,SH-P99-T00-FAP-COMMUNITY-BENEFIT-POLICY,table_to_many,SH-P99-T00-FAP-COMMUNITY-BENEFIT-POLICY,"Every xpath of this table is a (discontinued) Schedule H Part V Section B per-facility item inside the repeating Section B group. Make the table MANY (or fold it into the new SH-P05-T03 Section B table; the T00 suffix would then be misleading). Evidence: repeats in 12.9% of 3,166 filings, max 32/filing, TY2010-2012; repeat_root: ''=87% ; IRS990ScheduleH/Form990ScheduleHPartVSectionB=13%.",high
ONE_REPEATS,/Return/ReturnData/IRS990ScheduleH/Form990ScheduleHPartVSectionB/AttachedToInvoices,SH_99_FAP_PROV_ATTACH_INVOICE_X,SH-P99-T00-FAP-COMMUNITY-BENEFIT-POLICY,table_to_many,SH-P99-T00-FAP-COMMUNITY-BENEFIT-POLICY,"Every xpath of this table is a (discontinued) Schedule H Part V Section B per-facility item inside the repeating Section B group. Make the table MANY (or fold it into the new SH-P05-T03 Section B table; the T00 suffix would then be misleading). Evidence: repeats in 12.8% of 1,825 filings, max 60/filing, TY2010-2012; repeat_root: ''=87% ; IRS990ScheduleH/Form990ScheduleHPartVSectionB=13%.",high
ONE_REPEATS,/Return/ReturnData/IRS990ScheduleH/Form990ScheduleHPartVSectionB/AvailableOnRequest,SH_99_FAP_PROV_REQUEST_X,SH-P99-T00-FAP-COMMUNITY-BENEFIT-POLICY,table_to_many,SH-P99-T00-FAP-COMMUNITY-BENEFIT-POLICY,"Every xpath of this table is a (discontinued) Schedule H Part V Section B per-facility item inside the repeating Section B group. Make the table MANY (or fold it into the new SH-P05-T03 Section B table; the T00 suffix would then be misleading). Evidence: repeats in 12.9% of 4,639 filings, max 60/filing, TY2010-2012; repeat_root: ''=87% ; IRS990ScheduleH/Form990ScheduleHPartVSectionB=13%.",high
ONE_REPEATS,/Return/ReturnData/IRS990ScheduleH/Form990ScheduleHPartVSectionB/AverageNegotiatedRates,SH_99_CHARGE_AVE_RATE_X,SH-P99-T00-FAP-COMMUNITY-BENEFIT-POLICY,table_to_many,SH-P99-T00-FAP-COMMUNITY-BENEFIT-POLICY,"Every xpath of this table is a (discontinued) Schedule H Part V Section B per-facility item inside the repeating Section B group. Make the table MANY (or fold it into the new SH-P05-T03 Section B table; the T00 suffix would then be misleading). Evidence: repeats in 14.0% of 712 filings, max 20/filing, TY2010-2012; repeat_root: ''=84% ; IRS990ScheduleH/Form990ScheduleHPartVSectionB=16%.",high
ONE_REPEATS,/Return/ReturnData/IRS990ScheduleH/Form990ScheduleHPartVSectionB/BodyAttachment,SH_99_BILL_3RD_PARTY_BODY_X,SH-P99-T00-FAP-COMMUNITY-BENEFIT-POLICY,table_to_many,SH-P99-T00-FAP-COMMUNITY-BENEFIT-POLICY,"Every xpath of this table is a (discontinued) Schedule H Part V Section B per-facility item inside the repeating Section B group. Make the table MANY (or fold it into the new SH-P05-T03 Section B table; the T00 suffix would then be misleading). Evidence: repeats in 15.2% of 33 filings, max 6/filing, TY2010-2012; repeat_root: ''=82% ; IRS990ScheduleH/Form990ScheduleHPartVSectionB=18%.",high
ONE_REPEATS,/Return/ReturnData/IRS990ScheduleH/Form990ScheduleHPartVSectionB/DevelopCommunityPlan,SH_99_CHNA_NEED_DEVELOP_PLAN_X,SH-P99-T00-FAP-COMMUNITY-BENEFIT-POLICY,table_to_many,SH-P99-T00-FAP-COMMUNITY-BENEFIT-POLICY,"Every xpath of this table is a (discontinued) Schedule H Part V Section B per-facility item inside the repeating Section B group. Make the table MANY (or fold it into the new SH-P05-T03 Section B table; the T00 suffix would then be misleading). Evidence: repeats in 10.2% of 1,085 filings, max 14/filing, TY2010-2012; repeat_root: ''=88% ; IRS990ScheduleH/Form990ScheduleHPartVSectionB=12%.",high
ONE_REPEATS,/Return/ReturnData/IRS990ScheduleH/Form990ScheduleHPartVSectionB/DocumentedDetermination,SH_99_BILL_NOTIFIED_DOC_X,SH-P99-T00-FAP-COMMUNITY-BENEFIT-POLICY,table_to_many,SH-P99-T00-FAP-COMMUNITY-BENEFIT-POLICY,"Every xpath of this table is a (discontinued) Schedule H Part V Section B per-facility item inside the repeating Section B group. Make the table MANY (or fold it into the new SH-P05-T03 Section B table; the T00 suffix would then be misleading). Evidence: repeats in 11.6% of 2,622 filings, max 60/filing, TY2010-2012; repeat_root: ''=88% ; IRS990ScheduleH/Form990ScheduleHPartVSectionB=12%.",high
ONE_REPEATS,/Return/ReturnData/IRS990ScheduleH/Form990ScheduleHPartVSectionB/ExecuteImplementStrategy,SH_99_CHNA_NEED_EXECUTE_IMP_X,SH-P99-T00-FAP-COMMUNITY-BENEFIT-POLICY,table_to_many,SH-P99-T00-FAP-COMMUNITY-BENEFIT-POLICY,"Every xpath of this table is a (discontinued) Schedule H Part V Section B per-facility item inside the repeating Section B group. Make the table MANY (or fold it into the new SH-P05-T03 Section B table; the T00 suffix would then be misleading). Evidence: repeats in 10.6% of 1,347 filings, max 16/filing, TY2010-2012; repeat_root: ''=89% ; IRS990ScheduleH/Form990ScheduleHPartVSectionB=11%.",high
ONE_REPEATS,/Return/ReturnData/IRS990ScheduleH/Form990ScheduleHPartVSectionB/FPGDiscountPercent,SH_99_FAP_USE_FPG_DCNT_CARE_PCT,SH-P99-T00-FAP-COMMUNITY-BENEFIT-POLICY,table_to_many,SH-P99-T00-FAP-COMMUNITY-BENEFIT-POLICY,"Every xpath of this table is a (discontinued) Schedule H Part V Section B per-facility item inside the repeating Section B group. Make the table MANY (or fold it into the new SH-P05-T03 Section B table; the T00 suffix would then be misleading). Evidence: repeats in 13.1% of 4,619 filings, max 60/filing, TY2010-2012; repeat_root: ''=87% ; IRS990ScheduleH/Form990ScheduleHPartVSectionB=13%.",high
ONE_REPEATS,/Return/ReturnData/IRS990ScheduleH/Form990ScheduleHPartVSectionB/FPGFreePercent,SH_99_FAP_USE_FPG_FREE_CARE_PCT,SH-P99-T00-FAP-COMMUNITY-BENEFIT-POLICY,table_to_many,SH-P99-T00-FAP-COMMUNITY-BENEFIT-POLICY,"Every xpath of this table is a (discontinued) Schedule H Part V Section B per-facility item inside the repeating Section B group. Make the table MANY (or fold it into the new SH-P05-T03 Section B table; the T00 suffix would then be misleading). Evidence: repeats in 13.1% of 4,987 filings, max 60/filing, TY2010-2012; repeat_root: ''=87% ; IRS990ScheduleH/Form990ScheduleHPartVSectionB=13%.",high
ONE_REPEATS,/Return/ReturnData/IRS990ScheduleH/Form990ScheduleHPartVSectionB/IncludeOperationalPlans,SH_99_CHNA_NEED_INCL_PLAN_X,SH-P99-T00-FAP-COMMUNITY-BENEFIT-POLICY,table_to_many,SH-P99-T00-FAP-COMMUNITY-BENEFIT-POLICY,"Every xpath of this table is a (discontinued) Schedule H Part V Section B per-facility item inside the repeating Section B group. Make the table MANY (or fold it into the new SH-P05-T03 Section B table; the T00 suffix would then be misleading). Evidence: repeats in 10.8% of 1,039 filings, max 16/filing, TY2010-2012; repeat_root: ''=88% ; IRS990ScheduleH/Form990ScheduleHPartVSectionB=12%.",high
ONE_REPEATS,/Return/ReturnData/IRS990ScheduleH/Form990ScheduleHPartVSectionB/IncludesPublicityMeasures,SH_99_FAP_PROV_PUBLICITY_X,SH-P99-T00-FAP-COMMUNITY-BENEFIT-POLICY,table_to_many,SH-P99-T00-FAP-COMMUNITY-BENEFIT-POLICY,"Every xpath of this table is a (discontinued) Schedule H Part V Section B per-facility item inside the repeating Section B group. Make the table MANY (or fold it into the new SH-P05-T03 Section B table; the T00 suffix would then be misleading). Evidence: repeats in 13.1% of 5,490 filings, max 58/filing, TY2010-2012; repeat_root: ''=87% ; IRS990ScheduleH/Form990ScheduleHPartVSectionB=13%.",high
ONE_REPEATS,/Return/ReturnData/IRS990ScheduleH/Form990ScheduleHPartVSectionB/IncomeLevel,SH_99_FAP_FACTOR_INCOME_X,SH-P99-T00-FAP-COMMUNITY-BENEFIT-POLICY,table_to_many,SH-P99-T00-FAP-COMMUNITY-BENEFIT-POLICY,"Every xpath of this table is a (discontinued) Schedule H Part V Section B per-facility item inside the repeating Section B group. Make the table MANY (or fold it into the new SH-P05-T03 Section B table; the T00 suffix would then be misleading). Evidence: repeats in 13.2% of 4,786 filings, max 60/filing, TY2010-2012; repeat_root: ''=87% ; IRS990ScheduleH/Form990ScheduleHPartVSectionB=13%.",high
ONE_REPEATS,/Return/ReturnData/IRS990ScheduleH/Form990ScheduleHPartVSectionB/InsuranceStatus,SH_99_FAP_FACTOR_INSURANCE_X,SH-P99-T00-FAP-COMMUNITY-BENEFIT-POLICY,table_to_many,SH-P99-T00-FAP-COMMUNITY-BENEFIT-POLICY,"Every xpath of this table is a (discontinued) Schedule H Part V Section B per-facility item inside the repeating Section B group. Make the table MANY (or fold it into the new SH-P05-T03 Section B table; the T00 suffix would then be misleading). Evidence: repeats in 13.7% of 2,940 filings, max 38/filing, TY2010-2012; repeat_root: ''=86% ; IRS990ScheduleH/Form990ScheduleHPartVSectionB=14%.",high
ONE_REPEATS,/Return/ReturnData/IRS990ScheduleH/Form990ScheduleHPartVSectionB/Lawsuit,SH_99_BILL_3RD_PARTY_LAWSUIT_X,SH-P99-T00-FAP-COMMUNITY-BENEFIT-POLICY,table_to_many,SH-P99-T00-FAP-COMMUNITY-BENEFIT-POLICY,"Every xpath of this table is a (discontinued) Schedule H Part V Section B per-facility item inside the repeating Section B group. Make the table MANY (or fold it into the new SH-P05-T03 Section B table; the T00 suffix would then be misleading). Evidence: repeats in 13.0% of 771 filings, max 17/filing, TY2010-2012; repeat_root: ''=86% ; IRS990ScheduleH/Form990ScheduleHPartVSectionB=14%.",high
ONE_REPEATS,/Return/ReturnData/IRS990ScheduleH/Form990ScheduleHPartVSectionB/LienOnResidence,SH_99_BILL_3RD_PARTY_LIEN_X,SH-P99-T00-FAP-COMMUNITY-BENEFIT-POLICY,table_to_many,SH-P99-T00-FAP-COMMUNITY-BENEFIT-POLICY,"Every xpath of this table is a (discontinued) Schedule H Part V Section B per-facility item inside the repeating Section B group. Make the table MANY (or fold it into the new SH-P05-T03 Section B table; the T00 suffix would then be misleading). Evidence: repeats in 13.4% of 397 filings, max 13/filing, TY2010-2012; repeat_root: ''=85% ; IRS990ScheduleH/Form990ScheduleHPartVSectionB=15%.",high
ONE_REPEATS,/Return/ReturnData/IRS990ScheduleH/Form990ScheduleHPartVSectionB/LowestNegotiatedRates,SH_99_CHARGE_LOW_RATE_X,SH-P99-T00-FAP-COMMUNITY-BENEFIT-POLICY,table_to_many,SH-P99-T00-FAP-COMMUNITY-BENEFIT-POLICY,"Every xpath of this table is a (discontinued) Schedule H Part V Section B per-facility item inside the repeating Section B group. Make the table MANY (or fold it into the new SH-P05-T03 Section B table; the T00 suffix would then be misleading). Evidence: repeats in 10.2% of 400 filings, max 17/filing, TY2010-2012; repeat_root: ''=87% ; IRS990ScheduleH/Form990ScheduleHPartVSectionB=13%.",high
ONE_REPEATS,/Return/ReturnData/IRS990ScheduleH/Form990ScheduleHPartVSectionB/MedicaidMedicare,SH_99_FAP_FACTOR_MEDICAID_X,SH-P99-T00-FAP-COMMUNITY-BENEFIT-POLICY,table_to_many,SH-P99-T00-FAP-COMMUNITY-BENEFIT-POLICY,"Every xpath of this table is a (discontinued) Schedule H Part V Section B per-facility item inside the repeating Section B group. Make the table MANY (or fold it into the new SH-P05-T03 Section B table; the T00 suffix would then be misleading). Evidence: repeats in 13.6% of 2,699 filings, max 38/filing, TY2010-2012; repeat_root: ''=86% ; IRS990ScheduleH/Form990ScheduleHPartVSectionB=14%.",high
ONE_REPEATS,/Return/ReturnData/IRS990ScheduleH/Form990ScheduleHPartVSectionB/MedicalIndigency,SH_99_FAP_FACTOR_INDIGENCY_X,SH-P99-T00-FAP-COMMUNITY-BENEFIT-POLICY,table_to_many,SH-P99-T00-FAP-COMMUNITY-BENEFIT-POLICY,"Every xpath of this table is a (discontinued) Schedule H Part V Section B per-facility item inside the repeating Section B group. Make the table MANY (or fold it into the new SH-P05-T03 Section B table; the T00 suffix would then be misleading). Evidence: repeats in 14.0% of 3,189 filings, max 60/filing, TY2010-2012; repeat_root: ''=86% ; IRS990ScheduleH/Form990ScheduleHPartVSectionB=14%.",high
ONE_REPEATS,/Return/ReturnData/IRS990ScheduleH/Form990ScheduleHPartVSectionB/MedicareRate,SH_99_CHARGE_MT_MEDICARE_RATE_X,SH-P99-T00-FAP-COMMUNITY-BENEFIT-POLICY,table_to_many,SH-P99-T00-FAP-COMMUNITY-BENEFIT-POLICY,"Every xpath of this table is a (discontinued) Schedule H Part V Section B per-facility item inside the repeating Section B group. Make the table MANY (or fold it into the new SH-P05-T03 Section B table; the T00 suffix would then be misleading). Evidence: repeats in 12.3% of 689 filings, max 60/filing, TY2010-2012; repeat_root: ''=86% ; IRS990ScheduleH/Form990ScheduleHPartVSectionB=14%.",high
ONE_REPEATS,/Return/ReturnData/IRS990ScheduleH/Form990ScheduleHPartVSectionB/NotifiedAllPatients,SH_99_BILL_NOTIFIED_PATIENT_X,SH-P99-T00-FAP-COMMUNITY-BENEFIT-POLICY,table_to_many,SH-P99-T00-FAP-COMMUNITY-BENEFIT-POLICY,"Every xpath of this table is a (discontinued) Schedule H Part V Section B per-facility item inside the repeating Section B group. Make the table MANY (or fold it into the new SH-P05-T03 Section B table; the T00 suffix would then be misleading). Evidence: repeats in 11.3% of 2,713 filings, max 60/filing, TY2010-2012; repeat_root: ''=88% ; IRS990ScheduleH/Form990ScheduleHPartVSectionB=12%.",high
ONE_REPEATS,/Return/ReturnData/IRS990ScheduleH/Form990ScheduleHPartVSectionB/NotifyBeforeDischarge,SH_99_BILL_NOTIFIED_DISCHARGE_X,SH-P99-T00-FAP-COMMUNITY-BENEFIT-POLICY,table_to_many,SH-P99-T00-FAP-COMMUNITY-BENEFIT-POLICY,"Every xpath of this table is a (discontinued) Schedule H Part V Section B per-facility item inside the repeating Section B group. Make the table MANY (or fold it into the new SH-P05-T03 Section B table; the T00 suffix would then be misleading). Evidence: repeats in 11.1% of 1,966 filings, max 60/filing, TY2010-2012; repeat_root: ''=88% ; IRS990ScheduleH/Form990ScheduleHPartVSectionB=12%.",high
ONE_REPEATS,/Return/ReturnData/IRS990ScheduleH/Form990ScheduleHPartVSectionB/NotifyUponAdmission,SH_99_BILL_NOTIFIED_ADM_X,SH-P99-T00-FAP-COMMUNITY-BENEFIT-POLICY,table_to_many,SH-P99-T00-FAP-COMMUNITY-BENEFIT-POLICY,"Every xpath of this table is a (discontinued) Schedule H Part V Section B per-facility item inside the repeating Section B group. Make the table MANY (or fold it into the new SH-P05-T03 Section B table; the T00 suffix would then be misleading). Evidence: repeats in 11.6% of 2,319 filings, max 60/filing, TY2010-2012; repeat_root: ''=88% ; IRS990ScheduleH/Form990ScheduleHPartVSectionB=12%.",high
ONE_REPEATS,/Return/ReturnData/IRS990ScheduleH/Form990ScheduleHPartVSectionB/OnRequest,SH_99_CHNA_AVBL_REQUEST_X,SH-P99-T00-FAP-COMMUNITY-BENEFIT-POLICY,table_to_many,SH-P99-T00-FAP-COMMUNITY-BENEFIT-POLICY,"Every xpath of this table is a (discontinued) Schedule H Part V Section B per-facility item inside the repeating Section B group. Make the table MANY (or fold it into the new SH-P05-T03 Section B table; the T00 suffix would then be misleading). Evidence: repeats in 9.5% of 1,637 filings, max 16/filing, TY2010-2012; repeat_root: ''=90% ; IRS990ScheduleH/Form990ScheduleHPartVSectionB=10%.",high
ONE_REPEATS,/Return/ReturnData/IRS990ScheduleH/Form990ScheduleHPartVSectionB/OtherActionsTaken,SH_99_BILL_NOTIFIED_OTH_ACT_X,SH-P99-T00-FAP-COMMUNITY-BENEFIT-POLICY,table_to_many,SH-P99-T00-FAP-COMMUNITY-BENEFIT-POLICY,"Every xpath of this table is a (discontinued) Schedule H Part V Section B per-facility item inside the repeating Section B group. Make the table MANY (or fold it into the new SH-P05-T03 Section B table; the T00 suffix would then be misleading). Evidence: repeats in 12.4% of 459 filings, max 12/filing, TY2010-2012; repeat_root: ''=86% ; IRS990ScheduleH/Form990ScheduleHPartVSectionB=14%.",high
ONE_REPEATS,/Return/ReturnData/IRS990ScheduleH/Form990ScheduleHPartVSectionB/OtherFactors,SH_99_FAP_FACTOR_OTH_X,SH-P99-T00-FAP-COMMUNITY-BENEFIT-POLICY,table_to_many,SH-P99-T00-FAP-COMMUNITY-BENEFIT-POLICY,"Every xpath of this table is a (discontinued) Schedule H Part V Section B per-facility item inside the repeating Section B group. Make the table MANY (or fold it into the new SH-P05-T03 Section B table; the T00 suffix would then be misleading). Evidence: repeats in 15.7% of 789 filings, max 22/filing, TY2010-2012; repeat_root: ''=83% ; IRS990ScheduleH/Form990ScheduleHPartVSectionB=17%.",high
ONE_REPEATS,/Return/ReturnData/IRS990ScheduleH/Form990ScheduleHPartVSectionB/OtherNeedsAddressed,SH_99_CHNA_NEED_OTH_X,SH-P99-T00-FAP-COMMUNITY-BENEFIT-POLICY,table_to_many,SH-P99-T00-FAP-COMMUNITY-BENEFIT-POLICY,"Every xpath of this table is a (discontinued) Schedule H Part V Section B per-facility item inside the repeating Section B group. Make the table MANY (or fold it into the new SH-P05-T03 Section B table; the T00 suffix would then be misleading). Evidence: repeats in 5.3% of 208 filings, max 11/filing, TY2010-2012; repeat_root: ''=93% ; IRS990ScheduleH/Form990ScheduleHPartVSectionB=7%.",high
ONE_REPEATS,/Return/ReturnData/IRS990ScheduleH/Form990ScheduleHPartVSectionB/OtherPublicity,SH_99_FAP_PROV_OTH_X,SH-P99-T00-FAP-COMMUNITY-BENEFIT-POLICY,table_to_many,SH-P99-T00-FAP-COMMUNITY-BENEFIT-POLICY,"Every xpath of this table is a (discontinued) Schedule H Part V Section B per-facility item inside the repeating Section B group. Make the table MANY (or fold it into the new SH-P05-T03 Section B table; the T00 suffix would then be misleading). Evidence: repeats in 15.4% of 1,721 filings, max 32/filing, TY2010-2012; repeat_root: ''=83% ; IRS990ScheduleH/Form990ScheduleHPartVSectionB=17%.",high
ONE_REPEATS,/Return/ReturnData/IRS990ScheduleH/Form990ScheduleHPartVSectionB/ParticipateCommunityPlan,SH_99_CHNA_NEED_PARTICIPA_PLAN_X,SH-P99-T00-FAP-COMMUNITY-BENEFIT-POLICY,table_to_many,SH-P99-T00-FAP-COMMUNITY-BENEFIT-POLICY,"Every xpath of this table is a (discontinued) Schedule H Part V Section B per-facility item inside the repeating Section B group. Make the table MANY (or fold it into the new SH-P05-T03 Section B table; the T00 suffix would then be misleading). Evidence: repeats in 10.6% of 925 filings, max 14/filing, TY2010-2012; repeat_root: ''=88% ; IRS990ScheduleH/Form990ScheduleHPartVSectionB=12%.",high
ONE_REPEATS,/Return/ReturnData/IRS990ScheduleH/Form990ScheduleHPartVSectionB/PermitBodyAttachment,SH_99_BILL_PERMIT_BODY_ATTACH_X,SH-P99-T00-FAP-COMMUNITY-BENEFIT-POLICY,table_to_many,SH-P99-T00-FAP-COMMUNITY-BENEFIT-POLICY,"Every xpath of this table is a (discontinued) Schedule H Part V Section B per-facility item inside the repeating Section B group. Make the table MANY (or fold it into the new SH-P05-T03 Section B table; the T00 suffix would then be misleading). Evidence: repeats in 17.1% of 35 filings, max 6/filing, TY2010-2012; repeat_root: ''=83% ; IRS990ScheduleH/Form990ScheduleHPartVSectionB=17%.",high
ONE_REPEATS,/Return/ReturnData/IRS990ScheduleH/Form990ScheduleHPartVSectionB/PermitLawsuit,SH_99_BILL_PERMIT_LAWSUIT_X,SH-P99-T00-FAP-COMMUNITY-BENEFIT-POLICY,table_to_many,SH-P99-T00-FAP-COMMUNITY-BENEFIT-POLICY,"Every xpath of this table is a (discontinued) Schedule H Part V Section B per-facility item inside the repeating Section B group. Make the table MANY (or fold it into the new SH-P05-T03 Section B table; the T00 suffix would then be misleading). Evidence: repeats in 12.5% of 878 filings, max 17/filing, TY2010-2012; repeat_root: ''=87% ; IRS990ScheduleH/Form990ScheduleHPartVSectionB=13%.",high
ONE_REPEATS,/Return/ReturnData/IRS990ScheduleH/Form990ScheduleHPartVSectionB/PermitLienOnResidence,SH_99_BILL_PERMIT_LIEN_X,SH-P99-T00-FAP-COMMUNITY-BENEFIT-POLICY,table_to_many,SH-P99-T00-FAP-COMMUNITY-BENEFIT-POLICY,"Every xpath of this table is a (discontinued) Schedule H Part V Section B per-facility item inside the repeating Section B group. Make the table MANY (or fold it into the new SH-P05-T03 Section B table; the T00 suffix would then be misleading). Evidence: repeats in 11.5% of 471 filings, max 13/filing, TY2010-2012; repeat_root: ''=87% ; IRS990ScheduleH/Form990ScheduleHPartVSectionB=13%.",high
ONE_REPEATS,/Return/ReturnData/IRS990ScheduleH/Form990ScheduleHPartVSectionB/PostedInAdmissionOffice,SH_99_FAP_PROV_ADM_OFFICE_X,SH-P99-T00-FAP-COMMUNITY-BENEFIT-POLICY,table_to_many,SH-P99-T00-FAP-COMMUNITY-BENEFIT-POLICY,"Every xpath of this table is a (discontinued) Schedule H Part V Section B per-facility item inside the repeating Section B group. Make the table MANY (or fold it into the new SH-P05-T03 Section B table; the T00 suffix would then be misleading). Evidence: repeats in 12.4% of 2,943 filings, max 60/filing, TY2010-2012; repeat_root: ''=87% ; IRS990ScheduleH/Form990ScheduleHPartVSectionB=13%.",high
ONE_REPEATS,/Return/ReturnData/IRS990ScheduleH/Form990ScheduleHPartVSectionB/PostedInEmergencyRoom,SH_99_FAP_PROV_EMERGENCY_ROOM_X,SH-P99-T00-FAP-COMMUNITY-BENEFIT-POLICY,table_to_many,SH-P99-T00-FAP-COMMUNITY-BENEFIT-POLICY,"Every xpath of this table is a (discontinued) Schedule H Part V Section B per-facility item inside the repeating Section B group. Make the table MANY (or fold it into the new SH-P05-T03 Section B table; the T00 suffix would then be misleading). Evidence: repeats in 12.6% of 2,785 filings, max 60/filing, TY2010-2012; repeat_root: ''=87% ; IRS990ScheduleH/Form990ScheduleHPartVSectionB=13%.",high
ONE_REPEATS,/Return/ReturnData/IRS990ScheduleH/Form990ScheduleHPartVSectionB/PostedOnWebsite,SH_99_FAP_PROV_WEBSITE_X,SH-P99-T00-FAP-COMMUNITY-BENEFIT-POLICY,table_to_many,SH-P99-T00-FAP-COMMUNITY-BENEFIT-POLICY,"Every xpath of this table is a (discontinued) Schedule H Part V Section B per-facility item inside the repeating Section B group. Make the table MANY (or fold it into the new SH-P05-T03 Section B table; the T00 suffix would then be misleading). Evidence: repeats in 14.5% of 3,098 filings, max 60/filing, TY2010-2012; repeat_root: ''=85% ; IRS990ScheduleH/Form990ScheduleHPartVSectionB=15%.",high
ONE_REPEATS,/Return/ReturnData/IRS990ScheduleH/Form990ScheduleHPartVSectionB/PrioritizeHealthNeeds,SH_99_CHNA_NEED_PRIORITIZA_X,SH-P99-T00-FAP-COMMUNITY-BENEFIT-POLICY,table_to_many,SH-P99-T00-FAP-COMMUNITY-BENEFIT-POLICY,"Every xpath of this table is a (discontinued) Schedule H Part V Section B per-facility item inside the repeating Section B group. Make the table MANY (or fold it into the new SH-P05-T03 Section B table; the T00 suffix would then be misleading). Evidence: repeats in 9.6% of 1,600 filings, max 16/filing, TY2010-2012; repeat_root: ''=90% ; IRS990ScheduleH/Form990ScheduleHPartVSectionB=10%.",high
ONE_REPEATS,/Return/ReturnData/IRS990ScheduleH/Form990ScheduleHPartVSectionB/PrioritizeServices,SH_99_CHNA_NEED_PRIORITIZA_SVC_X,SH-P99-T00-FAP-COMMUNITY-BENEFIT-POLICY,table_to_many,SH-P99-T00-FAP-COMMUNITY-BENEFIT-POLICY,"Every xpath of this table is a (discontinued) Schedule H Part V Section B per-facility item inside the repeating Section B group. Make the table MANY (or fold it into the new SH-P05-T03 Section B table; the T00 suffix would then be misleading). Evidence: repeats in 9.4% of 1,485 filings, max 16/filing, TY2010-2012; repeat_root: ''=90% ; IRS990ScheduleH/Form990ScheduleHPartVSectionB=10%.",high
ONE_REPEATS,/Return/ReturnData/IRS990ScheduleH/Form990ScheduleHPartVSectionB/ProvidedOnAdmission,SH_99_FAP_PROV_ADM_X,SH-P99-T00-FAP-COMMUNITY-BENEFIT-POLICY,table_to_many,SH-P99-T00-FAP-COMMUNITY-BENEFIT-POLICY,"Every xpath of this table is a (discontinued) Schedule H Part V Section B per-facility item inside the repeating Section B group. Make the table MANY (or fold it into the new SH-P05-T03 Section B table; the T00 suffix would then be misleading). Evidence: repeats in 12.5% of 2,210 filings, max 37/filing, TY2010-2012; repeat_root: ''=87% ; IRS990ScheduleH/Form990ScheduleHPartVSectionB=13%.",high
ONE_REPEATS,/Return/ReturnData/IRS990ScheduleH/Form990ScheduleHPartVSectionB/StateRegulation,SH_99_FAP_FACTOR_STATE_REG_X,SH-P99-T00-FAP-COMMUNITY-BENEFIT-POLICY,table_to_many,SH-P99-T00-FAP-COMMUNITY-BENEFIT-POLICY,"Every xpath of this table is a (discontinued) Schedule H Part V Section B per-facility item inside the repeating Section B group. Make the table MANY (or fold it into the new SH-P05-T03 Section B table; the T00 suffix would then be misleading). Evidence: repeats in 13.9% of 1,912 filings, max 38/filing, TY2010-2012; repeat_root: ''=85% ; IRS990ScheduleH/Form990ScheduleHPartVSectionB=15%.",high
ONE_REPEATS,/Return/ReturnData/IRS990ScheduleH/Form990ScheduleHPartVSectionB/UninsuredDiscount,SH_99_FAP_FACTOR_UNINSURED_X,SH-P99-T00-FAP-COMMUNITY-BENEFIT-POLICY,table_to_many,SH-P99-T00-FAP-COMMUNITY-BENEFIT-POLICY,"Every xpath of this table is a (discontinued) Schedule H Part V Section B per-facility item inside the repeating Section B group. Make the table MANY (or fold it into the new SH-P05-T03 Section B table; the T00 suffix would then be misleading). Evidence: repeats in 14.6% of 2,923 filings, max 38/filing, TY2010-2012; repeat_root: ''=85% ; IRS990ScheduleH/Form990ScheduleHPartVSectionB=15%.",high
ONE_REPEATS,/Return/ReturnData/IRS990ScheduleH/Form990ScheduleHPartVSectionB/UsedOtherMethod,SH_99_CHARGE_OTH_METHOD_X,SH-P99-T00-FAP-COMMUNITY-BENEFIT-POLICY,table_to_many,SH-P99-T00-FAP-COMMUNITY-BENEFIT-POLICY,"Every xpath of this table is a (discontinued) Schedule H Part V Section B per-facility item inside the repeating Section B group. Make the table MANY (or fold it into the new SH-P05-T03 Section B table; the T00 suffix would then be misleading). Evidence: repeats in 13.1% of 3,462 filings, max 37/filing, TY2010-2012; repeat_root: ''=86% ; IRS990ScheduleH/Form990ScheduleHPartVSectionB=14%.",high
ONE_REPEATS,/Return/ReturnData/IRS990ScheduleH/Form990ScheduleHPartVSectionB/UsesFPGDiscounted,SH_99_FAP_USE_FPG_DCNT_CARE_X,SH-P99-T00-FAP-COMMUNITY-BENEFIT-POLICY,table_to_many,SH-P99-T00-FAP-COMMUNITY-BENEFIT-POLICY,"Every xpath of this table is a (discontinued) Schedule H Part V Section B per-facility item inside the repeating Section B group. Make the table MANY (or fold it into the new SH-P05-T03 Section B table; the T00 suffix would then be misleading). Evidence: repeats in 13.1% of 5,495 filings, max 60/filing, TY2010-2012; repeat_root: ''=87% ; IRS990ScheduleH/Form990ScheduleHPartVSectionB=13%.",high
ONE_REPEATS,/Return/ReturnData/IRS990ScheduleH/Form990ScheduleHPartVSectionB/UsesFPGFree,SH_99_FAP_USE_FPG_FREE_CARE_X,SH-P99-T00-FAP-COMMUNITY-BENEFIT-POLICY,table_to_many,SH-P99-T00-FAP-COMMUNITY-BENEFIT-POLICY,"Every xpath of this table is a (discontinued) Schedule H Part V Section B per-facility item inside the repeating Section B group. Make the table MANY (or fold it into the new SH-P05-T03 Section B table; the T00 suffix would then be misleading). Evidence: repeats in 13.1% of 5,496 filings, max 60/filing, TY2010-2012; repeat_root: ''=87% ; IRS990ScheduleH/Form990ScheduleHPartVSectionB=13%.",high
ONE_REPEATS,/Return/ReturnData/IRS990ScheduleH/HospitalFcltyPoliciesPrctcGrp/AdoptBudgetInd,SH_99_CHNA_NEED_ADOPT_BUDGET_X,SH-P99-T00-FAP-COMMUNITY-BENEFIT-POLICY,table_to_many,SH-P99-T00-FAP-COMMUNITY-BENEFIT-POLICY,"Every xpath of this table is a (discontinued) Schedule H Part V Section B per-facility item inside the repeating Section B group. Make the table MANY (or fold it into the new SH-P05-T03 Section B table; the T00 suffix would then be misleading). Evidence: repeats in 8.7% of 1,352 filings, max 38/filing, TY2013-2013; repeat_root: ''=90% ; IRS990ScheduleH/HospitalFcltyPoliciesPrctcGrp=10%.",high
ONE_REPEATS,/Return/ReturnData/IRS990ScheduleH/HospitalFcltyPoliciesPrctcGrp/AdoptImplementationStrategyInd,SH_99_CHNA_NEED_ADOPT_IMP_X,SH-P99-T00-FAP-COMMUNITY-BENEFIT-POLICY,table_to_many,SH-P99-T00-FAP-COMMUNITY-BENEFIT-POLICY,"Every xpath of this table is a (discontinued) Schedule H Part V Section B per-facility item inside the repeating Section B group. Make the table MANY (or fold it into the new SH-P05-T03 Section B table; the T00 suffix would then be misleading). Evidence: repeats in 8.2% of 2,160 filings, max 38/filing, TY2013-2013; repeat_root: ''=91% ; IRS990ScheduleH/HospitalFcltyPoliciesPrctcGrp=9%.",high
ONE_REPEATS,/Return/ReturnData/IRS990ScheduleH/HospitalFcltyPoliciesPrctcGrp/AllNeedsAddressedInd,SH_99_CHNA_NEED_ALL_ADDRESSED_X,SH-P99-T00-FAP-COMMUNITY-BENEFIT-POLICY,table_to_many,SH-P99-T00-FAP-COMMUNITY-BENEFIT-POLICY,"Every xpath of this table is a (discontinued) Schedule H Part V Section B per-facility item inside the repeating Section B group. Make the table MANY (or fold it into the new SH-P05-T03 Section B table; the T00 suffix would then be misleading). Evidence: repeats in 8.1% of 2,350 filings, max 38/filing, TY2013-2013; repeat_root: ''=91% ; IRS990ScheduleH/HospitalFcltyPoliciesPrctcGrp=9%.",high
ONE_REPEATS,/Return/ReturnData/IRS990ScheduleH/HospitalFcltyPoliciesPrctcGrp/AssetLevelInd,SH_99_FAP_FACTOR_ASSET_X,SH-P99-T00-FAP-COMMUNITY-BENEFIT-POLICY,table_to_many,SH-P99-T00-FAP-COMMUNITY-BENEFIT-POLICY,"Every xpath of this table is a (discontinued) Schedule H Part V Section B per-facility item inside the repeating Section B group. Make the table MANY (or fold it into the new SH-P05-T03 Section B table; the T00 suffix would then be misleading). Evidence: repeats in 8.2% of 1,543 filings, max 32/filing, TY2013-2013; repeat_root: ''=91% ; IRS990ScheduleH/HospitalFcltyPoliciesPrctcGrp=9%.",high
ONE_REPEATS,/Return/ReturnData/IRS990ScheduleH/HospitalFcltyPoliciesPrctcGrp/AttachedToInvoiceInd,SH_99_FAP_PROV_ATTACH_INVOICE_X,SH-P99-T00-FAP-COMMUNITY-BENEFIT-POLICY,table_to_many,SH-P99-T00-FAP-COMMUNITY-BENEFIT-POLICY,"Every xpath of this table is a (discontinued) Schedule H Part V Section B per-facility item inside the repeating Section B group. Make the table MANY (or fold it into the new SH-P05-T03 Section B table; the T00 suffix would then be misleading). Evidence: repeats in 8.1% of 919 filings, max 32/filing, TY2013-2013; repeat_root: ''=91% ; IRS990ScheduleH/HospitalFcltyPoliciesPrctcGrp=9%.",high
ONE_REPEATS,/Return/ReturnData/IRS990ScheduleH/HospitalFcltyPoliciesPrctcGrp/AvailableOnRequestInd,SH_99_FAP_PROV_REQUEST_X,SH-P99-T00-FAP-COMMUNITY-BENEFIT-POLICY,table_to_many,SH-P99-T00-FAP-COMMUNITY-BENEFIT-POLICY,"Every xpath of this table is a (discontinued) Schedule H Part V Section B per-facility item inside the repeating Section B group. Make the table MANY (or fold it into the new SH-P05-T03 Section B table; the T00 suffix would then be misleading). Evidence: repeats in 8.9% of 2,205 filings, max 38/filing, TY2013-2013; repeat_root: ''=91% ; IRS990ScheduleH/HospitalFcltyPoliciesPrctcGrp=9%.",high
ONE_REPEATS,/Return/ReturnData/IRS990ScheduleH/HospitalFcltyPoliciesPrctcGrp/AverageNegotiatedRatesInd,SH_99_CHARGE_AVE_RATE_X,SH-P99-T00-FAP-COMMUNITY-BENEFIT-POLICY,table_to_many,SH-P99-T00-FAP-COMMUNITY-BENEFIT-POLICY,"Every xpath of this table is a (discontinued) Schedule H Part V Section B per-facility item inside the repeating Section B group. Make the table MANY (or fold it into the new SH-P05-T03 Section B table; the T00 suffix would then be misleading). Evidence: repeats in 7.1% of 955 filings, max 13/filing, TY2013-2015; repeat_root: ''=91% ; IRS990ScheduleH/HospitalFcltyPoliciesPrctcGrp=9%.",high
ONE_REPEATS,/Return/ReturnData/IRS990ScheduleH/HospitalFcltyPoliciesPrctcGrp/DevelopCommunityWidePlanInd,SH_99_CHNA_NEED_DEVELOP_PLAN_X,SH-P99-T00-FAP-COMMUNITY-BENEFIT-POLICY,table_to_many,SH-P99-T00-FAP-COMMUNITY-BENEFIT-POLICY,"Every xpath of this table is a (discontinued) Schedule H Part V Section B per-facility item inside the repeating Section B group. Make the table MANY (or fold it into the new SH-P05-T03 Section B table; the T00 suffix would then be misleading). Evidence: repeats in 8.0% of 1,443 filings, max 20/filing, TY2013-2013; repeat_root: ''=90% ; IRS990ScheduleH/HospitalFcltyPoliciesPrctcGrp=10%.",high
ONE_REPEATS,/Return/ReturnData/IRS990ScheduleH/HospitalFcltyPoliciesPrctcGrp/DocumentedEligDeterminationInd,SH_99_BILL_NOTIFIED_DOC_X,SH-P99-T00-FAP-COMMUNITY-BENEFIT-POLICY,table_to_many,SH-P99-T00-FAP-COMMUNITY-BENEFIT-POLICY,"Every xpath of this table is a (discontinued) Schedule H Part V Section B per-facility item inside the repeating Section B group. Make the table MANY (or fold it into the new SH-P05-T03 Section B table; the T00 suffix would then be misleading). Evidence: repeats in 8.1% of 5,609 filings, max 39/filing, TY2013-2015; repeat_root: ''=91% ; IRS990ScheduleH/HospitalFcltyPoliciesPrctcGrp=9%.",high
ONE_REPEATS,/Return/ReturnData/IRS990ScheduleH/HospitalFcltyPoliciesPrctcGrp/ExecCommunityWidePlanInd,SH_99_CHNA_NEED_PARTICIPA_PLAN_X,SH-P99-T00-FAP-COMMUNITY-BENEFIT-POLICY,table_to_many,SH-P99-T00-FAP-COMMUNITY-BENEFIT-POLICY,"Every xpath of this table is a (discontinued) Schedule H Part V Section B per-facility item inside the repeating Section B group. Make the table MANY (or fold it into the new SH-P05-T03 Section B table; the T00 suffix would then be misleading). Evidence: repeats in 8.6% of 1,233 filings, max 19/filing, TY2013-2013; repeat_root: ''=90% ; IRS990ScheduleH/HospitalFcltyPoliciesPrctcGrp=10%.",high
ONE_REPEATS,/Return/ReturnData/IRS990ScheduleH/HospitalFcltyPoliciesPrctcGrp/ExecImplementationStrategyInd,SH_99_CHNA_NEED_EXECUTE_IMP_X,SH-P99-T00-FAP-COMMUNITY-BENEFIT-POLICY,table_to_many,SH-P99-T00-FAP-COMMUNITY-BENEFIT-POLICY,"Every xpath of this table is a (discontinued) Schedule H Part V Section B per-facility item inside the repeating Section B group. Make the table MANY (or fold it into the new SH-P05-T03 Section B table; the T00 suffix would then be misleading). Evidence: repeats in 8.6% of 1,877 filings, max 33/filing, TY2013-2013; repeat_root: ''=91% ; IRS990ScheduleH/HospitalFcltyPoliciesPrctcGrp=9%.",high
ONE_REPEATS,/Return/ReturnData/IRS990ScheduleH/HospitalFcltyPoliciesPrctcGrp/FAPNoticeDisplayedInd,SH_99_FAP_AVBL_NOTICE_DISPLAY_X,SH-P99-T00-FAP-COMMUNITY-BENEFIT-POLICY,table_to_many,SH-P99-T00-FAP-COMMUNITY-BENEFIT-POLICY,"Every xpath of this table is a (discontinued) Schedule H Part V Section B per-facility item inside the repeating Section B group. Make the table MANY (or fold it into the new SH-P05-T03 Section B table; the T00 suffix would then be misleading). Evidence: repeats in 7.9% of 3,632 filings, max 39/filing, TY2014-2015; repeat_root: ''=91% ; IRS990ScheduleH/HospitalFcltyPoliciesPrctcGrp=9%.",high
ONE_REPEATS,/Return/ReturnData/IRS990ScheduleH/HospitalFcltyPoliciesPrctcGrp/FAPNotifiedAllPatientsInd,SH_99_BILL_NOTIFIED_PATIENT_X,SH-P99-T00-FAP-COMMUNITY-BENEFIT-POLICY,table_to_many,SH-P99-T00-FAP-COMMUNITY-BENEFIT-POLICY,"Every xpath of this table is a (discontinued) Schedule H Part V Section B per-facility item inside the repeating Section B group. Make the table MANY (or fold it into the new SH-P05-T03 Section B table; the T00 suffix would then be misleading). Evidence: repeats in 7.8% of 5,925 filings, max 39/filing, TY2013-2015; repeat_root: ''=92% ; IRS990ScheduleH/HospitalFcltyPoliciesPrctcGrp=8%.",high
ONE_REPEATS,/Return/ReturnData/IRS990ScheduleH/HospitalFcltyPoliciesPrctcGrp/FAPNotifiedBeforeDischargeInd,SH_99_BILL_NOTIFIED_DISCHARGE_X,SH-P99-T00-FAP-COMMUNITY-BENEFIT-POLICY,table_to_many,SH-P99-T00-FAP-COMMUNITY-BENEFIT-POLICY,"Every xpath of this table is a (discontinued) Schedule H Part V Section B per-facility item inside the repeating Section B group. Make the table MANY (or fold it into the new SH-P05-T03 Section B table; the T00 suffix would then be misleading). Evidence: repeats in 7.8% of 4,680 filings, max 39/filing, TY2013-2015; repeat_root: ''=91% ; IRS990ScheduleH/HospitalFcltyPoliciesPrctcGrp=9%.",high
ONE_REPEATS,/Return/ReturnData/IRS990ScheduleH/HospitalFcltyPoliciesPrctcGrp/FAPNotifiedUponAdmissionInd,SH_99_BILL_NOTIFIED_ADM_X,SH-P99-T00-FAP-COMMUNITY-BENEFIT-POLICY,table_to_many,SH-P99-T00-FAP-COMMUNITY-BENEFIT-POLICY,"Every xpath of this table is a (discontinued) Schedule H Part V Section B per-facility item inside the repeating Section B group. Make the table MANY (or fold it into the new SH-P05-T03 Section B table; the T00 suffix would then be misleading). Evidence: repeats in 7.9% of 5,362 filings, max 39/filing, TY2013-2015; repeat_root: ''=91% ; IRS990ScheduleH/HospitalFcltyPoliciesPrctcGrp=9%.",high
ONE_REPEATS,/Return/ReturnData/IRS990ScheduleH/HospitalFcltyPoliciesPrctcGrp/FPGUsedDeterEligFreeCareInd,SH_99_FAP_USE_FPG_FREE_CARE_X,SH-P99-T00-FAP-COMMUNITY-BENEFIT-POLICY,table_to_many,SH-P99-T00-FAP-COMMUNITY-BENEFIT-POLICY,"Every xpath of this table is a (discontinued) Schedule H Part V Section B per-facility item inside the repeating Section B group. Make the table MANY (or fold it into the new SH-P05-T03 Section B table; the T00 suffix would then be misleading). Evidence: repeats in 8.7% of 2,437 filings, max 38/filing, TY2013-2013; repeat_root: ''=91% ; IRS990ScheduleH/HospitalFcltyPoliciesPrctcGrp=9%.",high
ONE_REPEATS,/Return/ReturnData/IRS990ScheduleH/HospitalFcltyPoliciesPrctcGrp/FPGUsedDetermEligDscntCareInd,SH_99_FAP_USE_FPG_DCNT_CARE_X,SH-P99-T00-FAP-COMMUNITY-BENEFIT-POLICY,table_to_many,SH-P99-T00-FAP-COMMUNITY-BENEFIT-POLICY,"Every xpath of this table is a (discontinued) Schedule H Part V Section B per-facility item inside the repeating Section B group. Make the table MANY (or fold it into the new SH-P05-T03 Section B table; the T00 suffix would then be misleading). Evidence: repeats in 8.7% of 2,437 filings, max 38/filing, TY2013-2013; repeat_root: ''=91% ; IRS990ScheduleH/HospitalFcltyPoliciesPrctcGrp=9%.",high
ONE_REPEATS,/Return/ReturnData/IRS990ScheduleH/HospitalFcltyPoliciesPrctcGrp/IncludeOperationalPlanInd,SH_99_CHNA_NEED_INCL_PLAN_X,SH-P99-T00-FAP-COMMUNITY-BENEFIT-POLICY,table_to_many,SH-P99-T00-FAP-COMMUNITY-BENEFIT-POLICY,"Every xpath of this table is a (discontinued) Schedule H Part V Section B per-facility item inside the repeating Section B group. Make the table MANY (or fold it into the new SH-P05-T03 Section B table; the T00 suffix would then be misleading). Evidence: repeats in 8.9% of 1,365 filings, max 38/filing, TY2013-2013; repeat_root: ''=90% ; IRS990ScheduleH/HospitalFcltyPoliciesPrctcGrp=10%.",high
ONE_REPEATS,/Return/ReturnData/IRS990ScheduleH/HospitalFcltyPoliciesPrctcGrp/IncomeLevelInd,SH_99_FAP_FACTOR_INCOME_X,SH-P99-T00-FAP-COMMUNITY-BENEFIT-POLICY,table_to_many,SH-P99-T00-FAP-COMMUNITY-BENEFIT-POLICY,"Every xpath of this table is a (discontinued) Schedule H Part V Section B per-facility item inside the repeating Section B group. Make the table MANY (or fold it into the new SH-P05-T03 Section B table; the T00 suffix would then be misleading). Evidence: repeats in 8.6% of 2,276 filings, max 38/filing, TY2013-2013; repeat_root: ''=91% ; IRS990ScheduleH/HospitalFcltyPoliciesPrctcGrp=9%.",high
ONE_REPEATS,/Return/ReturnData/IRS990ScheduleH/HospitalFcltyPoliciesPrctcGrp/InsuranceStatusInd,SH_99_FAP_FACTOR_INSURANCE_X,SH-P99-T00-FAP-COMMUNITY-BENEFIT-POLICY,table_to_many,SH-P99-T00-FAP-COMMUNITY-BENEFIT-POLICY,"Every xpath of this table is a (discontinued) Schedule H Part V Section B per-facility item inside the repeating Section B group. Make the table MANY (or fold it into the new SH-P05-T03 Section B table; the T00 suffix would then be misleading). Evidence: repeats in 9.2% of 1,497 filings, max 37/filing, TY2013-2013; repeat_root: ''=90% ; IRS990ScheduleH/HospitalFcltyPoliciesPrctcGrp=10%.",high
ONE_REPEATS,/Return/ReturnData/IRS990ScheduleH/HospitalFcltyPoliciesPrctcGrp/LawsuitInd,SH_99_BILL_3RD_PARTY_LAWSUIT_X,SH-P99-T00-FAP-COMMUNITY-BENEFIT-POLICY,table_to_many,SH-P99-T00-FAP-COMMUNITY-BENEFIT-POLICY,"Every xpath of this table is a (discontinued) Schedule H Part V Section B per-facility item inside the repeating Section B group. Make the table MANY (or fold it into the new SH-P05-T03 Section B table; the T00 suffix would then be misleading). Evidence: repeats in 10.8% of 148 filings, max 17/filing, TY2013-2013; repeat_root: ''=89% ; IRS990ScheduleH/HospitalFcltyPoliciesPrctcGrp=11%.",high
ONE_REPEATS,/Return/ReturnData/IRS990ScheduleH/HospitalFcltyPoliciesPrctcGrp/LiensOnResidencesInd,SH_99_BILL_3RD_PARTY_LIEN_X,SH-P99-T00-FAP-COMMUNITY-BENEFIT-POLICY,table_to_many,SH-P99-T00-FAP-COMMUNITY-BENEFIT-POLICY,"Every xpath of this table is a (discontinued) Schedule H Part V Section B per-facility item inside the repeating Section B group. Make the table MANY (or fold it into the new SH-P05-T03 Section B table; the T00 suffix would then be misleading). Evidence: repeats in 10.4% of 77 filings, max 6/filing, TY2013-2013; repeat_root: ''=88% ; IRS990ScheduleH/HospitalFcltyPoliciesPrctcGrp=12%.",high
ONE_REPEATS,/Return/ReturnData/IRS990ScheduleH/HospitalFcltyPoliciesPrctcGrp/LowestNegotiatedRatesInd,SH_99_CHARGE_LOW_RATE_X,SH-P99-T00-FAP-COMMUNITY-BENEFIT-POLICY,table_to_many,SH-P99-T00-FAP-COMMUNITY-BENEFIT-POLICY,"Every xpath of this table is a (discontinued) Schedule H Part V Section B per-facility item inside the repeating Section B group. Make the table MANY (or fold it into the new SH-P05-T03 Section B table; the T00 suffix would then be misleading). Evidence: repeats in 5.9% of 558 filings, max 17/filing, TY2013-2015; repeat_root: ''=94% ; IRS990ScheduleH/HospitalFcltyPoliciesPrctcGrp=6%.",high
ONE_REPEATS,/Return/ReturnData/IRS990ScheduleH/HospitalFcltyPoliciesPrctcGrp/MedicaidMedicareInd,SH_99_FAP_FACTOR_MEDICAID_X,SH-P99-T00-FAP-COMMUNITY-BENEFIT-POLICY,table_to_many,SH-P99-T00-FAP-COMMUNITY-BENEFIT-POLICY,"Every xpath of this table is a (discontinued) Schedule H Part V Section B per-facility item inside the repeating Section B group. Make the table MANY (or fold it into the new SH-P05-T03 Section B table; the T00 suffix would then be misleading). Evidence: repeats in 8.9% of 1,364 filings, max 38/filing, TY2013-2013; repeat_root: ''=91% ; IRS990ScheduleH/HospitalFcltyPoliciesPrctcGrp=9%.",high
ONE_REPEATS,/Return/ReturnData/IRS990ScheduleH/HospitalFcltyPoliciesPrctcGrp/MedicalIndigencyInd,SH_99_FAP_FACTOR_INDIGENCY_X,SH-P99-T00-FAP-COMMUNITY-BENEFIT-POLICY,table_to_many,SH-P99-T00-FAP-COMMUNITY-BENEFIT-POLICY,"Every xpath of this table is a (discontinued) Schedule H Part V Section B per-facility item inside the repeating Section B group. Make the table MANY (or fold it into the new SH-P05-T03 Section B table; the T00 suffix would then be misleading). Evidence: repeats in 9.5% of 1,628 filings, max 38/filing, TY2013-2013; repeat_root: ''=90% ; IRS990ScheduleH/HospitalFcltyPoliciesPrctcGrp=10%.",high
ONE_REPEATS,/Return/ReturnData/IRS990ScheduleH/HospitalFcltyPoliciesPrctcGrp/MedicareRatesInd,SH_99_CHARGE_MT_MEDICARE_RATE_X,SH-P99-T00-FAP-COMMUNITY-BENEFIT-POLICY,table_to_many,SH-P99-T00-FAP-COMMUNITY-BENEFIT-POLICY,"Every xpath of this table is a (discontinued) Schedule H Part V Section B per-facility item inside the repeating Section B group. Make the table MANY (or fold it into the new SH-P05-T03 Section B table; the T00 suffix would then be misleading). Evidence: repeats in 7.4% of 1,289 filings, max 39/filing, TY2013-2015; repeat_root: ''=91% ; IRS990ScheduleH/HospitalFcltyPoliciesPrctcGrp=9%.",high
ONE_REPEATS,/Return/ReturnData/IRS990ScheduleH/HospitalFcltyPoliciesPrctcGrp/OtherFactorsInd,SH_99_FAP_FACTOR_OTH_X,SH-P99-T00-FAP-COMMUNITY-BENEFIT-POLICY,table_to_many,SH-P99-T00-FAP-COMMUNITY-BENEFIT-POLICY,"Every xpath of this table is a (discontinued) Schedule H Part V Section B per-facility item inside the repeating Section B group. Make the table MANY (or fold it into the new SH-P05-T03 Section B table; the T00 suffix would then be misleading). Evidence: repeats in 9.0% of 434 filings, max 9/filing, TY2013-2013; repeat_root: ''=90% ; IRS990ScheduleH/HospitalFcltyPoliciesPrctcGrp=10%.",high
ONE_REPEATS,/Return/ReturnData/IRS990ScheduleH/HospitalFcltyPoliciesPrctcGrp/OtherMethodUsedInd,SH_99_CHARGE_OTH_METHOD_X,SH-P99-T00-FAP-COMMUNITY-BENEFIT-POLICY,table_to_many,SH-P99-T00-FAP-COMMUNITY-BENEFIT-POLICY,"Every xpath of this table is a (discontinued) Schedule H Part V Section B per-facility item inside the repeating Section B group. Make the table MANY (or fold it into the new SH-P05-T03 Section B table; the T00 suffix would then be misleading). Evidence: repeats in 8.8% of 4,561 filings, max 35/filing, TY2013-2015; repeat_root: ''=91% ; IRS990ScheduleH/HospitalFcltyPoliciesPrctcGrp=9%.",high
ONE_REPEATS,/Return/ReturnData/IRS990ScheduleH/HospitalFcltyPoliciesPrctcGrp/OtherNeedsAddressedInd,SH_99_CHNA_NEED_OTH_X,SH-P99-T00-FAP-COMMUNITY-BENEFIT-POLICY,table_to_many,SH-P99-T00-FAP-COMMUNITY-BENEFIT-POLICY,"Every xpath of this table is a (discontinued) Schedule H Part V Section B per-facility item inside the repeating Section B group. Make the table MANY (or fold it into the new SH-P05-T03 Section B table; the T00 suffix would then be misleading). Evidence: repeats in 6.6% of 274 filings, max 11/filing, TY2013-2013; repeat_root: ''=91% ; IRS990ScheduleH/HospitalFcltyPoliciesPrctcGrp=9%.",high
ONE_REPEATS,/Return/ReturnData/IRS990ScheduleH/HospitalFcltyPoliciesPrctcGrp/PermitLawsuitInd,SH_99_BILL_PERMIT_LAWSUIT_X,SH-P99-T00-FAP-COMMUNITY-BENEFIT-POLICY,table_to_many,SH-P99-T00-FAP-COMMUNITY-BENEFIT-POLICY,"Every xpath of this table is a (discontinued) Schedule H Part V Section B per-facility item inside the repeating Section B group. Make the table MANY (or fold it into the new SH-P05-T03 Section B table; the T00 suffix would then be misleading). Evidence: repeats in 7.7% of 182 filings, max 17/filing, TY2013-2013; repeat_root: ''=90% ; IRS990ScheduleH/HospitalFcltyPoliciesPrctcGrp=10%.",high
ONE_REPEATS,/Return/ReturnData/IRS990ScheduleH/HospitalFcltyPoliciesPrctcGrp/PermitLienOnResidenceInd,SH_99_BILL_PERMIT_LIEN_X,SH-P99-T00-FAP-COMMUNITY-BENEFIT-POLICY,table_to_many,SH-P99-T00-FAP-COMMUNITY-BENEFIT-POLICY,"Every xpath of this table is a (discontinued) Schedule H Part V Section B per-facility item inside the repeating Section B group. Make the table MANY (or fold it into the new SH-P05-T03 Section B table; the T00 suffix would then be misleading). Evidence: repeats in 7.5% of 106 filings, max 13/filing, TY2013-2013; repeat_root: ''=90% ; IRS990ScheduleH/HospitalFcltyPoliciesPrctcGrp=10%.",high
ONE_REPEATS,/Return/ReturnData/IRS990ScheduleH/HospitalFcltyPoliciesPrctcGrp/PostedInAdmissionOfficeInd,SH_99_FAP_PROV_ADM_OFFICE_X,SH-P99-T00-FAP-COMMUNITY-BENEFIT-POLICY,table_to_many,SH-P99-T00-FAP-COMMUNITY-BENEFIT-POLICY,"Every xpath of this table is a (discontinued) Schedule H Part V Section B per-facility item inside the repeating Section B group. Make the table MANY (or fold it into the new SH-P05-T03 Section B table; the T00 suffix would then be misleading). Evidence: repeats in 7.8% of 1,384 filings, max 32/filing, TY2013-2013; repeat_root: ''=91% ; IRS990ScheduleH/HospitalFcltyPoliciesPrctcGrp=9%.",high
ONE_REPEATS,/Return/ReturnData/IRS990ScheduleH/HospitalFcltyPoliciesPrctcGrp/PostedInEmergencyRoomInd,SH_99_FAP_PROV_EMERGENCY_ROOM_X,SH-P99-T00-FAP-COMMUNITY-BENEFIT-POLICY,table_to_many,SH-P99-T00-FAP-COMMUNITY-BENEFIT-POLICY,"Every xpath of this table is a (discontinued) Schedule H Part V Section B per-facility item inside the repeating Section B group. Make the table MANY (or fold it into the new SH-P05-T03 Section B table; the T00 suffix would then be misleading). Evidence: repeats in 8.0% of 1,337 filings, max 32/filing, TY2013-2013; repeat_root: ''=91% ; IRS990ScheduleH/HospitalFcltyPoliciesPrctcGrp=9%.",high
ONE_REPEATS,/Return/ReturnData/IRS990ScheduleH/HospitalFcltyPoliciesPrctcGrp/PostedOnWebsiteInd,SH_99_FAP_PROV_WEBSITE_X,SH-P99-T00-FAP-COMMUNITY-BENEFIT-POLICY,table_to_many,SH-P99-T00-FAP-COMMUNITY-BENEFIT-POLICY,"Every xpath of this table is a (discontinued) Schedule H Part V Section B per-facility item inside the repeating Section B group. Make the table MANY (or fold it into the new SH-P05-T03 Section B table; the T00 suffix would then be misleading). Evidence: repeats in 9.2% of 1,567 filings, max 32/filing, TY2013-2013; repeat_root: ''=90% ; IRS990ScheduleH/HospitalFcltyPoliciesPrctcGrp=10%.",high
ONE_REPEATS,/Return/ReturnData/IRS990ScheduleH/HospitalFcltyPoliciesPrctcGrp/PrioritizeHealthNeedsInd,SH_99_CHNA_NEED_PRIORITIZA_X,SH-P99-T00-FAP-COMMUNITY-BENEFIT-POLICY,table_to_many,SH-P99-T00-FAP-COMMUNITY-BENEFIT-POLICY,"Every xpath of this table is a (discontinued) Schedule H Part V Section B per-facility item inside the repeating Section B group. Make the table MANY (or fold it into the new SH-P05-T03 Section B table; the T00 suffix would then be misleading). Evidence: repeats in 8.3% of 2,139 filings, max 38/filing, TY2013-2013; repeat_root: ''=91% ; IRS990ScheduleH/HospitalFcltyPoliciesPrctcGrp=9%.",high
ONE_REPEATS,/Return/ReturnData/IRS990ScheduleH/HospitalFcltyPoliciesPrctcGrp/PrioritizeServicesInd,SH_99_CHNA_NEED_PRIORITIZA_SVC_X,SH-P99-T00-FAP-COMMUNITY-BENEFIT-POLICY,table_to_many,SH-P99-T00-FAP-COMMUNITY-BENEFIT-POLICY,"Every xpath of this table is a (discontinued) Schedule H Part V Section B per-facility item inside the repeating Section B group. Make the table MANY (or fold it into the new SH-P05-T03 Section B table; the T00 suffix would then be misleading). Evidence: repeats in 8.1% of 1,962 filings, max 38/filing, TY2013-2013; repeat_root: ''=91% ; IRS990ScheduleH/HospitalFcltyPoliciesPrctcGrp=9%.",high
ONE_REPEATS,/Return/ReturnData/IRS990ScheduleH/HospitalFcltyPoliciesPrctcGrp/ProvidedOnAdmissionInd,SH_99_FAP_PROV_ADM_X,SH-P99-T00-FAP-COMMUNITY-BENEFIT-POLICY,table_to_many,SH-P99-T00-FAP-COMMUNITY-BENEFIT-POLICY,"Every xpath of this table is a (discontinued) Schedule H Part V Section B per-facility item inside the repeating Section B group. Make the table MANY (or fold it into the new SH-P05-T03 Section B table; the T00 suffix would then be misleading). Evidence: repeats in 7.8% of 1,066 filings, max 32/filing, TY2013-2013; repeat_root: ''=91% ; IRS990ScheduleH/HospitalFcltyPoliciesPrctcGrp=9%.",high
ONE_REPEATS,/Return/ReturnData/IRS990ScheduleH/HospitalFcltyPoliciesPrctcGrp/ResidencyInd,SH_99_FAP_FACTOR_RESIDENCY_X,SH-P99-T00-FAP-COMMUNITY-BENEFIT-POLICY,table_to_many,SH-P99-T00-FAP-COMMUNITY-BENEFIT-POLICY,"Every xpath of this table is a (discontinued) Schedule H Part V Section B per-facility item inside the repeating Section B group. Make the table MANY (or fold it into the new SH-P05-T03 Section B table; the T00 suffix would then be misleading). Evidence: repeats in 10.3% of 321 filings, max 35/filing, TY2013-2013; repeat_root: ''=89% ; IRS990ScheduleH/HospitalFcltyPoliciesPrctcGrp=11%.",high
ONE_REPEATS,/Return/ReturnData/IRS990ScheduleH/HospitalFcltyPoliciesPrctcGrp/RptAvailableUponRequestInd,SH_99_CHNA_AVBL_REQUEST_X,SH-P99-T00-FAP-COMMUNITY-BENEFIT-POLICY,table_to_many,SH-P99-T00-FAP-COMMUNITY-BENEFIT-POLICY,"Every xpath of this table is a (discontinued) Schedule H Part V Section B per-facility item inside the repeating Section B group. Make the table MANY (or fold it into the new SH-P05-T03 Section B table; the T00 suffix would then be misleading). Evidence: repeats in 7.9% of 2,129 filings, max 37/filing, TY2013-2013; repeat_root: ''=91% ; IRS990ScheduleH/HospitalFcltyPoliciesPrctcGrp=9%.",high
ONE_REPEATS,/Return/ReturnData/IRS990ScheduleH/HospitalFcltyPoliciesPrctcGrp/StateRegulationInd,SH_99_FAP_FACTOR_STATE_REG_X,SH-P99-T00-FAP-COMMUNITY-BENEFIT-POLICY,table_to_many,SH-P99-T00-FAP-COMMUNITY-BENEFIT-POLICY,"Every xpath of this table is a (discontinued) Schedule H Part V Section B per-facility item inside the repeating Section B group. Make the table MANY (or fold it into the new SH-P05-T03 Section B table; the T00 suffix would then be misleading). Evidence: repeats in 8.9% of 1,018 filings, max 37/filing, TY2013-2013; repeat_root: ''=91% ; IRS990ScheduleH/HospitalFcltyPoliciesPrctcGrp=9%.",high
ONE_REPEATS,/Return/ReturnData/IRS990ScheduleH/HospitalFcltyPoliciesPrctcGrp/UninsuredDiscountInd,SH_99_FAP_FACTOR_UNINSURED_X,SH-P99-T00-FAP-COMMUNITY-BENEFIT-POLICY,table_to_many,SH-P99-T00-FAP-COMMUNITY-BENEFIT-POLICY,"Every xpath of this table is a (discontinued) Schedule H Part V Section B per-facility item inside the repeating Section B group. Make the table MANY (or fold it into the new SH-P05-T03 Section B table; the T00 suffix would then be misleading). Evidence: repeats in 9.0% of 1,472 filings, max 37/filing, TY2013-2013; repeat_root: ''=90% ; IRS990ScheduleH/HospitalFcltyPoliciesPrctcGrp=10%.",high
ONE_REPEATS,/Return/ReturnData/IRS990ScheduleI/Form990ScheduleIPartIV/Explanation,SI_04_EXPLANATION_TEXT,SI-P04-T99-SUPPLEMENTAL-INFO,table_to_many,SI-P04-T99-SUPPLEMENTAL-INFO,"Supplemental-information table: each explanation is one instance of a repeating element (Part-level explanation group / SupplementalInformationDetail), so filings with several explanations lose all but one. Make SI-P04-T99-SUPPLEMENTAL-INFO MANY. Evidence: repeats in 8.1% of 77,558 filings, max 44/filing, TY2009-2012; repeat_root: ''=92% ; IRS990ScheduleI/Form990ScheduleIPartIV=8%.",high
ONE_REPEATS,/Return/ReturnData/IRS990ScheduleI/Form990ScheduleIPartIV/Identifier,SI_04_IDENTIFIER,SI-P04-T99-SUPPLEMENTAL-INFO,table_to_many,SI-P04-T99-SUPPLEMENTAL-INFO,"Supplemental-information table: each explanation is one instance of a repeating element (Part-level explanation group / SupplementalInformationDetail), so filings with several explanations lose all but one. Make SI-P04-T99-SUPPLEMENTAL-INFO MANY. Evidence: repeats in 6.5% of 74,993 filings, max 42/filing, TY2009-2012; repeat_root: ''=92% ; IRS990ScheduleI/Form990ScheduleIPartIV=8%.",high
ONE_REPEATS,/Return/ReturnData/IRS990ScheduleI/Form990ScheduleIPartIV/ReturnReference,SI_04_RETURN_REFERENCE,SI-P04-T99-SUPPLEMENTAL-INFO,table_to_many,SI-P04-T99-SUPPLEMENTAL-INFO,"Supplemental-information table: each explanation is one instance of a repeating element (Part-level explanation group / SupplementalInformationDetail), so filings with several explanations lose all but one. Make SI-P04-T99-SUPPLEMENTAL-INFO MANY. Evidence: repeats in 3.0% of 60,861 filings, max 20/filing, TY2009-2012; repeat_root: ''=95% ; IRS990ScheduleI/Form990ScheduleIPartIV=5%.",high
ONE_REPEATS,/Return/ReturnData/IRS990ScheduleI/SupplementalInformationDetail/ExplanationTxt,SI_04_EXPLANATION_TEXT,SI-P04-T99-SUPPLEMENTAL-INFO,table_to_many,SI-P04-T99-SUPPLEMENTAL-INFO,"Supplemental-information table: each explanation is one instance of a repeating element (Part-level explanation group / SupplementalInformationDetail), so filings with several explanations lose all but one. Make SI-P04-T99-SUPPLEMENTAL-INFO MANY. Evidence: repeats in 6.0% of 443,656 filings, max 760/filing, TY2013-2024; repeat_root: ''=94% ; IRS990ScheduleI/SupplementalInformationDetail=6%.",high
ONE_REPEATS,/Return/ReturnData/IRS990ScheduleI/SupplementalInformationDetail/FormAndLineReferenceDesc,SI_04_FORM_LINE_REFERENCE,SI-P04-T99-SUPPLEMENTAL-INFO,table_to_many,SI-P04-T99-SUPPLEMENTAL-INFO,"Supplemental-information table: each explanation is one instance of a repeating element (Part-level explanation group / SupplementalInformationDetail), so filings with several explanations lose all but one. Make SI-P04-T99-SUPPLEMENTAL-INFO MANY. Evidence: repeats in 6.0% of 443,769 filings, max 760/filing, TY2013-2024; repeat_root: ''=94% ; IRS990ScheduleI/SupplementalInformationDetail=6%.",high
ONE_REPEATS,/Return/ReturnData/IRS990ScheduleJ/Form990ScheduleJPartIII/Explanation,SJ_03_EXPLANATION_TEXT,SJ-P03-T99-SUPPLEMENTAL-INFO,table_to_many,SJ-P03-T99-SUPPLEMENTAL-INFO,"Supplemental-information table: each explanation is one instance of a repeating element (Part-level explanation group / SupplementalInformationDetail), so filings with several explanations lose all but one. Make SJ-P03-T99-SUPPLEMENTAL-INFO MANY. Evidence: repeats in 40.5% of 52,718 filings, max 10/filing, TY2009-2012; repeat_root: ''=59% ; IRS990ScheduleJ/Form990ScheduleJPartIII=41%.",high
ONE_REPEATS,/Return/ReturnData/IRS990ScheduleJ/Form990ScheduleJPartIII/Identifier,SJ_03_IDENTIFIER,SJ-P03-T99-SUPPLEMENTAL-INFO,table_to_many,SJ-P03-T99-SUPPLEMENTAL-INFO,"Supplemental-information table: each explanation is one instance of a repeating element (Part-level explanation group / SupplementalInformationDetail), so filings with several explanations lose all but one. Make SJ-P03-T99-SUPPLEMENTAL-INFO MANY. Evidence: repeats in 31.9% of 32,582 filings, max 10/filing, TY2009-2012; repeat_root: ''=54% ; IRS990ScheduleJ/Form990ScheduleJPartIII=46%.",high
ONE_REPEATS,/Return/ReturnData/IRS990ScheduleJ/Form990ScheduleJPartIII/ReturnReference,SJ_03_RETURN_REFERENCE,SJ-P03-T99-SUPPLEMENTAL-INFO,table_to_many,SJ-P03-T99-SUPPLEMENTAL-INFO,"Supplemental-information table: each explanation is one instance of a repeating element (Part-level explanation group / SupplementalInformationDetail), so filings with several explanations lose all but one. Make SJ-P03-T99-SUPPLEMENTAL-INFO MANY. Evidence: repeats in 40.3% of 49,256 filings, max 10/filing, TY2009-2012; repeat_root: ''=59% ; IRS990ScheduleJ/Form990ScheduleJPartIII=41%.",high
ONE_REPEATS,/Return/ReturnData/IRS990ScheduleJ/SupplementalInformationDetail/ExplanationTxt,SJ_03_EXPLANATION_TEXT,SJ-P03-T99-SUPPLEMENTAL-INFO,table_to_many,SJ-P03-T99-SUPPLEMENTAL-INFO,"Supplemental-information table: each explanation is one instance of a repeating element (Part-level explanation group / SupplementalInformationDetail), so filings with several explanations lose all but one. Make SJ-P03-T99-SUPPLEMENTAL-INFO MANY. Evidence: repeats in 38.7% of 292,489 filings, max 10/filing, TY2013-2024; repeat_root: ''=61% ; IRS990ScheduleJ/SupplementalInformationDetail=39%.",high
ONE_REPEATS,/Return/ReturnData/IRS990ScheduleJ/SupplementalInformationDetail/FormAndLineReferenceDesc,SJ_03_FORM_LINE_REFERENCE,SJ-P03-T99-SUPPLEMENTAL-INFO,table_to_many,SJ-P03-T99-SUPPLEMENTAL-INFO,"Supplemental-information table: each explanation is one instance of a repeating element (Part-level explanation group / SupplementalInformationDetail), so filings with several explanations lose all but one. Make SJ-P03-T99-SUPPLEMENTAL-INFO MANY. Evidence: repeats in 38.6% of 294,745 filings, max 10/filing, TY2013-2024; repeat_root: ''=61% ; IRS990ScheduleJ/SupplementalInformationDetail=39%.",high
ONE_REPEATS,/Return/ReturnData/IRS990ScheduleK/Form990ScheduleKPartV/Explanation,SK_06_EXPLANATION_TEXT,SK-P06-T99-SUPPLEMENTAL-INFO,table_to_many,SK-P06-T99-SUPPLEMENTAL-INFO,"Supplemental-information table: each explanation is one instance of a repeating element (Part-level explanation group / SupplementalInformationDetail), so filings with several explanations lose all but one. Make SK-P06-T99-SUPPLEMENTAL-INFO MANY. Pre-2013 Schedule K can itself repeat (repeat_root IRS990ScheduleK), also a MANY case. Evidence: repeats in 32.6% of 1,177 filings, max 25/filing, TY2010-2010; repeat_root: ''=64% ; IRS990ScheduleK/Form990ScheduleKPartV=32% ; IRS990ScheduleK=4%.",high
ONE_REPEATS,/Return/ReturnData/IRS990ScheduleK/Form990ScheduleKPartV/Identifier,SK_06_IDENTIFIER,SK-P06-T99-SUPPLEMENTAL-INFO,table_to_many,SK-P06-T99-SUPPLEMENTAL-INFO,"Supplemental-information table: each explanation is one instance of a repeating element (Part-level explanation group / SupplementalInformationDetail), so filings with several explanations lose all but one. Make SK-P06-T99-SUPPLEMENTAL-INFO MANY. Pre-2013 Schedule K can itself repeat (repeat_root IRS990ScheduleK), also a MANY case. Evidence: repeats in 33.0% of 1,105 filings, max 25/filing, TY2010-2010; repeat_root: ''=64% ; IRS990ScheduleK/Form990ScheduleKPartV=33% ; IRS990ScheduleK=3%.",high
ONE_REPEATS,/Return/ReturnData/IRS990ScheduleK/Form990ScheduleKPartV/ReturnReference,SK_06_RETURN_REFERENCE,SK-P06-T99-SUPPLEMENTAL-INFO,table_to_many,SK-P06-T99-SUPPLEMENTAL-INFO,"Supplemental-information table: each explanation is one instance of a repeating element (Part-level explanation group / SupplementalInformationDetail), so filings with several explanations lose all but one. Make SK-P06-T99-SUPPLEMENTAL-INFO MANY. Pre-2013 Schedule K can itself repeat (repeat_root IRS990ScheduleK), also a MANY case. Evidence: repeats in 33.2% of 621 filings, max 25/filing, TY2010-2010; repeat_root: ''=61% ; IRS990ScheduleK/Form990ScheduleKPartV=37% ; IRS990ScheduleK=2%.",high
ONE_REPEATS,/Return/ReturnData/IRS990ScheduleK/Form990ScheduleKPartVI/Explanation,SK_06_EXPLANATION_TEXT,SK-P06-T99-SUPPLEMENTAL-INFO,table_to_many,SK-P06-T99-SUPPLEMENTAL-INFO,"Supplemental-information table: each explanation is one instance of a repeating element (Part-level explanation group / SupplementalInformationDetail), so filings with several explanations lose all but one. Make SK-P06-T99-SUPPLEMENTAL-INFO MANY. Pre-2013 Schedule K can itself repeat (repeat_root IRS990ScheduleK), also a MANY case. Evidence: repeats in 39.0% of 3,872 filings, max 41/filing, TY2011-2012; repeat_root: ''=55% ; IRS990ScheduleK/Form990ScheduleKPartVI=39% ; IRS990ScheduleK=6%.",high
ONE_REPEATS,/Return/ReturnData/IRS990ScheduleK/Form990ScheduleKPartVI/Identifier,SK_06_IDENTIFIER,SK-P06-T99-SUPPLEMENTAL-INFO,table_to_many,SK-P06-T99-SUPPLEMENTAL-INFO,"Supplemental-information table: each explanation is one instance of a repeating element (Part-level explanation group / SupplementalInformationDetail), so filings with several explanations lose all but one. Make SK-P06-T99-SUPPLEMENTAL-INFO MANY. Pre-2013 Schedule K can itself repeat (repeat_root IRS990ScheduleK), also a MANY case. Evidence: repeats in 38.2% of 3,881 filings, max 41/filing, TY2011-2012; repeat_root: ''=55% ; IRS990ScheduleK/Form990ScheduleKPartVI=39% ; IRS990ScheduleK=6%.",high
ONE_REPEATS,/Return/ReturnData/IRS990ScheduleK/Form990ScheduleKPartVI/ReturnReference,SK_06_RETURN_REFERENCE,SK-P06-T99-SUPPLEMENTAL-INFO,table_to_many,SK-P06-T99-SUPPLEMENTAL-INFO,"Supplemental-information table: each explanation is one instance of a repeating element (Part-level explanation group / SupplementalInformationDetail), so filings with several explanations lose all but one. Make SK-P06-T99-SUPPLEMENTAL-INFO MANY. Pre-2013 Schedule K can itself repeat (repeat_root IRS990ScheduleK), also a MANY case. Evidence: repeats in 34.0% of 2,888 filings, max 41/filing, TY2011-2012; repeat_root: ''=53% ; IRS990ScheduleK/Form990ScheduleKPartVI=40% ; IRS990ScheduleK=7%.",high
ONE_REPEATS,/Return/ReturnData/IRS990ScheduleK/SupplementalInformationDetail/ExplanationTxt,SK_06_EXPLANATION_TEXT,SK-P06-T99-SUPPLEMENTAL-INFO,table_to_many,SK-P06-T99-SUPPLEMENTAL-INFO,"Supplemental-information table: each explanation is one instance of a repeating element (Part-level explanation group / SupplementalInformationDetail), so filings with several explanations lose all but one. Make SK-P06-T99-SUPPLEMENTAL-INFO MANY. Pre-2013 Schedule K can itself repeat (repeat_root IRS990ScheduleK), also a MANY case. Evidence: repeats in 46.1% of 32,962 filings, max 140/filing, TY2013-2024; repeat_root: ''=50% ; IRS990ScheduleK/SupplementalInformationDetail=46% ; IRS990ScheduleK=4%.",high
ONE_REPEATS,/Return/ReturnData/IRS990ScheduleK/SupplementalInformationDetail/FormAndLineReferenceDesc,SK_06_FORM_LINE_REFERENCE,SK-P06-T99-SUPPLEMENTAL-INFO,table_to_many,SK-P06-T99-SUPPLEMENTAL-INFO,"Supplemental-information table: each explanation is one instance of a repeating element (Part-level explanation group / SupplementalInformationDetail), so filings with several explanations lose all but one. Make SK-P06-T99-SUPPLEMENTAL-INFO MANY. Pre-2013 Schedule K can itself repeat (repeat_root IRS990ScheduleK), also a MANY case. Evidence: repeats in 46.3% of 33,048 filings, max 140/filing, TY2013-2024; repeat_root: ''=50% ; IRS990ScheduleK/SupplementalInformationDetail=46% ; IRS990ScheduleK=4%.",high
ONE_REPEATS,/Return/ReturnData/IRS990ScheduleL/Form990ScheduleLPartV/Explanation,SL_05_EXPLANATION_TEXT,SL-P05-T99-SUPPLEMENTAL-INFO,table_to_many,SL-P05-T99-SUPPLEMENTAL-INFO,"Supplemental-information table: each explanation is one instance of a repeating element (Part-level explanation group / SupplementalInformationDetail), so filings with several explanations lose all but one. Make SL-P05-T99-SUPPLEMENTAL-INFO MANY. Evidence: repeats in 9.9% of 7,602 filings, max 208/filing, TY2010-2012; repeat_root: ''=90% ; IRS990ScheduleL/Form990ScheduleLPartV=10%.",high
ONE_REPEATS,/Return/ReturnData/IRS990ScheduleL/Form990ScheduleLPartV/Identifier,SL_05_IDENTIFIER,SL-P05-T99-SUPPLEMENTAL-INFO,table_to_many,SL-P05-T99-SUPPLEMENTAL-INFO,"Supplemental-information table: each explanation is one instance of a repeating element (Part-level explanation group / SupplementalInformationDetail), so filings with several explanations lose all but one. Make SL-P05-T99-SUPPLEMENTAL-INFO MANY. Evidence: repeats in 10.0% of 5,661 filings, max 208/filing, TY2010-2012; repeat_root: ''=87% ; IRS990ScheduleL/Form990ScheduleLPartV=13%.",high
ONE_REPEATS,/Return/ReturnData/IRS990ScheduleL/Form990ScheduleLPartV/ReturnReference,SL_05_RETURN_REFERENCE,SL-P05-T99-SUPPLEMENTAL-INFO,table_to_many,SL-P05-T99-SUPPLEMENTAL-INFO,"Supplemental-information table: each explanation is one instance of a repeating element (Part-level explanation group / SupplementalInformationDetail), so filings with several explanations lose all but one. Make SL-P05-T99-SUPPLEMENTAL-INFO MANY. Evidence: repeats in 7.6% of 4,277 filings, max 16/filing, TY2010-2012; repeat_root: ''=92% ; IRS990ScheduleL/Form990ScheduleLPartV=8%.",high
ONE_REPEATS,/Return/ReturnData/IRS990ScheduleL/SupplementalInformationDetail/ExplanationTxt,SL_05_EXPLANATION_TEXT,SL-P05-T99-SUPPLEMENTAL-INFO,table_to_many,SL-P05-T99-SUPPLEMENTAL-INFO,"Supplemental-information table: each explanation is one instance of a repeating element (Part-level explanation group / SupplementalInformationDetail), so filings with several explanations lose all but one. Make SL-P05-T99-SUPPLEMENTAL-INFO MANY. Evidence: repeats in 7.9% of 53,800 filings, max 60/filing, TY2013-2024; repeat_root: ''=92% ; IRS990ScheduleL/SupplementalInformationDetail=8%.",high
ONE_REPEATS,/Return/ReturnData/IRS990ScheduleL/SupplementalInformationDetail/FormAndLineReferenceDesc,SL_05_FORM_LINE_REFERENCE,SL-P05-T99-SUPPLEMENTAL-INFO,table_to_many,SL-P05-T99-SUPPLEMENTAL-INFO,"Supplemental-information table: each explanation is one instance of a repeating element (Part-level explanation group / SupplementalInformationDetail), so filings with several explanations lose all but one. Make SL-P05-T99-SUPPLEMENTAL-INFO MANY. Evidence: repeats in 7.9% of 54,040 filings, max 60/filing, TY2013-2024; repeat_root: ''=92% ; IRS990ScheduleL/SupplementalInformationDetail=8%.",high
ONE_REPEATS,/Return/ReturnData/IRS990ScheduleM/Form990ScheduleMPartII/Explanation,SM_02_EXPLANATION_TEXT,SM-P02-T99-SUPPLEMENTAL-INFO,table_to_many,SM-P02-T99-SUPPLEMENTAL-INFO,"Supplemental-information table: each explanation is one instance of a repeating element (Part-level explanation group / SupplementalInformationDetail), so filings with several explanations lose all but one. Make SM-P02-T99-SUPPLEMENTAL-INFO MANY. Evidence: repeats in 17.4% of 13,551 filings, max 5/filing, TY2009-2012; repeat_root: ''=82% ; IRS990ScheduleM/Form990ScheduleMPartII=18%.",high
ONE_REPEATS,/Return/ReturnData/IRS990ScheduleM/Form990ScheduleMPartII/Identifier,SM_02_IDENTIFIER,SM-P02-T99-SUPPLEMENTAL-INFO,table_to_many,SM-P02-T99-SUPPLEMENTAL-INFO,"Supplemental-information table: each explanation is one instance of a repeating element (Part-level explanation group / SupplementalInformationDetail), so filings with several explanations lose all but one. Make SM-P02-T99-SUPPLEMENTAL-INFO MANY. Evidence: repeats in 16.7% of 13,526 filings, max 5/filing, TY2009-2012; repeat_root: ''=82% ; IRS990ScheduleM/Form990ScheduleMPartII=18%.",high
ONE_REPEATS,/Return/ReturnData/IRS990ScheduleM/Form990ScheduleMPartII/ReturnReference,SM_02_RETURN_REFERENCE,SM-P02-T99-SUPPLEMENTAL-INFO,table_to_many,SM-P02-T99-SUPPLEMENTAL-INFO,"Supplemental-information table: each explanation is one instance of a repeating element (Part-level explanation group / SupplementalInformationDetail), so filings with several explanations lose all but one. Make SM-P02-T99-SUPPLEMENTAL-INFO MANY. Evidence: repeats in 18.2% of 12,369 filings, max 5/filing, TY2009-2012; repeat_root: ''=82% ; IRS990ScheduleM/Form990ScheduleMPartII=18%.",high
ONE_REPEATS,/Return/ReturnData/IRS990ScheduleM/SupplementalInformationDetail/ExplanationTxt,SM_02_EXPLANATION_TEXT,SM-P02-T99-SUPPLEMENTAL-INFO,table_to_many,SM-P02-T99-SUPPLEMENTAL-INFO,"Supplemental-information table: each explanation is one instance of a repeating element (Part-level explanation group / SupplementalInformationDetail), so filings with several explanations lose all but one. Make SM-P02-T99-SUPPLEMENTAL-INFO MANY. Evidence: repeats in 14.5% of 93,270 filings, max 5/filing, TY2013-2024; repeat_root: ''=85% ; IRS990ScheduleM/SupplementalInformationDetail=15%.",high
ONE_REPEATS,/Return/ReturnData/IRS990ScheduleM/SupplementalInformationDetail/FormAndLineReferenceDesc,SM_02_FORM_LINE_REFERENCE,SM-P02-T99-SUPPLEMENTAL-INFO,table_to_many,SM-P02-T99-SUPPLEMENTAL-INFO,"Supplemental-information table: each explanation is one instance of a repeating element (Part-level explanation group / SupplementalInformationDetail), so filings with several explanations lose all but one. Make SM-P02-T99-SUPPLEMENTAL-INFO MANY. Evidence: repeats in 14.5% of 93,315 filings, max 5/filing, TY2013-2024; repeat_root: ''=85% ; IRS990ScheduleM/SupplementalInformationDetail=15%.",high
ONE_REPEATS,/Return/ReturnData/IRS990ScheduleN/Form990ScheduleNPartIII/Explanation,SN_03_EXPLANATION_TEXT,SN-P03-T99-SUPPLEMENTAL-INFO,table_to_many,SN-P03-T99-SUPPLEMENTAL-INFO,"Supplemental-information table: each explanation is one instance of a repeating element (Part-level explanation group / SupplementalInformationDetail), so filings with several explanations lose all but one. Make SN-P03-T99-SUPPLEMENTAL-INFO MANY. Evidence: repeats in 36.1% of 2,374 filings, max 5/filing, TY2009-2012; repeat_root: ''=64% ; IRS990ScheduleN/Form990ScheduleNPartIII=36%.",high
ONE_REPEATS,/Return/ReturnData/IRS990ScheduleN/Form990ScheduleNPartIII/Identifier,SN_03_IDENTIFIER,SN-P03-T99-SUPPLEMENTAL-INFO,table_to_many,SN-P03-T99-SUPPLEMENTAL-INFO,"Supplemental-information table: each explanation is one instance of a repeating element (Part-level explanation group / SupplementalInformationDetail), so filings with several explanations lose all but one. Make SN-P03-T99-SUPPLEMENTAL-INFO MANY. Evidence: repeats in 18.3% of 950 filings, max 5/filing, TY2009-2012; repeat_root: ''=79% ; IRS990ScheduleN/Form990ScheduleNPartIII=21%.",high
ONE_REPEATS,/Return/ReturnData/IRS990ScheduleN/Form990ScheduleNPartIII/ReturnReference,SN_03_RETURN_REFERENCE,SN-P03-T99-SUPPLEMENTAL-INFO,table_to_many,SN-P03-T99-SUPPLEMENTAL-INFO,"Supplemental-information table: each explanation is one instance of a repeating element (Part-level explanation group / SupplementalInformationDetail), so filings with several explanations lose all but one. Make SN-P03-T99-SUPPLEMENTAL-INFO MANY. Evidence: repeats in 16.7% of 958 filings, max 5/filing, TY2009-2012; repeat_root: ''=82% ; IRS990ScheduleN/Form990ScheduleNPartIII=18%.",high
ONE_REPEATS,/Return/ReturnData/IRS990ScheduleN/SupplementalInformationDetail/ExplanationTxt,SN_03_EXPLANATION_TEXT,SN-P03-T99-SUPPLEMENTAL-INFO,table_to_many,SN-P03-T99-SUPPLEMENTAL-INFO,"Supplemental-information table: each explanation is one instance of a repeating element (Part-level explanation group / SupplementalInformationDetail), so filings with several explanations lose all but one. Make SN-P03-T99-SUPPLEMENTAL-INFO MANY. Evidence: repeats in 35.0% of 15,111 filings, max 5/filing, TY2013-2024; repeat_root: ''=65% ; IRS990ScheduleN/SupplementalInformationDetail=35%.",high
ONE_REPEATS,/Return/ReturnData/IRS990ScheduleN/SupplementalInformationDetail/FormAndLineReferenceDesc,SN_03_FORM_LINE_REFERENCE,SN-P03-T99-SUPPLEMENTAL-INFO,table_to_many,SN-P03-T99-SUPPLEMENTAL-INFO,"Supplemental-information table: each explanation is one instance of a repeating element (Part-level explanation group / SupplementalInformationDetail), so filings with several explanations lose all but one. Make SN-P03-T99-SUPPLEMENTAL-INFO MANY. Evidence: repeats in 35.0% of 15,117 filings, max 5/filing, TY2013-2024; repeat_root: ''=65% ; IRS990ScheduleN/SupplementalInformationDetail=35%.",high
ONE_REPEATS,/Return/ReturnData/IRS990ScheduleR/Form990ScheduleRPartVII/Explanation,SR_07_EXPLANATION_TEXT,SR-P07-T99-SUPPLEMENTAL-INFO,table_to_many,SR-P07-T99-SUPPLEMENTAL-INFO,"Supplemental-information table: each explanation is one instance of a repeating element (Part-level explanation group / SupplementalInformationDetail), so filings with several explanations lose all but one. Make SR-P07-T99-SUPPLEMENTAL-INFO MANY. Evidence: repeats in 11.9% of 7,119 filings, max 17/filing, TY2010-2012; repeat_root: ''=88% ; IRS990ScheduleR/Form990ScheduleRPartVII=12%.",high
ONE_REPEATS,/Return/ReturnData/IRS990ScheduleR/Form990ScheduleRPartVII/Identifier,SR_07_IDENTIFIER,SR-P07-T99-SUPPLEMENTAL-INFO,table_to_many,SR-P07-T99-SUPPLEMENTAL-INFO,"Supplemental-information table: each explanation is one instance of a repeating element (Part-level explanation group / SupplementalInformationDetail), so filings with several explanations lose all but one. Make SR-P07-T99-SUPPLEMENTAL-INFO MANY. Evidence: repeats in 12.1% of 5,645 filings, max 12/filing, TY2010-2012; repeat_root: ''=87% ; IRS990ScheduleR/Form990ScheduleRPartVII=13%.",high
ONE_REPEATS,/Return/ReturnData/IRS990ScheduleR/Form990ScheduleRPartVII/ReturnReference,SR_07_RETURN_REFERENCE,SR-P07-T99-SUPPLEMENTAL-INFO,table_to_many,SR-P07-T99-SUPPLEMENTAL-INFO,"Supplemental-information table: each explanation is one instance of a repeating element (Part-level explanation group / SupplementalInformationDetail), so filings with several explanations lose all but one. Make SR-P07-T99-SUPPLEMENTAL-INFO MANY. Evidence: repeats in 10.8% of 5,514 filings, max 9/filing, TY2010-2012; repeat_root: ''=89% ; IRS990ScheduleR/Form990ScheduleRPartVII=11%.",high
ONE_REPEATS,/Return/ReturnData/IRS990ScheduleR/SupplementalInformationDetail/ExplanationTxt,SR_07_EXPLANATION_TEXT,SR-P07-T99-SUPPLEMENTAL-INFO,table_to_many,SR-P07-T99-SUPPLEMENTAL-INFO,"Supplemental-information table: each explanation is one instance of a repeating element (Part-level explanation group / SupplementalInformationDetail), so filings with several explanations lose all but one. Make SR-P07-T99-SUPPLEMENTAL-INFO MANY. Evidence: repeats in 14.8% of 55,884 filings, max 60/filing, TY2013-2024; repeat_root: ''=85% ; IRS990ScheduleR/SupplementalInformationDetail=15%.",high
ONE_REPEATS,/Return/ReturnData/IRS990ScheduleR/SupplementalInformationDetail/FormAndLineReferenceDesc,SR_07_FORM_LINE_REFERENCE,SR-P07-T99-SUPPLEMENTAL-INFO,table_to_many,SR-P07-T99-SUPPLEMENTAL-INFO,"Supplemental-information table: each explanation is one instance of a repeating element (Part-level explanation group / SupplementalInformationDetail), so filings with several explanations lose all but one. Make SR-P07-T99-SUPPLEMENTAL-INFO MANY. Evidence: repeats in 14.8% of 55,959 filings, max 60/filing, TY2013-2024; repeat_root: ''=85% ; IRS990ScheduleR/SupplementalInformationDetail=15%.",high
