check,key,variable_name,return_type,decision,target_xpath,target_variable,new_table_id,new_data_type,new_label,rationale,confidence
GAP,F9_00_ORG_PHONE,F9_00_ORG_PHONE,"",accept,"","","","","","Gap is only in the blank-return_type pseudo-population (1-13 filings/yr with no return type, TY2017-2024; see filings.csv); the variable is filled every year for 990/990-EZ. Not a mapping gap. Gap years: 2019",high
GAP,F9_00_ORG_WEBSITE,F9_00_ORG_WEBSITE,"",accept,"","","","","","Gap is only in the blank-return_type pseudo-population (1-13 filings/yr with no return type, TY2017-2024; see filings.csv); the variable is filled every year for 990/990-EZ. Not a mapping gap. Gap years: 2019",high
GAP,F9_00_RETURN_ADDR_CHANGE_X,F9_00_RETURN_ADDR_CHANGE_X,"",accept,"","","","","","Gap is only in the blank-return_type pseudo-population (1-13 filings/yr with no return type, TY2017-2024; see filings.csv); the variable is filled every year for 990/990-EZ. Not a mapping gap. Gap years: 2022",high
GAP,F9_00_TYPE_ORG_ASSOC_X,F9_00_TYPE_ORG_ASSOC_X,"",accept,"","","","","","Gap is only in the blank-return_type pseudo-population (1-13 filings/yr with no return type, TY2017-2024; see filings.csv); the variable is filled every year for 990/990-EZ. Not a mapping gap. Gap years: 2019-2021",high
GAP,F9_01_EXP_FEE_OTH_PAY_KONTR,F9_01_EXP_FEE_OTH_PAY_KONTR,"",accept,"","","","","","Gap is only in the blank-return_type pseudo-population (1-13 filings/yr with no return type, TY2017-2024; see filings.csv); the variable is filled every year for 990/990-EZ. Not a mapping gap. Gap years: 2023",high
GAP,F9_01_EXP_GRANT_SIMILAR_CY,F9_01_EXP_GRANT_SIMILAR_CY,"",accept,"","","","","","Gap is only in the blank-return_type pseudo-population (1-13 filings/yr with no return type, TY2017-2024; see filings.csv); the variable is filled every year for 990/990-EZ. Not a mapping gap. Gap years: 2019",high
GAP,F9_01_EXP_PROF_FUNDR_TOT_PY,F9_01_EXP_PROF_FUNDR_TOT_PY,"",accept,"","","","","","Gap is only in the blank-return_type pseudo-population (1-13 filings/yr with no return type, TY2017-2024; see filings.csv); the variable is filled every year for 990/990-EZ. Not a mapping gap. Gap years: 2022-2023",high
GAP,F9_02_PREP_PERS_SELF_EMPL_X,F9_02_PREP_PERS_SELF_EMPL_X,"",accept,"","","","","","Gap is only in the blank-return_type pseudo-population (1-13 filings/yr with no return type, TY2017-2024; see filings.csv); the variable is filled every year for 990/990-EZ. Not a mapping gap. Gap years: 2021",high
GAP,F9_03_PROG_CODE,F9_03_PROG_CODE,"",accept,"","","","","","Gap is only in the blank-return_type pseudo-population (1-13 filings/yr with no return type, TY2017-2024; see filings.csv); the variable is filled every year for 990/990-EZ. Not a mapping gap. Gap years: 2022-2023",high
GAP,F9_03_PROG_DESC,F9_03_PROG_DESC,"",accept,"","","","","","Gap is only in the blank-return_type pseudo-population (1-13 filings/yr with no return type, TY2017-2024; see filings.csv); the variable is filled every year for 990/990-EZ. Not a mapping gap. Gap years: 2022-2023",high
GAP,F9_03_PROG_DESC,F9_03_PROG_DESC,"",accept,"","","","","","Gap is only in the blank-return_type pseudo-population (1-13 filings/yr with no return type, TY2017-2024; see filings.csv); the variable is filled every year for 990/990-EZ. Not a mapping gap. Gap years: 2023",high
GAP,F9_03_PROG_EXP,F9_03_PROG_EXP,"",accept,"","","","","","Gap is only in the blank-return_type pseudo-population (1-13 filings/yr with no return type, TY2017-2024; see filings.csv); the variable is filled every year for 990/990-EZ. Not a mapping gap. Gap years: 2019,2020,2023",high
GAP,F9_03_PROG_EXP,F9_03_PROG_EXP,"",accept,"","","","","","Gap is only in the blank-return_type pseudo-population (1-13 filings/yr with no return type, TY2017-2024; see filings.csv); the variable is filled every year for 990/990-EZ. Not a mapping gap. Gap years: 2022-2023",high
GAP,F9_03_PROG_EXP,F9_03_PROG_EXP,"",accept,"","","","","","Gap is only in the blank-return_type pseudo-population (1-13 filings/yr with no return type, TY2017-2024; see filings.csv); the variable is filled every year for 990/990-EZ. Not a mapping gap. Gap years: 2022-2023",high
GAP,F9_03_PROG_EXP_TOT,F9_03_PROG_EXP_TOT,"",accept,"","","","","","Gap is only in the blank-return_type pseudo-population (1-13 filings/yr with no return type, TY2017-2024; see filings.csv); the variable is filled every year for 990/990-EZ. Not a mapping gap. Gap years: 2019-2020",high
GAP,F9_03_PROG_GRANT,F9_03_PROG_GRANT,"",accept,"","","","","","Gap is only in the blank-return_type pseudo-population (1-13 filings/yr with no return type, TY2017-2024; see filings.csv); the variable is filled every year for 990/990-EZ. Not a mapping gap. Gap years: 2019-2020",high
GAP,F9_04_SCHED_B_REQ_X,F9_04_SCHED_B_REQ_X,"",accept,"","","","","","Gap is only in the blank-return_type pseudo-population (1-13 filings/yr with no return type, TY2017-2024; see filings.csv); the variable is filled every year for 990/990-EZ. Not a mapping gap. Gap years: 2019",high
GAP,F9_05_501C29_LIC_HEALTH_PLAN_X,F9_05_501C29_LIC_HEALTH_PLAN_X,"",accept,"","","","","","Gap is only in the blank-return_type pseudo-population (1-13 filings/yr with no return type, TY2017-2024; see filings.csv); the variable is filled every year for 990/990-EZ. Not a mapping gap. Gap years: 2021",high
GAP,F9_05_TANNING_FORM_720_FILED_X,F9_05_TANNING_FORM_720_FILED_X,"",accept,"","","","","","Gap is only in the blank-return_type pseudo-population (1-13 filings/yr with no return type, TY2017-2024; see filings.csv); the variable is filled every year for 990/990-EZ. Not a mapping gap. Gap years: 2021",high
GAP,F9_06_DISCLOSURE_STATES_FILED,F9_06_DISCLOSURE_STATES_FILED,"",accept,"","","","","","Gap is only in the blank-return_type pseudo-population (1-13 filings/yr with no return type, TY2017-2024; see filings.csv); the variable is filled every year for 990/990-EZ. Not a mapping gap. Gap years: 2019-2020",high
GAP,F9_06_POLI_FORM1120_POL_FILED_X,F9_06_POLI_FORM1120_POL_FILED_X,"",accept,"","","","","","Gap is only in the blank-return_type pseudo-population (1-13 filings/yr with no return type, TY2017-2024; see filings.csv); the variable is filled every year for 990/990-EZ. Not a mapping gap. Gap years: 2019-2020",high
GAP,F9_07_COMP_DTK_COMP_OTH,F9_07_COMP_DTK_COMP_OTH,"",accept,"","","","","","Gap is only in the blank-return_type pseudo-population (1-13 filings/yr with no return type, TY2017-2024; see filings.csv); the variable is filled every year for 990/990-EZ. Not a mapping gap. Gap years: 2019",high
GAP,F9_07_COMP_DTK_EXPL_NAME_ORG_L1,F9_07_COMP_DTK_EXPL_NAME_ORG_L1,990EZ,add_xpath,/Return/ReturnData/CompensationExplanation/CompensationExplanationGrp/BusinessName/BusinessNameLine1,F9_07_COMP_DTK_EXPL_NAME_ORG_L1,"","","","Missing 2013 transitional xpath (2013v3.x/4.0, before the ...Txt suffix of 2014+): UNMAPPED, 420 990-EZ filings in TY2013 only, business-name values (e.g. BC CONSORTIA MANAGEMENT); fills the 2013 gap exactly between .../Compensation/BusinessName/BusinessNameLine1 (2009-2012) and .../BusinessNameLine1Txt (2014+).",high
GAP,F9_07_COMP_DTK_EXPL_NAME_ORG_L2,F9_07_COMP_DTK_EXPL_NAME_ORG_L2,990EZ,add_xpath,/Return/ReturnData/CompensationExplanation/CompensationExplanationGrp/BusinessName/BusinessNameLine2,F9_07_COMP_DTK_EXPL_NAME_ORG_L2,"","","","Missing 2013 transitional xpath: UNMAPPED, 174 990-EZ filings in TY2013 only; fills 2013. Remaining gaps 2014, 2015, 2020 are genuine zeros (successor ...Line2Txt has only 1-2 filings/yr).",medium
GAP,F9_07_COMP_KONTR_ADDR_CNTR,F9_07_COMP_KONTR_ADDR_CNTR,990EZ,accept,"","","","","",Tiny counts: at most 11 990EZ filings/yr in any year; zero-filing years (2012-2014) are sampling noise for a rarely used field (name line 2 / foreign country / address line 2 / small-schedule item). Pre- and post-2013 xpaths are both mapped; no unmapped candidate observed.,high
GAP,F9_07_COMP_KONTR_ADDR_L2,F9_07_COMP_KONTR_ADDR_L2,990EZ,accept,"","","","","","Tiny counts: at most 17 990EZ filings/yr in any year; zero-filing years (2010,2011,2013,2014,2016,2017) are sampling noise for a rarely used field (name line 2 / foreign country / address line 2 / small-schedule item). Pre- and post-2013 xpaths are both mapped; no unmapped candidate observed.",high
GAP,F9_07_COMP_KONTR_NAME_ORG_L2,F9_07_COMP_KONTR_NAME_ORG_L2,990EZ,accept,"","","","","","Tiny counts: at most 4 990EZ filings/yr in any year; zero-filing years (2013,2014,2015,2016,2018,2019,2021) are sampling noise for a rarely used field (name line 2 / foreign country / address line 2 / small-schedule item). Pre- and post-2013 xpaths are both mapped; no unmapped candidate observed.",high
GAP,F9_08_REV_MISC_TOT_TOT,F9_08_REV_MISC_TOT_TOT,"",accept,"","","","","","Gap is only in the blank-return_type pseudo-population (1-13 filings/yr with no return type, TY2017-2024; see filings.csv); the variable is filled every year for 990/990-EZ. Not a mapping gap. Gap years: 2019-2021",high
GAP,F9_08_REV_OTH_EVNT_NET_TOT,F9_08_REV_OTH_EVNT_NET_TOT,"",accept,"","","","","","Gap is only in the blank-return_type pseudo-population (1-13 filings/yr with no return type, TY2017-2024; see filings.csv); the variable is filled every year for 990/990-EZ. Not a mapping gap. Gap years: 2022",high
GAP,F9_08_REV_OTH_INVEST_INCOME_TOT,F9_08_REV_OTH_INVEST_INCOME_TOT,"",accept,"","","","","","Gap is only in the blank-return_type pseudo-population (1-13 filings/yr with no return type, TY2017-2024; see filings.csv); the variable is filled every year for 990/990-EZ. Not a mapping gap. Gap years: 2019-2020",high
GAP,F9_08_REV_OTH_INV_COST_GOODS,F9_08_REV_OTH_INV_COST_GOODS,"",accept,"","","","","","Gap is only in the blank-return_type pseudo-population (1-13 filings/yr with no return type, TY2017-2024; see filings.csv); the variable is filled every year for 990/990-EZ. Not a mapping gap. Gap years: 2019-2020",high
GAP,F9_08_REV_OTH_INV_GRO_SALE,F9_08_REV_OTH_INV_GRO_SALE,"",accept,"","","","","","Gap is only in the blank-return_type pseudo-population (1-13 filings/yr with no return type, TY2017-2024; see filings.csv); the variable is filled every year for 990/990-EZ. Not a mapping gap. Gap years: 2019-2020",high
GAP,F9_08_REV_OTH_INV_NET_TOT,F9_08_REV_OTH_INV_NET_TOT,"",accept,"","","","","","Gap is only in the blank-return_type pseudo-population (1-13 filings/yr with no return type, TY2017-2024; see filings.csv); the variable is filled every year for 990/990-EZ. Not a mapping gap. Gap years: 2019-2020",high
GAP,F9_08_REV_OTH_RENT_NET_UBIZ,F9_08_REV_OTH_RENT_NET_UBIZ,"",accept,"","","","","","Gap is only in the blank-return_type pseudo-population (1-13 filings/yr with no return type, TY2017-2024; see filings.csv); the variable is filled every year for 990/990-EZ. Not a mapping gap. Gap years: 2023",high
GAP,F9_09_EXP_AD_PROMO_PROG,F9_09_EXP_AD_PROMO_PROG,"",accept,"","","","","","Gap is only in the blank-return_type pseudo-population (1-13 filings/yr with no return type, TY2017-2024; see filings.csv); the variable is filled every year for 990/990-EZ. Not a mapping gap. Gap years: 2023",high
GAP,F9_09_EXP_DEPREC_PROG,F9_09_EXP_DEPREC_PROG,"",accept,"","","","","","Gap is only in the blank-return_type pseudo-population (1-13 filings/yr with no return type, TY2017-2024; see filings.csv); the variable is filled every year for 990/990-EZ. Not a mapping gap. Gap years: 2023",high
GAP,F9_09_EXP_DEPREC_TOT,F9_09_EXP_DEPREC_TOT,"",accept,"","","","","","Gap is only in the blank-return_type pseudo-population (1-13 filings/yr with no return type, TY2017-2024; see filings.csv); the variable is filled every year for 990/990-EZ. Not a mapping gap. Gap years: 2023",high
GAP,F9_09_EXP_FEE_SVC_ACC_PROG,F9_09_EXP_FEE_SVC_ACC_PROG,"",accept,"","","","","","Gap is only in the blank-return_type pseudo-population (1-13 filings/yr with no return type, TY2017-2024; see filings.csv); the variable is filled every year for 990/990-EZ. Not a mapping gap. Gap years: 2022-2023",high
GAP,F9_09_EXP_FEE_SVC_MGMT_PROG,F9_09_EXP_FEE_SVC_MGMT_PROG,"",accept,"","","","","","Gap is only in the blank-return_type pseudo-population (1-13 filings/yr with no return type, TY2017-2024; see filings.csv); the variable is filled every year for 990/990-EZ. Not a mapping gap. Gap years: 2022-2023",high
GAP,F9_09_EXP_INSURANCE_PROG,F9_09_EXP_INSURANCE_PROG,"",accept,"","","","","","Gap is only in the blank-return_type pseudo-population (1-13 filings/yr with no return type, TY2017-2024; see filings.csv); the variable is filled every year for 990/990-EZ. Not a mapping gap. Gap years: 2023",high
GAP,F9_09_EXP_OTH_SAL_WAGE_MGMT,F9_09_EXP_OTH_SAL_WAGE_MGMT,"",accept,"","","","","","Gap is only in the blank-return_type pseudo-population (1-13 filings/yr with no return type, TY2017-2024; see filings.csv); the variable is filled every year for 990/990-EZ. Not a mapping gap. Gap years: 2023",high
GAP,F9_09_EXP_OTH_SAL_WAGE_PROG,F9_09_EXP_OTH_SAL_WAGE_PROG,"",accept,"","","","","","Gap is only in the blank-return_type pseudo-population (1-13 filings/yr with no return type, TY2017-2024; see filings.csv); the variable is filled every year for 990/990-EZ. Not a mapping gap. Gap years: 2023",high
GAP,F9_09_EXP_TRAVEL_ENTMT_TOT,F9_09_EXP_TRAVEL_ENTMT_TOT,"",accept,"","","","","","Gap is only in the blank-return_type pseudo-population (1-13 filings/yr with no return type, TY2017-2024; see filings.csv); the variable is filled every year for 990/990-EZ. Not a mapping gap. Gap years: 2023",high
GAP,F9_10_ASSET_EXP_PREPAID_BOY,F9_10_ASSET_EXP_PREPAID_BOY,"",accept,"","","","","","Gap is only in the blank-return_type pseudo-population (1-13 filings/yr with no return type, TY2017-2024; see filings.csv); the variable is filled every year for 990/990-EZ. Not a mapping gap. Gap years: 2022",high
GAP,F9_10_ASSET_EXP_PREPAID_EOY,F9_10_ASSET_EXP_PREPAID_EOY,"",accept,"","","","","","Gap is only in the blank-return_type pseudo-population (1-13 filings/yr with no return type, TY2017-2024; see filings.csv); the variable is filled every year for 990/990-EZ. Not a mapping gap. Gap years: 2022",high
GAP,F9_10_ASSET_LAND_BLDG_NET_BOY,F9_10_ASSET_LAND_BLDG_NET_BOY,"",accept,"","","","","","Gap is only in the blank-return_type pseudo-population (1-13 filings/yr with no return type, TY2017-2024; see filings.csv); the variable is filled every year for 990/990-EZ. Not a mapping gap. Gap years: 2023",high
GAP,F9_10_ASSET_LAND_BLDG_NET_EOY,F9_10_ASSET_LAND_BLDG_NET_EOY,"",accept,"","","","","","Gap is only in the blank-return_type pseudo-population (1-13 filings/yr with no return type, TY2017-2024; see filings.csv); the variable is filled every year for 990/990-EZ. Not a mapping gap. Gap years: 2023",high
GAP,F9_10_LIAB_MTG_NOTE_BOY,F9_10_LIAB_MTG_NOTE_BOY,"",accept,"","","","","","Gap is only in the blank-return_type pseudo-population (1-13 filings/yr with no return type, TY2017-2024; see filings.csv); the variable is filled every year for 990/990-EZ. Not a mapping gap. Gap years: 2022-2023",high
GAP,F9_10_LIAB_MTG_NOTE_EOY,F9_10_LIAB_MTG_NOTE_EOY,"",accept,"","","","","","Gap is only in the blank-return_type pseudo-population (1-13 filings/yr with no return type, TY2017-2024; see filings.csv); the variable is filled every year for 990/990-EZ. Not a mapping gap. Gap years: 2022-2023",high
GAP,F9_10_LIAB_OTH_BOY,F9_10_LIAB_OTH_BOY,"",accept,"","","","","","Gap is only in the blank-return_type pseudo-population (1-13 filings/yr with no return type, TY2017-2024; see filings.csv); the variable is filled every year for 990/990-EZ. Not a mapping gap. Gap years: 2022",high
GAP,F9_10_NAFB_EARNING_RETAINED_EOY,F9_10_NAFB_EARNING_RETAINED_EOY,"",accept,"","","","","","Gap is only in the blank-return_type pseudo-population (1-13 filings/yr with no return type, TY2017-2024; see filings.csv); the variable is filled every year for 990/990-EZ. Not a mapping gap. Gap years: 2022",high
GAP,F9_10_NAFB_NO_FOLLOW_SFAS117_X,F9_10_NAFB_NO_FOLLOW_SFAS117_X,"",accept,"","","","","","Gap is only in the blank-return_type pseudo-population (1-13 filings/yr with no return type, TY2017-2024; see filings.csv); the variable is filled every year for 990/990-EZ. Not a mapping gap. Gap years: 2022",high
GAP,F9_10_NAFB_RESTRICT_BOY,F9_10_NAFB_RESTRICT_BOY,"",accept,"","","","","","Gap is only in the blank-return_type pseudo-population (1-13 filings/yr with no return type, TY2017-2024; see filings.csv); the variable is filled every year for 990/990-EZ. Not a mapping gap. Gap years: 2022",high
GAP,F9_10_NAFB_RESTRICT_EOY,F9_10_NAFB_RESTRICT_EOY,"",accept,"","","","","","Gap is only in the blank-return_type pseudo-population (1-13 filings/yr with no return type, TY2017-2024; see filings.csv); the variable is filled every year for 990/990-EZ. Not a mapping gap. Gap years: 2022",high
GAP,F9_12_FINSTAT_COMPILE_BOTH_X,F9_12_FINSTAT_COMPILE_BOTH_X,"",accept,"","","","","","Gap is only in the blank-return_type pseudo-population (1-13 filings/yr with no return type, TY2017-2024; see filings.csv); the variable is filled every year for 990/990-EZ. Not a mapping gap. Gap years: 2022",high
GAP,F9_12_INFO_SCHED_O_X,F9_12_INFO_SCHED_O_X,"",accept,"","","","","","Gap is only in the blank-return_type pseudo-population (1-13 filings/yr with no return type, TY2017-2024; see filings.csv); the variable is filled every year for 990/990-EZ. Not a mapping gap. Gap years: 2021",high
GAP,SA_01_PCSTAT_CHURCH_X,SA_01_PCSTAT_CHURCH_X,"",accept,"","","","","","Gap is only in the blank-return_type pseudo-population (1-13 filings/yr with no return type, TY2017-2024; see filings.csv); the variable is filled every year for 990/990-EZ. Not a mapping gap. Gap years: 2023",high
GAP,SA_01_PCSTAT_GOVT_PUB_SUPPORT_X,SA_01_PCSTAT_GOVT_PUB_SUPPORT_X,"",accept,"","","","","","Gap is only in the blank-return_type pseudo-population (1-13 filings/yr with no return type, TY2017-2024; see filings.csv); the variable is filled every year for 990/990-EZ. Not a mapping gap. Gap years: 2023",high
GAP,SA_01_PCSTAT_PUB_SUPPORT_X,SA_01_PCSTAT_PUB_SUPPORT_X,"",accept,"","","","","","Gap is only in the blank-return_type pseudo-population (1-13 filings/yr with no return type, TY2017-2024; see filings.csv); the variable is filled every year for 990/990-EZ. Not a mapping gap. Gap years: 2019-2020",high
GAP,SA_01_PCSTAT_SUPPORT_ORG_X,SA_01_PCSTAT_SUPPORT_ORG_X,"",accept,"","","","","","Gap is only in the blank-return_type pseudo-population (1-13 filings/yr with no return type, TY2017-2024; see filings.csv); the variable is filled every year for 990/990-EZ. Not a mapping gap. Gap years: 2022",high
GAP,SA_01_PCSTAT_SUPPORT_T1_X,SA_01_PCSTAT_SUPPORT_T1_X,"",accept,"","","","","","Gap is only in the blank-return_type pseudo-population (1-13 filings/yr with no return type, TY2017-2024; see filings.csv); the variable is filled every year for 990/990-EZ. Not a mapping gap. Gap years: 2022",high
GAP,SA_02_PUB_GIFT_GRANT_CONTR_CY_M3,SA_02_PUB_GIFT_GRANT_CONTR_CY_M3,"",accept,"","","","","","Gap is only in the blank-return_type pseudo-population (1-13 filings/yr with no return type, TY2017-2024; see filings.csv); the variable is filled every year for 990/990-EZ. Not a mapping gap. Gap years: 2023",high
GAP,SA_02_PUB_GIFT_GRANT_CONTR_CY_M4,SA_02_PUB_GIFT_GRANT_CONTR_CY_M4,"",accept,"","","","","","Gap is only in the blank-return_type pseudo-population (1-13 filings/yr with no return type, TY2017-2024; see filings.csv); the variable is filled every year for 990/990-EZ. Not a mapping gap. Gap years: 2023",high
GAP,SA_02_PUB_TAXREV_LEVIED_CY,SA_02_PUB_TAXREV_LEVIED_CY,"",accept,"","","","","","Gap is only in the blank-return_type pseudo-population (1-13 filings/yr with no return type, TY2017-2024; see filings.csv); the variable is filled every year for 990/990-EZ. Not a mapping gap. Gap years: 2023",high
GAP,SA_02_PUB_TAXREV_LEVIED_TOT,SA_02_PUB_TAXREV_LEVIED_TOT,"",accept,"","","","","","Gap is only in the blank-return_type pseudo-population (1-13 filings/yr with no return type, TY2017-2024; see filings.csv); the variable is filled every year for 990/990-EZ. Not a mapping gap. Gap years: 2023",high
GAP,SA_02_PUB_TOT_L123_CY_M3,SA_02_PUB_TOT_L123_CY_M3,"",accept,"","","","","","Gap is only in the blank-return_type pseudo-population (1-13 filings/yr with no return type, TY2017-2024; see filings.csv); the variable is filled every year for 990/990-EZ. Not a mapping gap. Gap years: 2023",high
GAP,SA_02_PUB_TOT_L123_CY_M4,SA_02_PUB_TOT_L123_CY_M4,"",accept,"","","","","","Gap is only in the blank-return_type pseudo-population (1-13 filings/yr with no return type, TY2017-2024; see filings.csv); the variable is filled every year for 990/990-EZ. Not a mapping gap. Gap years: 2023",high
GAP,SA_02_TOT_INCOME_GRO_CY,SA_02_TOT_INCOME_GRO_CY,"",accept,"","","","","","Gap is only in the blank-return_type pseudo-population (1-13 filings/yr with no return type, TY2017-2024; see filings.csv); the variable is filled every year for 990/990-EZ. Not a mapping gap. Gap years: 2023",high
GAP,SA_02_TOT_INCOME_GRO_CY_M1,SA_02_TOT_INCOME_GRO_CY_M1,"",accept,"","","","","","Gap is only in the blank-return_type pseudo-population (1-13 filings/yr with no return type, TY2017-2024; see filings.csv); the variable is filled every year for 990/990-EZ. Not a mapping gap. Gap years: 2023",high
GAP,SA_02_TOT_INCOME_GRO_CY_M2,SA_02_TOT_INCOME_GRO_CY_M2,"",accept,"","","","","","Gap is only in the blank-return_type pseudo-population (1-13 filings/yr with no return type, TY2017-2024; see filings.csv); the variable is filled every year for 990/990-EZ. Not a mapping gap. Gap years: 2023",high
GAP,SA_02_TOT_INCOME_GRO_CY_M3,SA_02_TOT_INCOME_GRO_CY_M3,"",accept,"","","","","","Gap is only in the blank-return_type pseudo-population (1-13 filings/yr with no return type, TY2017-2024; see filings.csv); the variable is filled every year for 990/990-EZ. Not a mapping gap. Gap years: 2023",high
GAP,SA_02_TOT_INCOME_GRO_CY_M4,SA_02_TOT_INCOME_GRO_CY_M4,"",accept,"","","","","","Gap is only in the blank-return_type pseudo-population (1-13 filings/yr with no return type, TY2017-2024; see filings.csv); the variable is filled every year for 990/990-EZ. Not a mapping gap. Gap years: 2022-2023",high
GAP,SA_02_TOT_INCOME_GRO_TOT,SA_02_TOT_INCOME_GRO_TOT,"",accept,"","","","","","Gap is only in the blank-return_type pseudo-population (1-13 filings/yr with no return type, TY2017-2024; see filings.csv); the variable is filled every year for 990/990-EZ. Not a mapping gap. Gap years: 2023",high
GAP,SA_03_PCT_33_SUPPORT_TEST_CY_X,SA_03_PCT_33_SUPPORT_TEST_CY_X,"",accept,"","","","","","Gap is only in the blank-return_type pseudo-population (1-13 filings/yr with no return type, TY2017-2024; see filings.csv); the variable is filled every year for 990/990-EZ. Not a mapping gap. Gap years: 2019-2020",high
GAP,SA_03_PCT_INVEST_INCOME_CY,SA_03_PCT_INVEST_INCOME_CY,"",accept,"","","","","","Gap is only in the blank-return_type pseudo-population (1-13 filings/yr with no return type, TY2017-2024; see filings.csv); the variable is filled every year for 990/990-EZ. Not a mapping gap. Gap years: 2019-2020",high
GAP,SA_03_PCT_PUB_SUPPORT_CY,SA_03_PCT_PUB_SUPPORT_CY,"",accept,"","","","","","Gap is only in the blank-return_type pseudo-population (1-13 filings/yr with no return type, TY2017-2024; see filings.csv); the variable is filled every year for 990/990-EZ. Not a mapping gap. Gap years: 2019-2020",high
GAP,SA_03_PCT_PUB_SUPPORT_PY,SA_03_PCT_PUB_SUPPORT_PY,"",accept,"","","","","","Gap is only in the blank-return_type pseudo-population (1-13 filings/yr with no return type, TY2017-2024; see filings.csv); the variable is filled every year for 990/990-EZ. Not a mapping gap. Gap years: 2019-2020",high
GAP,SA_03_PUB_GIFT_GRANT_CONTR_CY,SA_03_PUB_GIFT_GRANT_CONTR_CY,"",accept,"","","","","","Gap is only in the blank-return_type pseudo-population (1-13 filings/yr with no return type, TY2017-2024; see filings.csv); the variable is filled every year for 990/990-EZ. Not a mapping gap. Gap years: 2019-2020",high
GAP,SA_03_PUB_GIFT_GRANT_CONTR_CY_M1,SA_03_PUB_GIFT_GRANT_CONTR_CY_M1,"",accept,"","","","","","Gap is only in the blank-return_type pseudo-population (1-13 filings/yr with no return type, TY2017-2024; see filings.csv); the variable is filled every year for 990/990-EZ. Not a mapping gap. Gap years: 2019-2020",high
GAP,SA_03_PUB_GIFT_GRANT_CONTR_CY_M2,SA_03_PUB_GIFT_GRANT_CONTR_CY_M2,"",accept,"","","","","","Gap is only in the blank-return_type pseudo-population (1-13 filings/yr with no return type, TY2017-2024; see filings.csv); the variable is filled every year for 990/990-EZ. Not a mapping gap. Gap years: 2019-2020",high
GAP,SA_03_PUB_GIFT_GRANT_CONTR_CY_M3,SA_03_PUB_GIFT_GRANT_CONTR_CY_M3,"",accept,"","","","","","Gap is only in the blank-return_type pseudo-population (1-13 filings/yr with no return type, TY2017-2024; see filings.csv); the variable is filled every year for 990/990-EZ. Not a mapping gap. Gap years: 2019-2020",high
GAP,SA_03_PUB_GIFT_GRANT_CONTR_CY_M4,SA_03_PUB_GIFT_GRANT_CONTR_CY_M4,"",accept,"","","","","","Gap is only in the blank-return_type pseudo-population (1-13 filings/yr with no return type, TY2017-2024; see filings.csv); the variable is filled every year for 990/990-EZ. Not a mapping gap. Gap years: 2019,2020,2022",high
GAP,SA_03_PUB_GIFT_GRANT_CONTR_TOT,SA_03_PUB_GIFT_GRANT_CONTR_TOT,"",accept,"","","","","","Gap is only in the blank-return_type pseudo-population (1-13 filings/yr with no return type, TY2017-2024; see filings.csv); the variable is filled every year for 990/990-EZ. Not a mapping gap. Gap years: 2019-2020",high
GAP,SA_03_PUB_GRO_RCPT_ADM_CY,SA_03_PUB_GRO_RCPT_ADM_CY,"",accept,"","","","","","Gap is only in the blank-return_type pseudo-population (1-13 filings/yr with no return type, TY2017-2024; see filings.csv); the variable is filled every year for 990/990-EZ. Not a mapping gap. Gap years: 2022",high
GAP,SA_03_PUB_GRO_RCPT_ADM_TOT,SA_03_PUB_GRO_RCPT_ADM_TOT,"",accept,"","","","","","Gap is only in the blank-return_type pseudo-population (1-13 filings/yr with no return type, TY2017-2024; see filings.csv); the variable is filled every year for 990/990-EZ. Not a mapping gap. Gap years: 2022",high
GAP,SA_03_PUB_SUPPORT_TOT,SA_03_PUB_SUPPORT_TOT,"",accept,"","","","","","Gap is only in the blank-return_type pseudo-population (1-13 filings/yr with no return type, TY2017-2024; see filings.csv); the variable is filled every year for 990/990-EZ. Not a mapping gap. Gap years: 2019-2020",high
GAP,SA_03_PUB_TOT_L1_5_CY,SA_03_PUB_TOT_L1_5_CY,"",accept,"","","","","","Gap is only in the blank-return_type pseudo-population (1-13 filings/yr with no return type, TY2017-2024; see filings.csv); the variable is filled every year for 990/990-EZ. Not a mapping gap. Gap years: 2019-2020",high
GAP,SA_03_PUB_TOT_L1_5_CY_M1,SA_03_PUB_TOT_L1_5_CY_M1,"",accept,"","","","","","Gap is only in the blank-return_type pseudo-population (1-13 filings/yr with no return type, TY2017-2024; see filings.csv); the variable is filled every year for 990/990-EZ. Not a mapping gap. Gap years: 2019-2020",high
GAP,SA_03_PUB_TOT_L1_5_CY_M2,SA_03_PUB_TOT_L1_5_CY_M2,"",accept,"","","","","","Gap is only in the blank-return_type pseudo-population (1-13 filings/yr with no return type, TY2017-2024; see filings.csv); the variable is filled every year for 990/990-EZ. Not a mapping gap. Gap years: 2019-2020",high
GAP,SA_03_PUB_TOT_L1_5_CY_M3,SA_03_PUB_TOT_L1_5_CY_M3,"",accept,"","","","","","Gap is only in the blank-return_type pseudo-population (1-13 filings/yr with no return type, TY2017-2024; see filings.csv); the variable is filled every year for 990/990-EZ. Not a mapping gap. Gap years: 2019-2020",high
GAP,SA_03_PUB_TOT_L1_5_CY_M4,SA_03_PUB_TOT_L1_5_CY_M4,"",accept,"","","","","","Gap is only in the blank-return_type pseudo-population (1-13 filings/yr with no return type, TY2017-2024; see filings.csv); the variable is filled every year for 990/990-EZ. Not a mapping gap. Gap years: 2019,2020,2022",high
GAP,SA_03_PUB_TOT_L1_5_TOT,SA_03_PUB_TOT_L1_5_TOT,"",accept,"","","","","","Gap is only in the blank-return_type pseudo-population (1-13 filings/yr with no return type, TY2017-2024; see filings.csv); the variable is filled every year for 990/990-EZ. Not a mapping gap. Gap years: 2019-2020",high
GAP,SA_03_TOT_SUPPORT_CY,SA_03_TOT_SUPPORT_CY,"",accept,"","","","","","Gap is only in the blank-return_type pseudo-population (1-13 filings/yr with no return type, TY2017-2024; see filings.csv); the variable is filled every year for 990/990-EZ. Not a mapping gap. Gap years: 2019-2020",high
GAP,SA_03_TOT_SUPPORT_CY_M1,SA_03_TOT_SUPPORT_CY_M1,"",accept,"","","","","","Gap is only in the blank-return_type pseudo-population (1-13 filings/yr with no return type, TY2017-2024; see filings.csv); the variable is filled every year for 990/990-EZ. Not a mapping gap. Gap years: 2019-2020",high
GAP,SA_03_TOT_SUPPORT_CY_M2,SA_03_TOT_SUPPORT_CY_M2,"",accept,"","","","","","Gap is only in the blank-return_type pseudo-population (1-13 filings/yr with no return type, TY2017-2024; see filings.csv); the variable is filled every year for 990/990-EZ. Not a mapping gap. Gap years: 2019-2020",high
GAP,SA_03_TOT_SUPPORT_CY_M3,SA_03_TOT_SUPPORT_CY_M3,"",accept,"","","","","","Gap is only in the blank-return_type pseudo-population (1-13 filings/yr with no return type, TY2017-2024; see filings.csv); the variable is filled every year for 990/990-EZ. Not a mapping gap. Gap years: 2019-2020",high
GAP,SA_03_TOT_SUPPORT_CY_M4,SA_03_TOT_SUPPORT_CY_M4,"",accept,"","","","","","Gap is only in the blank-return_type pseudo-population (1-13 filings/yr with no return type, TY2017-2024; see filings.csv); the variable is filled every year for 990/990-EZ. Not a mapping gap. Gap years: 2019,2020,2022",high
GAP,SA_03_TOT_SUPPORT_TOT,SA_03_TOT_SUPPORT_TOT,"",accept,"","","","","","Gap is only in the blank-return_type pseudo-population (1-13 filings/yr with no return type, TY2017-2024; see filings.csv); the variable is filled every year for 990/990-EZ. Not a mapping gap. Gap years: 2019-2020",high
GAP,SA_04_ALL_ORG_501C456_X,SA_04_ALL_ORG_501C456_X,"",accept,"","","","","","Gap is only in the blank-return_type pseudo-population (1-13 filings/yr with no return type, TY2017-2024; see filings.csv); the variable is filled every year for 990/990-EZ. Not a mapping gap. Gap years: 2022",high
GAP,SA_04_ALL_ORG_CHANGE_ORG_X,SA_04_ALL_ORG_CHANGE_ORG_X,"",accept,"","","","","","Gap is only in the blank-return_type pseudo-population (1-13 filings/yr with no return type, TY2017-2024; see filings.csv); the variable is filled every year for 990/990-EZ. Not a mapping gap. Gap years: 2022",high
GAP,SA_04_ALL_ORG_CONTR_35PCT_CE_X,SA_04_ALL_ORG_CONTR_35PCT_CE_X,"",accept,"","","","","","Gap is only in the blank-return_type pseudo-population (1-13 filings/yr with no return type, TY2017-2024; see filings.csv); the variable is filled every year for 990/990-EZ. Not a mapping gap. Gap years: 2022",high
GAP,SA_04_ALL_ORG_CONTR_FAM_X,SA_04_ALL_ORG_CONTR_FAM_X,"",accept,"","","","","","Gap is only in the blank-return_type pseudo-population (1-13 filings/yr with no return type, TY2017-2024; see filings.csv); the variable is filled every year for 990/990-EZ. Not a mapping gap. Gap years: 2022",high
GAP,SA_04_ALL_ORG_CONTR_PERS_X,SA_04_ALL_ORG_CONTR_PERS_X,"",accept,"","","","","","Gap is only in the blank-return_type pseudo-population (1-13 filings/yr with no return type, TY2017-2024; see filings.csv); the variable is filled every year for 990/990-EZ. Not a mapping gap. Gap years: 2022",high
GAP,SA_04_ALL_ORG_CTRL_BY_PERS_DSQ_X,SA_04_ALL_ORG_CTRL_BY_PERS_DSQ_X,"",accept,"","","","","","Gap is only in the blank-return_type pseudo-population (1-13 filings/yr with no return type, TY2017-2024; see filings.csv); the variable is filled every year for 990/990-EZ. Not a mapping gap. Gap years: 2022",high
GAP,SA_04_ALL_ORG_EXCESS_BIZ_RULES_X,SA_04_ALL_ORG_EXCESS_BIZ_RULES_X,"",accept,"","","","","","Gap is only in the blank-return_type pseudo-population (1-13 filings/yr with no return type, TY2017-2024; see filings.csv); the variable is filled every year for 990/990-EZ. Not a mapping gap. Gap years: 2022",high
GAP,SA_04_ALL_ORG_FRGN_X,SA_04_ALL_ORG_FRGN_X,"",accept,"","","","","","Gap is only in the blank-return_type pseudo-population (1-13 filings/yr with no return type, TY2017-2024; see filings.csv); the variable is filled every year for 990/990-EZ. Not a mapping gap. Gap years: 2022",high
GAP,SA_04_ALL_ORG_LOAN_PERS_DSQ_X,SA_04_ALL_ORG_LOAN_PERS_DSQ_X,"",accept,"","","","","","Gap is only in the blank-return_type pseudo-population (1-13 filings/yr with no return type, TY2017-2024; see filings.csv); the variable is filled every year for 990/990-EZ. Not a mapping gap. Gap years: 2022",high
GAP,SA_04_ALL_ORG_NAME_DOC_LISTED_X,SA_04_ALL_ORG_NAME_DOC_LISTED_X,"",accept,"","","","","","Gap is only in the blank-return_type pseudo-population (1-13 filings/yr with no return type, TY2017-2024; see filings.csv); the variable is filled every year for 990/990-EZ. Not a mapping gap. Gap years: 2022",high
GAP,SA_04_ALL_ORG_NONDETERMIN_IRS_X,SA_04_ALL_ORG_NONDETERMIN_IRS_X,"",accept,"","","","","","Gap is only in the blank-return_type pseudo-population (1-13 filings/yr with no return type, TY2017-2024; see filings.csv); the variable is filled every year for 990/990-EZ. Not a mapping gap. Gap years: 2022",high
GAP,SA_04_ALL_ORG_PAY_CONTRIBUTOR_X,SA_04_ALL_ORG_PAY_CONTRIBUTOR_X,"",accept,"","","","","","Gap is only in the blank-return_type pseudo-population (1-13 filings/yr with no return type, TY2017-2024; see filings.csv); the variable is filled every year for 990/990-EZ. Not a mapping gap. Gap years: 2022",high
GAP,SA_04_ALL_ORG_PERS_DSQ_CTRL_X,SA_04_ALL_ORG_PERS_DSQ_CTRL_X,"",accept,"","","","","","Gap is only in the blank-return_type pseudo-population (1-13 filings/yr with no return type, TY2017-2024; see filings.csv); the variable is filled every year for 990/990-EZ. Not a mapping gap. Gap years: 2022",high
GAP,SA_04_ALL_ORG_PERS_DSQ_OWN_X,SA_04_ALL_ORG_PERS_DSQ_OWN_X,"",accept,"","","","","","Gap is only in the blank-return_type pseudo-population (1-13 filings/yr with no return type, TY2017-2024; see filings.csv); the variable is filled every year for 990/990-EZ. Not a mapping gap. Gap years: 2022",high
GAP,SA_04_ALL_ORG_SUPPORT_OTH_X,SA_04_ALL_ORG_SUPPORT_OTH_X,"",accept,"","","","","","Gap is only in the blank-return_type pseudo-population (1-13 filings/yr with no return type, TY2017-2024; see filings.csv); the variable is filled every year for 990/990-EZ. Not a mapping gap. Gap years: 2022",high
GAP,SA_04_T1_ORG_BEN_OTH_X,SA_04_T1_ORG_BEN_OTH_X,"",accept,"","","","","","Gap is only in the blank-return_type pseudo-population (1-13 filings/yr with no return type, TY2017-2024; see filings.csv); the variable is filled every year for 990/990-EZ. Not a mapping gap. Gap years: 2022",high
GAP,SA_04_T1_ORG_DIR_TRUST_APPONT_X,SA_04_T1_ORG_DIR_TRUST_APPONT_X,"",accept,"","","","","","Gap is only in the blank-return_type pseudo-population (1-13 filings/yr with no return type, TY2017-2024; see filings.csv); the variable is filled every year for 990/990-EZ. Not a mapping gap. Gap years: 2022",high
GAP,SC_01_POLI_ORG_NAME_L2,SC_01_POLI_ORG_NAME_L2,990EZ,accept,"","","","","",Tiny counts: at most 7 990EZ filings/yr in any year; zero-filing years (2012) are sampling noise for a rarely used field (name line 2 / foreign country / address line 2 / small-schedule item). Pre- and post-2013 xpaths are both mapped; no unmapped candidate observed.,high
GAP,SC_02_EXP_GRASS_M_NONTAX_AFFGROU,SC_02_EXP_GRASS_M_NONTAX_AFFGROU,990EZ,accept,"","","","","","Tiny counts: at most 129 990EZ filings/yr in any year; zero-filing years (2010,2013,2014) are sampling noise for a rarely used field (name line 2 / foreign country / address line 2 / small-schedule item). Pre- and post-2013 xpaths are both mapped; no unmapped candidate observed.",medium
GAP,SC_02_EXP_LOB_M_NONTAX_AFFGROUP,SC_02_EXP_LOB_M_NONTAX_AFFGROUP,990EZ,accept,"","","","","",Tiny counts: at most 129 990EZ filings/yr in any year; zero-filing years (2013-2014) are sampling noise for a rarely used field (name line 2 / foreign country / address line 2 / small-schedule item). Pre- and post-2013 xpaths are both mapped; no unmapped candidate observed.,medium
GAP,SC_02_EXP_OTH_EXEMPT_AFFGROUP,SC_02_EXP_OTH_EXEMPT_AFFGROUP,990EZ,accept,"","","","","",Tiny counts: at most 124 990EZ filings/yr in any year; zero-filing years (2013-2014) are sampling noise for a rarely used field (name line 2 / foreign country / address line 2 / small-schedule item). Pre- and post-2013 xpaths are both mapped; no unmapped candidate observed.,medium
GAP,SC_02_LOB_ACT_4912TAX_MGR,SC_02_LOB_ACT_4912TAX_MGR,990EZ,accept,"","","","","","Tiny counts: at most 5 990EZ filings/yr in any year; zero-filing years (2015,2023) are sampling noise for a rarely used field (name line 2 / foreign country / address line 2 / small-schedule item). Pre- and post-2013 xpaths are both mapped; no unmapped candidate observed.",high
GAP,SC_02_LOB_ACT_4912TAX_ORG,SC_02_LOB_ACT_4912TAX_ORG,990EZ,accept,"","","","","",Tiny counts: at most 6 990EZ filings/yr in any year; zero-filing years (2015) are sampling noise for a rarely used field (name line 2 / foreign country / address line 2 / small-schedule item). Pre- and post-2013 xpaths are both mapped; no unmapped candidate observed.,high
GAP,SD_06_ORG_BLDG_BV,SD_06_ORG_BLDG_BV,"",accept,"","","","","","Gap is only in the blank-return_type pseudo-population (1-13 filings/yr with no return type, TY2017-2024; see filings.csv); the variable is filled every year for 990/990-EZ. Not a mapping gap. Gap years: 2023",high
GAP,SD_06_ORG_BLDG_COST_INVEST,SD_06_ORG_BLDG_COST_INVEST,"",accept,"","","","","","Gap is only in the blank-return_type pseudo-population (1-13 filings/yr with no return type, TY2017-2024; see filings.csv); the variable is filled every year for 990/990-EZ. Not a mapping gap. Gap years: 2023",high
GAP,SD_06_ORG_BLDG_COST_OTH,SD_06_ORG_BLDG_COST_OTH,"",accept,"","","","","","Gap is only in the blank-return_type pseudo-population (1-13 filings/yr with no return type, TY2017-2024; see filings.csv); the variable is filled every year for 990/990-EZ. Not a mapping gap. Gap years: 2023",high
GAP,SD_06_ORG_BLDG_DEPREC,SD_06_ORG_BLDG_DEPREC,"",accept,"","","","","","Gap is only in the blank-return_type pseudo-population (1-13 filings/yr with no return type, TY2017-2024; see filings.csv); the variable is filled every year for 990/990-EZ. Not a mapping gap. Gap years: 2023",high
GAP,SD_06_ORG_EQUIP_BV,SD_06_ORG_EQUIP_BV,"",accept,"","","","","","Gap is only in the blank-return_type pseudo-population (1-13 filings/yr with no return type, TY2017-2024; see filings.csv); the variable is filled every year for 990/990-EZ. Not a mapping gap. Gap years: 2023",high
GAP,SD_06_ORG_EQUIP_COST_INVEST,SD_06_ORG_EQUIP_COST_INVEST,"",accept,"","","","","","Gap is only in the blank-return_type pseudo-population (1-13 filings/yr with no return type, TY2017-2024; see filings.csv); the variable is filled every year for 990/990-EZ. Not a mapping gap. Gap years: 2023",high
GAP,SD_06_ORG_LEASEHOLD_BV,SD_06_ORG_LEASEHOLD_BV,"",accept,"","","","","","Gap is only in the blank-return_type pseudo-population (1-13 filings/yr with no return type, TY2017-2024; see filings.csv); the variable is filled every year for 990/990-EZ. Not a mapping gap. Gap years: 2023",high
GAP,SD_06_ORG_TOT_BV,SD_06_ORG_TOT_BV,"",accept,"","","","","","Gap is only in the blank-return_type pseudo-population (1-13 filings/yr with no return type, TY2017-2024; see filings.csv); the variable is filled every year for 990/990-EZ. Not a mapping gap. Gap years: 2023",high
GAP,SG_01_FUNDRAISER_ADDR_CNTR,SG_01_FUNDRAISER_ADDR_CNTR,990EZ,accept,"","","","","","Tiny counts: at most 2 990EZ filings/yr in any year; zero-filing years (2019,2020,2021,2023) are sampling noise for a rarely used field (name line 2 / foreign country / address line 2 / small-schedule item). Pre- and post-2013 xpaths are both mapped; no unmapped candidate observed.",high
GAP,SG_01_FUNDRAISER_ADDR_L2,SG_01_FUNDRAISER_ADDR_L2,990EZ,accept,"","","","","",Tiny counts: at most 3 990EZ filings/yr in any year; zero-filing years (2012-2015) are sampling noise for a rarely used field (name line 2 / foreign country / address line 2 / small-schedule item). Pre- and post-2013 xpaths are both mapped; no unmapped candidate observed.,high
GAP,SG_01_FUNDR_SVC_AGREEMENT_X,SG_01_FUNDR_SVC_AGREEMENT_X,"",accept,"","","","","","Gap is only in the blank-return_type pseudo-population (1-13 filings/yr with no return type, TY2017-2024; see filings.csv); the variable is filled every year for 990/990-EZ. Not a mapping gap. Gap years: 2022",high
GAP,SG_03_GAMING_MGR_NAME_ORG_L2,SG_03_GAMING_MGR_NAME_ORG_L2,990EZ,accept,"","","","","","Tiny counts: at most 2 990EZ filings/yr in any year; zero-filing years (2011,2012,2015,2019,2021) are sampling noise for a rarely used field (name line 2 / foreign country / address line 2 / small-schedule item). Pre- and post-2013 xpaths are both mapped; no unmapped candidate observed.",high
GAP,SG_03_GRK_ADDR_CNTR,SG_03_GRK_ADDR_CNTR,990EZ,accept,"","","","","","Tiny counts: at most 2 990EZ filings/yr in any year; zero-filing years (2010,2011,2012,2013,2014,2016,2017,2018,2019,2020,2021) are sampling noise for a rarely used field (name line 2 / foreign country / address line 2 / small-schedule item). Pre- and post-2013 xpaths are both mapped; no unmapped candidate observed.",high
GAP,SG_03_THIRD_PARTY_ADDR_CNTR,SG_03_THIRD_PARTY_ADDR_CNTR,990,accept,"","","","","",Tiny counts: at most 9 990 filings/yr in any year; zero-filing years (2011-2012) are sampling noise for a rarely used field (name line 2 / foreign country / address line 2 / small-schedule item). Pre- and post-2013 xpaths are both mapped; no unmapped candidate observed.,high
GAP,SG_03_THIRD_PARTY_ADDR_CNTR,SG_03_THIRD_PARTY_ADDR_CNTR,990EZ,accept,"","","","","",Tiny counts: at most 1 990EZ filings/yr in any year; zero-filing years (2015-2017) are sampling noise for a rarely used field (name line 2 / foreign country / address line 2 / small-schedule item). Pre- and post-2013 xpaths are both mapped; no unmapped candidate observed.,high
GAP,SG_03_THIRD_PARTY_ADDR_L2,SG_03_THIRD_PARTY_ADDR_L2,990,accept,"","","","","",Tiny counts: at most 10 990 filings/yr in any year; zero-filing years (2014-2016) are sampling noise for a rarely used field (name line 2 / foreign country / address line 2 / small-schedule item). Pre- and post-2013 xpaths are both mapped; no unmapped candidate observed.,high
GAP,SG_03_THIRD_PARTY_ADDR_L2,SG_03_THIRD_PARTY_ADDR_L2,990EZ,accept,"","","","","","Tiny counts: at most 6 990EZ filings/yr in any year; zero-filing years (2011,2012,2013,2015) are sampling noise for a rarely used field (name line 2 / foreign country / address line 2 / small-schedule item). Pre- and post-2013 xpaths are both mapped; no unmapped candidate observed.",high
GAP,SG_03_THIRD_PARTY_NAME_ORG_L2,SG_03_THIRD_PARTY_NAME_ORG_L2,990,accept,"","","","","",Tiny counts: at most 12 990 filings/yr in any year; zero-filing years (2012) are sampling noise for a rarely used field (name line 2 / foreign country / address line 2 / small-schedule item). Pre- and post-2013 xpaths are both mapped; no unmapped candidate observed.,high
GAP,SG_03_THIRD_PARTY_NAME_ORG_L2,SG_03_THIRD_PARTY_NAME_ORG_L2,990EZ,accept,"","","","","","Tiny counts: at most 3 990EZ filings/yr in any year; zero-filing years (2011,2013,2014,2015,2016,2017,2018,2019) are sampling noise for a rarely used field (name line 2 / foreign country / address line 2 / small-schedule item). Pre- and post-2013 xpaths are both mapped; no unmapped candidate observed.",high
GAP,SH_05_CHNA_EXCISE_TAX_4959_AMT,SH_05_CHNA_EXCISE_TAX_4959_AMT,990,accept,"","","","","",Tiny counts: at most 7 990 filings/yr in any year; zero-filing years (2014) are sampling noise for a rarely used field (name line 2 / foreign country / address line 2 / small-schedule item). Pre- and post-2013 xpaths are both mapped; no unmapped candidate observed.,high
GAP,SH_05_EMERGENCY_LIMIT_CARE_X,SH_05_EMERGENCY_LIMIT_CARE_X,990,accept,"","","","","","Tiny counts: at most 1 990 filings/yr in any year; zero-filing years (2013,2014,2016,2017) are sampling noise for a rarely used field (name line 2 / foreign country / address line 2 / small-schedule item). Pre- and post-2013 xpaths are both mapped; no unmapped candidate observed.",high
GAP,SJ_01_COMP_CONTINGENT_NET_ORG_X,SJ_01_COMP_CONTINGENT_NET_ORG_X,"",accept,"","","","","","Gap is only in the blank-return_type pseudo-population (1-13 filings/yr with no return type, TY2017-2024; see filings.csv); the variable is filled every year for 990/990-EZ. Not a mapping gap. Gap years: 2022",high
GAP,SJ_01_COMP_CONTINGENT_NET_RLTD_X,SJ_01_COMP_CONTINGENT_NET_RLTD_X,"",accept,"","","","","","Gap is only in the blank-return_type pseudo-population (1-13 filings/yr with no return type, TY2017-2024; see filings.csv); the variable is filled every year for 990/990-EZ. Not a mapping gap. Gap years: 2022",high
GAP,SJ_01_COMP_CONTINGENT_REV_ORG_X,SJ_01_COMP_CONTINGENT_REV_ORG_X,"",accept,"","","","","","Gap is only in the blank-return_type pseudo-population (1-13 filings/yr with no return type, TY2017-2024; see filings.csv); the variable is filled every year for 990/990-EZ. Not a mapping gap. Gap years: 2022",high
GAP,SJ_01_COMP_CONTINGENT_REV_RLTD_X,SJ_01_COMP_CONTINGENT_REV_RLTD_X,"",accept,"","","","","","Gap is only in the blank-return_type pseudo-population (1-13 filings/yr with no return type, TY2017-2024; see filings.csv); the variable is filled every year for 990/990-EZ. Not a mapping gap. Gap years: 2022",high
GAP,SJ_01_COMP_KONTR_EXCEPTION_X,SJ_01_COMP_KONTR_EXCEPTION_X,"",accept,"","","","","","Gap is only in the blank-return_type pseudo-population (1-13 filings/yr with no return type, TY2017-2024; see filings.csv); the variable is filled every year for 990/990-EZ. Not a mapping gap. Gap years: 2022",high
GAP,SJ_01_COMP_NON_FIXED_PAYMENT_X,SJ_01_COMP_NON_FIXED_PAYMENT_X,"",accept,"","","","","","Gap is only in the blank-return_type pseudo-population (1-13 filings/yr with no return type, TY2017-2024; see filings.csv); the variable is filled every year for 990/990-EZ. Not a mapping gap. Gap years: 2022",high
GAP,SJ_01_COMP_PAY_EQUITY_BASED_X,SJ_01_COMP_PAY_EQUITY_BASED_X,"",accept,"","","","","","Gap is only in the blank-return_type pseudo-population (1-13 filings/yr with no return type, TY2017-2024; see filings.csv); the variable is filled every year for 990/990-EZ. Not a mapping gap. Gap years: 2022",high
GAP,SJ_01_COMP_PAY_RETIREMENT_PLAN_X,SJ_01_COMP_PAY_RETIREMENT_PLAN_X,"",accept,"","","","","","Gap is only in the blank-return_type pseudo-population (1-13 filings/yr with no return type, TY2017-2024; see filings.csv); the variable is filled every year for 990/990-EZ. Not a mapping gap. Gap years: 2022",high
GAP,SJ_01_COMP_PAY_SEVERANCE_X,SJ_01_COMP_PAY_SEVERANCE_X,"",accept,"","","","","","Gap is only in the blank-return_type pseudo-population (1-13 filings/yr with no return type, TY2017-2024; see filings.csv); the variable is filled every year for 990/990-EZ. Not a mapping gap. Gap years: 2022",high
GAP,SJ_02_COMP_DTK_BASE_ORG,SJ_02_COMP_DTK_BASE_ORG,"",accept,"","","","","","Gap is only in the blank-return_type pseudo-population (1-13 filings/yr with no return type, TY2017-2024; see filings.csv); the variable is filled every year for 990/990-EZ. Not a mapping gap. Gap years: 2022",high
GAP,SJ_02_COMP_DTK_NAME_PERS,SJ_02_COMP_DTK_NAME_PERS,"",accept,"","","","","","Gap is only in the blank-return_type pseudo-population (1-13 filings/yr with no return type, TY2017-2024; see filings.csv); the variable is filled every year for 990/990-EZ. Not a mapping gap. Gap years: 2022",high
GAP,SJ_02_COMP_DTK_TITLE,SJ_02_COMP_DTK_TITLE,"",accept,"","","","","","Gap is only in the blank-return_type pseudo-population (1-13 filings/yr with no return type, TY2017-2024; see filings.csv); the variable is filled every year for 990/990-EZ. Not a mapping gap. Gap years: 2022",high
GAP,SJ_02_COMP_DTK_TOT_ORG,SJ_02_COMP_DTK_TOT_ORG,"",accept,"","","","","","Gap is only in the blank-return_type pseudo-population (1-13 filings/yr with no return type, TY2017-2024; see filings.csv); the variable is filled every year for 990/990-EZ. Not a mapping gap. Gap years: 2022",high
GAP,SL_01_TRANSAC_AMT_TAX_REIMBURSED,SL_01_TRANSAC_AMT_TAX_REIMBURSED,990EZ,accept,"","","","","",Tiny counts: at most 56 990EZ filings/yr in any year; zero-filing years (2015) are sampling noise for a rarely used field (name line 2 / foreign country / address line 2 / small-schedule item). Pre- and post-2013 xpaths are both mapped; no unmapped candidate observed.,high
GAP,SL_01_TRANSAC_DSQ_NAME_ORG_L1,SL_01_TRANSAC_DSQ_NAME_ORG_L1,990EZ,accept,"","","","","",Tiny counts: at most 3 990EZ filings/yr in any year; zero-filing years (2019) are sampling noise for a rarely used field (name line 2 / foreign country / address line 2 / small-schedule item). Pre- and post-2013 xpaths are both mapped; no unmapped candidate observed.,high
GAP,SL_01_TRANSAC_DSQ_NAME_ORG_L2,SL_01_TRANSAC_DSQ_NAME_ORG_L2,990,accept,"","","","","","Tiny counts: at most 34 990 filings/yr in any year; zero-filing years (2013,2014,2015,2016,2017,2019,2020) are sampling noise for a rarely used field (name line 2 / foreign country / address line 2 / small-schedule item). Pre- and post-2013 xpaths are both mapped; no unmapped candidate observed.",high
GAP,SL_03_GRANT_INT_NAME_ORG_L1,SL_03_GRANT_INT_NAME_ORG_L1,990EZ,accept,"","","","","","Tiny counts: at most 3 990EZ filings/yr in any year; zero-filing years (2018,2023) are sampling noise for a rarely used field (name line 2 / foreign country / address line 2 / small-schedule item). Pre- and post-2013 xpaths are both mapped; no unmapped candidate observed.",high
GAP,SL_03_GRANT_INT_NAME_ORG_L2,SL_03_GRANT_INT_NAME_ORG_L2,990,accept,"","","","","",Tiny counts: at most 6 990 filings/yr in any year; zero-filing years (2015) are sampling noise for a rarely used field (name line 2 / foreign country / address line 2 / small-schedule item). Pre- and post-2013 xpaths are both mapped; no unmapped candidate observed.,high
GAP,SL_04_BIZTRANSAC_INT_NAME_ORG_L2,SL_04_BIZTRANSAC_INT_NAME_ORG_L2,990EZ,accept,"","","","","",Tiny counts: at most 1 990EZ filings/yr in any year; zero-filing years (2021-2023) are sampling noise for a rarely used field (name line 2 / foreign country / address line 2 / small-schedule item). Pre- and post-2013 xpaths are both mapped; no unmapped candidate observed.,high
GAP,SR_06_UNRLTD_ORG_PTR_ADDR_CNTR,SR_06_UNRLTD_ORG_PTR_ADDR_CNTR,990,accept,"","","","","",Tiny counts: at most 3 990 filings/yr in any year; zero-filing years (2023) are sampling noise for a rarely used field (name line 2 / foreign country / address line 2 / small-schedule item). Pre- and post-2013 xpaths are both mapped; no unmapped candidate observed.,high
GAP,SR_06_UNRLTD_ORG_PTR_ADDR_L2,SR_06_UNRLTD_ORG_PTR_ADDR_L2,990,accept,"","","","","",Tiny counts: at most 8 990 filings/yr in any year; zero-filing years (2012-2013) are sampling noise for a rarely used field (name line 2 / foreign country / address line 2 / small-schedule item). Pre- and post-2013 xpaths are both mapped; no unmapped candidate observed.,high
GAP,SR_06_UNRLTD_ORG_PTR_DMCL_CNTR,SR_06_UNRLTD_ORG_PTR_DMCL_CNTR,990,accept,"","","","","",Tiny counts: at most 3 990 filings/yr in any year; zero-filing years (2023) are sampling noise for a rarely used field (name line 2 / foreign country / address line 2 / small-schedule item). Pre- and post-2013 xpaths are both mapped; no unmapped candidate observed.,high
INCIDENCE_BREAK,F9_00_ALL_AFFIL_INCL_X,F9_00_ALL_AFFIL_INCL_X,990,accept,"","","","","",Break is only in unchecked/false/zero filler values: count of substantive (true/non-zero) values changes x0.85 in 2019 while the raw fill rate changes x0.05 (filer software stopped/started emitting empty answers; schema made the question conditional). Same xpath.,high
INCIDENCE_BREAK,F9_00_DISASTER_RELIEF,F9_00_DISASTER_RELIEF,990,accept,"","","","","","Event-driven free text with small counts (6-840/yr); 2016 spike (112) vs 2015 (6) and 2017 (36) reflects disaster declarations, same xpath DisasterReliefTxt throughout. Separately, the 2009-2012 predecessor /Return/ReturnHeader/DisasterRelief is UNMAPPED (181 filings) - see UNMAPPED row (add_to_variable).",high
INCIDENCE_BREAK,F9_00_EXEMPT_STAT_4947A1_X,F9_00_EXEMPT_STAT_4947A1_X,990,accept,"","","","","","2009 is a partial early-filer year (48,781 filings); 7 -> 313 filings 2009->2010 with the same xpath; level stable 2010-2024.",high
INCIDENCE_BREAK,F9_00_EXEMPT_STAT_501C_X,F9_00_EXEMPT_STAT_501C_X,990,needs_input,"","","","","","TY2009 (2009v1.x schemas) had no separate Organization501c3 element: every 990/990-EZ filer (100% in 2009) used Organization501c with a type attribute, so 2009 values of this variable include 501(c)(3)s while F9_00_EXEMPT_STAT_501C3_X is empty for 2009. Fix needs the 501(c) type attribute (not captured in evidence) or a production rule; decide whether to blank 2009 or derive 501C3_X from the attribute.",medium
INCIDENCE_BREAK,F9_00_EXEMPT_STAT_501C_X,F9_00_EXEMPT_STAT_501C_X,990EZ,needs_input,"","","","","","TY2009 (2009v1.x schemas) had no separate Organization501c3 element: every 990/990-EZ filer (100% in 2009) used Organization501c with a type attribute, so 2009 values of this variable include 501(c)(3)s while F9_00_EXEMPT_STAT_501C3_X is empty for 2009. Fix needs the 501(c) type attribute (not captured in evidence) or a production rule; decide whether to blank 2009 or derive 501C3_X from the attribute.",medium
INCIDENCE_BREAK,F9_00_IRS_SEC_DEVICE_ID,F9_00_IRS_SEC_DEVICE_ID,990EZ,accept,"","","","","",IRS stopped publishing ReturnHeader/FilingSecurityInformation in TY2020 (only 12-65 filings); IRS-internal field. Not a mapping gap.,high
INCIDENCE_BREAK,F9_00_IRS_SEC_DEVICE_ID,F9_00_IRS_SEC_DEVICE_ID,990,accept,"","","","","",IRS stopped publishing ReturnHeader/FilingSecurityInformation in TY2020 (only 12-65 filings); IRS-internal field. Not a mapping gap.,high
INCIDENCE_BREAK,F9_00_IRS_SEC_FILING_LIC_TYPE,F9_00_IRS_SEC_FILING_LIC_TYPE,990EZ,accept,"","","","","",IRS stopped publishing ReturnHeader/FilingSecurityInformation in TY2020 (only 12-65 filings); IRS-internal field. Not a mapping gap.,high
INCIDENCE_BREAK,F9_00_IRS_SEC_FILING_LIC_TYPE,F9_00_IRS_SEC_FILING_LIC_TYPE,990,accept,"","","","","",IRS stopped publishing ReturnHeader/FilingSecurityInformation in TY2020 (only 12-65 filings); IRS-internal field. Not a mapping gap.,high
INCIDENCE_BREAK,F9_00_IRS_SEC_IP_ADDR,F9_00_IRS_SEC_IP_ADDR,990EZ,accept,"","","","","",IRS stopped publishing ReturnHeader/FilingSecurityInformation in TY2020 (only 12-65 filings); IRS-internal field. Not a mapping gap.,high
INCIDENCE_BREAK,F9_00_IRS_SEC_IP_ADDR,F9_00_IRS_SEC_IP_ADDR,990,accept,"","","","","",IRS stopped publishing ReturnHeader/FilingSecurityInformation in TY2020 (only 12-65 filings); IRS-internal field. Not a mapping gap.,high
INCIDENCE_BREAK,F9_00_IRS_SEC_IP_DATE,F9_00_IRS_SEC_IP_DATE,990EZ,accept,"","","","","",IRS stopped publishing ReturnHeader/FilingSecurityInformation in TY2020 (only 12-65 filings); IRS-internal field. Not a mapping gap.,high
INCIDENCE_BREAK,F9_00_IRS_SEC_IP_DATE,F9_00_IRS_SEC_IP_DATE,990,accept,"","","","","",IRS stopped publishing ReturnHeader/FilingSecurityInformation in TY2020 (only 12-65 filings); IRS-internal field. Not a mapping gap.,high
INCIDENCE_BREAK,F9_00_IRS_SEC_IP_TIME,F9_00_IRS_SEC_IP_TIME,990EZ,accept,"","","","","",IRS stopped publishing ReturnHeader/FilingSecurityInformation in TY2020 (only 12-65 filings); IRS-internal field. Not a mapping gap.,high
INCIDENCE_BREAK,F9_00_IRS_SEC_IP_TIME,F9_00_IRS_SEC_IP_TIME,990,accept,"","","","","",IRS stopped publishing ReturnHeader/FilingSecurityInformation in TY2020 (only 12-65 filings); IRS-internal field. Not a mapping gap.,high
INCIDENCE_BREAK,F9_00_IRS_SEC_IP_TIME_ZONE,F9_00_IRS_SEC_IP_TIME_ZONE,990EZ,accept,"","","","","",IRS stopped publishing ReturnHeader/FilingSecurityInformation in TY2020 (only 12-65 filings); IRS-internal field. Not a mapping gap.,high
INCIDENCE_BREAK,F9_00_IRS_SEC_IP_TIME_ZONE,F9_00_IRS_SEC_IP_TIME_ZONE,990,accept,"","","","","",IRS stopped publishing ReturnHeader/FilingSecurityInformation in TY2020 (only 12-65 filings); IRS-internal field. Not a mapping gap.,high
INCIDENCE_BREAK,F9_00_IRS_SEC_SUBMISSION_ID,F9_00_IRS_SEC_SUBMISSION_ID,990EZ,accept,"","","","","",IRS stopped publishing ReturnHeader/FilingSecurityInformation in TY2020 (only 12-65 filings); IRS-internal field. Not a mapping gap.,high
INCIDENCE_BREAK,F9_00_IRS_SEC_SUBMISSION_ID,F9_00_IRS_SEC_SUBMISSION_ID,990,accept,"","","","","",IRS stopped publishing ReturnHeader/FilingSecurityInformation in TY2020 (only 12-65 filings); IRS-internal field. Not a mapping gap.,high
INCIDENCE_BREAK,F9_00_IRS_TRUST_AUTENTICATED_X,F9_00_IRS_TRUST_AUTENTICATED_X,990,accept,"","","","","",IRS stopped publishing AdditionalFilerInformation/TrustedCustomerGrp during TY2023 (absent 2024); IRS-internal field.,high
INCIDENCE_BREAK,F9_00_IRS_TRUST_CUSTOMER_X,F9_00_IRS_TRUST_CUSTOMER_X,990,accept,"","","","","",IRS stopped publishing AdditionalFilerInformation/TrustedCustomerGrp during TY2023 (absent 2024); IRS-internal field.,high
INCIDENCE_BREAK,F9_00_IRS_TRUST_FED_ASSURANCE_X,F9_00_IRS_TRUST_FED_ASSURANCE_X,990,accept,"","","","","",IRS stopped publishing AdditionalFilerInformation/TrustedCustomerGrp during TY2023 (absent 2024); IRS-internal field.,high
INCIDENCE_BREAK,F9_00_IRS_TRUST_IDENTITY_X,F9_00_IRS_TRUST_IDENTITY_X,990,accept,"","","","","",IRS stopped publishing AdditionalFilerInformation/TrustedCustomerGrp during TY2023 (absent 2024); IRS-internal field.,high
INCIDENCE_BREAK,F9_00_IRS_TRUST_PW_CHANGE_X,F9_00_IRS_TRUST_PW_CHANGE_X,990,accept,"","","","","",IRS stopped publishing AdditionalFilerInformation/TrustedCustomerGrp during TY2023 (absent 2024); IRS-internal field.,high
INCIDENCE_BREAK,F9_00_ORG_ADDR_IN_CARE_OF,F9_00_ORG_ADDR_IN_CARE_OF,990,accept,"","","","","","Same xpath InCareOfName in 2009-2012; only 15/42 filings in TY2009-2010 vs ~7,000 from 2011 (and InCareOfNm 2013+). No unmapped predecessor observed in 2009-2010 ReturnHeader/Filer; field appears to be absent from the public TY2009-2010 header. Not a mapping gap.",medium
INCIDENCE_BREAK,F9_00_ORG_ADDR_IN_CARE_OF,F9_00_ORG_ADDR_IN_CARE_OF,990EZ,accept,"","","","","","Same xpath InCareOfName in 2009-2012; only 15/42 filings in TY2009-2010 vs ~7,000 from 2011 (and InCareOfNm 2013+). No unmapped predecessor observed in 2009-2010 ReturnHeader/Filer; field appears to be absent from the public TY2009-2010 header. Not a mapping gap.",medium
INCIDENCE_BREAK,F9_00_ORG_ADDR_L2,F9_00_ORG_ADDR_L2,990,accept,"","","","","",Filer AddressLine2 disappears from the public ReturnHeader after TY2014 (no Filer/*/AddressLine2* in 2015-2024; other Filer address fields continue). 2014 drop is the last partial year of the element. Not a mapping gap; no successor xpath observed.,medium
INCIDENCE_BREAK,F9_00_PRIN_OFF_NAME_ORG_L2,F9_00_PRIN_OFF_NAME_ORG_L2,990,accept,"","","","","","Small counts (16-219/yr); rise 2014->2015 (37->171) on the same xpath PrincipalOfcrBusinessName/BusinessNameLine2Txt. Organic/software change, not a missing xpath.",medium
INCIDENCE_BREAK,F9_01_EXP_BEN_PAID_MEMB_PY,F9_01_EXP_BEN_PAID_MEMB_PY,990,accept,"","","","","",Break is only in unchecked/false/zero filler values: count of substantive (true/non-zero) values changes x1.26 in 2010 while the raw fill rate changes x3.37 (filer software stopped/started emitting empty answers; schema made the question conditional). Same xpath.,high
INCIDENCE_BREAK,F9_01_EXP_PROF_FUNDR_TOT_PY,F9_01_EXP_PROF_FUNDR_TOT_PY,990,accept,"","","","","",Break is only in unchecked/false/zero filler values: count of substantive (true/non-zero) values changes x0.75 in 2010 while the raw fill rate changes x3.03 (filer software stopped/started emitting empty answers; schema made the question conditional). Same xpath.,high
INCIDENCE_BREAK,F9_02_PREP_FIRM_ADDR_L2,F9_02_PREP_FIRM_ADDR_L2,990EZ,accept,"","","","","","Small counts (4-1,307/yr); 2011->2012 rise (36->167) on the same xpath, continuous thereafter. Not a mapping gap.",medium
INCIDENCE_BREAK,F9_02_PREP_FIRM_EIN,F9_02_PREP_FIRM_EIN,990,accept,"","","","","","Preparer firm EIN/PTIN appear from TY2011 (PTIN mandate for paid preparers from 2011); TY2010 only 26/10 filings on the same xpath, continuous thereafter through the 2013 rename. Not a mapping gap.",high
INCIDENCE_BREAK,F9_02_PREP_FIRM_EIN,F9_02_PREP_FIRM_EIN,990EZ,accept,"","","","","","Preparer firm EIN/PTIN appear from TY2011 (PTIN mandate for paid preparers from 2011); TY2010 only 26/10 filings on the same xpath, continuous thereafter through the 2013 rename. Not a mapping gap.",high
INCIDENCE_BREAK,F9_02_PREP_PERS_PTIN,F9_02_PREP_PERS_PTIN,990,accept,"","","","","",PTIN requirement for paid preparers took effect in 2011; TY2010 has only 25/10 filings on the same xpath. Continuous after the 2013 rename (Preparer/PTIN -> PreparerPersonGrp/PTIN).,high
INCIDENCE_BREAK,F9_02_PREP_PERS_PTIN,F9_02_PREP_PERS_PTIN,990EZ,accept,"","","","","",PTIN requirement for paid preparers took effect in 2011; TY2010 has only 25/10 filings on the same xpath. Continuous after the 2013 rename (Preparer/PTIN -> PreparerPersonGrp/PTIN).,high
INCIDENCE_BREAK,F9_02_SIGNING_OFF_NAME_FIRST,F9_02_SIGNING_OFF_NAME_FIRST,990,accept,"","","","","","ReturnHeader/SigningOfficerGrp (IRS-internal, like TrustedCustomerGrp) stops mid-TY2023 and is absent in 2024; BusinessOfficerGrp/PersonNm (F9_02_SIGNING_OFF_NAME) is continuous. Not a mapping gap.",high
INCIDENCE_BREAK,F9_02_SIGNING_OFF_NAME_LAST,F9_02_SIGNING_OFF_NAME_LAST,990,accept,"","","","","","ReturnHeader/SigningOfficerGrp (IRS-internal, like TrustedCustomerGrp) stops mid-TY2023 and is absent in 2024; BusinessOfficerGrp/PersonNm (F9_02_SIGNING_OFF_NAME) is continuous. Not a mapping gap.",high
INCIDENCE_BREAK,F9_02_SIGNING_OFF_SSN,F9_02_SIGNING_OFF_SSN,990,accept,"","","","","","ReturnHeader/SigningOfficerGrp (IRS-internal, like TrustedCustomerGrp) stops mid-TY2023 and is absent in 2024; BusinessOfficerGrp/PersonNm (F9_02_SIGNING_OFF_NAME) is continuous. Not a mapping gap.",high
INCIDENCE_BREAK,F9_03_PROG_CODE,F9_03_PROG_CODE,990,accept,"","","","","","No >3x break under the current mapping (Part III program-service xpaths were remapped/merged in fix 03); fill rate now 0.2-0.6% (code), ~160% (desc/exp: several activities per filing) or 35-54% (grants/revenue) with smooth year-to-year changes. Stale flag.",high
INCIDENCE_BREAK,F9_03_PROG_CODE,F9_03_PROG_CODE,990,accept,"","","","","","No >3x break under the current mapping (Part III program-service xpaths were remapped/merged in fix 03); fill rate now 0.2-0.6% (code), ~160% (desc/exp: several activities per filing) or 35-54% (grants/revenue) with smooth year-to-year changes. Stale flag.",high
INCIDENCE_BREAK,F9_03_PROG_CODE,F9_03_PROG_CODE,990,accept,"","","","","","No >3x break under the current mapping (Part III program-service xpaths were remapped/merged in fix 03); fill rate now 0.2-0.6% (code), ~160% (desc/exp: several activities per filing) or 35-54% (grants/revenue) with smooth year-to-year changes. Stale flag.",high
INCIDENCE_BREAK,F9_03_PROG_DESC,F9_03_PROG_DESC,990,accept,"","","","","","No >3x break under the current mapping (Part III program-service xpaths were remapped/merged in fix 03); fill rate now 0.2-0.6% (code), ~160% (desc/exp: several activities per filing) or 35-54% (grants/revenue) with smooth year-to-year changes. Stale flag.",high
INCIDENCE_BREAK,F9_03_PROG_DESC,F9_03_PROG_DESC,990,accept,"","","","","","No >3x break under the current mapping (Part III program-service xpaths were remapped/merged in fix 03); fill rate now 0.2-0.6% (code), ~160% (desc/exp: several activities per filing) or 35-54% (grants/revenue) with smooth year-to-year changes. Stale flag.",high
INCIDENCE_BREAK,F9_03_PROG_EXP,F9_03_PROG_EXP,990,accept,"","","","","","No >3x break under the current mapping (Part III program-service xpaths were remapped/merged in fix 03); fill rate now 0.2-0.6% (code), ~160% (desc/exp: several activities per filing) or 35-54% (grants/revenue) with smooth year-to-year changes. Stale flag.",high
INCIDENCE_BREAK,F9_03_PROG_EXP,F9_03_PROG_EXP,990,accept,"","","","","","No >3x break under the current mapping (Part III program-service xpaths were remapped/merged in fix 03); fill rate now 0.2-0.6% (code), ~160% (desc/exp: several activities per filing) or 35-54% (grants/revenue) with smooth year-to-year changes. Stale flag.",high
INCIDENCE_BREAK,F9_03_PROG_GRANT,F9_03_PROG_GRANT,990,accept,"","","","","","No >3x break under the current mapping (Part III program-service xpaths were remapped/merged in fix 03); fill rate now 0.2-0.6% (code), ~160% (desc/exp: several activities per filing) or 35-54% (grants/revenue) with smooth year-to-year changes. Stale flag.",high
INCIDENCE_BREAK,F9_03_PROG_GRANT,F9_03_PROG_GRANT,990,accept,"","","","","","No >3x break under the current mapping (Part III program-service xpaths were remapped/merged in fix 03); fill rate now 0.2-0.6% (code), ~160% (desc/exp: several activities per filing) or 35-54% (grants/revenue) with smooth year-to-year changes. Stale flag.",high
INCIDENCE_BREAK,F9_03_PROG_GRANT,F9_03_PROG_GRANT,990,accept,"","","","","","No >3x break under the current mapping (Part III program-service xpaths were remapped/merged in fix 03); fill rate now 0.2-0.6% (code), ~160% (desc/exp: several activities per filing) or 35-54% (grants/revenue) with smooth year-to-year changes. Stale flag.",high
INCIDENCE_BREAK,F9_03_PROG_REV,F9_03_PROG_REV,990,accept,"","","","","","No >3x break under the current mapping (Part III program-service xpaths were remapped/merged in fix 03); fill rate now 0.2-0.6% (code), ~160% (desc/exp: several activities per filing) or 35-54% (grants/revenue) with smooth year-to-year changes. Stale flag.",high
INCIDENCE_BREAK,F9_03_PROG_REV,F9_03_PROG_REV,990,accept,"","","","","","No >3x break under the current mapping (Part III program-service xpaths were remapped/merged in fix 03); fill rate now 0.2-0.6% (code), ~160% (desc/exp: several activities per filing) or 35-54% (grants/revenue) with smooth year-to-year changes. Stale flag.",high
INCIDENCE_BREAK,F9_03_PROG_REV,F9_03_PROG_REV,990,accept,"","","","","","No >3x break under the current mapping (Part III program-service xpaths were remapped/merged in fix 03); fill rate now 0.2-0.6% (code), ~160% (desc/exp: several activities per filing) or 35-54% (grants/revenue) with smooth year-to-year changes. Stale flag.",high
INCIDENCE_BREAK,F9_04_RLTD_ORG_527_X,F9_04_RLTD_ORG_527_X,990EZ,accept,"","","","","",Break is only in unchecked/false/zero filler values: count of substantive (true/non-zero) values changes x0.63 in 2019 while the raw fill rate changes x0.17 (filer software stopped/started emitting empty answers; schema made the question conditional). Same xpath.,high
INCIDENCE_BREAK,F9_04_TAX_EXEMPT_BOND_ESCROW_X,F9_04_TAX_EXEMPT_BOND_ESCROW_X,990,accept,"","","","","",Break is only in unchecked/false/zero filler values: count of substantive (true/non-zero) values changes x0.98 in 2019 while the raw fill rate changes x0.21 (filer software stopped/started emitting empty answers; schema made the question conditional). Same xpath.,high
INCIDENCE_BREAK,F9_04_TAX_EXEMPT_BOND_INVEST_X,F9_04_TAX_EXEMPT_BOND_INVEST_X,990,accept,"","","","","",Break is only in unchecked/false/zero filler values: count of substantive (true/non-zero) values changes x0.9 in 2019 while the raw fill rate changes x0.21 (filer software stopped/started emitting empty answers; schema made the question conditional). Same xpath.,high
INCIDENCE_BREAK,F9_04_TAX_EXEMPT_BOND_ISSUER_X,F9_04_TAX_EXEMPT_BOND_ISSUER_X,990,accept,"","","","","",Break is only in unchecked/false/zero filler values: count of substantive (true/non-zero) values changes x0.97 in 2019 while the raw fill rate changes x0.21 (filer software stopped/started emitting empty answers; schema made the question conditional). Same xpath.,high
INCIDENCE_BREAK,F9_05_4947_FORM_990_FILED_1041_X,F9_05_4947_FORM_990_FILED_1041_X,990,accept,"","","","","",Break is only in unchecked/false/zero filler values: count of substantive (true/non-zero) values changes x1.2 in 2019 while the raw fill rate changes x0.05 (filer software stopped/started emitting empty answers; schema made the question conditional). Same xpath.,high
INCIDENCE_BREAK,F9_05_4947_TAX_EXEMPT_INT_AMT,F9_05_4947_TAX_EXEMPT_INT_AMT,990,accept,"","","","","",Small counts in 2009-2014 (8-263); 2015 rise is zero-filling (non-zero count ratio 1.31). Both xpaths mapped.,medium
INCIDENCE_BREAK,F9_05_501C12_GRO_INCOME_MEMB,F9_05_501C12_GRO_INCOME_MEMB,990,accept,"","","","","","2009 is a partial early-filer year (99 filings); 1,200-2,700/yr thereafter, continuous across the 2013 rename.",high
INCIDENCE_BREAK,F9_05_501C12_GRO_INCOME_OTH,F9_05_501C12_GRO_INCOME_OTH,990,accept,"","","","","",2009 is a partial early-filer year (97 filings); continuous thereafter across the 2013 rename.,high
INCIDENCE_BREAK,F9_05_501C29_LIC_HEALTH_PLAN_X,F9_05_501C29_LIC_HEALTH_PLAN_X,990,accept,"","","","","",Break is only in unchecked/false/zero filler values: count of substantive (true/non-zero) values changes x0.72 in 2019 while the raw fill rate changes x0.08 (filer software stopped/started emitting empty answers; schema made the question conditional). Same xpath.,high
INCIDENCE_BREAK,F9_05_NONDEDUCT_CONTR_NOTIFY_X,F9_05_NONDEDUCT_CONTR_NOTIFY_X,990,accept,"","","","","",Break is only in unchecked/false/zero filler values: count of substantive (true/non-zero) values changes x1.02 in 2012 while the raw fill rate changes x0.17 (filer software stopped/started emitting empty answers; schema made the question conditional). Same xpath.,high
INCIDENCE_BREAK,F9_05_PTST_FORM_8886T_FILED_X,F9_05_PTST_FORM_8886T_FILED_X,990,accept,"","","","","",Break is only in unchecked/false/zero filler values: count of substantive (true/non-zero) values changes x1.04 in 2012 while the raw fill rate changes x0.04 (filer software stopped/started emitting empty answers; schema made the question conditional). Same xpath.,high
INCIDENCE_BREAK,F9_05_TANNING_FORM_720_FILED_X,F9_05_TANNING_FORM_720_FILED_X,990EZ,accept,"","","","","",Break is only in unchecked/false/zero filler values: count of substantive (true/non-zero) values changes x0.78 in 2019 while the raw fill rate changes x0.13 (filer software stopped/started emitting empty answers; schema made the question conditional). Same xpath.,high
INCIDENCE_BREAK,F9_05_TANNING_FORM_720_FILED_X,F9_05_TANNING_FORM_720_FILED_X,990,accept,"","","","","",Break is only in unchecked/false/zero filler values: count of substantive (true/non-zero) values changes x1.2 in 2012 while the raw fill rate changes x0.01 (filer software stopped/started emitting empty answers; schema made the question conditional). Same xpath.,high
INCIDENCE_BREAK,F9_05_UBIZ_FORM_990T_FILED_X,F9_05_UBIZ_FORM_990T_FILED_X,990EZ,accept,"","","","","",Break is only in unchecked/false/zero filler values: count of substantive (true/non-zero) values changes x1.04 in 2019 while the raw fill rate changes x0.15 (filer software stopped/started emitting empty answers; schema made the question conditional). Same xpath.,high
INCIDENCE_BREAK,F9_06_POLICY_CHPTR_REFERENCE_X,F9_06_POLICY_CHPTR_REFERENCE_X,990,accept,"","","","","",Break is only in unchecked/false/zero filler values: count of substantive (true/non-zero) values changes x0.97 in 2012 while the raw fill rate changes x0.27 (filer software stopped/started emitting empty answers; schema made the question conditional). Same xpath.,high
INCIDENCE_BREAK,F9_06_POLICY_JV_PROC_X,F9_06_POLICY_JV_PROC_X,990,accept,"","","","","",Break is only in unchecked/false/zero filler values: count of substantive (true/non-zero) values changes x0.95 in 2012 while the raw fill rate changes x0.14 (filer software stopped/started emitting empty answers; schema made the question conditional). Same xpath.,high
INCIDENCE_BREAK,F9_07_COMP_DTK_EXPL_NAME_PERS,F9_07_COMP_DTK_EXPL_NAME_PERS,990EZ,accept,"","","","","","Spikes in TY2013 (21,825) and TY2020 (33,740) come from single schema versions (2013v3.1, 2020v4.0) where software listed every officer's PersonNm (123k/216k occurrences) without ShortExplanationTxt (which stays ~1-2k/yr). Software behaviour on the same xpath, not a mapping gap.",medium
INCIDENCE_BREAK,F9_09_INFO_SCHED_O_X,F9_09_INFO_SCHED_O_X,990,accept,"","","","","","Checkbox 'Schedule O contains a response to Part IX' was added in the 2011 form revision; TY2011 is a partial adoption year (6,807) before full use from 2012 (25,585). Same element family, no gap.",medium
INCIDENCE_BREAK,F9_10_ASSET_LOAN_DSQ_PERS_BOY,F9_10_ASSET_LOAN_DSQ_PERS_BOY,990,accept,"","","","","",Break is only in unchecked/false/zero filler values: count of substantive (true/non-zero) values changes x0.87 in 2011 while the raw fill rate changes x3.49 (filer software stopped/started emitting empty answers; schema made the question conditional). Same xpath.,high
INCIDENCE_BREAK,SA_01_PCSTAT_CHURCH_X,SA_01_PCSTAT_CHURCH_X,990EZ,accept,"","","","","",2009 is a partial early-filer year (43 990-EZ filings); level stable 2010-2024 across the 2013 rename.,high
INCIDENCE_BREAK,SA_01_PCSTAT_ORG_AMT_OTH_TOT,SA_01_PCSTAT_ORG_AMT_OTH_TOT,990EZ,accept,"","","","","","Column (vi) total OtherSupportSumAmt introduced with the 2014 Schedule A Part I line 12 redesign (partial adoption in TY2014); 2018 rise is zero-filling (non-zero count ratio 0.86). Single xpath, no predecessor exists.",medium
INCIDENCE_BREAK,SA_03_PCT_33_SUPPORT_TEST_PY_X,SA_03_PCT_33_SUPPORT_TEST_PY_X,990EZ,accept,"","","","","","Same xpath ThirtyThrPctSuprtTestsPY509Ind 2013-2024, all values X; count rises 2.5x (990) and 3.8x (990-EZ) in TY2014 and keeps growing - a real/reporting change coinciding with the 2014 Schedule A revision, not a missing xpath.",medium
INCIDENCE_BREAK,SA_04_T3FUNC_ORG_APOINT_OFF_X,SA_04_T3FUNC_ORG_APOINT_OFF_X,990EZ,accept,"","","","","",Break is only in unchecked/false/zero filler values: count of substantive (true/non-zero) values changes x0.71 in 2017 while the raw fill rate changes x0.3 (filer software stopped/started emitting empty answers; schema made the question conditional). Same xpath.,high
INCIDENCE_BREAK,SA_04_T3FUNC_ORG_DIRECT_POLICY_X,SA_04_T3FUNC_ORG_DIRECT_POLICY_X,990EZ,accept,"","","","","",Break is only in unchecked/false/zero filler values: count of substantive (true/non-zero) values changes x0.69 in 2017 while the raw fill rate changes x0.3 (filer software stopped/started emitting empty answers; schema made the question conditional). Same xpath.,high
INCIDENCE_BREAK,SA_05_ASSET_MINIM_CASH_EXEMPT_CY,SA_05_ASSET_MINIM_CASH_EXEMPT_CY,990EZ,accept,"","","","","","TY2024 jump is zero-filling of Schedule A Part V Sections A/B by filer software (count of non-zero values ratio 0.99, i.e. flat); same xpath throughout.",high
INCIDENCE_BREAK,SA_05_ASSET_MINIM_CASH_EXEMPT_PY,SA_05_ASSET_MINIM_CASH_EXEMPT_PY,990EZ,accept,"","","","","","TY2024 jump is zero-filling of Schedule A Part V Sections A/B by filer software (count of non-zero values ratio 1, i.e. flat); same xpath throughout.",high
INCIDENCE_BREAK,SA_05_ASSET_MINIM_FMV_CASH_CY,SA_05_ASSET_MINIM_FMV_CASH_CY,990EZ,accept,"","","","","","TY2024 jump is zero-filling of Schedule A Part V Sections A/B by filer software (count of non-zero values ratio 0.99, i.e. flat); same xpath throughout.",high
INCIDENCE_BREAK,SA_05_ASSET_MINIM_FMV_CASH_PY,SA_05_ASSET_MINIM_FMV_CASH_PY,990EZ,accept,"","","","","","TY2024 jump is zero-filling of Schedule A Part V Sections A/B by filer software (count of non-zero values ratio 0.97, i.e. flat); same xpath throughout.",high
INCIDENCE_BREAK,SA_05_ASSET_MINIM_FMV_DISCOUNT,SA_05_ASSET_MINIM_FMV_DISCOUNT,990EZ,accept,"","","","","","TY2024 jump is zero-filling of Schedule A Part V Sections A/B by filer software (count of non-zero values ratio , i.e. flat); same xpath throughout.",high
INCIDENCE_BREAK,SA_05_ASSET_MINIM_FMV_OTH_CY,SA_05_ASSET_MINIM_FMV_OTH_CY,990EZ,accept,"","","","","","TY2024 jump is zero-filling of Schedule A Part V Sections A/B by filer software (count of non-zero values ratio 0.94, i.e. flat); same xpath throughout.",high
INCIDENCE_BREAK,SA_05_ASSET_MINIM_FMV_OTH_PY,SA_05_ASSET_MINIM_FMV_OTH_PY,990EZ,accept,"","","","","","TY2024 jump is zero-filling of Schedule A Part V Sections A/B by filer software (count of non-zero values ratio 0.88, i.e. flat); same xpath throughout.",high
INCIDENCE_BREAK,SA_05_ASSET_MINIM_FMV_SEC_CY,SA_05_ASSET_MINIM_FMV_SEC_CY,990EZ,accept,"","","","","","TY2024 jump is zero-filling of Schedule A Part V Sections A/B by filer software (count of non-zero values ratio 1, i.e. flat); same xpath throughout.",high
INCIDENCE_BREAK,SA_05_ASSET_MINIM_FMV_SEC_PY,SA_05_ASSET_MINIM_FMV_SEC_PY,990EZ,accept,"","","","","","TY2024 jump is zero-filling of Schedule A Part V Sections A/B by filer software (count of non-zero values ratio 1.03, i.e. flat); same xpath throughout.",high
INCIDENCE_BREAK,SA_05_ASSET_MINIM_FMV_TOT_CY,SA_05_ASSET_MINIM_FMV_TOT_CY,990EZ,accept,"","","","","","TY2024 jump is zero-filling of Schedule A Part V Sections A/B by filer software (count of non-zero values ratio 0.98, i.e. flat); same xpath throughout.",high
INCIDENCE_BREAK,SA_05_ASSET_MINIM_FMV_TOT_PY,SA_05_ASSET_MINIM_FMV_TOT_PY,990EZ,accept,"","","","","","TY2024 jump is zero-filling of Schedule A Part V Sections A/B by filer software (count of non-zero values ratio 0.95, i.e. flat); same xpath throughout.",high
INCIDENCE_BREAK,SA_05_ASSET_MINIM_INDEPTED_CY,SA_05_ASSET_MINIM_INDEPTED_CY,990EZ,accept,"","","","","","TY2024 jump is zero-filling of Schedule A Part V Sections A/B by filer software (count of non-zero values ratio , i.e. flat); same xpath throughout.",high
INCIDENCE_BREAK,SA_05_ASSET_MINIM_L2_L1D_CY,SA_05_ASSET_MINIM_L2_L1D_CY,990EZ,accept,"","","","","","TY2024 jump is zero-filling of Schedule A Part V Sections A/B by filer software (count of non-zero values ratio 0.98, i.e. flat); same xpath throughout.",high
INCIDENCE_BREAK,SA_05_ASSET_MINIM_L2_L1D_PY,SA_05_ASSET_MINIM_L2_L1D_PY,990EZ,accept,"","","","","","TY2024 jump is zero-filling of Schedule A Part V Sections A/B by filer software (count of non-zero values ratio 0.95, i.e. flat); same xpath throughout.",high
INCIDENCE_BREAK,SA_05_ASSET_MINIM_MULTIPLY_L5_CY,SA_05_ASSET_MINIM_MULTIPLY_L5_CY,990EZ,accept,"","","","","","TY2024 jump is zero-filling of Schedule A Part V Sections A/B by filer software (count of non-zero values ratio 0.98, i.e. flat); same xpath throughout.",high
INCIDENCE_BREAK,SA_05_ASSET_MINIM_MULTIPLY_L5_PY,SA_05_ASSET_MINIM_MULTIPLY_L5_PY,990EZ,accept,"","","","","","TY2024 jump is zero-filling of Schedule A Part V Sections A/B by filer software (count of non-zero values ratio 0.96, i.e. flat); same xpath throughout.",high
INCIDENCE_BREAK,SA_05_ASSET_MINIM_NON_EXEMPT_CY,SA_05_ASSET_MINIM_NON_EXEMPT_CY,990EZ,accept,"","","","","","TY2024 jump is zero-filling of Schedule A Part V Sections A/B by filer software (count of non-zero values ratio 0.98, i.e. flat); same xpath throughout.",high
INCIDENCE_BREAK,SA_05_ASSET_MINIM_NON_EXEMPT_PY,SA_05_ASSET_MINIM_NON_EXEMPT_PY,990EZ,accept,"","","","","","TY2024 jump is zero-filling of Schedule A Part V Sections A/B by filer software (count of non-zero values ratio 0.96, i.e. flat); same xpath throughout.",high
INCIDENCE_BREAK,SA_05_ASSET_MINIM_RECOVERIES_CY,SA_05_ASSET_MINIM_RECOVERIES_CY,990EZ,accept,"","","","","","TY2024 jump is zero-filling of Schedule A Part V Sections A/B by filer software (count of non-zero values ratio , i.e. flat); same xpath throughout.",high
INCIDENCE_BREAK,SA_05_ASSET_MINIM_RECOVERIES_PY,SA_05_ASSET_MINIM_RECOVERIES_PY,990EZ,accept,"","","","","","TY2024 jump is zero-filling of Schedule A Part V Sections A/B by filer software (count of non-zero values ratio 1.15, i.e. flat); same xpath throughout.",high
INCIDENCE_BREAK,SA_05_ASSET_MINIM_TOT_CY,SA_05_ASSET_MINIM_TOT_CY,990EZ,accept,"","","","","","TY2024 jump is zero-filling of Schedule A Part V Sections A/B by filer software (count of non-zero values ratio 0.98, i.e. flat); same xpath throughout.",high
INCIDENCE_BREAK,SA_05_ASSET_MINIM_TOT_PY,SA_05_ASSET_MINIM_TOT_PY,990EZ,accept,"","","","","","TY2024 jump is zero-filling of Schedule A Part V Sections A/B by filer software (count of non-zero values ratio 0.95, i.e. flat); same xpath throughout.",high
INCIDENCE_BREAK,SA_05_DIST_ALLOC_DIST_APPLY_DA,SA_05_DIST_ALLOC_DIST_APPLY_DA,990EZ,accept,"","","","","",Break is only in unchecked/false/zero filler values: count of substantive (true/non-zero) values changes x0.8 in 2017 while the raw fill rate changes x3.91 (filer software stopped/started emitting empty answers; schema made the question conditional). Same xpath.,high
INCIDENCE_BREAK,SA_05_NETINCOME_ADJ_ADD_L123_CY,SA_05_NETINCOME_ADJ_ADD_L123_CY,990EZ,accept,"","","","","","TY2024 jump is zero-filling of Schedule A Part V Sections A/B by filer software (count of non-zero values ratio 0.95, i.e. flat); same xpath throughout.",high
INCIDENCE_BREAK,SA_05_NETINCOME_ADJ_ADD_L123_PY,SA_05_NETINCOME_ADJ_ADD_L123_PY,990EZ,accept,"","","","","","TY2024 jump is zero-filling of Schedule A Part V Sections A/B by filer software (count of non-zero values ratio 0.92, i.e. flat); same xpath throughout.",high
INCIDENCE_BREAK,SA_05_NETINCOME_ADJ_CAP_GAIN_CY,SA_05_NETINCOME_ADJ_CAP_GAIN_CY,990EZ,accept,"","","","","","TY2024 jump is zero-filling of Schedule A Part V Sections A/B by filer software (count of non-zero values ratio 1.47, i.e. flat); same xpath throughout.",high
INCIDENCE_BREAK,SA_05_NETINCOME_ADJ_CAP_GAIN_PY,SA_05_NETINCOME_ADJ_CAP_GAIN_PY,990EZ,accept,"","","","","","TY2024 jump is zero-filling of Schedule A Part V Sections A/B by filer software (count of non-zero values ratio 1.78, i.e. flat); same xpath throughout.",high
INCIDENCE_BREAK,SA_05_NETINCOME_ADJ_DEPREC_CY,SA_05_NETINCOME_ADJ_DEPREC_CY,990EZ,accept,"","","","","","TY2024 jump is zero-filling of Schedule A Part V Sections A/B by filer software (count of non-zero values ratio 1.15, i.e. flat); same xpath throughout.",high
INCIDENCE_BREAK,SA_05_NETINCOME_ADJ_DEPREC_PY,SA_05_NETINCOME_ADJ_DEPREC_PY,990EZ,accept,"","","","","","TY2024 jump is zero-filling of Schedule A Part V Sections A/B by filer software (count of non-zero values ratio 1.03, i.e. flat); same xpath throughout.",high
INCIDENCE_BREAK,SA_05_NETINCOME_ADJ_EXP_OTH_CY,SA_05_NETINCOME_ADJ_EXP_OTH_CY,990EZ,accept,"","","","","","TY2024 jump is zero-filling of Schedule A Part V Sections A/B by filer software (count of non-zero values ratio 0.84, i.e. flat); same xpath throughout.",high
INCIDENCE_BREAK,SA_05_NETINCOME_ADJ_EXP_OTH_PY,SA_05_NETINCOME_ADJ_EXP_OTH_PY,990EZ,accept,"","","","","","TY2024 jump is zero-filling of Schedule A Part V Sections A/B by filer software (count of non-zero values ratio 0.93, i.e. flat); same xpath throughout.",high
INCIDENCE_BREAK,SA_05_NETINCOME_ADJ_OTH_GRO_CY,SA_05_NETINCOME_ADJ_OTH_GRO_CY,990EZ,accept,"","","","","","TY2024 jump is zero-filling of Schedule A Part V Sections A/B by filer software (count of non-zero values ratio 0.91, i.e. flat); same xpath throughout.",high
INCIDENCE_BREAK,SA_05_NETINCOME_ADJ_OTH_GRO_PY,SA_05_NETINCOME_ADJ_OTH_GRO_PY,990EZ,accept,"","","","","","TY2024 jump is zero-filling of Schedule A Part V Sections A/B by filer software (count of non-zero values ratio 0.91, i.e. flat); same xpath throughout.",high
INCIDENCE_BREAK,SA_05_NETINCOME_ADJ_PRODUCT_CY,SA_05_NETINCOME_ADJ_PRODUCT_CY,990EZ,accept,"","","","","","TY2024 jump is zero-filling of Schedule A Part V Sections A/B by filer software (count of non-zero values ratio 0.97, i.e. flat); same xpath throughout.",high
INCIDENCE_BREAK,SA_05_NETINCOME_ADJ_PRODUCT_PY,SA_05_NETINCOME_ADJ_PRODUCT_PY,990EZ,accept,"","","","","","TY2024 jump is zero-filling of Schedule A Part V Sections A/B by filer software (count of non-zero values ratio 0.91, i.e. flat); same xpath throughout.",high
INCIDENCE_BREAK,SA_05_NETINCOME_ADJ_RECOVERY_CY,SA_05_NETINCOME_ADJ_RECOVERY_CY,990EZ,accept,"","","","","","TY2024 jump is zero-filling of Schedule A Part V Sections A/B by filer software (count of non-zero values ratio , i.e. flat); same xpath throughout.",high
INCIDENCE_BREAK,SA_05_NETINCOME_ADJ_RECOVERY_PY,SA_05_NETINCOME_ADJ_RECOVERY_PY,990EZ,accept,"","","","","","TY2024 jump is zero-filling of Schedule A Part V Sections A/B by filer software (count of non-zero values ratio 0.58, i.e. flat); same xpath throughout.",high
INCIDENCE_BREAK,SA_05_NETINCOME_ADJ_TOT_CY,SA_05_NETINCOME_ADJ_TOT_CY,990EZ,accept,"","","","","","TY2024 jump is zero-filling of Schedule A Part V Sections A/B by filer software (count of non-zero values ratio 0.98, i.e. flat); same xpath throughout.",high
INCIDENCE_BREAK,SA_05_NETINCOME_ADJ_TOT_PY,SA_05_NETINCOME_ADJ_TOT_PY,990EZ,accept,"","","","","","TY2024 jump is zero-filling of Schedule A Part V Sections A/B by filer software (count of non-zero values ratio 0.95, i.e. flat); same xpath throughout.",high
INCIDENCE_BREAK,SB_01_CONTRIBUTOR_ADDR_CITY,SB_01_CONTRIBUTOR_ADDR_CITY,990,accept,"","","","","","IRS public release shipped Schedule B empty for most TY2017 (and part of TY2018) filings: 234,516 filings contain an empty IRS990ScheduleB element (see UNMAPPED row for IRS990ScheduleB); the same xpaths resume in 2018/2019. Not a mapping gap.",high
INCIDENCE_BREAK,SB_01_CONTRIBUTOR_ADDR_CITY,SB_01_CONTRIBUTOR_ADDR_CITY,990EZ,accept,"","","","","","IRS public release shipped Schedule B empty for most TY2017 (and part of TY2018) filings: 234,516 filings contain an empty IRS990ScheduleB element (see UNMAPPED row for IRS990ScheduleB); the same xpaths resume in 2018/2019. Not a mapping gap.",high
INCIDENCE_BREAK,SB_01_CONTRIBUTOR_ADDR_L1,SB_01_CONTRIBUTOR_ADDR_L1,990,accept,"","","","","","IRS public release shipped Schedule B empty for most TY2017 (and part of TY2018) filings: 234,516 filings contain an empty IRS990ScheduleB element (see UNMAPPED row for IRS990ScheduleB); the same xpaths resume in 2018/2019. Not a mapping gap.",high
INCIDENCE_BREAK,SB_01_CONTRIBUTOR_ADDR_L1,SB_01_CONTRIBUTOR_ADDR_L1,990EZ,accept,"","","","","","IRS public release shipped Schedule B empty for most TY2017 (and part of TY2018) filings: 234,516 filings contain an empty IRS990ScheduleB element (see UNMAPPED row for IRS990ScheduleB); the same xpaths resume in 2018/2019. Not a mapping gap.",high
INCIDENCE_BREAK,SB_01_CONTRIBUTOR_ADDR_L2,SB_01_CONTRIBUTOR_ADDR_L2,990,accept,"","","","","","IRS public release shipped Schedule B empty for most TY2017 (and part of TY2018) filings: 234,516 filings contain an empty IRS990ScheduleB element (see UNMAPPED row for IRS990ScheduleB); the same xpaths resume in 2018/2019. Not a mapping gap.",high
INCIDENCE_BREAK,SB_01_CONTRIBUTOR_ADDR_L2,SB_01_CONTRIBUTOR_ADDR_L2,990EZ,accept,"","","","","","IRS public release shipped Schedule B empty for most TY2017 (and part of TY2018) filings: 234,516 filings contain an empty IRS990ScheduleB element (see UNMAPPED row for IRS990ScheduleB); the same xpaths resume in 2018/2019. Not a mapping gap.",high
INCIDENCE_BREAK,SB_01_CONTRIBUTOR_ADDR_STATE,SB_01_CONTRIBUTOR_ADDR_STATE,990,accept,"","","","","","IRS public release shipped Schedule B empty for most TY2017 (and part of TY2018) filings: 234,516 filings contain an empty IRS990ScheduleB element (see UNMAPPED row for IRS990ScheduleB); the same xpaths resume in 2018/2019. Not a mapping gap.",high
INCIDENCE_BREAK,SB_01_CONTRIBUTOR_ADDR_STATE,SB_01_CONTRIBUTOR_ADDR_STATE,990EZ,accept,"","","","","","IRS public release shipped Schedule B empty for most TY2017 (and part of TY2018) filings: 234,516 filings contain an empty IRS990ScheduleB element (see UNMAPPED row for IRS990ScheduleB); the same xpaths resume in 2018/2019. Not a mapping gap.",high
INCIDENCE_BREAK,SB_01_CONTRIBUTOR_ADDR_ZIP,SB_01_CONTRIBUTOR_ADDR_ZIP,990,accept,"","","","","","IRS public release shipped Schedule B empty for most TY2017 (and part of TY2018) filings: 234,516 filings contain an empty IRS990ScheduleB element (see UNMAPPED row for IRS990ScheduleB); the same xpaths resume in 2018/2019. Not a mapping gap.",high
INCIDENCE_BREAK,SB_01_CONTRIBUTOR_ADDR_ZIP,SB_01_CONTRIBUTOR_ADDR_ZIP,990EZ,accept,"","","","","","IRS public release shipped Schedule B empty for most TY2017 (and part of TY2018) filings: 234,516 filings contain an empty IRS990ScheduleB element (see UNMAPPED row for IRS990ScheduleB); the same xpaths resume in 2018/2019. Not a mapping gap.",high
INCIDENCE_BREAK,SB_01_CONTRIBUTOR_AMOUNT,SB_01_CONTRIBUTOR_AMOUNT,990,accept,"","","","","","IRS public release shipped Schedule B empty for most TY2017 (and part of TY2018) filings: 234,516 filings contain an empty IRS990ScheduleB element (see UNMAPPED row for IRS990ScheduleB); the same xpaths resume in 2018/2019. Not a mapping gap.",high
INCIDENCE_BREAK,SB_01_CONTRIBUTOR_AMOUNT,SB_01_CONTRIBUTOR_AMOUNT,990EZ,accept,"","","","","","IRS public release shipped Schedule B empty for most TY2017 (and part of TY2018) filings: 234,516 filings contain an empty IRS990ScheduleB element (see UNMAPPED row for IRS990ScheduleB); the same xpaths resume in 2018/2019. Not a mapping gap.",high
INCIDENCE_BREAK,SB_01_CONTRIBUTOR_NAME_L1,SB_01_CONTRIBUTOR_NAME_L1,990,accept,"","","","","","IRS public release shipped Schedule B empty for most TY2017 (and part of TY2018) filings: 234,516 filings contain an empty IRS990ScheduleB element (see UNMAPPED row for IRS990ScheduleB); the same xpaths resume in 2018/2019. Not a mapping gap.",high
INCIDENCE_BREAK,SB_01_CONTRIBUTOR_NAME_L1,SB_01_CONTRIBUTOR_NAME_L1,990EZ,accept,"","","","","","IRS public release shipped Schedule B empty for most TY2017 (and part of TY2018) filings: 234,516 filings contain an empty IRS990ScheduleB element (see UNMAPPED row for IRS990ScheduleB); the same xpaths resume in 2018/2019. Not a mapping gap.",high
INCIDENCE_BREAK,SB_01_CONTRIBUTOR_TYPE,SB_01_CONTRIBUTOR_TYPE,990,accept,"","","","","","IRS public release shipped Schedule B empty for most TY2017 (and part of TY2018) filings: 234,516 filings contain an empty IRS990ScheduleB element (see UNMAPPED row for IRS990ScheduleB); the same xpaths resume in 2018/2019. Not a mapping gap.",high
INCIDENCE_BREAK,SB_01_CONTRIBUTOR_TYPE,SB_01_CONTRIBUTOR_TYPE,990EZ,accept,"","","","","","IRS public release shipped Schedule B empty for most TY2017 (and part of TY2018) filings: 234,516 filings contain an empty IRS990ScheduleB element (see UNMAPPED row for IRS990ScheduleB); the same xpaths resume in 2018/2019. Not a mapping gap.",high
INCIDENCE_BREAK,SC_01_4955_FORM4720_CORRECTED_X,SC_01_4955_FORM4720_CORRECTED_X,990EZ,accept,"","","","","","Break is only in unchecked/false/zero filler values: count of substantive (true/non-zero) values changes x0.84/0.63 in 2011,2012 while the raw fill rate changes x3.68/0.11 (filer software stopped/started emitting empty answers; schema made the question conditional). Same xpath.",high
INCIDENCE_BREAK,SC_01_4955_FORM4720_CORRECTED_X,SC_01_4955_FORM4720_CORRECTED_X,990,accept,"","","","","",Break is only in unchecked/false/zero filler values: count of substantive (true/non-zero) values changes x1.27 in 2012 while the raw fill rate changes x0.22 (filer software stopped/started emitting empty answers; schema made the question conditional). Same xpath.,high
INCIDENCE_BREAK,SC_01_4955_FORM4720_FILED_X,SC_01_4955_FORM4720_FILED_X,990EZ,accept,"","","","","","Break is only in unchecked/false/zero filler values: count of substantive (true/non-zero) values changes x1.25/0.97 in 2011,2012 while the raw fill rate changes x3.48/0.12 (filer software stopped/started emitting empty answers; schema made the question conditional). Same xpath.",high
INCIDENCE_BREAK,SC_01_4955_FORM4720_FILED_X,SC_01_4955_FORM4720_FILED_X,990,accept,"","","","","",Break is only in unchecked/false/zero filler values: count of substantive (true/non-zero) values changes x1.88 in 2012 while the raw fill rate changes x0.23 (filer software stopped/started emitting empty answers; schema made the question conditional). Same xpath.,high
INCIDENCE_BREAK,SC_01_ORG_FORM1120_FILED_X,SC_01_ORG_FORM1120_FILED_X,990EZ,accept,"","","","","","Break is only in unchecked/false/zero filler values: count of substantive (true/non-zero) values changes x1.81/0.54 in 2011,2012 while the raw fill rate changes x3.43/0.22 (filer software stopped/started emitting empty answers; schema made the question conditional). Same xpath.",high
INCIDENCE_BREAK,SC_02_4911TAX_FORM4720_FILED_X,SC_02_4911TAX_FORM4720_FILED_X,990EZ,accept,"","","","","","TY2011 spike on 990-EZ/990 Schedule C (one software emitting false/unchecked lobbying boxes) followed by a return to the 2009-2010 level in 2012 and flat 2013-2024 (post-rename xpath). Same element family, not a mapping gap.",medium
INCIDENCE_BREAK,SC_02_4911TAX_FORM4720_FILED_X,SC_02_4911TAX_FORM4720_FILED_X,990,accept,"","","","","",Break is only in unchecked/false/zero filler values: count of substantive (true/non-zero) values changes x1.79 in 2012 while the raw fill rate changes x0.17 (filer software stopped/started emitting empty answers; schema made the question conditional). Same xpath.,high
INCIDENCE_BREAK,SC_02_LOB_ACT_4912_FILE_4720_X,SC_02_LOB_ACT_4912_FILE_4720_X,990EZ,accept,"","","","","","TY2011 spike on 990-EZ/990 Schedule C (one software emitting false/unchecked lobbying boxes) followed by a return to the 2009-2010 level in 2012 and flat 2013-2024 (post-rename xpath). Same element family, not a mapping gap.",medium
INCIDENCE_BREAK,SC_02_LOB_ACT_4912_FILE_4720_X,SC_02_LOB_ACT_4912_FILE_4720_X,990,accept,"","","","","",Break is only in unchecked/false/zero filler values: count of substantive (true/non-zero) values changes x0.53 in 2012 while the raw fill rate changes x0.17 (filer software stopped/started emitting empty answers; schema made the question conditional). Same xpath.,high
INCIDENCE_BREAK,SC_02_LOB_ACT_CONTACT_LEGIS_X,SC_02_LOB_ACT_CONTACT_LEGIS_X,990EZ,accept,"","","","","","TY2011 spike on 990-EZ/990 Schedule C (one software emitting false/unchecked lobbying boxes) followed by a return to the 2009-2010 level in 2012 and flat 2013-2024 (post-rename xpath). Same element family, not a mapping gap.",medium
INCIDENCE_BREAK,SC_02_LOB_ACT_GRANT_OTH_ORG_X,SC_02_LOB_ACT_GRANT_OTH_ORG_X,990EZ,accept,"","","","","","TY2011 spike on 990-EZ/990 Schedule C (one software emitting false/unchecked lobbying boxes) followed by a return to the 2009-2010 level in 2012 and flat 2013-2024 (post-rename xpath). Same element family, not a mapping gap.",medium
INCIDENCE_BREAK,SC_02_LOB_ACT_MAIL_MEMB_X,SC_02_LOB_ACT_MAIL_MEMB_X,990EZ,accept,"","","","","","TY2011 spike on 990-EZ/990 Schedule C (one software emitting false/unchecked lobbying boxes) followed by a return to the 2009-2010 level in 2012 and flat 2013-2024 (post-rename xpath). Same element family, not a mapping gap.",medium
INCIDENCE_BREAK,SC_02_LOB_ACT_MEDIA_AD_X,SC_02_LOB_ACT_MEDIA_AD_X,990EZ,accept,"","","","","","TY2011 spike on 990-EZ/990 Schedule C (one software emitting false/unchecked lobbying boxes) followed by a return to the 2009-2010 level in 2012 and flat 2013-2024 (post-rename xpath). Same element family, not a mapping gap.",medium
INCIDENCE_BREAK,SC_02_LOB_ACT_NO_DESC_501C3_X,SC_02_LOB_ACT_NO_DESC_501C3_X,990EZ,accept,"","","","","","TY2011 spike on 990-EZ/990 Schedule C (one software emitting false/unchecked lobbying boxes) followed by a return to the 2009-2010 level in 2012 and flat 2013-2024 (post-rename xpath). Same element family, not a mapping gap.",medium
INCIDENCE_BREAK,SC_02_LOB_ACT_OTH_ACT_X,SC_02_LOB_ACT_OTH_ACT_X,990EZ,accept,"","","","","","TY2011 spike on 990-EZ/990 Schedule C (one software emitting false/unchecked lobbying boxes) followed by a return to the 2009-2010 level in 2012 and flat 2013-2024 (post-rename xpath). Same element family, not a mapping gap.",medium
INCIDENCE_BREAK,SC_02_LOB_ACT_PAID_STAFF_X,SC_02_LOB_ACT_PAID_STAFF_X,990EZ,accept,"","","","","","TY2011 spike on 990-EZ/990 Schedule C (one software emitting false/unchecked lobbying boxes) followed by a return to the 2009-2010 level in 2012 and flat 2013-2024 (post-rename xpath). Same element family, not a mapping gap.",medium
INCIDENCE_BREAK,SC_02_LOB_ACT_PUBLICA_BCAST_X,SC_02_LOB_ACT_PUBLICA_BCAST_X,990EZ,accept,"","","","","","TY2011 spike on 990-EZ/990 Schedule C (one software emitting false/unchecked lobbying boxes) followed by a return to the 2009-2010 level in 2012 and flat 2013-2024 (post-rename xpath). Same element family, not a mapping gap.",medium
INCIDENCE_BREAK,SC_02_LOB_ACT_RALLIES_X,SC_02_LOB_ACT_RALLIES_X,990EZ,accept,"","","","","","TY2011 spike on 990-EZ/990 Schedule C (one software emitting false/unchecked lobbying boxes) followed by a return to the 2009-2010 level in 2012 and flat 2013-2024 (post-rename xpath). Same element family, not a mapping gap.",medium
INCIDENCE_BREAK,SC_02_LOB_ACT_VOL_X,SC_02_LOB_ACT_VOL_X,990EZ,accept,"","","","","","TY2011 spike on 990-EZ/990 Schedule C (one software emitting false/unchecked lobbying boxes) followed by a return to the 2009-2010 level in 2012 and flat 2013-2024 (post-rename xpath). Same element family, not a mapping gap.",medium
INCIDENCE_BREAK,SD_01_DISCLOSE_CHARIT_PURPOSE_X,SD_01_DISCLOSE_CHARIT_PURPOSE_X,990,accept,"","","","","",Break is only in unchecked/false/zero filler values: count of substantive (true/non-zero) values changes x0.95 in 2012 while the raw fill rate changes x0.08 (filer software stopped/started emitting empty answers; schema made the question conditional). Same xpath.,high
INCIDENCE_BREAK,SD_01_DISCLOSE_LEGAL_CTRL_DAF_X,SD_01_DISCLOSE_LEGAL_CTRL_DAF_X,990,accept,"","","","","",Break is only in unchecked/false/zero filler values: count of substantive (true/non-zero) values changes x0.96 in 2012 while the raw fill rate changes x0.08 (filer software stopped/started emitting empty answers; schema made the question conditional). Same xpath.,high
INCIDENCE_BREAK,SD_02_EMT_170H_SATISFIED_X,SD_02_EMT_170H_SATISFIED_X,990,accept,"","","","","",Break is only in unchecked/false/zero filler values: count of substantive (true/non-zero) values changes x0.95 in 2012 while the raw fill rate changes x0.03 (filer software stopped/started emitting empty answers; schema made the question conditional). Same xpath.,high
INCIDENCE_BREAK,SD_02_EMT_WRITTEN_POLICY_X,SD_02_EMT_WRITTEN_POLICY_X,990,accept,"","","","","",Break is only in unchecked/false/zero filler values: count of substantive (true/non-zero) values changes x0.99 in 2012 while the raw fill rate changes x0.06 (filer software stopped/started emitting empty answers; schema made the question conditional). Same xpath.,high
INCIDENCE_BREAK,SD_03_SOL_ASSET_SALE_X,SD_03_SOL_ASSET_SALE_X,990,accept,"","","","","",Break is only in unchecked/false/zero filler values: count of substantive (true/non-zero) values changes x1 in 2012 while the raw fill rate changes x0.14 (filer software stopped/started emitting empty answers; schema made the question conditional). Same xpath.,high
INCIDENCE_BREAK,SD_04_AGENT_TRUSTEE_OTH_X,SD_04_AGENT_TRUSTEE_OTH_X,990,accept,"","","","","",Break is only in unchecked/false/zero filler values: count of substantive (true/non-zero) values changes x0.97 in 2012 while the raw fill rate changes x0.17 (filer software stopped/started emitting empty answers; schema made the question conditional). Same xpath.,high
INCIDENCE_BREAK,SD_04_ESCROW_ACC_LIAB_INCL_P10_X,SD_04_ESCROW_ACC_LIAB_INCL_P10_X,990,accept,"","","","","",Break is only in unchecked/false/zero filler values: count of substantive (true/non-zero) values changes x1.04 in 2012 while the raw fill rate changes x0.3 (filer software stopped/started emitting empty answers; schema made the question conditional). Same xpath.,high
INCIDENCE_BREAK,SD_05_RLTD_ORG_LISTED_SCHED_R_X,SD_05_RLTD_ORG_LISTED_SCHED_R_X,990,accept,"","","","","",Break is only in unchecked/false/zero filler values: count of substantive (true/non-zero) values changes x1.03 in 2012 while the raw fill rate changes x0.14 (filer software stopped/started emitting empty answers; schema made the question conditional). Same xpath.,high
INCIDENCE_BREAK,SD_07_INVEST_SEC_DERIVATIVE_BV,SD_07_INVEST_SEC_DERIVATIVE_BV,990,accept,"","","","","",2009 early filers are larger organizations (446 = 1.3%); 2010+ ~0.2-0.4% on the same element family. Not a mapping gap.,high
INCIDENCE_BREAK,SF_01_FRGN_REG_NUM_OFFICE_CONTIN,SF_01_FRGN_REG_NUM_OFFICE_CONTIN,990,accept,"","","","","",Break is only in unchecked/false/zero filler values: count of substantive (true/non-zero) values changes x1.27 in 2011 while the raw fill rate changes x3.17 (filer software stopped/started emitting empty answers; schema made the question conditional). Same xpath.,high
INCIDENCE_BREAK,SF_02_FRGN_ORG_GRANT_NC_AMT,SF_02_FRGN_ORG_GRANT_NC_AMT,990,accept,"","","","","",Break is only in unchecked/false/zero filler values: count of substantive (true/non-zero) values changes x0.71 in 2021 while the raw fill rate changes x3.36 (filer software stopped/started emitting empty answers; schema made the question conditional). Same xpath.,high
INCIDENCE_BREAK,SG_02_FUNDR_EVNT_EXP_CASH_OTH,SG_02_FUNDR_EVNT_EXP_CASH_OTH,990EZ,accept,"","","","","",COVID-19: fundraising events collapsed in TY2020 (fill halves) and recovered in 2021; 2021+ 990-EZ population also changed (Taxpayer First Act e-file mandate for 990-EZ from TY2021). Same xpath throughout.,medium
INCIDENCE_BREAK,SG_02_FUNDR_EVNT_EXP_ENTMT_2,SG_02_FUNDR_EVNT_EXP_ENTMT_2,990EZ,accept,"","","","","","COVID-19 dip in TY2020 and recovery in 2021, plus 990-EZ e-file mandate (TY2021) changing the filer population. Same xpath throughout.",medium
INCIDENCE_BREAK,SG_02_FUNDR_EVNT_EXP_NONCSH_OTH,SG_02_FUNDR_EVNT_EXP_NONCSH_OTH,990EZ,accept,"","","","","","COVID-19 dip in TY2020 and recovery in 2021, plus 990-EZ e-file mandate (TY2021). Same xpath throughout.",medium
INCIDENCE_BREAK,SG_02_FUNDR_EVNT_EXP_RENT_OTH,SG_02_FUNDR_EVNT_EXP_RENT_OTH,990EZ,accept,"","","","","","COVID-19 dip in TY2020 and recovery in 2021, plus 990-EZ e-file mandate (TY2021). Same xpath throughout.",medium
INCIDENCE_BREAK,SG_03_AMT_GAMING_REV_3RD_PARTY,SG_03_AMT_GAMING_REV_3RD_PARTY,990EZ,accept,"","","","","",Break is only in unchecked/false/zero filler values: count of substantive (true/non-zero) values changes x0.98 in 2017 while the raw fill rate changes x4.6 (filer software stopped/started emitting empty answers; schema made the question conditional). Same xpath.,high
INCIDENCE_BREAK,SG_03_AMT_GAMING_REV_ORG,SG_03_AMT_GAMING_REV_ORG,990EZ,accept,"","","","","",Break is only in unchecked/false/zero filler values: count of substantive (true/non-zero) values changes x1.04 in 2017 while the raw fill rate changes x3.85 (filer software stopped/started emitting empty answers; schema made the question conditional). Same xpath.,high
INCIDENCE_BREAK,SG_03_GRK_ADDR_CITY,SG_03_GRK_ADDR_CITY,990EZ,accept,"","","","","","2009 early 990-EZ filers over-represent gaming organizations (628 of 15,470); counts continuous 2010-2024 across the 2013 rename.",high
INCIDENCE_BREAK,SG_03_GRK_ADDR_L1,SG_03_GRK_ADDR_L1,990EZ,accept,"","","","","",2009 early-filer year; counts continuous 2010-2024 across the 2013 rename.,high
INCIDENCE_BREAK,SG_03_GRK_ADDR_STATE,SG_03_GRK_ADDR_STATE,990EZ,accept,"","","","","",2009 early-filer year; counts continuous 2010-2024 across the 2013 rename.,high
INCIDENCE_BREAK,SG_03_GRK_ADDR_ZIP,SG_03_GRK_ADDR_ZIP,990EZ,accept,"","","","","",2009 early-filer year; counts continuous 2010-2024 across the 2013 rename.,high
INCIDENCE_BREAK,SH_01_CASH_NUM_ACT_PROG,SH_01_CASH_NUM_ACT_PROG,990,accept,"","","","","","TY2024 is a partial final year (large/extended filers such as hospitals not yet filed); same xpath, counts fall only in 2024.",high
INCIDENCE_BREAK,SH_01_CASH_PERS_SERVED,SH_01_CASH_PERS_SERVED,990,accept,"","","","","","TY2024 is a partial final year (large/extended filers such as hospitals not yet filed); same xpath, counts fall only in 2024.",high
INCIDENCE_BREAK,SH_01_CHNA_DESC_RESOURCES_X,SH_01_CHNA_DESC_RESOURCES_X,990,accept,"","","","","","Variable no longer exists in the current mapping (xpaths now under SH_05_CHNA_DESC_RESOURCES_X); the 2012 jump is the Schedule H Part V Section B CHNA phase-in (questions required from TY2012), same as the other SH_05_CHNA_* flags.",high
INCIDENCE_BREAK,SH_01_H_EDU_NUM_ACT_PROG,SH_01_H_EDU_NUM_ACT_PROG,990,accept,"","","","","","TY2024 is a partial final year (large/extended filers such as hospitals not yet filed); same xpath, counts fall only in 2024.",high
INCIDENCE_BREAK,SH_01_RSRCH_NUM_ACT_PROG,SH_01_RSRCH_NUM_ACT_PROG,990,accept,"","","","","","TY2024 is a partial final year (large/extended filers such as hospitals not yet filed); same xpath, counts fall only in 2024.",high
INCIDENCE_BREAK,SH_01_RSRCH_PERS_SERVED,SH_01_RSRCH_PERS_SERVED,990,accept,"","","","","","TY2024 is a partial final year (large/extended filers such as hospitals not yet filed); same xpath, counts fall only in 2024.",high
INCIDENCE_BREAK,SH_02_OTH_REV_DIRECT_OFFSET,SH_02_OTH_REV_DIRECT_OFFSET,990,accept,"","","","","",2009 early filers (hospitals) over-represented; counts ~100-130/yr on both xpaths across the 2013 rename.,high
INCIDENCE_BREAK,SH_05_CHNA_4959_FORM4720_FILED_X,SH_05_CHNA_4959_FORM4720_FILED_X,990,accept,"","","","","",TY2013 value (112) is mostly unchecked/false filler; true count ~0-12/yr throughout. Same xpath 2013-2024.,high
INCIDENCE_BREAK,SH_05_CHNA_AVBL_OTH_METHOD_X,SH_05_CHNA_AVBL_OTH_METHOD_X,990,accept,"","","","","","Schedule H Part V Section B CHNA questions (ACA sec. 501(r)) apply from TY2012 (2010-2011 optional/early); 2012 jump with the same xpath family, flat 2013-2023. Not a mapping gap.",high
INCIDENCE_BREAK,SH_05_CHNA_AVBL_PUB_X,SH_05_CHNA_AVBL_PUB_X,990,accept,"","","","","","Schedule H Part V Section B CHNA questions (ACA sec. 501(r)) apply from TY2012 (2010-2011 optional/early); 2012 jump with the same xpath family, flat 2013-2023. Not a mapping gap.",high
INCIDENCE_BREAK,SH_05_CHNA_AVBL_WEBSITE_X,SH_05_CHNA_AVBL_WEBSITE_X,990,accept,"","","","","","Schedule H Part V Section B CHNA questions (ACA sec. 501(r)) apply from TY2012 (2010-2011 optional/early); 2012 jump with the same xpath family, flat 2013-2023. Not a mapping gap.",high
INCIDENCE_BREAK,SH_05_CHNA_DESC_CONSULTING_X,SH_05_CHNA_DESC_CONSULTING_X,990,accept,"","","","","","Schedule H Part V Section B CHNA questions (ACA sec. 501(r)) apply from TY2012 (2010-2011 optional/early); 2012 jump with the same xpath family, flat 2013-2023. Not a mapping gap.",high
INCIDENCE_BREAK,SH_05_CHNA_DESC_DATA_OBTAINED_X,SH_05_CHNA_DESC_DATA_OBTAINED_X,990,accept,"","","","","","Schedule H Part V Section B CHNA questions (ACA sec. 501(r)) apply from TY2012 (2010-2011 optional/early); 2012 jump with the same xpath family, flat 2013-2023. Not a mapping gap.",high
INCIDENCE_BREAK,SH_05_CHNA_DESC_DEFINITION_COM_X,SH_05_CHNA_DESC_DEFINITION_COM_X,990,accept,"","","","","","Schedule H Part V Section B CHNA questions (ACA sec. 501(r)) apply from TY2012 (2010-2011 optional/early); 2012 jump with the same xpath family, flat 2013-2023. Not a mapping gap.",high
INCIDENCE_BREAK,SH_05_CHNA_DESC_DEMOGRAPHICS_X,SH_05_CHNA_DESC_DEMOGRAPHICS_X,990,accept,"","","","","","Schedule H Part V Section B CHNA questions (ACA sec. 501(r)) apply from TY2012 (2010-2011 optional/early); 2012 jump with the same xpath family, flat 2013-2023. Not a mapping gap.",high
INCIDENCE_BREAK,SH_05_CHNA_DESC_HEALTH_ISSUE_X,SH_05_CHNA_DESC_HEALTH_ISSUE_X,990,accept,"","","","","","Schedule H Part V Section B CHNA questions (ACA sec. 501(r)) apply from TY2012 (2010-2011 optional/early); 2012 jump with the same xpath family, flat 2013-2023. Not a mapping gap.",high
INCIDENCE_BREAK,SH_05_CHNA_DESC_HEALTH_NEED_X,SH_05_CHNA_DESC_HEALTH_NEED_X,990,accept,"","","","","","Schedule H Part V Section B CHNA questions (ACA sec. 501(r)) apply from TY2012 (2010-2011 optional/early); 2012 jump with the same xpath family, flat 2013-2023. Not a mapping gap.",high
INCIDENCE_BREAK,SH_05_CHNA_DESC_IDENTIFYING_X,SH_05_CHNA_DESC_IDENTIFYING_X,990,accept,"","","","","","Schedule H Part V Section B CHNA questions (ACA sec. 501(r)) apply from TY2012 (2010-2011 optional/early); 2012 jump with the same xpath family, flat 2013-2023. Not a mapping gap.",high
INCIDENCE_BREAK,SH_05_CHNA_DESC_INFO_GAP_X,SH_05_CHNA_DESC_INFO_GAP_X,990,accept,"","","","","","Schedule H Part V Section B CHNA questions (ACA sec. 501(r)) apply from TY2012 (2010-2011 optional/early); 2012 jump with the same xpath family, flat 2013-2023. Not a mapping gap.",high
INCIDENCE_BREAK,SH_05_CHNA_DESC_OTH_X,SH_05_CHNA_DESC_OTH_X,990,accept,"","","","","","Schedule H Part V Section B CHNA questions (ACA sec. 501(r)) apply from TY2012 (2010-2011 optional/early); 2012 jump with the same xpath family, flat 2013-2023. Not a mapping gap.",high
INCIDENCE_BREAK,SH_05_CHNA_FACILITY_OTH_X,SH_05_CHNA_FACILITY_OTH_X,990,accept,"","","","","","Schedule H Part V Section B CHNA questions (ACA sec. 501(r)) apply from TY2012 (2010-2011 optional/early); 2012 jump with the same xpath family, flat 2013-2023. Not a mapping gap.",high
INCIDENCE_BREAK,SH_05_CHNA_STRATEGY_ATTACHED_X,SH_05_CHNA_STRATEGY_ATTACHED_X,990,accept,"","","","","",Break is only in unchecked/false/zero filler values: count of substantive (true/non-zero) values changes x0.77 in 2016 while the raw fill rate changes x0.27 (filer software stopped/started emitting empty answers; schema made the question conditional). Same xpath.,high
INCIDENCE_BREAK,SH_05_CHNA_TAKE_COM_ACC_X,SH_05_CHNA_TAKE_COM_ACC_X,990,accept,"","","","","","Schedule H Part V Section B CHNA questions (ACA sec. 501(r)) apply from TY2012 (2010-2011 optional/early); 2012 jump with the same xpath family, flat 2013-2023. Not a mapping gap.",high
INCIDENCE_BREAK,SH_05_CHNA_YEAR_CONDUCTED,SH_05_CHNA_YEAR_CONDUCTED,990,accept,"","","","","","Schedule H Part V Section B CHNA questions (ACA sec. 501(r)) apply from TY2012 (2010-2011 optional/early); 2012 jump with the same xpath family, flat 2013-2023. Not a mapping gap.",high
INCIDENCE_BREAK,SH_05_HOSPITAL_OTH,SH_05_HOSPITAL_OTH,990,accept,"","","","","",2009 early filers (hospitals) over-represented; same xpath family afterwards.,high
INCIDENCE_BREAK,SH_99_CHARGE_AVE_RATE_X,SH_99_CHARGE_AVE_RATE_X,990,accept,"","","","","","Schedule H Part V Section B FAP/charges items: TY2009-2010 answered by few early/optional filers; 3.4-4.5x rise in TY2011 on the same xpath, stable 2011-2015 until the lines were retired. Phase-in, not a mapping gap.",medium
INCIDENCE_BREAK,SH_99_CHARGE_MT_MEDICARE_RATE_X,SH_99_CHARGE_MT_MEDICARE_RATE_X,990,accept,"","","","","","Schedule H Part V Section B FAP/charges items: TY2009-2010 answered by few early/optional filers; 3.4-4.5x rise in TY2011 on the same xpath, stable 2011-2015 until the lines were retired. Phase-in, not a mapping gap.",medium
INCIDENCE_BREAK,SH_99_CHARGE_OTH_METHOD_X,SH_99_CHARGE_OTH_METHOD_X,990,accept,"","","","","","Schedule H Part V Section B FAP/charges items: TY2009-2010 answered by few early/optional filers; 3.4-4.5x rise in TY2011 on the same xpath, stable 2011-2015 until the lines were retired. Phase-in, not a mapping gap.",medium
INCIDENCE_BREAK,SH_99_CHNA_AVBL_REQUEST_X,SH_99_CHNA_AVBL_REQUEST_X,990,accept,"","","","","","Schedule H Part V Section B CHNA questions (ACA sec. 501(r)) apply from TY2012 (2010-2011 optional/early); 2012 jump with the same xpath family, flat 2013-2023. Not a mapping gap.",high
INCIDENCE_BREAK,SH_99_CHNA_NEED_ADOPT_BUDGET_X,SH_99_CHNA_NEED_ADOPT_BUDGET_X,990,accept,"","","","","","Schedule H Part V Section B CHNA questions (ACA sec. 501(r)) apply from TY2012 (2010-2011 optional/early); 2012 jump with the same xpath family, flat 2013-2023. Not a mapping gap.",high
INCIDENCE_BREAK,SH_99_CHNA_NEED_ADOPT_IMP_X,SH_99_CHNA_NEED_ADOPT_IMP_X,990,accept,"","","","","","Schedule H Part V Section B CHNA questions (ACA sec. 501(r)) apply from TY2012 (2010-2011 optional/early); 2012 jump with the same xpath family, flat 2013-2023. Not a mapping gap.",high
INCIDENCE_BREAK,SH_99_CHNA_NEED_ALL_ADDRESSED_X,SH_99_CHNA_NEED_ALL_ADDRESSED_X,990,accept,"","","","","","Schedule H Part V Section B CHNA questions (ACA sec. 501(r)) apply from TY2012 (2010-2011 optional/early); 2012 jump with the same xpath family, flat 2013-2023. Not a mapping gap.",high
INCIDENCE_BREAK,SH_99_CHNA_NEED_DEVELOP_PLAN_X,SH_99_CHNA_NEED_DEVELOP_PLAN_X,990,accept,"","","","","","Schedule H Part V Section B CHNA questions (ACA sec. 501(r)) apply from TY2012 (2010-2011 optional/early); 2012 jump with the same xpath family, flat 2013-2023. Not a mapping gap.",high
INCIDENCE_BREAK,SH_99_CHNA_NEED_EXECUTE_IMP_X,SH_99_CHNA_NEED_EXECUTE_IMP_X,990,accept,"","","","","","Schedule H Part V Section B CHNA questions (ACA sec. 501(r)) apply from TY2012 (2010-2011 optional/early); 2012 jump with the same xpath family, flat 2013-2023. Not a mapping gap.",high
INCIDENCE_BREAK,SH_99_CHNA_NEED_INCL_PLAN_X,SH_99_CHNA_NEED_INCL_PLAN_X,990,accept,"","","","","","Schedule H Part V Section B CHNA questions (ACA sec. 501(r)) apply from TY2012 (2010-2011 optional/early); 2012 jump with the same xpath family, flat 2013-2023. Not a mapping gap.",high
INCIDENCE_BREAK,SH_99_CHNA_NEED_OTH_X,SH_99_CHNA_NEED_OTH_X,990,accept,"","","","","","Schedule H Part V Section B CHNA questions (ACA sec. 501(r)) apply from TY2012 (2010-2011 optional/early); 2012 jump with the same xpath family, flat 2013-2023. Not a mapping gap.",high
INCIDENCE_BREAK,SH_99_CHNA_NEED_PARTICIPA_PLAN_X,SH_99_CHNA_NEED_PARTICIPA_PLAN_X,990,accept,"","","","","","Schedule H Part V Section B CHNA questions (ACA sec. 501(r)) apply from TY2012 (2010-2011 optional/early); 2012 jump with the same xpath family, flat 2013-2023. Not a mapping gap.",high
INCIDENCE_BREAK,SH_99_CHNA_NEED_PRIORITIZA_SVC_X,SH_99_CHNA_NEED_PRIORITIZA_SVC_X,990,accept,"","","","","","Schedule H Part V Section B CHNA questions (ACA sec. 501(r)) apply from TY2012 (2010-2011 optional/early); 2012 jump with the same xpath family, flat 2013-2023. Not a mapping gap.",high
INCIDENCE_BREAK,SH_99_CHNA_NEED_PRIORITIZA_X,SH_99_CHNA_NEED_PRIORITIZA_X,990,accept,"","","","","","Schedule H Part V Section B CHNA questions (ACA sec. 501(r)) apply from TY2012 (2010-2011 optional/early); 2012 jump with the same xpath family, flat 2013-2023. Not a mapping gap.",high
INCIDENCE_BREAK,SH_99_FAP_FACTOR_ASSET_X,SH_99_FAP_FACTOR_ASSET_X,990,accept,"","","","","","Schedule H Part V Section B FAP/charges items: TY2009-2010 answered by few early/optional filers; 3.4-4.5x rise in TY2011 on the same xpath, stable 2011-2015 until the lines were retired. Phase-in, not a mapping gap.",medium
INCIDENCE_BREAK,SH_99_FAP_FACTOR_INCOME_X,SH_99_FAP_FACTOR_INCOME_X,990,accept,"","","","","","Schedule H Part V Section B FAP/charges items: TY2009-2010 answered by few early/optional filers; 3.4-4.5x rise in TY2011 on the same xpath, stable 2011-2015 until the lines were retired. Phase-in, not a mapping gap.",medium
INCIDENCE_BREAK,SH_99_FAP_FACTOR_INDIGENCY_X,SH_99_FAP_FACTOR_INDIGENCY_X,990,accept,"","","","","","Schedule H Part V Section B FAP/charges items: TY2009-2010 answered by few early/optional filers; 3.4-4.5x rise in TY2011 on the same xpath, stable 2011-2015 until the lines were retired. Phase-in, not a mapping gap.",medium
INCIDENCE_BREAK,SH_99_FAP_FACTOR_INSURANCE_X,SH_99_FAP_FACTOR_INSURANCE_X,990,accept,"","","","","","Schedule H Part V Section B FAP/charges items: TY2009-2010 answered by few early/optional filers; 3.4-4.5x rise in TY2011 on the same xpath, stable 2011-2015 until the lines were retired. Phase-in, not a mapping gap.",medium
INCIDENCE_BREAK,SH_99_FAP_FACTOR_MEDICAID_X,SH_99_FAP_FACTOR_MEDICAID_X,990,accept,"","","","","","Schedule H Part V Section B FAP/charges items: TY2009-2010 answered by few early/optional filers; 3.4-4.5x rise in TY2011 on the same xpath, stable 2011-2015 until the lines were retired. Phase-in, not a mapping gap.",medium
INCIDENCE_BREAK,SH_99_FAP_FACTOR_OTH_X,SH_99_FAP_FACTOR_OTH_X,990,accept,"","","","","","Schedule H Part V Section B FAP/charges items: TY2009-2010 answered by few early/optional filers; 3.4-4.5x rise in TY2011 on the same xpath, stable 2011-2015 until the lines were retired. Phase-in, not a mapping gap.",medium
INCIDENCE_BREAK,SH_99_FAP_FACTOR_STATE_REG_X,SH_99_FAP_FACTOR_STATE_REG_X,990,accept,"","","","","","Schedule H Part V Section B FAP/charges items: TY2009-2010 answered by few early/optional filers; 3.4-4.5x rise in TY2011 on the same xpath, stable 2011-2015 until the lines were retired. Phase-in, not a mapping gap.",medium
INCIDENCE_BREAK,SH_99_FAP_FACTOR_UNINSURED_X,SH_99_FAP_FACTOR_UNINSURED_X,990,accept,"","","","","","Schedule H Part V Section B FAP/charges items: TY2009-2010 answered by few early/optional filers; 3.4-4.5x rise in TY2011 on the same xpath, stable 2011-2015 until the lines were retired. Phase-in, not a mapping gap.",medium
INCIDENCE_BREAK,SH_99_FAP_PROV_ADM_OFFICE_X,SH_99_FAP_PROV_ADM_OFFICE_X,990,accept,"","","","","","Schedule H Part V Section B FAP/charges items: TY2009-2010 answered by few early/optional filers; 3.4-4.5x rise in TY2011 on the same xpath, stable 2011-2015 until the lines were retired. Phase-in, not a mapping gap.",medium
INCIDENCE_BREAK,SH_99_FAP_PROV_ATTACH_INVOICE_X,SH_99_FAP_PROV_ATTACH_INVOICE_X,990,accept,"","","","","","Schedule H Part V Section B FAP/charges items: TY2009-2010 answered by few early/optional filers; 3.4-4.5x rise in TY2011 on the same xpath, stable 2011-2015 until the lines were retired. Phase-in, not a mapping gap.",medium
INCIDENCE_BREAK,SH_99_FAP_PROV_EMERGENCY_ROOM_X,SH_99_FAP_PROV_EMERGENCY_ROOM_X,990,accept,"","","","","","Schedule H Part V Section B FAP/charges items: TY2009-2010 answered by few early/optional filers; 3.4-4.5x rise in TY2011 on the same xpath, stable 2011-2015 until the lines were retired. Phase-in, not a mapping gap.",medium
INCIDENCE_BREAK,SH_99_FAP_PROV_OTH_X,SH_99_FAP_PROV_OTH_X,990,accept,"","","","","","Schedule H Part V Section B FAP/charges items: TY2009-2010 answered by few early/optional filers; 3.4-4.5x rise in TY2011 on the same xpath, stable 2011-2015 until the lines were retired. Phase-in, not a mapping gap.",medium
INCIDENCE_BREAK,SH_99_FAP_PROV_REQUEST_X,SH_99_FAP_PROV_REQUEST_X,990,accept,"","","","","","Schedule H Part V Section B FAP/charges items: TY2009-2010 answered by few early/optional filers; 3.4-4.5x rise in TY2011 on the same xpath, stable 2011-2015 until the lines were retired. Phase-in, not a mapping gap.",medium
INCIDENCE_BREAK,SH_99_FAP_PROV_WEBSITE_X,SH_99_FAP_PROV_WEBSITE_X,990,accept,"","","","","","Schedule H Part V Section B FAP/charges items: TY2009-2010 answered by few early/optional filers; 3.4-4.5x rise in TY2011 on the same xpath, stable 2011-2015 until the lines were retired. Phase-in, not a mapping gap.",medium
INCIDENCE_BREAK,SH_99_FAP_USE_FPG_DCNT_CARE_PCT,SH_99_FAP_USE_FPG_DCNT_CARE_PCT,990,accept,"","","","","","Schedule H Part V Section B FAP/charges items: TY2009-2010 answered by few early/optional filers; 3.4-4.5x rise in TY2011 on the same xpath, stable 2011-2015 until the lines were retired. Phase-in, not a mapping gap.",medium
INCIDENCE_BREAK,SH_99_FAP_USE_FPG_FREE_CARE_PCT,SH_99_FAP_USE_FPG_FREE_CARE_PCT,990,accept,"","","","","","Schedule H Part V Section B FAP/charges items: TY2009-2010 answered by few early/optional filers; 3.4-4.5x rise in TY2011 on the same xpath, stable 2011-2015 until the lines were retired. Phase-in, not a mapping gap.",medium
INCIDENCE_BREAK,SI_02_GRANT_US_ORG_AMT_NONCSH,SI_02_GRANT_US_ORG_AMT_NONCSH,990,accept,"","","","","",Break is only in unchecked/false/zero filler values: count of substantive (true/non-zero) values changes x0.83 in 2021 while the raw fill rate changes x3.02 (filer software stopped/started emitting empty answers; schema made the question conditional). Same xpath.,high
INCIDENCE_BREAK,SJ_01_COMP_REBUTTABLE_PROC_X,SJ_01_COMP_REBUTTABLE_PROC_X,990,accept,"","","","","",Break is only in unchecked/false/zero filler values: count of substantive (true/non-zero) values changes x1.03 in 2019 while the raw fill rate changes x0.12 (filer software stopped/started emitting empty answers; schema made the question conditional). Same xpath.,high
INCIDENCE_BREAK,SJ_02_COMP_DTK_NAME_ORG_L1,SJ_02_COMP_DTK_NAME_ORG_L1,990,accept,"","","","","","Values are mostly person names typed into BusinessNameLine1 by some software (TY2009 2009v1.x: 7,950 filings; 2014-2023 ~1,200-2,400/yr; drops to 90 in 2024). Data-quality issue on the same element, not a missing xpath; consider a cleaning rule to move person names to SJ_02_COMP_DTK_NAME_PERS.",medium
INCIDENCE_BREAK,SK_02_BOND_PROCEED_AMT_DEFEASED,SK_02_BOND_PROCEED_AMT_DEFEASED,990,accept,"","","","","","TY2009 early filers (AmountDefeased, 1,169 = 3.5%) are larger organizations; 2010+ ~1,000-1,500/yr on AmountBondDefeased then BondDefeasedAmt. Numeric non-zero count is continuous; all three xpaths mapped.",high
INCIDENCE_BREAK,SL_01_TRANSAC_CORRECTED_X,SL_01_TRANSAC_CORRECTED_X,990,accept,"","","","","","TY2010-only spike in DQPTable (484 filings vs 16/49/48 in 2009/2011/2012) seen in all SL_01 DQPTable fields at once; same xpath on both sides, so not a mapping gap (likely one software/filer batch).",low
INCIDENCE_BREAK,SL_01_TRANSAC_CORRECTED_X,SL_01_TRANSAC_CORRECTED_X,990EZ,accept,"","","","","",TY2024 partial year (17 filings); true-value count ratio 0.69.,high
INCIDENCE_BREAK,SL_01_TRANSAC_DESC,SL_01_TRANSAC_DESC,990,accept,"","","","","","TY2010-only spike in DQPTable (474 vs 16/44/43), shared by all SL_01 DQPTable fields; same xpath, not a mapping gap.",low
INCIDENCE_BREAK,SL_01_TRANSAC_DSQ_NAME_ORG_L1,SL_01_TRANSAC_DSQ_NAME_ORG_L1,990,accept,"","","","","","TY2010-only spike in DQPTable (203 vs 9), shared by all SL_01 DQPTable fields; same xpath, small counts.",low
INCIDENCE_BREAK,SL_01_TRANSAC_DSQ_NAME_PERS,SL_01_TRANSAC_DSQ_NAME_PERS,990,accept,"","","","","","TY2010-only spike in DQPTable (295 vs 17/46), shared by all SL_01 DQPTable fields; same xpath, not a mapping gap.",low
INCIDENCE_BREAK,SR_03_RLTD_ORG_PTR_ADDR_CNTR,SR_03_RLTD_ORG_PTR_ADDR_CNTR,990,accept,"","","","","",TY2024 is a partial year (late filers such as large partnerships' related orgs not yet in); small counts.,high
INCIDENCE_BREAK,SR_04_RLTD_ORG_CORP_ADDR_L2,SR_04_RLTD_ORG_CORP_ADDR_L2,990,accept,"","","","","",Small counts; 2017->2018 rise (240->795) on the same xpaths (US/ForeignAddress/AddressLine2Txt) coinciding with the 2018 schema; continuous afterwards.,medium
UNMAPPED,/Return/ReturnData/AffiliateListing,"",990,ignore,"","","","","","Container/group element observed empty (no text value, avg length 0; its children are mapped separately when present). Add to ignore.csv as a container.",high
UNMAPPED,/Return/ReturnData/AffiliateListing/Affiliate/AddressUS/AddressLine1,"",990,new_variable,"",F9_00_AFFIL_ADDR_L1,F9-P00-T01-AFFILIATE-LISTING,text,Group return - subordinate street address line 1,"254 filings TY2009-2012.  New repeating (MANY) table F9-P00-T01-AFFILIATE-LISTING needed; 990 group-return list of subordinates (attachment for header item H(b); 1,479 filings TY2013-2024 + 254 in 2009-2012 under Affiliate).",medium
UNMAPPED,/Return/ReturnData/AffiliateListing/Affiliate/AddressUS/AddressLine2,"",990,new_variable,"",F9_00_AFFIL_ADDR_L2,F9-P00-T01-AFFILIATE-LISTING,text,Group return - subordinate street address line 2,"24 filings TY2010-2012.  New repeating (MANY) table F9-P00-T01-AFFILIATE-LISTING needed; 990 group-return list of subordinates (attachment for header item H(b); 1,479 filings TY2013-2024 + 254 in 2009-2012 under Affiliate).",medium
UNMAPPED,/Return/ReturnData/AffiliateListing/Affiliate/AddressUS/City,"",990,new_variable,"",F9_00_AFFIL_ADDR_CITY,F9-P00-T01-AFFILIATE-LISTING,text,Group return - subordinate city,"254 filings TY2009-2012.  New repeating (MANY) table F9-P00-T01-AFFILIATE-LISTING needed; 990 group-return list of subordinates (attachment for header item H(b); 1,479 filings TY2013-2024 + 254 in 2009-2012 under Affiliate).",medium
UNMAPPED,/Return/ReturnData/AffiliateListing/Affiliate/AddressUS/State,"",990,new_variable,"",F9_00_AFFIL_ADDR_STATE,F9-P00-T01-AFFILIATE-LISTING,text,Group return - subordinate state,"254 filings TY2009-2012.  New repeating (MANY) table F9-P00-T01-AFFILIATE-LISTING needed; 990 group-return list of subordinates (attachment for header item H(b); 1,479 filings TY2013-2024 + 254 in 2009-2012 under Affiliate).",medium
UNMAPPED,/Return/ReturnData/AffiliateListing/Affiliate/AddressUS/ZIPCode,"",990,new_variable,"",F9_00_AFFIL_ADDR_ZIP,F9-P00-T01-AFFILIATE-LISTING,text,Group return - subordinate ZIP code,"254 filings TY2009-2012.  New repeating (MANY) table F9-P00-T01-AFFILIATE-LISTING needed; 990 group-return list of subordinates (attachment for header item H(b); 1,479 filings TY2013-2024 + 254 in 2009-2012 under Affiliate).",medium
UNMAPPED,/Return/ReturnData/AffiliateListing/Affiliate/EIN,"",990,new_variable,"",F9_00_AFFIL_EIN,F9-P00-T01-AFFILIATE-LISTING,text,Group return - subordinate (affiliate) EIN,"254 filings TY2009-2012.  New repeating (MANY) table F9-P00-T01-AFFILIATE-LISTING needed; 990 group-return list of subordinates (attachment for header item H(b); 1,479 filings TY2013-2024 + 254 in 2009-2012 under Affiliate).",medium
UNMAPPED,/Return/ReturnData/AffiliateListing/Affiliate/Name/BusinessNameLine1,"",990,new_variable,"",F9_00_AFFIL_NAME_L1,F9-P00-T01-AFFILIATE-LISTING,text,Group return - subordinate name line 1,"254 filings TY2009-2012.  New repeating (MANY) table F9-P00-T01-AFFILIATE-LISTING needed; 990 group-return list of subordinates (attachment for header item H(b); 1,479 filings TY2013-2024 + 254 in 2009-2012 under Affiliate).",medium
UNMAPPED,/Return/ReturnData/AffiliateListing/Affiliate/Name/BusinessNameLine2,"",990,new_variable,"",F9_00_AFFIL_NAME_L2,F9-P00-T01-AFFILIATE-LISTING,text,Group return - subordinate name line 2,"26 filings TY2009-2012.  New repeating (MANY) table F9-P00-T01-AFFILIATE-LISTING needed; 990 group-return list of subordinates (attachment for header item H(b); 1,479 filings TY2013-2024 + 254 in 2009-2012 under Affiliate).",medium
UNMAPPED,/Return/ReturnData/AffiliateListing/Affiliate/NameControl,"",990,new_variable,"",F9_00_AFFIL_NAME_CTRL,F9-P00-T01-AFFILIATE-LISTING,text,Group return - subordinate name control,"254 filings TY2009-2012.  New repeating (MANY) table F9-P00-T01-AFFILIATE-LISTING needed; 990 group-return list of subordinates (attachment for header item H(b); 1,479 filings TY2013-2024 + 254 in 2009-2012 under Affiliate).",medium
UNMAPPED,/Return/ReturnData/AffiliateListing/AffiliateListingGrp/BusinessName/BusinessNameLine1,"",990,new_variable,"",F9_00_AFFIL_NAME_L1,F9-P00-T01-AFFILIATE-LISTING,text,Group return - subordinate name line 1,"99 filings TY2013-2013.  New repeating (MANY) table F9-P00-T01-AFFILIATE-LISTING needed; 990 group-return list of subordinates (attachment for header item H(b); 1,479 filings TY2013-2024 + 254 in 2009-2012 under Affiliate).",medium
UNMAPPED,/Return/ReturnData/AffiliateListing/AffiliateListingGrp/BusinessName/BusinessNameLine1Txt,"",990,new_variable,"",F9_00_AFFIL_NAME_L1,F9-P00-T01-AFFILIATE-LISTING,text,Group return - subordinate name line 1,"1,380 filings TY2014-2024.  New repeating (MANY) table F9-P00-T01-AFFILIATE-LISTING needed; 990 group-return list of subordinates (attachment for header item H(b); 1,479 filings TY2013-2024 + 254 in 2009-2012 under Affiliate).",medium
UNMAPPED,/Return/ReturnData/AffiliateListing/AffiliateListingGrp/BusinessName/BusinessNameLine2,"",990,new_variable,"",F9_00_AFFIL_NAME_L2,F9-P00-T01-AFFILIATE-LISTING,text,Group return - subordinate name line 2,"9 filings TY2013-2013.  New repeating (MANY) table F9-P00-T01-AFFILIATE-LISTING needed; 990 group-return list of subordinates (attachment for header item H(b); 1,479 filings TY2013-2024 + 254 in 2009-2012 under Affiliate).",medium
UNMAPPED,/Return/ReturnData/AffiliateListing/AffiliateListingGrp/BusinessName/BusinessNameLine2Txt,"",990,new_variable,"",F9_00_AFFIL_NAME_L2,F9-P00-T01-AFFILIATE-LISTING,text,Group return - subordinate name line 2,"197 filings TY2014-2024.  New repeating (MANY) table F9-P00-T01-AFFILIATE-LISTING needed; 990 group-return list of subordinates (attachment for header item H(b); 1,479 filings TY2013-2024 + 254 in 2009-2012 under Affiliate).",medium
UNMAPPED,/Return/ReturnData/AffiliateListing/AffiliateListingGrp/BusinessNameControlTxt,"",990,new_variable,"",F9_00_AFFIL_NAME_CTRL,F9-P00-T01-AFFILIATE-LISTING,text,Group return - subordinate name control,"1,479 filings TY2013-2024.  New repeating (MANY) table F9-P00-T01-AFFILIATE-LISTING needed; 990 group-return list of subordinates (attachment for header item H(b); 1,479 filings TY2013-2024 + 254 in 2009-2012 under Affiliate).",medium
UNMAPPED,/Return/ReturnData/AffiliateListing/AffiliateListingGrp/EIN,"",990,new_variable,"",F9_00_AFFIL_EIN,F9-P00-T01-AFFILIATE-LISTING,text,Group return - subordinate (affiliate) EIN,"1,479 filings TY2013-2024.  New repeating (MANY) table F9-P00-T01-AFFILIATE-LISTING needed; 990 group-return list of subordinates (attachment for header item H(b); 1,479 filings TY2013-2024 + 254 in 2009-2012 under Affiliate).",medium
UNMAPPED,/Return/ReturnData/AffiliateListing/AffiliateListingGrp/USAddress/AddressLine1,"",990,new_variable,"",F9_00_AFFIL_ADDR_L1,F9-P00-T01-AFFILIATE-LISTING,text,Group return - subordinate street address line 1,"98 filings TY2013-2013.  New repeating (MANY) table F9-P00-T01-AFFILIATE-LISTING needed; 990 group-return list of subordinates (attachment for header item H(b); 1,479 filings TY2013-2024 + 254 in 2009-2012 under Affiliate).",medium
UNMAPPED,/Return/ReturnData/AffiliateListing/AffiliateListingGrp/USAddress/AddressLine1Txt,"",990,new_variable,"",F9_00_AFFIL_ADDR_L1,F9-P00-T01-AFFILIATE-LISTING,text,Group return - subordinate street address line 1,"1,376 filings TY2014-2024.  New repeating (MANY) table F9-P00-T01-AFFILIATE-LISTING needed; 990 group-return list of subordinates (attachment for header item H(b); 1,479 filings TY2013-2024 + 254 in 2009-2012 under Affiliate).",medium
UNMAPPED,/Return/ReturnData/AffiliateListing/AffiliateListingGrp/USAddress/AddressLine2,"",990,new_variable,"",F9_00_AFFIL_ADDR_L2,F9-P00-T01-AFFILIATE-LISTING,text,Group return - subordinate street address line 2,"8 filings TY2013-2013.  New repeating (MANY) table F9-P00-T01-AFFILIATE-LISTING needed; 990 group-return list of subordinates (attachment for header item H(b); 1,479 filings TY2013-2024 + 254 in 2009-2012 under Affiliate).",medium
UNMAPPED,/Return/ReturnData/AffiliateListing/AffiliateListingGrp/USAddress/AddressLine2Txt,"",990,new_variable,"",F9_00_AFFIL_ADDR_L2,F9-P00-T01-AFFILIATE-LISTING,text,Group return - subordinate street address line 2,"108 filings TY2014-2024.  New repeating (MANY) table F9-P00-T01-AFFILIATE-LISTING needed; 990 group-return list of subordinates (attachment for header item H(b); 1,479 filings TY2013-2024 + 254 in 2009-2012 under Affiliate).",medium
UNMAPPED,/Return/ReturnData/AffiliateListing/AffiliateListingGrp/USAddress/City,"",990,new_variable,"",F9_00_AFFIL_ADDR_CITY,F9-P00-T01-AFFILIATE-LISTING,text,Group return - subordinate city,"98 filings TY2013-2013.  New repeating (MANY) table F9-P00-T01-AFFILIATE-LISTING needed; 990 group-return list of subordinates (attachment for header item H(b); 1,479 filings TY2013-2024 + 254 in 2009-2012 under Affiliate).",medium
UNMAPPED,/Return/ReturnData/AffiliateListing/AffiliateListingGrp/USAddress/CityNm,"",990,new_variable,"",F9_00_AFFIL_ADDR_CITY,F9-P00-T01-AFFILIATE-LISTING,text,Group return - subordinate city,"1,376 filings TY2014-2024.  New repeating (MANY) table F9-P00-T01-AFFILIATE-LISTING needed; 990 group-return list of subordinates (attachment for header item H(b); 1,479 filings TY2013-2024 + 254 in 2009-2012 under Affiliate).",medium
UNMAPPED,/Return/ReturnData/AffiliateListing/AffiliateListingGrp/USAddress/State,"",990,new_variable,"",F9_00_AFFIL_ADDR_STATE,F9-P00-T01-AFFILIATE-LISTING,text,Group return - subordinate state,"98 filings TY2013-2013.  New repeating (MANY) table F9-P00-T01-AFFILIATE-LISTING needed; 990 group-return list of subordinates (attachment for header item H(b); 1,479 filings TY2013-2024 + 254 in 2009-2012 under Affiliate).",medium
UNMAPPED,/Return/ReturnData/AffiliateListing/AffiliateListingGrp/USAddress/StateAbbreviationCd,"",990,new_variable,"",F9_00_AFFIL_ADDR_STATE,F9-P00-T01-AFFILIATE-LISTING,text,Group return - subordinate state,"1,376 filings TY2014-2024.  New repeating (MANY) table F9-P00-T01-AFFILIATE-LISTING needed; 990 group-return list of subordinates (attachment for header item H(b); 1,479 filings TY2013-2024 + 254 in 2009-2012 under Affiliate).",medium
UNMAPPED,/Return/ReturnData/AffiliateListing/AffiliateListingGrp/USAddress/ZIPCd,"",990,new_variable,"",F9_00_AFFIL_ADDR_ZIP,F9-P00-T01-AFFILIATE-LISTING,text,Group return - subordinate ZIP code,"1,376 filings TY2014-2024.  New repeating (MANY) table F9-P00-T01-AFFILIATE-LISTING needed; 990 group-return list of subordinates (attachment for header item H(b); 1,479 filings TY2013-2024 + 254 in 2009-2012 under Affiliate).",medium
UNMAPPED,/Return/ReturnData/AffiliateListing/AffiliateListingGrp/USAddress/ZIPCode,"",990,new_variable,"",F9_00_AFFIL_ADDR_ZIP,F9-P00-T01-AFFILIATE-LISTING,text,Group return - subordinate ZIP code,"98 filings TY2013-2013.  New repeating (MANY) table F9-P00-T01-AFFILIATE-LISTING needed; 990 group-return list of subordinates (attachment for header item H(b); 1,479 filings TY2013-2024 + 254 in 2009-2012 under Affiliate).",medium
UNMAPPED,/Return/ReturnData/AffiliatedGroupAttachment,"",990/990EZ,ignore,"","","","","","Container/group element observed empty (no text value, avg length 0; its children are mapped separately when present). Add to ignore.csv as a container.",high
UNMAPPED,/Return/ReturnData/AffiliatedGroupAttachment/Explanation,"",990/990EZ,new_variable,"",SC_02_AFFIL_GROUP_EXPL,SC-P02-T00-LOBBY,text,"Explanation attached for the affiliated group (Schedule C Part II-A, line A/B)",75 filings TY2009-2012. Attachment text; alternatively ignore.,low
UNMAPPED,/Return/ReturnData/AffiliatedGroupAttachment/MeduimExplanationTxt,"",990/990EZ,new_variable,"",SC_02_AFFIL_GROUP_EXPL,SC-P02-T00-LOBBY,text,"Explanation attached for the affiliated group (Schedule C Part II-A, line A/B)",239 filings TY2013-2024. Attachment text; alternatively ignore.,low
UNMAPPED,/Return/ReturnData/AffiliatedGroupSchedule/AffiliatedSchedule/AddressUS/AddressLine1,"",990/990EZ,new_variable,"",SC_02_AFFIL_ADDR_L1,SC-P02-T01-AFFILIATED-GROUP,text,Affiliated group member street address line 1,"363 filings TY2009-2012.  New repeating (MANY) table SC-P02-T01-AFFILIATED-GROUP needed; Schedule C Part II-A 'affiliated group' member schedule (2,109 filings TY2013-2024 + 363 in 2009-2012 under AffiliatedSchedule); totals already mapped as SC_02_*_AFFGROUP.",medium
UNMAPPED,/Return/ReturnData/AffiliatedGroupSchedule/AffiliatedSchedule/AddressUS/AddressLine2,"",990,new_variable,"",SC_02_AFFIL_ADDR_L2,SC-P02-T01-AFFILIATED-GROUP,text,Affiliated group member street address line 2,"4 filings TY2009-2012.  New repeating (MANY) table SC-P02-T01-AFFILIATED-GROUP needed; Schedule C Part II-A 'affiliated group' member schedule (2,109 filings TY2013-2024 + 363 in 2009-2012 under AffiliatedSchedule); totals already mapped as SC_02_*_AFFGROUP.",medium
UNMAPPED,/Return/ReturnData/AffiliatedGroupSchedule/AffiliatedSchedule/AddressUS/City,"",990/990EZ,new_variable,"",SC_02_AFFIL_ADDR_CITY,SC-P02-T01-AFFILIATED-GROUP,text,Affiliated group member city,"363 filings TY2009-2012.  New repeating (MANY) table SC-P02-T01-AFFILIATED-GROUP needed; Schedule C Part II-A 'affiliated group' member schedule (2,109 filings TY2013-2024 + 363 in 2009-2012 under AffiliatedSchedule); totals already mapped as SC_02_*_AFFGROUP.",medium
UNMAPPED,/Return/ReturnData/AffiliatedGroupSchedule/AffiliatedSchedule/AddressUS/State,"",990/990EZ,new_variable,"",SC_02_AFFIL_ADDR_STATE,SC-P02-T01-AFFILIATED-GROUP,text,Affiliated group member state,"363 filings TY2009-2012.  New repeating (MANY) table SC-P02-T01-AFFILIATED-GROUP needed; Schedule C Part II-A 'affiliated group' member schedule (2,109 filings TY2013-2024 + 363 in 2009-2012 under AffiliatedSchedule); totals already mapped as SC_02_*_AFFGROUP.",medium
UNMAPPED,/Return/ReturnData/AffiliatedGroupSchedule/AffiliatedSchedule/AddressUS/ZIPCode,"",990/990EZ,new_variable,"",SC_02_AFFIL_ADDR_ZIP,SC-P02-T01-AFFILIATED-GROUP,text,Affiliated group member ZIP code,"363 filings TY2009-2012.  New repeating (MANY) table SC-P02-T01-AFFILIATED-GROUP needed; Schedule C Part II-A 'affiliated group' member schedule (2,109 filings TY2013-2024 + 363 in 2009-2012 under AffiliatedSchedule); totals already mapped as SC_02_*_AFFGROUP.",medium
UNMAPPED,/Return/ReturnData/AffiliatedGroupSchedule/AffiliatedSchedule/BusinessName/BusinessNameLine1,"",990/990EZ,new_variable,"",SC_02_AFFIL_NAME_L1,SC-P02-T01-AFFILIATED-GROUP,text,Affiliated group member name line 1,"363 filings TY2009-2012.  New repeating (MANY) table SC-P02-T01-AFFILIATED-GROUP needed; Schedule C Part II-A 'affiliated group' member schedule (2,109 filings TY2013-2024 + 363 in 2009-2012 under AffiliatedSchedule); totals already mapped as SC_02_*_AFFGROUP.",medium
UNMAPPED,/Return/ReturnData/AffiliatedGroupSchedule/AffiliatedSchedule/EIN,"",990/990EZ,new_variable,"",SC_02_AFFIL_EIN,SC-P02-T01-AFFILIATED-GROUP,text,Affiliated group member EIN (Schedule C Part II-A affiliated group schedule),"363 filings TY2009-2012.  New repeating (MANY) table SC-P02-T01-AFFILIATED-GROUP needed; Schedule C Part II-A 'affiliated group' member schedule (2,109 filings TY2013-2024 + 363 in 2009-2012 under AffiliatedSchedule); totals already mapped as SC_02_*_AFFGROUP.",medium
UNMAPPED,/Return/ReturnData/AffiliatedGroupSchedule/AffiliatedSchedule/ElectingOrg,"",990/990EZ,new_variable,"",SC_02_AFFIL_ELECTING_X,SC-P02-T01-AFFILIATED-GROUP,checkbox,Affiliated group member is an electing (501(h)) organization,"284 filings TY2009-2012.  New repeating (MANY) table SC-P02-T01-AFFILIATED-GROUP needed; Schedule C Part II-A 'affiliated group' member schedule (2,109 filings TY2013-2024 + 363 in 2009-2012 under AffiliatedSchedule); totals already mapped as SC_02_*_AFFGROUP.",medium
UNMAPPED,/Return/ReturnData/AffiliatedGroupSchedule/AffiliatedSchedule/GrassrootsNontaxableAmount,"",990/990EZ,new_variable,"",SC_02_AFFIL_EXP_GRASS_NONTAX,SC-P02-T01-AFFILIATED-GROUP,numeric,Affiliated member - grassroots nontaxable amount (line 1g),"363 filings TY2009-2012.  New repeating (MANY) table SC-P02-T01-AFFILIATED-GROUP needed; Schedule C Part II-A 'affiliated group' member schedule (2,109 filings TY2013-2024 + 363 in 2009-2012 under AffiliatedSchedule); totals already mapped as SC_02_*_AFFGROUP.",medium
UNMAPPED,/Return/ReturnData/AffiliatedGroupSchedule/AffiliatedSchedule/LobbyingNontaxableAmount,"",990/990EZ,new_variable,"",SC_02_AFFIL_EXP_LOB_NONTAX,SC-P02-T01-AFFILIATED-GROUP,numeric,Affiliated member - lobbying nontaxable amount (line 1f),"363 filings TY2009-2012.  New repeating (MANY) table SC-P02-T01-AFFILIATED-GROUP needed; Schedule C Part II-A 'affiliated group' member schedule (2,109 filings TY2013-2024 + 363 in 2009-2012 under AffiliatedSchedule); totals already mapped as SC_02_*_AFFGROUP.",medium
UNMAPPED,/Return/ReturnData/AffiliatedGroupSchedule/AffiliatedSchedule/OtherExemptPurposeExpenditures,"",990/990EZ,new_variable,"",SC_02_AFFIL_EXP_OTH_EXEMPT,SC-P02-T01-AFFILIATED-GROUP,numeric,Affiliated member - other exempt purpose expenditures (line 1d),"363 filings TY2009-2012.  New repeating (MANY) table SC-P02-T01-AFFILIATED-GROUP needed; Schedule C Part II-A 'affiliated group' member schedule (2,109 filings TY2013-2024 + 363 in 2009-2012 under AffiliatedSchedule); totals already mapped as SC_02_*_AFFGROUP.",medium
UNMAPPED,/Return/ReturnData/AffiliatedGroupSchedule/AffiliatedSchedule/ShareOfExcessLobbyingExpendtrs,"",990/990EZ,new_variable,"",SC_02_AFFIL_EXP_SHARE_EXCESS,SC-P02-T01-AFFILIATED-GROUP,numeric,Affiliated member - share of excess lobbying expenditures,"363 filings TY2009-2012.  New repeating (MANY) table SC-P02-T01-AFFILIATED-GROUP needed; Schedule C Part II-A 'affiliated group' member schedule (2,109 filings TY2013-2024 + 363 in 2009-2012 under AffiliatedSchedule); totals already mapped as SC_02_*_AFFGROUP.",medium
UNMAPPED,/Return/ReturnData/AffiliatedGroupSchedule/AffiliatedSchedule/TotLobbyExpendMnsLobbyingNontx,"",990/990EZ,new_variable,"",SC_02_AFFIL_EXP_LOB_M_NONTAX,SC-P02-T01-AFFILIATED-GROUP,numeric,Affiliated member - total lobbying expenditures minus lobbying nontaxable amount (line 1i),"363 filings TY2009-2012.  New repeating (MANY) table SC-P02-T01-AFFILIATED-GROUP needed; Schedule C Part II-A 'affiliated group' member schedule (2,109 filings TY2013-2024 + 363 in 2009-2012 under AffiliatedSchedule); totals already mapped as SC_02_*_AFFGROUP.",medium
UNMAPPED,/Return/ReturnData/AffiliatedGroupSchedule/AffiliatedSchedule/TotLobbyingGrassrootMinusNontx,"",990/990EZ,new_variable,"",SC_02_AFFIL_EXP_GRASS_M_NONTAX,SC-P02-T01-AFFILIATED-GROUP,numeric,Affiliated member - grassroots lobbying minus grassroots nontaxable amount (line 1h),"363 filings TY2009-2012.  New repeating (MANY) table SC-P02-T01-AFFILIATED-GROUP needed; Schedule C Part II-A 'affiliated group' member schedule (2,109 filings TY2013-2024 + 363 in 2009-2012 under AffiliatedSchedule); totals already mapped as SC_02_*_AFFGROUP.",medium
UNMAPPED,/Return/ReturnData/AffiliatedGroupSchedule/AffiliatedSchedule/TotalDirectLobbying,"",990/990EZ,new_variable,"",SC_02_AFFIL_EXP_DIRECT_LOB,SC-P02-T01-AFFILIATED-GROUP,numeric,Affiliated member - total direct lobbying expenditures (line 1b),"363 filings TY2009-2012.  New repeating (MANY) table SC-P02-T01-AFFILIATED-GROUP needed; Schedule C Part II-A 'affiliated group' member schedule (2,109 filings TY2013-2024 + 363 in 2009-2012 under AffiliatedSchedule); totals already mapped as SC_02_*_AFFGROUP.",medium
UNMAPPED,/Return/ReturnData/AffiliatedGroupSchedule/AffiliatedSchedule/TotalExemptPurposeExpenditures,"",990/990EZ,new_variable,"",SC_02_AFFIL_EXP_TOT_EXEMPT,SC-P02-T01-AFFILIATED-GROUP,numeric,Affiliated member - total exempt purpose expenditures (line 1e),"363 filings TY2009-2012.  New repeating (MANY) table SC-P02-T01-AFFILIATED-GROUP needed; Schedule C Part II-A 'affiliated group' member schedule (2,109 filings TY2013-2024 + 363 in 2009-2012 under AffiliatedSchedule); totals already mapped as SC_02_*_AFFGROUP.",medium
UNMAPPED,/Return/ReturnData/AffiliatedGroupSchedule/AffiliatedSchedule/TotalGrassrootsLobbying,"",990/990EZ,new_variable,"",SC_02_AFFIL_EXP_GRASS_LOB,SC-P02-T01-AFFILIATED-GROUP,numeric,Affiliated member - total grassroots lobbying expenditures (line 1a),"363 filings TY2009-2012.  New repeating (MANY) table SC-P02-T01-AFFILIATED-GROUP needed; Schedule C Part II-A 'affiliated group' member schedule (2,109 filings TY2013-2024 + 363 in 2009-2012 under AffiliatedSchedule); totals already mapped as SC_02_*_AFFGROUP.",medium
UNMAPPED,/Return/ReturnData/AffiliatedGroupSchedule/AffiliatedSchedule/TotalLobbyingExpenditures,"",990/990EZ,new_variable,"",SC_02_AFFIL_EXP_TOT_LOB,SC-P02-T01-AFFILIATED-GROUP,numeric,Affiliated member - total lobbying expenditures (line 1c),"363 filings TY2009-2012.  New repeating (MANY) table SC-P02-T01-AFFILIATED-GROUP needed; Schedule C Part II-A 'affiliated group' member schedule (2,109 filings TY2013-2024 + 363 in 2009-2012 under AffiliatedSchedule); totals already mapped as SC_02_*_AFFGROUP.",medium
UNMAPPED,/Return/ReturnData/AffiliatedGroupSchedule/AffiliatedScheduleGrp/BusinessName/BusinessNameLine1,"",990/990EZ,new_variable,"",SC_02_AFFIL_NAME_L1,SC-P02-T01-AFFILIATED-GROUP,text,Affiliated group member name line 1,"123 filings TY2013-2013.  New repeating (MANY) table SC-P02-T01-AFFILIATED-GROUP needed; Schedule C Part II-A 'affiliated group' member schedule (2,109 filings TY2013-2024 + 363 in 2009-2012 under AffiliatedSchedule); totals already mapped as SC_02_*_AFFGROUP.",medium
UNMAPPED,/Return/ReturnData/AffiliatedGroupSchedule/AffiliatedScheduleGrp/BusinessName/BusinessNameLine1Txt,"",990/990EZ,new_variable,"",SC_02_AFFIL_NAME_L1,SC-P02-T01-AFFILIATED-GROUP,text,Affiliated group member name line 1,"1,986 filings TY2014-2024.  New repeating (MANY) table SC-P02-T01-AFFILIATED-GROUP needed; Schedule C Part II-A 'affiliated group' member schedule (2,109 filings TY2013-2024 + 363 in 2009-2012 under AffiliatedSchedule); totals already mapped as SC_02_*_AFFGROUP.",medium
UNMAPPED,/Return/ReturnData/AffiliatedGroupSchedule/AffiliatedScheduleGrp/BusinessName/BusinessNameLine2,"",990,new_variable,"",SC_02_AFFIL_NAME_L2,SC-P02-T01-AFFILIATED-GROUP,text,Affiliated group member name line 2,"1 filings TY2013-2013.  New repeating (MANY) table SC-P02-T01-AFFILIATED-GROUP needed; Schedule C Part II-A 'affiliated group' member schedule (2,109 filings TY2013-2024 + 363 in 2009-2012 under AffiliatedSchedule); totals already mapped as SC_02_*_AFFGROUP.",medium
UNMAPPED,/Return/ReturnData/AffiliatedGroupSchedule/AffiliatedScheduleGrp/BusinessName/BusinessNameLine2Txt,"",990,new_variable,"",SC_02_AFFIL_NAME_L2,SC-P02-T01-AFFILIATED-GROUP,text,Affiliated group member name line 2,"19 filings TY2017-2024.  New repeating (MANY) table SC-P02-T01-AFFILIATED-GROUP needed; Schedule C Part II-A 'affiliated group' member schedule (2,109 filings TY2013-2024 + 363 in 2009-2012 under AffiliatedSchedule); totals already mapped as SC_02_*_AFFGROUP.",medium
UNMAPPED,/Return/ReturnData/AffiliatedGroupSchedule/AffiliatedScheduleGrp/EIN,"",990/990EZ,new_variable,"",SC_02_AFFIL_EIN,SC-P02-T01-AFFILIATED-GROUP,text,Affiliated group member EIN (Schedule C Part II-A affiliated group schedule),"2,109 filings TY2013-2024.  New repeating (MANY) table SC-P02-T01-AFFILIATED-GROUP needed; Schedule C Part II-A 'affiliated group' member schedule (2,109 filings TY2013-2024 + 363 in 2009-2012 under AffiliatedSchedule); totals already mapped as SC_02_*_AFFGROUP.",medium
UNMAPPED,/Return/ReturnData/AffiliatedGroupSchedule/AffiliatedScheduleGrp/ElectingOrganizationInd,"",990/990EZ,new_variable,"",SC_02_AFFIL_ELECTING_X,SC-P02-T01-AFFILIATED-GROUP,checkbox,Affiliated group member is an electing (501(h)) organization,"1,561 filings TY2013-2024.  New repeating (MANY) table SC-P02-T01-AFFILIATED-GROUP needed; Schedule C Part II-A 'affiliated group' member schedule (2,109 filings TY2013-2024 + 363 in 2009-2012 under AffiliatedSchedule); totals already mapped as SC_02_*_AFFGROUP.",medium
UNMAPPED,/Return/ReturnData/AffiliatedGroupSchedule/AffiliatedScheduleGrp/GrassrootsNontxAmt,"",990/990EZ,new_variable,"",SC_02_AFFIL_EXP_GRASS_NONTAX,SC-P02-T01-AFFILIATED-GROUP,numeric,Affiliated member - grassroots nontaxable amount (line 1g),"2,109 filings TY2013-2024.  New repeating (MANY) table SC-P02-T01-AFFILIATED-GROUP needed; Schedule C Part II-A 'affiliated group' member schedule (2,109 filings TY2013-2024 + 363 in 2009-2012 under AffiliatedSchedule); totals already mapped as SC_02_*_AFFGROUP.",medium
UNMAPPED,/Return/ReturnData/AffiliatedGroupSchedule/AffiliatedScheduleGrp/LobbyNontxAmt,"",990/990EZ,new_variable,"",SC_02_AFFIL_EXP_LOB_NONTAX,SC-P02-T01-AFFILIATED-GROUP,numeric,Affiliated member - lobbying nontaxable amount (line 1f),"2,109 filings TY2013-2024.  New repeating (MANY) table SC-P02-T01-AFFILIATED-GROUP needed; Schedule C Part II-A 'affiliated group' member schedule (2,109 filings TY2013-2024 + 363 in 2009-2012 under AffiliatedSchedule); totals already mapped as SC_02_*_AFFGROUP.",medium
UNMAPPED,/Return/ReturnData/AffiliatedGroupSchedule/AffiliatedScheduleGrp/OtherExemptPurposeExpendAmt,"",990/990EZ,new_variable,"",SC_02_AFFIL_EXP_OTH_EXEMPT,SC-P02-T01-AFFILIATED-GROUP,numeric,Affiliated member - other exempt purpose expenditures (line 1d),"2,109 filings TY2013-2024.  New repeating (MANY) table SC-P02-T01-AFFILIATED-GROUP needed; Schedule C Part II-A 'affiliated group' member schedule (2,109 filings TY2013-2024 + 363 in 2009-2012 under AffiliatedSchedule); totals already mapped as SC_02_*_AFFGROUP.",medium
UNMAPPED,/Return/ReturnData/AffiliatedGroupSchedule/AffiliatedScheduleGrp/ShareExcessLobbyExpendAmt,"",990/990EZ,new_variable,"",SC_02_AFFIL_EXP_SHARE_EXCESS,SC-P02-T01-AFFILIATED-GROUP,numeric,Affiliated member - share of excess lobbying expenditures,"2,109 filings TY2013-2024.  New repeating (MANY) table SC-P02-T01-AFFILIATED-GROUP needed; Schedule C Part II-A 'affiliated group' member schedule (2,109 filings TY2013-2024 + 363 in 2009-2012 under AffiliatedSchedule); totals already mapped as SC_02_*_AFFGROUP.",medium
UNMAPPED,/Return/ReturnData/AffiliatedGroupSchedule/AffiliatedScheduleGrp/TotLbbyExpendMnsLobbyNontxAmt,"",990/990EZ,new_variable,"",SC_02_AFFIL_EXP_LOB_M_NONTAX,SC-P02-T01-AFFILIATED-GROUP,numeric,Affiliated member - total lobbying expenditures minus lobbying nontaxable amount (line 1i),"2,109 filings TY2013-2024.  New repeating (MANY) table SC-P02-T01-AFFILIATED-GROUP needed; Schedule C Part II-A 'affiliated group' member schedule (2,109 filings TY2013-2024 + 363 in 2009-2012 under AffiliatedSchedule); totals already mapped as SC_02_*_AFFGROUP.",medium
UNMAPPED,/Return/ReturnData/AffiliatedGroupSchedule/AffiliatedScheduleGrp/TotalDirectLobbyAmt,"",990/990EZ,new_variable,"",SC_02_AFFIL_EXP_DIRECT_LOB,SC-P02-T01-AFFILIATED-GROUP,numeric,Affiliated member - total direct lobbying expenditures (line 1b),"2,109 filings TY2013-2024.  New repeating (MANY) table SC-P02-T01-AFFILIATED-GROUP needed; Schedule C Part II-A 'affiliated group' member schedule (2,109 filings TY2013-2024 + 363 in 2009-2012 under AffiliatedSchedule); totals already mapped as SC_02_*_AFFGROUP.",medium
UNMAPPED,/Return/ReturnData/AffiliatedGroupSchedule/AffiliatedScheduleGrp/TotalExemptPurposeExpendAmt,"",990/990EZ,new_variable,"",SC_02_AFFIL_EXP_TOT_EXEMPT,SC-P02-T01-AFFILIATED-GROUP,numeric,Affiliated member - total exempt purpose expenditures (line 1e),"2,109 filings TY2013-2024.  New repeating (MANY) table SC-P02-T01-AFFILIATED-GROUP needed; Schedule C Part II-A 'affiliated group' member schedule (2,109 filings TY2013-2024 + 363 in 2009-2012 under AffiliatedSchedule); totals already mapped as SC_02_*_AFFGROUP.",medium
UNMAPPED,/Return/ReturnData/AffiliatedGroupSchedule/AffiliatedScheduleGrp/TotalGrassrootsLobbyAmt,"",990/990EZ,new_variable,"",SC_02_AFFIL_EXP_GRASS_LOB,SC-P02-T01-AFFILIATED-GROUP,numeric,Affiliated member - total grassroots lobbying expenditures (line 1a),"2,109 filings TY2013-2024.  New repeating (MANY) table SC-P02-T01-AFFILIATED-GROUP needed; Schedule C Part II-A 'affiliated group' member schedule (2,109 filings TY2013-2024 + 363 in 2009-2012 under AffiliatedSchedule); totals already mapped as SC_02_*_AFFGROUP.",medium
UNMAPPED,/Return/ReturnData/AffiliatedGroupSchedule/AffiliatedScheduleGrp/TotalLobbyExpenditureAmt,"",990/990EZ,new_variable,"",SC_02_AFFIL_EXP_TOT_LOB,SC-P02-T01-AFFILIATED-GROUP,numeric,Affiliated member - total lobbying expenditures (line 1c),"2,109 filings TY2013-2024.  New repeating (MANY) table SC-P02-T01-AFFILIATED-GROUP needed; Schedule C Part II-A 'affiliated group' member schedule (2,109 filings TY2013-2024 + 363 in 2009-2012 under AffiliatedSchedule); totals already mapped as SC_02_*_AFFGROUP.",medium
UNMAPPED,/Return/ReturnData/AffiliatedGroupSchedule/AffiliatedScheduleGrp/TotalLobbyGrssrootMnsNontxAmt,"",990/990EZ,new_variable,"",SC_02_AFFIL_EXP_GRASS_M_NONTAX,SC-P02-T01-AFFILIATED-GROUP,numeric,Affiliated member - grassroots lobbying minus grassroots nontaxable amount (line 1h),"2,109 filings TY2013-2024.  New repeating (MANY) table SC-P02-T01-AFFILIATED-GROUP needed; Schedule C Part II-A 'affiliated group' member schedule (2,109 filings TY2013-2024 + 363 in 2009-2012 under AffiliatedSchedule); totals already mapped as SC_02_*_AFFGROUP.",medium
UNMAPPED,/Return/ReturnData/AffiliatedGroupSchedule/AffiliatedScheduleGrp/USAddress/AddressLine1,"",990/990EZ,new_variable,"",SC_02_AFFIL_ADDR_L1,SC-P02-T01-AFFILIATED-GROUP,text,Affiliated group member street address line 1,"123 filings TY2013-2013.  New repeating (MANY) table SC-P02-T01-AFFILIATED-GROUP needed; Schedule C Part II-A 'affiliated group' member schedule (2,109 filings TY2013-2024 + 363 in 2009-2012 under AffiliatedSchedule); totals already mapped as SC_02_*_AFFGROUP.",medium
UNMAPPED,/Return/ReturnData/AffiliatedGroupSchedule/AffiliatedScheduleGrp/USAddress/AddressLine1Txt,"",990/990EZ,new_variable,"",SC_02_AFFIL_ADDR_L1,SC-P02-T01-AFFILIATED-GROUP,text,Affiliated group member street address line 1,"1,984 filings TY2014-2024.  New repeating (MANY) table SC-P02-T01-AFFILIATED-GROUP needed; Schedule C Part II-A 'affiliated group' member schedule (2,109 filings TY2013-2024 + 363 in 2009-2012 under AffiliatedSchedule); totals already mapped as SC_02_*_AFFGROUP.",medium
UNMAPPED,/Return/ReturnData/AffiliatedGroupSchedule/AffiliatedScheduleGrp/USAddress/AddressLine2,"",990,new_variable,"",SC_02_AFFIL_ADDR_L2,SC-P02-T01-AFFILIATED-GROUP,text,Affiliated group member street address line 2,"2 filings TY2013-2013.  New repeating (MANY) table SC-P02-T01-AFFILIATED-GROUP needed; Schedule C Part II-A 'affiliated group' member schedule (2,109 filings TY2013-2024 + 363 in 2009-2012 under AffiliatedSchedule); totals already mapped as SC_02_*_AFFGROUP.",medium
UNMAPPED,/Return/ReturnData/AffiliatedGroupSchedule/AffiliatedScheduleGrp/USAddress/AddressLine2Txt,"",990,new_variable,"",SC_02_AFFIL_ADDR_L2,SC-P02-T01-AFFILIATED-GROUP,text,Affiliated group member street address line 2,"39 filings TY2014-2024.  New repeating (MANY) table SC-P02-T01-AFFILIATED-GROUP needed; Schedule C Part II-A 'affiliated group' member schedule (2,109 filings TY2013-2024 + 363 in 2009-2012 under AffiliatedSchedule); totals already mapped as SC_02_*_AFFGROUP.",medium
UNMAPPED,/Return/ReturnData/AffiliatedGroupSchedule/AffiliatedScheduleGrp/USAddress/City,"",990/990EZ,new_variable,"",SC_02_AFFIL_ADDR_CITY,SC-P02-T01-AFFILIATED-GROUP,text,Affiliated group member city,"123 filings TY2013-2013.  New repeating (MANY) table SC-P02-T01-AFFILIATED-GROUP needed; Schedule C Part II-A 'affiliated group' member schedule (2,109 filings TY2013-2024 + 363 in 2009-2012 under AffiliatedSchedule); totals already mapped as SC_02_*_AFFGROUP.",medium
UNMAPPED,/Return/ReturnData/AffiliatedGroupSchedule/AffiliatedScheduleGrp/USAddress/CityNm,"",990/990EZ,new_variable,"",SC_02_AFFIL_ADDR_CITY,SC-P02-T01-AFFILIATED-GROUP,text,Affiliated group member city,"1,984 filings TY2014-2024.  New repeating (MANY) table SC-P02-T01-AFFILIATED-GROUP needed; Schedule C Part II-A 'affiliated group' member schedule (2,109 filings TY2013-2024 + 363 in 2009-2012 under AffiliatedSchedule); totals already mapped as SC_02_*_AFFGROUP.",medium
UNMAPPED,/Return/ReturnData/AffiliatedGroupSchedule/AffiliatedScheduleGrp/USAddress/State,"",990/990EZ,new_variable,"",SC_02_AFFIL_ADDR_STATE,SC-P02-T01-AFFILIATED-GROUP,text,Affiliated group member state,"123 filings TY2013-2013.  New repeating (MANY) table SC-P02-T01-AFFILIATED-GROUP needed; Schedule C Part II-A 'affiliated group' member schedule (2,109 filings TY2013-2024 + 363 in 2009-2012 under AffiliatedSchedule); totals already mapped as SC_02_*_AFFGROUP.",medium
UNMAPPED,/Return/ReturnData/AffiliatedGroupSchedule/AffiliatedScheduleGrp/USAddress/StateAbbreviationCd,"",990/990EZ,new_variable,"",SC_02_AFFIL_ADDR_STATE,SC-P02-T01-AFFILIATED-GROUP,text,Affiliated group member state,"1,984 filings TY2014-2024.  New repeating (MANY) table SC-P02-T01-AFFILIATED-GROUP needed; Schedule C Part II-A 'affiliated group' member schedule (2,109 filings TY2013-2024 + 363 in 2009-2012 under AffiliatedSchedule); totals already mapped as SC_02_*_AFFGROUP.",medium
UNMAPPED,/Return/ReturnData/AffiliatedGroupSchedule/AffiliatedScheduleGrp/USAddress/ZIPCd,"",990/990EZ,new_variable,"",SC_02_AFFIL_ADDR_ZIP,SC-P02-T01-AFFILIATED-GROUP,text,Affiliated group member ZIP code,"1,984 filings TY2014-2024.  New repeating (MANY) table SC-P02-T01-AFFILIATED-GROUP needed; Schedule C Part II-A 'affiliated group' member schedule (2,109 filings TY2013-2024 + 363 in 2009-2012 under AffiliatedSchedule); totals already mapped as SC_02_*_AFFGROUP.",medium
UNMAPPED,/Return/ReturnData/AffiliatedGroupSchedule/AffiliatedScheduleGrp/USAddress/ZIPCode,"",990/990EZ,new_variable,"",SC_02_AFFIL_ADDR_ZIP,SC-P02-T01-AFFILIATED-GROUP,text,Affiliated group member ZIP code,"123 filings TY2013-2013.  New repeating (MANY) table SC-P02-T01-AFFILIATED-GROUP needed; Schedule C Part II-A 'affiliated group' member schedule (2,109 filings TY2013-2024 + 363 in 2009-2012 under AffiliatedSchedule); totals already mapped as SC_02_*_AFFGROUP.",medium
UNMAPPED,/Return/ReturnData/AveragingAttachment,"",990/990EZ,ignore,"","","","","","Container/group element observed empty (no text value, avg length 0; its children are mapped separately when present). Add to ignore.csv as a container.",high
UNMAPPED,/Return/ReturnData/AveragingAttachment/Explanation,"",990/990EZ,new_variable,"",SC_02_LOB_AVERAGING_EXPL,SC-P02-T00-LOBBY,text,Explanation attached to the Schedule C Part II-A 4-year lobbying averaging period (lines 2a-2f),306 filings TY2009-2012. General-dependency attachment text (e.g. 'ORGANIZATION HAD NO LOBBYING EXPENDITURES FOR 2010'); alternatively ignore as attachment.,low
UNMAPPED,/Return/ReturnData/AveragingAttachment/ExplanationTxt,"",990/990EZ,new_variable,"",SC_02_LOB_AVERAGING_EXPL,SC-P02-T00-LOBBY,text,Explanation attached to the Schedule C Part II-A 4-year lobbying averaging period (lines 2a-2f),"2,355 filings TY2013-2024. General-dependency attachment text (e.g. 'ORGANIZATION HAD NO LOBBYING EXPENDITURES FOR 2010'); alternatively ignore as attachment.",low
UNMAPPED,/Return/ReturnData/CompensationExplanation,"",990EZ,ignore,"","","","","","Container/group element observed empty (no text value, avg length 0; its children are mapped separately when present). Add to ignore.csv as a container.",high
UNMAPPED,/Return/ReturnData/CompensationExplanation/CompensationExplanationGrp,"",990EZ,ignore,"","","","","","Container/group element observed empty (no text value, avg length 0; its children are mapped separately when present). Add to ignore.csv as a container.",high
UNMAPPED,/Return/ReturnData/CompensationExplanation/CompensationExplanationGrp/BusinessName/BusinessNameLine1,"",990EZ,add_to_variable,"",F9_07_COMP_DTK_EXPL_NAME_ORG_L1,"","","",2013 transitional form of BusinessNameLine1Txt; 420 990-EZ filings in TY2013 only; closes the GAP of this variable.,high
UNMAPPED,/Return/ReturnData/CompensationExplanation/CompensationExplanationGrp/BusinessName/BusinessNameLine2,"",990EZ,add_to_variable,"",F9_07_COMP_DTK_EXPL_NAME_ORG_L2,"","","",2013 transitional form of BusinessNameLine2Txt; 174 990-EZ filings in TY2013 only; closes the 2013 GAP of this variable.,high
UNMAPPED,/Return/ReturnData/EmployeeCompensationExpln/EmployeeCompExplanation/EmployeeName,"",990EZ,add_to_variable,"",F9_07_COMP_DTK_EXPL_NAME_PERS,"","","","990-EZ employee compensation explanation attachment (children of /EmployeeCompensationExpln, which is itself - wrongly - mapped as a leaf to F9_07_COMP_DTK_EXPL_TXT). Person names; 111 (2013+) / 14 (2009-2012) filings. Alternatively a separate variable if it must not pool with CompensationExplanation.",medium
UNMAPPED,/Return/ReturnData/EmployeeCompensationExpln/EmployeeCompExplanation/Explanation,"",990EZ,add_to_variable,"",F9_07_COMP_DTK_EXPL_TXT,"","","",Explanation text of the 990-EZ employee compensation attachment; 101 (2013+) / 9 (2009-2012) filings. Replace the container mapping /EmployeeCompensationExpln -> F9_07_COMP_DTK_EXPL_TXT with these leaves.,medium
UNMAPPED,/Return/ReturnData/EmployeeCompensationExpln/EmployeeCompExplanationGrp/EmployeeNm,"",990EZ,add_to_variable,"",F9_07_COMP_DTK_EXPL_NAME_PERS,"","","","990-EZ employee compensation explanation attachment (children of /EmployeeCompensationExpln, which is itself - wrongly - mapped as a leaf to F9_07_COMP_DTK_EXPL_TXT). Person names; 111 (2013+) / 14 (2009-2012) filings. Alternatively a separate variable if it must not pool with CompensationExplanation.",medium
UNMAPPED,/Return/ReturnData/EmployeeCompensationExpln/EmployeeCompExplanationGrp/ExplanationTxt,"",990EZ,add_to_variable,"",F9_07_COMP_DTK_EXPL_TXT,"","","",Explanation text of the 990-EZ employee compensation attachment; 101 (2013+) / 9 (2009-2012) filings. Replace the container mapping /EmployeeCompensationExpln -> F9_07_COMP_DTK_EXPL_TXT with these leaves.,medium
UNMAPPED,/Return/ReturnData/IRS990/AccountantCompileOrReviewBasis,"",990,ignore,"","","","","","Container/group element observed empty (no text value, avg length 0; its children are mapped separately when present). Add to ignore.csv as a container.",high
UNMAPPED,/Return/ReturnData/IRS990/AccountsPayableAccrExpnssGrp,"",990,ignore,"","","","","","Container/group element observed empty (no text value, avg length 0; its children are mapped separately when present). Add to ignore.csv as a container.",high
UNMAPPED,/Return/ReturnData/IRS990/AccountsPayableAccruedExpenses,"",990,ignore,"","","","","","Container/group element observed empty (no text value, avg length 0; its children are mapped separately when present). Add to ignore.csv as a container.",high
UNMAPPED,/Return/ReturnData/IRS990/AccountsReceivable,"",990,ignore,"","","","","","Container/group element observed empty (no text value, avg length 0; its children are mapped separately when present). Add to ignore.csv as a container.",high
UNMAPPED,/Return/ReturnData/IRS990/AccountsReceivableGrp,"",990,ignore,"","","","","","Container/group element observed empty (no text value, avg length 0; its children are mapped separately when present). Add to ignore.csv as a container.",high
UNMAPPED,/Return/ReturnData/IRS990/AcctCompileOrReviewBasisGrp,"",990,ignore,"","","","","","Container/group element observed empty (no text value, avg length 0; its children are mapped separately when present). Add to ignore.csv as a container.",high
UNMAPPED,/Return/ReturnData/IRS990/Activity2,"",990,ignore,"","","","","","Container/group element observed empty (no text value, avg length 0; its children are mapped separately when present). Add to ignore.csv as a container.",high
UNMAPPED,/Return/ReturnData/IRS990/Activity3,"",990,ignore,"","","","","","Container/group element observed empty (no text value, avg length 0; its children are mapped separately when present). Add to ignore.csv as a container.",high
UNMAPPED,/Return/ReturnData/IRS990/ActivityOther,"",990,ignore,"","","","","","Container/group element observed empty (no text value, avg length 0; its children are mapped separately when present). Add to ignore.csv as a container.",high
UNMAPPED,/Return/ReturnData/IRS990/AdvertisingGrp,"",990,ignore,"","","","","","Container/group element observed empty (no text value, avg length 0; its children are mapped separately when present). Add to ignore.csv as a container.",high
UNMAPPED,/Return/ReturnData/IRS990/AllOtherExpensesGrp,"",990,ignore,"","","","","","Container/group element observed empty (no text value, avg length 0; its children are mapped separately when present). Add to ignore.csv as a container.",high
UNMAPPED,/Return/ReturnData/IRS990/BenefitsToMembers,"",990,ignore,"","","","","","Container/group element observed empty (no text value, avg length 0; its children are mapped separately when present). Add to ignore.csv as a container.",high
UNMAPPED,/Return/ReturnData/IRS990/BenefitsToMembersGrp,"",990,ignore,"","","","","","Container/group element observed empty (no text value, avg length 0; its children are mapped separately when present). Add to ignore.csv as a container.",high
UNMAPPED,/Return/ReturnData/IRS990/CapStkTrPrinCurrentFundsGrp,"",990,ignore,"","","","","","Container/group element observed empty (no text value, avg length 0; its children are mapped separately when present). Add to ignore.csv as a container.",high
UNMAPPED,/Return/ReturnData/IRS990/CashNonInterestBearingGrp,"",990,ignore,"","","","","","Container/group element observed empty (no text value, avg length 0; its children are mapped separately when present). Add to ignore.csv as a container.",high
UNMAPPED,/Return/ReturnData/IRS990/CompCurrentOfcrDirectorsGrp,"",990,ignore,"","","","","","Container/group element observed empty (no text value, avg length 0; its children are mapped separately when present). Add to ignore.csv as a container.",high
UNMAPPED,/Return/ReturnData/IRS990/CompCurrentOfficersDirectors,"",990,ignore,"","","","","","Container/group element observed empty (no text value, avg length 0; its children are mapped separately when present). Add to ignore.csv as a container.",high
UNMAPPED,/Return/ReturnData/IRS990/CompDisqualPersons,"",990,ignore,"","","","","","Container/group element observed empty (no text value, avg length 0; its children are mapped separately when present). Add to ignore.csv as a container.",high
UNMAPPED,/Return/ReturnData/IRS990/CompDisqualPersonsGrp,"",990,ignore,"","","","","","Container/group element observed empty (no text value, avg length 0; its children are mapped separately when present). Add to ignore.csv as a container.",high
UNMAPPED,/Return/ReturnData/IRS990/ConferencesMeetings,"",990,ignore,"","","","","","Container/group element observed empty (no text value, avg length 0; its children are mapped separately when present). Add to ignore.csv as a container.",high
UNMAPPED,/Return/ReturnData/IRS990/ConferencesMeetingsGrp,"",990,ignore,"","","","","","Container/group element observed empty (no text value, avg length 0; its children are mapped separately when present). Add to ignore.csv as a container.",high
UNMAPPED,/Return/ReturnData/IRS990/ContractorCompensation,"",990,ignore,"","","","","","Container/group element observed empty (no text value, avg length 0; its children are mapped separately when present). Add to ignore.csv as a container.",high
UNMAPPED,/Return/ReturnData/IRS990/ContractorCompensation/AddressOfContractor,"",990,ignore,"","","","","","Container/group element observed empty (no text value, avg length 0; its children are mapped separately when present). Add to ignore.csv as a container.",high
UNMAPPED,/Return/ReturnData/IRS990/ContractorCompensationGrp/ContractorAddress,"",990,ignore,"","","","","","Container/group element observed empty (no text value, avg length 0; its children are mapped separately when present). Add to ignore.csv as a container.",high
UNMAPPED,/Return/ReturnData/IRS990/ContractorCompensationGrp/ContractorName,"",990,ignore,"","","","","","Container/group element observed empty (no text value, avg length 0; its children are mapped separately when present). Add to ignore.csv as a container.",high
UNMAPPED,/Return/ReturnData/IRS990/DeferredRevenueGrp,"",990,ignore,"","","","","","Container/group element observed empty (no text value, avg length 0; its children are mapped separately when present). Add to ignore.csv as a container.",high
UNMAPPED,/Return/ReturnData/IRS990/DepreciationDepletionGrp,"",990,ignore,"","","","","","Container/group element observed empty (no text value, avg length 0; its children are mapped separately when present). Add to ignore.csv as a container.",high
UNMAPPED,/Return/ReturnData/IRS990/DonorRestrictionNetAssetsGrp,"",990,ignore,"","","","","","Container/group element observed empty (no text value, avg length 0; its children are mapped separately when present). Add to ignore.csv as a container.",high
UNMAPPED,/Return/ReturnData/IRS990/FSAuditedBasis,"",990,ignore,"","","","","","Container/group element observed empty (no text value, avg length 0; its children are mapped separately when present). Add to ignore.csv as a container.",high
UNMAPPED,/Return/ReturnData/IRS990/FSAuditedBasisGrp,"",990,ignore,"","","","","","Container/group element observed empty (no text value, avg length 0; its children are mapped separately when present). Add to ignore.csv as a container.",high
UNMAPPED,/Return/ReturnData/IRS990/FeesForServicesInvstMgmntFees,"",990,ignore,"","","","","","Container/group element observed empty (no text value, avg length 0; its children are mapped separately when present). Add to ignore.csv as a container.",high
UNMAPPED,/Return/ReturnData/IRS990/FeesForServicesLegalGrp,"",990,ignore,"","","","","","Container/group element observed empty (no text value, avg length 0; its children are mapped separately when present). Add to ignore.csv as a container.",high
UNMAPPED,/Return/ReturnData/IRS990/FeesForServicesLobbying,"",990,ignore,"","","","","","Container/group element observed empty (no text value, avg length 0; its children are mapped separately when present). Add to ignore.csv as a container.",high
UNMAPPED,/Return/ReturnData/IRS990/FeesForServicesLobbyingGrp,"",990,ignore,"","","","","","Container/group element observed empty (no text value, avg length 0; its children are mapped separately when present). Add to ignore.csv as a container.",high
UNMAPPED,/Return/ReturnData/IRS990/FeesForServicesManagementGrp,"",990,ignore,"","","","","","Container/group element observed empty (no text value, avg length 0; its children are mapped separately when present). Add to ignore.csv as a container.",high
UNMAPPED,/Return/ReturnData/IRS990/FeesForServicesOther,"",990,ignore,"","","","","","Container/group element observed empty (no text value, avg length 0; its children are mapped separately when present). Add to ignore.csv as a container.",high
UNMAPPED,/Return/ReturnData/IRS990/FeesForServicesOtherGrp,"",990,ignore,"","","","","","Container/group element observed empty (no text value, avg length 0; its children are mapped separately when present). Add to ignore.csv as a container.",high
UNMAPPED,/Return/ReturnData/IRS990/FeesForServicesProfFundraising,"",990,ignore,"","","","","","Container/group element observed empty (no text value, avg length 0; its children are mapped separately when present). Add to ignore.csv as a container.",high
UNMAPPED,/Return/ReturnData/IRS990/FeesForSrvcInvstMgmntFeesGrp,"",990,ignore,"","","","","","Container/group element observed empty (no text value, avg length 0; its children are mapped separately when present). Add to ignore.csv as a container.",high
UNMAPPED,/Return/ReturnData/IRS990/ForeignGrants,"",990,ignore,"","","","","","Container/group element observed empty (no text value, avg length 0; its children are mapped separately when present). Add to ignore.csv as a container.",high
UNMAPPED,/Return/ReturnData/IRS990/ForeignGrantsGrp,"",990,ignore,"","","","","","Container/group element observed empty (no text value, avg length 0; its children are mapped separately when present). Add to ignore.csv as a container.",high
UNMAPPED,/Return/ReturnData/IRS990/GainOrLoss,"",990,ignore,"","","","","","Container/group element observed empty (no text value, avg length 0; its children are mapped separately when present). Add to ignore.csv as a container.",high
UNMAPPED,/Return/ReturnData/IRS990/GainOrLossGrp,"",990,ignore,"","","","","","Container/group element observed empty (no text value, avg length 0; its children are mapped separately when present). Add to ignore.csv as a container.",high
UNMAPPED,/Return/ReturnData/IRS990/GrantsPayableGrp,"",990,ignore,"","","","","","Container/group element observed empty (no text value, avg length 0; its children are mapped separately when present). Add to ignore.csv as a container.",high
UNMAPPED,/Return/ReturnData/IRS990/GrantsToDomesticIndividuals,"",990,ignore,"","","","","","Container/group element observed empty (no text value, avg length 0; its children are mapped separately when present). Add to ignore.csv as a container.",high
UNMAPPED,/Return/ReturnData/IRS990/GrantsToDomesticIndividualsGrp,"",990,ignore,"","","","","","Container/group element observed empty (no text value, avg length 0; its children are mapped separately when present). Add to ignore.csv as a container.",high
UNMAPPED,/Return/ReturnData/IRS990/GrantsToDomesticOrgs,"",990,ignore,"","","","","","Container/group element observed empty (no text value, avg length 0; its children are mapped separately when present). Add to ignore.csv as a container.",high
UNMAPPED,/Return/ReturnData/IRS990/GrantsToDomesticOrgsGrp,"",990,ignore,"","","","","","Container/group element observed empty (no text value, avg length 0; its children are mapped separately when present). Add to ignore.csv as a container.",high
UNMAPPED,/Return/ReturnData/IRS990/GrossAmountSalesAssets,"",990,ignore,"","","","","","Container/group element observed empty (no text value, avg length 0; its children are mapped separately when present). Add to ignore.csv as a container.",high
UNMAPPED,/Return/ReturnData/IRS990/GrossAmountSalesAssetsGrp,"",990,ignore,"","","","","","Container/group element observed empty (no text value, avg length 0; its children are mapped separately when present). Add to ignore.csv as a container.",high
UNMAPPED,/Return/ReturnData/IRS990/GrossRents,"",990,ignore,"","","","","","Container/group element observed empty (no text value, avg length 0; its children are mapped separately when present). Add to ignore.csv as a container.",high
UNMAPPED,/Return/ReturnData/IRS990/GrossRentsGrp,"",990,ignore,"","","","","","Container/group element observed empty (no text value, avg length 0; its children are mapped separately when present). Add to ignore.csv as a container.",high
UNMAPPED,/Return/ReturnData/IRS990/IncmFromInvestBondProceedsGrp,"",990,ignore,"","","","","","Container/group element observed empty (no text value, avg length 0; its children are mapped separately when present). Add to ignore.csv as a container.",high
UNMAPPED,/Return/ReturnData/IRS990/IncomeFromInvestBondProceeds,"",990,ignore,"","","","","","Container/group element observed empty (no text value, avg length 0; its children are mapped separately when present). Add to ignore.csv as a container.",high
UNMAPPED,/Return/ReturnData/IRS990/InformationTechnology,"",990,ignore,"","","","","","Container/group element observed empty (no text value, avg length 0; its children are mapped separately when present). Add to ignore.csv as a container.",high
UNMAPPED,/Return/ReturnData/IRS990/InformationTechnologyGrp,"",990,ignore,"","","","","","Container/group element observed empty (no text value, avg length 0; its children are mapped separately when present). Add to ignore.csv as a container.",high
UNMAPPED,/Return/ReturnData/IRS990/InsuranceGrp,"",990,ignore,"","","","","","Container/group element observed empty (no text value, avg length 0; its children are mapped separately when present). Add to ignore.csv as a container.",high
UNMAPPED,/Return/ReturnData/IRS990/Interest,"",990,ignore,"","","","","","Container/group element observed empty (no text value, avg length 0; its children are mapped separately when present). Add to ignore.csv as a container.",high
UNMAPPED,/Return/ReturnData/IRS990/InterestGrp,"",990,ignore,"","","","","","Container/group element observed empty (no text value, avg length 0; its children are mapped separately when present). Add to ignore.csv as a container.",high
UNMAPPED,/Return/ReturnData/IRS990/InventoriesForSaleOrUseGrp,"",990,ignore,"","","","","","Container/group element observed empty (no text value, avg length 0; its children are mapped separately when present). Add to ignore.csv as a container.",high
UNMAPPED,/Return/ReturnData/IRS990/InvestmentIncome,"",990,ignore,"","","","","","Container/group element observed empty (no text value, avg length 0; its children are mapped separately when present). Add to ignore.csv as a container.",high
UNMAPPED,/Return/ReturnData/IRS990/InvestmentIncomeGrp,"",990,ignore,"","","","","","Container/group element observed empty (no text value, avg length 0; its children are mapped separately when present). Add to ignore.csv as a container.",high
UNMAPPED,/Return/ReturnData/IRS990/InvestmentsOtherSecuritiesGrp,"",990,ignore,"","","","","","Container/group element observed empty (no text value, avg length 0; its children are mapped separately when present). Add to ignore.csv as a container.",high
UNMAPPED,/Return/ReturnData/IRS990/InvestmentsProgramRelatedGrp,"",990,ignore,"","","","","","Container/group element observed empty (no text value, avg length 0; its children are mapped separately when present). Add to ignore.csv as a container.",high
UNMAPPED,/Return/ReturnData/IRS990/InvestmentsPubTradedSecGrp,"",990,ignore,"","","","","","Container/group element observed empty (no text value, avg length 0; its children are mapped separately when present). Add to ignore.csv as a container.",high
UNMAPPED,/Return/ReturnData/IRS990/LandBldgEquipBasisNetGrp,"",990,ignore,"","","","","","Container/group element observed empty (no text value, avg length 0; its children are mapped separately when present). Add to ignore.csv as a container.",high
UNMAPPED,/Return/ReturnData/IRS990/LessCostOthBasisSalesExpenses,"",990,ignore,"","","","","","Container/group element observed empty (no text value, avg length 0; its children are mapped separately when present). Add to ignore.csv as a container.",high
UNMAPPED,/Return/ReturnData/IRS990/LessCostOthBasisSalesExpnssGrp,"",990,ignore,"","","","","","Container/group element observed empty (no text value, avg length 0; its children are mapped separately when present). Add to ignore.csv as a container.",high
UNMAPPED,/Return/ReturnData/IRS990/LessRentalExpenses,"",990,ignore,"","","","","","Container/group element observed empty (no text value, avg length 0; its children are mapped separately when present). Add to ignore.csv as a container.",high
UNMAPPED,/Return/ReturnData/IRS990/LessRentalExpensesGrp,"",990,ignore,"","","","","","Container/group element observed empty (no text value, avg length 0; its children are mapped separately when present). Add to ignore.csv as a container.",high
UNMAPPED,/Return/ReturnData/IRS990/LoansFromOfficersDirectorsGrp,"",990,ignore,"","","","","","Container/group element observed empty (no text value, avg length 0; its children are mapped separately when present). Add to ignore.csv as a container.",high
UNMAPPED,/Return/ReturnData/IRS990/MiscellaneousRevenue,"",990,ignore,"","","","","","Container/group element observed empty (no text value, avg length 0; its children are mapped separately when present). Add to ignore.csv as a container.",high
UNMAPPED,/Return/ReturnData/IRS990/MiscellaneousRevenueGrp,"",990,ignore,"","","","","","Container/group element observed empty (no text value, avg length 0; its children are mapped separately when present). Add to ignore.csv as a container.",high
UNMAPPED,/Return/ReturnData/IRS990/MortgNotesPyblScrdInvstPropGrp,"",990,ignore,"","","","","","Container/group element observed empty (no text value, avg length 0; its children are mapped separately when present). Add to ignore.csv as a container.",high
UNMAPPED,/Return/ReturnData/IRS990/NetGainOrLossInvestments,"",990,ignore,"","","","","","Container/group element observed empty (no text value, avg length 0; its children are mapped separately when present). Add to ignore.csv as a container.",high
UNMAPPED,/Return/ReturnData/IRS990/NetGainOrLossInvestmentsGrp,"",990,ignore,"","","","","","Container/group element observed empty (no text value, avg length 0; its children are mapped separately when present). Add to ignore.csv as a container.",high
UNMAPPED,/Return/ReturnData/IRS990/NetIncomeFromGaming,"",990,ignore,"","","","","","Container/group element observed empty (no text value, avg length 0; its children are mapped separately when present). Add to ignore.csv as a container.",high
UNMAPPED,/Return/ReturnData/IRS990/NetIncomeFromGamingGrp,"",990,ignore,"","","","","","Container/group element observed empty (no text value, avg length 0; its children are mapped separately when present). Add to ignore.csv as a container.",high
UNMAPPED,/Return/ReturnData/IRS990/NetIncomeOrLoss,"",990,ignore,"","","","","","Container/group element observed empty (no text value, avg length 0; its children are mapped separately when present). Add to ignore.csv as a container.",high
UNMAPPED,/Return/ReturnData/IRS990/NetIncomeOrLossGrp,"",990,ignore,"","","","","","Container/group element observed empty (no text value, avg length 0; its children are mapped separately when present). Add to ignore.csv as a container.",high
UNMAPPED,/Return/ReturnData/IRS990/NetRentalIncomeOrLoss,"",990,ignore,"","","","","","Container/group element observed empty (no text value, avg length 0; its children are mapped separately when present). Add to ignore.csv as a container.",high
UNMAPPED,/Return/ReturnData/IRS990/NetRentalIncomeOrLossGrp,"",990,ignore,"","","","","","Container/group element observed empty (no text value, avg length 0; its children are mapped separately when present). Add to ignore.csv as a container.",high
UNMAPPED,/Return/ReturnData/IRS990/NoDonorRestrictionNetAssetsGrp,"",990,ignore,"","","","","","Container/group element observed empty (no text value, avg length 0; its children are mapped separately when present). Add to ignore.csv as a container.",high
UNMAPPED,/Return/ReturnData/IRS990/OccupancyGrp,"",990,ignore,"","","","","","Container/group element observed empty (no text value, avg length 0; its children are mapped separately when present). Add to ignore.csv as a container.",high
UNMAPPED,/Return/ReturnData/IRS990/OfficeExpensesGrp,"",990,ignore,"","","","","","Container/group element observed empty (no text value, avg length 0; its children are mapped separately when present). Add to ignore.csv as a container.",high
UNMAPPED,/Return/ReturnData/IRS990/OtherAssetsTotalGrp,"",990,ignore,"","","","","","Container/group element observed empty (no text value, avg length 0; its children are mapped separately when present). Add to ignore.csv as a container.",high
UNMAPPED,/Return/ReturnData/IRS990/OtherEmployeeBenefits,"",990,ignore,"","","","","","Container/group element observed empty (no text value, avg length 0; its children are mapped separately when present). Add to ignore.csv as a container.",high
UNMAPPED,/Return/ReturnData/IRS990/OtherEmployeeBenefitsGrp,"",990,ignore,"","","","","","Container/group element observed empty (no text value, avg length 0; its children are mapped separately when present). Add to ignore.csv as a container.",high
UNMAPPED,/Return/ReturnData/IRS990/OtherExpenses,"",990,ignore,"","","","","","Container/group element observed empty (no text value, avg length 0; its children are mapped separately when present). Add to ignore.csv as a container.",high
UNMAPPED,/Return/ReturnData/IRS990/OtherExpensesGrp,"",990,ignore,"","","","","","Container/group element observed empty (no text value, avg length 0; its children are mapped separately when present). Add to ignore.csv as a container.",high
UNMAPPED,/Return/ReturnData/IRS990/OtherExplainInSchO,"",990,needs_input,"","","","","","Checkbox (all 'X') on IRS990, TY2012 only (2012v2.0-3.0), 1,580 filings; no 2011 or 2013 counterpart observed. Probably an 'Other (explain in Schedule O)' box added in the 2012 schema (e.g. Part XII accounting method or Part XI); the form line cannot be determined without the 2012 XSD.",low
UNMAPPED,/Return/ReturnData/IRS990/OtherLiabilitiesGrp,"",990,ignore,"","","","","","Container/group element observed empty (no text value, avg length 0; its children are mapped separately when present). Add to ignore.csv as a container.",high
UNMAPPED,/Return/ReturnData/IRS990/OtherRevenueMiscGrp,"",990,ignore,"","","","","","Container/group element observed empty (no text value, avg length 0; its children are mapped separately when present). Add to ignore.csv as a container.",high
UNMAPPED,/Return/ReturnData/IRS990/OtherSalariesAndWagesGrp,"",990,ignore,"","","","","","Container/group element observed empty (no text value, avg length 0; its children are mapped separately when present). Add to ignore.csv as a container.",high
UNMAPPED,/Return/ReturnData/IRS990/PaymentsToAffiliates,"",990,ignore,"","","","","","Container/group element observed empty (no text value, avg length 0; its children are mapped separately when present). Add to ignore.csv as a container.",high
UNMAPPED,/Return/ReturnData/IRS990/PaymentsToAffiliatesGrp,"",990,ignore,"","","","","","Container/group element observed empty (no text value, avg length 0; its children are mapped separately when present). Add to ignore.csv as a container.",high
UNMAPPED,/Return/ReturnData/IRS990/PayrollTaxes,"",990,ignore,"","","","","","Container/group element observed empty (no text value, avg length 0; its children are mapped separately when present). Add to ignore.csv as a container.",high
UNMAPPED,/Return/ReturnData/IRS990/PayrollTaxesGrp,"",990,ignore,"","","","","","Container/group element observed empty (no text value, avg length 0; its children are mapped separately when present). Add to ignore.csv as a container.",high
UNMAPPED,/Return/ReturnData/IRS990/PdInCapSrplsLandBldgEqpFundGrp,"",990,ignore,"","","","","","Container/group element observed empty (no text value, avg length 0; its children are mapped separately when present). Add to ignore.csv as a container.",high
UNMAPPED,/Return/ReturnData/IRS990/PensionPlanContributions,"",990,ignore,"","","","","","Container/group element observed empty (no text value, avg length 0; its children are mapped separately when present). Add to ignore.csv as a container.",high
UNMAPPED,/Return/ReturnData/IRS990/PensionPlanContributionsGrp,"",990,ignore,"","","","","","Container/group element observed empty (no text value, avg length 0; its children are mapped separately when present). Add to ignore.csv as a container.",high
UNMAPPED,/Return/ReturnData/IRS990/PermanentlyRstrNetAssetsGrp,"",990,ignore,"","","","","","Container/group element observed empty (no text value, avg length 0; its children are mapped separately when present). Add to ignore.csv as a container.",high
UNMAPPED,/Return/ReturnData/IRS990/PledgesAndGrantsReceivableGrp,"",990,ignore,"","","","","","Container/group element observed empty (no text value, avg length 0; its children are mapped separately when present). Add to ignore.csv as a container.",high
UNMAPPED,/Return/ReturnData/IRS990/ProgSrvcAccomActy2Grp,"",990,ignore,"","","","","","Container/group element observed empty (no text value, avg length 0; its children are mapped separately when present). Add to ignore.csv as a container.",high
UNMAPPED,/Return/ReturnData/IRS990/ProgSrvcAccomActy3Grp,"",990,ignore,"","","","","","Container/group element observed empty (no text value, avg length 0; its children are mapped separately when present). Add to ignore.csv as a container.",high
UNMAPPED,/Return/ReturnData/IRS990/ProgSrvcAccomActyOtherGrp,"",990,ignore,"","","","","","Container/group element observed empty (no text value, avg length 0; its children are mapped separately when present). Add to ignore.csv as a container.",high
UNMAPPED,/Return/ReturnData/IRS990/ProgramServiceRevenue,"",990,ignore,"","","","","","Container/group element observed empty (no text value, avg length 0; its children are mapped separately when present). Add to ignore.csv as a container.",high
UNMAPPED,/Return/ReturnData/IRS990/ProgramServiceRevenueGrp,"",990,ignore,"","","","","","Container/group element observed empty (no text value, avg length 0; its children are mapped separately when present). Add to ignore.csv as a container.",high
UNMAPPED,/Return/ReturnData/IRS990/PymtTravelEntrtnmntPubOfclGrp,"",990,ignore,"","","","","","Container/group element observed empty (no text value, avg length 0; its children are mapped separately when present). Add to ignore.csv as a container.",high
UNMAPPED,/Return/ReturnData/IRS990/RcvblFromDisqualifiedPrsnGrp,"",990,ignore,"","","","","","Container/group element observed empty (no text value, avg length 0; its children are mapped separately when present). Add to ignore.csv as a container.",high
UNMAPPED,/Return/ReturnData/IRS990/RentalIncomeOrLoss,"",990,ignore,"","","","","","Container/group element observed empty (no text value, avg length 0; its children are mapped separately when present). Add to ignore.csv as a container.",high
UNMAPPED,/Return/ReturnData/IRS990/RentalIncomeOrLossGrp,"",990,ignore,"","","","","","Container/group element observed empty (no text value, avg length 0; its children are mapped separately when present). Add to ignore.csv as a container.",high
UNMAPPED,/Return/ReturnData/IRS990/Royalties,"",990,ignore,"","","","","","Container/group element observed empty (no text value, avg length 0; its children are mapped separately when present). Add to ignore.csv as a container.",high
UNMAPPED,/Return/ReturnData/IRS990/RoyaltiesGrp,"",990,ignore,"","","","","","Container/group element observed empty (no text value, avg length 0; its children are mapped separately when present). Add to ignore.csv as a container.",high
UNMAPPED,/Return/ReturnData/IRS990/RoyaltiesRevenue,"",990,ignore,"","","","","","Container/group element observed empty (no text value, avg length 0; its children are mapped separately when present). Add to ignore.csv as a container.",high
UNMAPPED,/Return/ReturnData/IRS990/RoyaltiesRevenueGrp,"",990,ignore,"","","","","","Container/group element observed empty (no text value, avg length 0; its children are mapped separately when present). Add to ignore.csv as a container.",high
UNMAPPED,/Return/ReturnData/IRS990/RtnEarnEndowmentIncmOthFndsGrp,"",990,ignore,"","","","","","Container/group element observed empty (no text value, avg length 0; its children are mapped separately when present). Add to ignore.csv as a container.",high
UNMAPPED,/Return/ReturnData/IRS990/SavingsAndTempCashInvstGrp,"",990,ignore,"","","","","","Container/group element observed empty (no text value, avg length 0; its children are mapped separately when present). Add to ignore.csv as a container.",high
UNMAPPED,/Return/ReturnData/IRS990/TaxExemptBondLiabilitiesGrp,"",990,ignore,"","","","","","Container/group element observed empty (no text value, avg length 0; its children are mapped separately when present). Add to ignore.csv as a container.",high
UNMAPPED,/Return/ReturnData/IRS990/TotalOthProgramServiceRevGrp,"",990,ignore,"","","","","","Container/group element observed empty (no text value, avg length 0; its children are mapped separately when present). Add to ignore.csv as a container.",high
UNMAPPED,/Return/ReturnData/IRS990/TotalOthProgramServiceRevenue,"",990,ignore,"","","","","","Container/group element observed empty (no text value, avg length 0; its children are mapped separately when present). Add to ignore.csv as a container.",high
UNMAPPED,/Return/ReturnData/IRS990/Travel,"",990,ignore,"","","","","","Container/group element observed empty (no text value, avg length 0; its children are mapped separately when present). Add to ignore.csv as a container.",high
UNMAPPED,/Return/ReturnData/IRS990/TravelEntrtnmntPublicOfficials,"",990,ignore,"","","","","","Container/group element observed empty (no text value, avg length 0; its children are mapped separately when present). Add to ignore.csv as a container.",high
UNMAPPED,/Return/ReturnData/IRS990/TravelGrp,"",990,ignore,"","","","","","Container/group element observed empty (no text value, avg length 0; its children are mapped separately when present). Add to ignore.csv as a container.",high
UNMAPPED,/Return/ReturnData/IRS990/UnsecuredNotesLoansPayableGrp,"",990,ignore,"","","","","","Container/group element observed empty (no text value, avg length 0; its children are mapped separately when present). Add to ignore.csv as a container.",high
UNMAPPED,/Return/ReturnData/IRS990EZ/CashSavingsAndInvestments,"",990EZ,ignore,"","","","","","Container/group element observed empty (no text value, avg length 0; its children are mapped separately when present). Add to ignore.csv as a container.",high
UNMAPPED,/Return/ReturnData/IRS990EZ/CashSavingsAndInvestmentsGrp,"",990EZ,ignore,"","","","","","Container/group element observed empty (no text value, avg length 0; its children are mapped separately when present). Add to ignore.csv as a container.",high
UNMAPPED,/Return/ReturnData/IRS990EZ/LandAndBuildings,"",990EZ,ignore,"","","","","","Container/group element observed empty (no text value, avg length 0; its children are mapped separately when present). Add to ignore.csv as a container.",high
UNMAPPED,/Return/ReturnData/IRS990EZ/OtherAssetsTotal,"",990EZ,ignore,"","","","","","Container/group element observed empty (no text value, avg length 0; its children are mapped separately when present). Add to ignore.csv as a container.",high
UNMAPPED,/Return/ReturnData/IRS990EZ/SumOfTotalLiabilities,"",990EZ,ignore,"","","","","","Container/group element observed empty (no text value, avg length 0; its children are mapped separately when present). Add to ignore.csv as a container.",high
UNMAPPED,/Return/ReturnData/IRS990ScheduleA/AgriculturalNameAndAddressGrp/CityNm,"",990/990EZ,new_variable,"",SA_01_PCSTAT_AGRI_UNIV_CITY,SA-P01-T00-PUBLIC-CHARITY-STATUS,text,Agricultural research org - college/university city (Part I line 9),233 filings TY2016-2024.,high
UNMAPPED,/Return/ReturnData/IRS990ScheduleA/AgriculturalNameAndAddressGrp/CollegeUniversityName/BusinessNameLine1Txt,"",990/990EZ,new_variable,"",SA_01_PCSTAT_AGRI_UNIV_NAME_L1,SA-P01-T00-PUBLIC-CHARITY-STATUS,text,Agricultural research org - college/university name line 1 (Part I line 9),233 filings TY2016-2024.,high
UNMAPPED,/Return/ReturnData/IRS990ScheduleA/AgriculturalNameAndAddressGrp/CollegeUniversityName/BusinessNameLine2Txt,"",990/990EZ,new_variable,"",SA_01_PCSTAT_AGRI_UNIV_NAME_L2,SA-P01-T00-PUBLIC-CHARITY-STATUS,text,Agricultural research org - college/university name line 2 (Part I line 9),19 filings TY2016-2024.,high
UNMAPPED,/Return/ReturnData/IRS990ScheduleA/AgriculturalNameAndAddressGrp/CountryCd,"",990/990EZ,new_variable,"",SA_01_PCSTAT_AGRI_UNIV_CNTR,SA-P01-T00-PUBLIC-CHARITY-STATUS,text,Agricultural research org - college/university country (Part I line 9),2 filings TY2024-2024.,high
UNMAPPED,/Return/ReturnData/IRS990ScheduleA/AgriculturalNameAndAddressGrp/StateAbbreviationCd,"",990/990EZ,new_variable,"",SA_01_PCSTAT_AGRI_UNIV_STATE,SA-P01-T00-PUBLIC-CHARITY-STATUS,text,Agricultural research org - college/university state (Part I line 9),231 filings TY2016-2024.,high
UNMAPPED,/Return/ReturnData/IRS990ScheduleA/AgriculturalResearchOrgInd,"",990/990EZ,new_variable,"",SA_01_PCSTAT_AGRI_RSRCH_X,SA-P01-T00-PUBLIC-CHARITY-STATUS,checkbox,"Agricultural research organization operated with a land-grant or other college (Part I line 9, 2016+)",233 filings TY2016-2024. Part I line 9 added by the PATH Act for TY2016+.,high
UNMAPPED,/Return/ReturnData/IRS990ScheduleA/AmountsRcvdDsqlfyPersonGrp,"",990/990EZ,ignore,"","","","","","Container/group element observed empty (no text value, avg length 0; its children are mapped separately when present). Add to ignore.csv as a container.",high
UNMAPPED,/Return/ReturnData/IRS990ScheduleA/DistributionAllocationsGrp/CarryoverPYNotAppliedAmt,"",990/990EZ,new_variable,"",SA_05_DIST_ALLOC_CYOV_NOT_APPLY,SA-P05-T00-SUPPORT-ORGS,numeric,Carryover of excess distributions from prior years not applied (Section E line 3i),"23,747 filings TY2018-2024. Sibling of SA_05_DIST_ALLOC_EXCESS_APPLY_DA (3h) and _EXCESS_REMAIN (3j); 23,747 filings TY2018-2024, numeric (mostly 0).",medium
UNMAPPED,/Return/ReturnData/IRS990ScheduleA/FactsAndCircumstancesTest,"",990/990EZ,new_variable,"",SA_02_PCT_10_FACTS_CIRC_EXPL,SA-P02-T00-SUPPORT_SCHEDULE_170,text,"Explanation of how the organization meets the 10% facts-and-circumstances test (Part II line 10, reported in Part VI)","13,280 filings TY2009-2012. 2009-2012 FactsAndCircumstancesTest (13,280) and 2013+ FactsAndCircumstancesTestTxt (23,630) are predecessor/successor; long free text (avg 470-920 chars). Some filers use it for other Part VI notes.",medium
UNMAPPED,/Return/ReturnData/IRS990ScheduleA/FactsAndCircumstancesTestTxt,"",990/990EZ,new_variable,"",SA_02_PCT_10_FACTS_CIRC_EXPL,SA-P02-T00-SUPPORT_SCHEDULE_170,text,"Explanation of how the organization meets the 10% facts-and-circumstances test (Part II line 10, reported in Part VI)","23,630 filings TY2013-2024. 2009-2012 FactsAndCircumstancesTest (13,280) and 2013+ FactsAndCircumstancesTestTxt (23,630) are predecessor/successor; long free text (avg 470-920 chars). Some filers use it for other Part VI notes.",medium
UNMAPPED,/Return/ReturnData/IRS990ScheduleA/Form990SchAType3FuncIntGrp,"",990/990EZ,ignore,"","","","","","Container/group element observed empty (no text value, avg length 0; its children are mapped separately when present). Add to ignore.csv as a container.",high
UNMAPPED,/Return/ReturnData/IRS990ScheduleA/Form990ScheduleAPartIVGrp,"",990/990EZ,ignore,"","","","","","Container/group element observed empty (no text value, avg length 0; its children are mapped separately when present). Add to ignore.csv as a container.",high
UNMAPPED,/Return/ReturnData/IRS990ScheduleA/Form990ScheduleAPartVIGrp,"",990/990EZ,ignore,"","","","","","Container/group element observed empty (no text value, avg length 0; its children are mapped separately when present). Add to ignore.csv as a container.",high
UNMAPPED,/Return/ReturnData/IRS990ScheduleA/GiftsGrantsContriRcvd170Grp,"",990/990EZ,ignore,"","","","","","Container/group element observed empty (no text value, avg length 0; its children are mapped separately when present). Add to ignore.csv as a container.",high
UNMAPPED,/Return/ReturnData/IRS990ScheduleA/GiftsGrantsContribReceived509,"",990/990EZ,ignore,"","","","","","Container/group element observed empty (no text value, avg length 0; its children are mapped separately when present). Add to ignore.csv as a container.",high
UNMAPPED,/Return/ReturnData/IRS990ScheduleA/GiftsGrantsContrisRcvd509Grp,"",990/990EZ,ignore,"","","","","","Container/group element observed empty (no text value, avg length 0; its children are mapped separately when present). Add to ignore.csv as a container.",high
UNMAPPED,/Return/ReturnData/IRS990ScheduleA/GovtFurnSrvcFcltsVl170Grp,"",990/990EZ,ignore,"","","","","","Container/group element observed empty (no text value, avg length 0; its children are mapped separately when present). Add to ignore.csv as a container.",high
UNMAPPED,/Return/ReturnData/IRS990ScheduleA/GovtFurnSrvcFcltsVl509Grp,"",990/990EZ,ignore,"","","","","","Container/group element observed empty (no text value, avg length 0; its children are mapped separately when present). Add to ignore.csv as a container.",high
UNMAPPED,/Return/ReturnData/IRS990ScheduleA/GrossInvestmentIncome170Grp,"",990/990EZ,ignore,"","","","","","Container/group element observed empty (no text value, avg length 0; its children are mapped separately when present). Add to ignore.csv as a container.",high
UNMAPPED,/Return/ReturnData/IRS990ScheduleA/GrossInvestmentIncome509Grp,"",990/990EZ,ignore,"","","","","","Container/group element observed empty (no text value, avg length 0; its children are mapped separately when present). Add to ignore.csv as a container.",high
UNMAPPED,/Return/ReturnData/IRS990ScheduleA/GrossReceiptsAdmissionsGrp,"",990/990EZ,ignore,"","","","","","Container/group element observed empty (no text value, avg length 0; its children are mapped separately when present). Add to ignore.csv as a container.",high
UNMAPPED,/Return/ReturnData/IRS990ScheduleA/GrossReceiptsNonUnrltBusGrp,"",990/990EZ,ignore,"","","","","","Container/group element observed empty (no text value, avg length 0; its children are mapped separately when present). Add to ignore.csv as a container.",high
UNMAPPED,/Return/ReturnData/IRS990ScheduleA/InvestmentIncomeAndUBTIGrp,"",990/990EZ,ignore,"","","","","","Container/group element observed empty (no text value, avg length 0; its children are mapped separately when present). Add to ignore.csv as a container.",high
UNMAPPED,/Return/ReturnData/IRS990ScheduleA/NetIncomeFromOtherUBIGrp,"",990/990EZ,ignore,"","","","","","Container/group element observed empty (no text value, avg length 0; its children are mapped separately when present). Add to ignore.csv as a container.",high
UNMAPPED,/Return/ReturnData/IRS990ScheduleA/OtherIncome170Grp,"",990/990EZ,ignore,"","","","","","Container/group element observed empty (no text value, avg length 0; its children are mapped separately when present). Add to ignore.csv as a container.",high
UNMAPPED,/Return/ReturnData/IRS990ScheduleA/OtherIncome509Grp,"",990/990EZ,ignore,"","","","","","Container/group element observed empty (no text value, avg length 0; its children are mapped separately when present). Add to ignore.csv as a container.",high
UNMAPPED,/Return/ReturnData/IRS990ScheduleA/Post1975UBTIGrp,"",990/990EZ,ignore,"","","","","","Container/group element observed empty (no text value, avg length 0; its children are mapped separately when present). Add to ignore.csv as a container.",high
UNMAPPED,/Return/ReturnData/IRS990ScheduleA/SubstAndDsqlfyPrsnsTotGrp,"",990/990EZ,ignore,"","","","","","Container/group element observed empty (no text value, avg length 0; its children are mapped separately when present). Add to ignore.csv as a container.",high
UNMAPPED,/Return/ReturnData/IRS990ScheduleA/SubstantialContributorsAmtGrp,"",990/990EZ,ignore,"","","","","","Container/group element observed empty (no text value, avg length 0; its children are mapped separately when present). Add to ignore.csv as a container.",high
UNMAPPED,/Return/ReturnData/IRS990ScheduleA/TaxRevLeviedForOrgBenefit509,"",990/990EZ,ignore,"","","","","","Container/group element observed empty (no text value, avg length 0; its children are mapped separately when present). Add to ignore.csv as a container.",high
UNMAPPED,/Return/ReturnData/IRS990ScheduleA/TaxRevLeviedOrgnztnlBnft170Grp,"",990/990EZ,ignore,"","","","","","Container/group element observed empty (no text value, avg length 0; its children are mapped separately when present). Add to ignore.csv as a container.",high
UNMAPPED,/Return/ReturnData/IRS990ScheduleA/TaxRevLeviedOrgnztnlBnft509Grp,"",990/990EZ,ignore,"","","","","","Container/group element observed empty (no text value, avg length 0; its children are mapped separately when present). Add to ignore.csv as a container.",high
UNMAPPED,/Return/ReturnData/IRS990ScheduleA/Total509Grp,"",990/990EZ,ignore,"","","","","","Container/group element observed empty (no text value, avg length 0; its children are mapped separately when present). Add to ignore.csv as a container.",high
UNMAPPED,/Return/ReturnData/IRS990ScheduleA/TotalCalendarYear170Grp,"",990/990EZ,ignore,"","","","","","Container/group element observed empty (no text value, avg length 0; its children are mapped separately when present). Add to ignore.csv as a container.",high
UNMAPPED,/Return/ReturnData/IRS990ScheduleA/TotalSupportCalendarYearGrp,"",990/990EZ,ignore,"","","","","","Container/group element observed empty (no text value, avg length 0; its children are mapped separately when present). Add to ignore.csv as a container.",high
UNMAPPED,/Return/ReturnData/IRS990ScheduleA/UnrelatedBusinessNetIncm170Grp,"",990/990EZ,ignore,"","","","","","Container/group element observed empty (no text value, avg length 0; its children are mapped separately when present). Add to ignore.csv as a container.",high
UNMAPPED,/Return/ReturnData/IRS990ScheduleB,"",990/990EZ,ignore,"","","","","","Empty IRS990ScheduleB element: in the public TY2017-2018 release Schedule B was shipped without content (234,516 filings) - explains the SB_01 INCIDENCE_BREAKs; container, nothing to map.",high
UNMAPPED,/Return/ReturnData/IRS990ScheduleC,"",990/990EZ,ignore,"","","","","","Schedule root element observed empty (schedule attached without content); container, nothing to map.",high
UNMAPPED,/Return/ReturnData/IRS990ScheduleC/AvgGrassrootsLobbyingExpendGrp,"",990/990EZ,ignore,"","","","","","Container/group element observed empty (no text value, avg length 0; its children are mapped separately when present). Add to ignore.csv as a container.",high
UNMAPPED,/Return/ReturnData/IRS990ScheduleC/AvgGrassrootsNontaxableGrp,"",990/990EZ,ignore,"","","","","","Container/group element observed empty (no text value, avg length 0; its children are mapped separately when present). Add to ignore.csv as a container.",high
UNMAPPED,/Return/ReturnData/IRS990ScheduleC/AvgLobbyingNontaxableAmountGrp,"",990/990EZ,ignore,"","","","","","Container/group element observed empty (no text value, avg length 0; its children are mapped separately when present). Add to ignore.csv as a container.",high
UNMAPPED,/Return/ReturnData/IRS990ScheduleC/AvgTotalLobbyingExpendGrp,"",990/990EZ,ignore,"","","","","","Container/group element observed empty (no text value, avg length 0; its children are mapped separately when present). Add to ignore.csv as a container.",high
UNMAPPED,/Return/ReturnData/IRS990ScheduleC/Form990ScheduleCPartIV,"",990/990EZ,ignore,"","","","","","Container/group element observed empty (no text value, avg length 0; its children are mapped separately when present). Add to ignore.csv as a container.",high
UNMAPPED,/Return/ReturnData/IRS990ScheduleC/GrassrootsNontaxableAmount,"",990/990EZ,ignore,"","","","","","Container/group element observed empty (no text value, avg length 0; its children are mapped separately when present). Add to ignore.csv as a container.",high
UNMAPPED,/Return/ReturnData/IRS990ScheduleC/GrassrootsNontaxableGrp,"",990/990EZ,ignore,"","","","","","Container/group element observed empty (no text value, avg length 0; its children are mapped separately when present). Add to ignore.csv as a container.",high
UNMAPPED,/Return/ReturnData/IRS990ScheduleC/LobbyingNontaxableAmount,"",990/990EZ,ignore,"","","","","","Container/group element observed empty (no text value, avg length 0; its children are mapped separately when present). Add to ignore.csv as a container.",high
UNMAPPED,/Return/ReturnData/IRS990ScheduleC/LobbyingNontaxableAmountGrp,"",990/990EZ,ignore,"","","","","","Container/group element observed empty (no text value, avg length 0; its children are mapped separately when present). Add to ignore.csv as a container.",high
UNMAPPED,/Return/ReturnData/IRS990ScheduleC/OtherExemptPurposeExpendGrp,"",990/990EZ,ignore,"","","","","","Container/group element observed empty (no text value, avg length 0; its children are mapped separately when present). Add to ignore.csv as a container.",high
UNMAPPED,/Return/ReturnData/IRS990ScheduleC/OtherExemptPurposeExpenditures,"",990/990EZ,ignore,"","","","","","Container/group element observed empty (no text value, avg length 0; its children are mapped separately when present). Add to ignore.csv as a container.",high
UNMAPPED,/Return/ReturnData/IRS990ScheduleC/SupplementalInformationDetail,"",990/990EZ,ignore,"","","","","","Container/group element observed empty (no text value, avg length 0; its children are mapped separately when present). Add to ignore.csv as a container.",high
UNMAPPED,/Return/ReturnData/IRS990ScheduleC/TotLbbyExpendMnsLbbyngNonTxGrp,"",990/990EZ,ignore,"","","","","","Container/group element observed empty (no text value, avg length 0; its children are mapped separately when present). Add to ignore.csv as a container.",high
UNMAPPED,/Return/ReturnData/IRS990ScheduleC/TotLbbyngGrassrootMnsNonTxGrp,"",990/990EZ,ignore,"","","","","","Container/group element observed empty (no text value, avg length 0; its children are mapped separately when present). Add to ignore.csv as a container.",high
UNMAPPED,/Return/ReturnData/IRS990ScheduleC/TotLobbyExpendMnsLobbyingNontx,"",990/990EZ,ignore,"","","","","","Container/group element observed empty (no text value, avg length 0; its children are mapped separately when present). Add to ignore.csv as a container.",high
UNMAPPED,/Return/ReturnData/IRS990ScheduleC/TotLobbyingGrassrootMinusNonTx,"",990/990EZ,ignore,"","","","","","Container/group element observed empty (no text value, avg length 0; its children are mapped separately when present). Add to ignore.csv as a container.",high
UNMAPPED,/Return/ReturnData/IRS990ScheduleC/TotalDirectLobbying,"",990/990EZ,ignore,"","","","","","Container/group element observed empty (no text value, avg length 0; its children are mapped separately when present). Add to ignore.csv as a container.",high
UNMAPPED,/Return/ReturnData/IRS990ScheduleC/TotalDirectLobbyingGrp,"",990/990EZ,ignore,"","","","","","Container/group element observed empty (no text value, avg length 0; its children are mapped separately when present). Add to ignore.csv as a container.",high
UNMAPPED,/Return/ReturnData/IRS990ScheduleC/TotalExemptPurposeExpendGrp,"",990/990EZ,ignore,"","","","","","Container/group element observed empty (no text value, avg length 0; its children are mapped separately when present). Add to ignore.csv as a container.",high
UNMAPPED,/Return/ReturnData/IRS990ScheduleC/TotalExemptPurposeExpenditures,"",990/990EZ,ignore,"","","","","","Container/group element observed empty (no text value, avg length 0; its children are mapped separately when present). Add to ignore.csv as a container.",high
UNMAPPED,/Return/ReturnData/IRS990ScheduleC/TotalGrassrootsLobbying,"",990/990EZ,ignore,"","","","","","Container/group element observed empty (no text value, avg length 0; its children are mapped separately when present). Add to ignore.csv as a container.",high
UNMAPPED,/Return/ReturnData/IRS990ScheduleC/TotalGrassrootsLobbyingGrp,"",990/990EZ,ignore,"","","","","","Container/group element observed empty (no text value, avg length 0; its children are mapped separately when present). Add to ignore.csv as a container.",high
UNMAPPED,/Return/ReturnData/IRS990ScheduleC/TotalLobbyingExpendGrp,"",990/990EZ,ignore,"","","","","","Container/group element observed empty (no text value, avg length 0; its children are mapped separately when present). Add to ignore.csv as a container.",high
UNMAPPED,/Return/ReturnData/IRS990ScheduleC/TotalLobbyingExpenditures,"",990/990EZ,ignore,"","","","","","Container/group element observed empty (no text value, avg length 0; its children are mapped separately when present). Add to ignore.csv as a container.",high
UNMAPPED,/Return/ReturnData/IRS990ScheduleD,"",990,ignore,"","","","","","Schedule root element observed empty (schedule attached without content); container, nothing to map.",high
UNMAPPED,/Return/ReturnData/IRS990ScheduleD/ArtPublicExhibitionAmountsGrp,"",990,ignore,"","","","","","Container/group element observed empty (no text value, avg length 0; its children are mapped separately when present). Add to ignore.csv as a container.",high
UNMAPPED,/Return/ReturnData/IRS990ScheduleD/ArtPublicExhibitionAmts,"",990,ignore,"","","","","","Container/group element observed empty (no text value, avg length 0; its children are mapped separately when present). Add to ignore.csv as a container.",high
UNMAPPED,/Return/ReturnData/IRS990ScheduleD/Buildings,"",990,ignore,"","","","","","Container/group element observed empty (no text value, avg length 0; its children are mapped separately when present). Add to ignore.csv as a container.",high
UNMAPPED,/Return/ReturnData/IRS990ScheduleD/BuildingsGrp,"",990,ignore,"","","","","","Container/group element observed empty (no text value, avg length 0; its children are mapped separately when present). Add to ignore.csv as a container.",high
UNMAPPED,/Return/ReturnData/IRS990ScheduleD/CYEndwmtFundGrp,"",990,ignore,"","","","","","Container/group element observed empty (no text value, avg length 0; its children are mapped separately when present). Add to ignore.csv as a container.",high
UNMAPPED,/Return/ReturnData/IRS990ScheduleD/CYMinus1YrEndwmtFundGrp,"",990,ignore,"","","","","","Container/group element observed empty (no text value, avg length 0; its children are mapped separately when present). Add to ignore.csv as a container.",high
UNMAPPED,/Return/ReturnData/IRS990ScheduleD/CYMinus2YrEndwmtFundGrp,"",990,ignore,"","","","","","Container/group element observed empty (no text value, avg length 0; its children are mapped separately when present). Add to ignore.csv as a container.",high
UNMAPPED,/Return/ReturnData/IRS990ScheduleD/CYMinus3YrEndwmtFundGrp,"",990,ignore,"","","","","","Container/group element observed empty (no text value, avg length 0; its children are mapped separately when present). Add to ignore.csv as a container.",high
UNMAPPED,/Return/ReturnData/IRS990ScheduleD/CYMinus4YrEndwmtFundGrp,"",990,ignore,"","","","","","Container/group element observed empty (no text value, avg length 0; its children are mapped separately when present). Add to ignore.csv as a container.",high
UNMAPPED,/Return/ReturnData/IRS990ScheduleD/CloselyHeldEquityInterests,"",990,ignore,"","","","","","Container/group element observed empty (no text value, avg length 0; its children are mapped separately when present). Add to ignore.csv as a container.",high
UNMAPPED,/Return/ReturnData/IRS990ScheduleD/CloselyHeldEquityInterestsGrp,"",990,ignore,"","","","","","Container/group element observed empty (no text value, avg length 0; its children are mapped separately when present). Add to ignore.csv as a container.",high
UNMAPPED,/Return/ReturnData/IRS990ScheduleD/CurrentYearMinus2Years,"",990,ignore,"","","","","","Container/group element observed empty (no text value, avg length 0; its children are mapped separately when present). Add to ignore.csv as a container.",high
UNMAPPED,/Return/ReturnData/IRS990ScheduleD/CurrentYearMinus3Years,"",990,ignore,"","","","","","Container/group element observed empty (no text value, avg length 0; its children are mapped separately when present). Add to ignore.csv as a container.",high
UNMAPPED,/Return/ReturnData/IRS990ScheduleD/CurrentYearMinus4Years,"",990,ignore,"","","","","","Container/group element observed empty (no text value, avg length 0; its children are mapped separately when present). Add to ignore.csv as a container.",high
UNMAPPED,/Return/ReturnData/IRS990ScheduleD/Equipment,"",990,ignore,"","","","","","Container/group element observed empty (no text value, avg length 0; its children are mapped separately when present). Add to ignore.csv as a container.",high
UNMAPPED,/Return/ReturnData/IRS990ScheduleD/EquipmentGrp,"",990,ignore,"","","","","","Container/group element observed empty (no text value, avg length 0; its children are mapped separately when present). Add to ignore.csv as a container.",high
UNMAPPED,/Return/ReturnData/IRS990ScheduleD/FinancialDerivatives,"",990,ignore,"","","","","","Container/group element observed empty (no text value, avg length 0; its children are mapped separately when present). Add to ignore.csv as a container.",high
UNMAPPED,/Return/ReturnData/IRS990ScheduleD/FinancialDerivativesGrp,"",990,ignore,"","","","","","Container/group element observed empty (no text value, avg length 0; its children are mapped separately when present). Add to ignore.csv as a container.",high
UNMAPPED,/Return/ReturnData/IRS990ScheduleD/Form990ScheduleDPartXIII,"",990,ignore,"","","","","","Container/group element observed empty (no text value, avg length 0; its children are mapped separately when present). Add to ignore.csv as a container.",high
UNMAPPED,/Return/ReturnData/IRS990ScheduleD/Form990ScheduleDPartXIV,"",990,ignore,"","","","","","Container/group element observed empty (no text value, avg length 0; its children are mapped separately when present). Add to ignore.csv as a container.",high
UNMAPPED,/Return/ReturnData/IRS990ScheduleD/HeldWorksArtGrp,"",990,ignore,"","","","","","Container/group element observed empty (no text value, avg length 0; its children are mapped separately when present). Add to ignore.csv as a container.",high
UNMAPPED,/Return/ReturnData/IRS990ScheduleD/HeldWorksOfArtAmts,"",990,ignore,"","","","","","Container/group element observed empty (no text value, avg length 0; its children are mapped separately when present). Add to ignore.csv as a container.",high
UNMAPPED,/Return/ReturnData/IRS990ScheduleD/Land,"",990,ignore,"","","","","","Container/group element observed empty (no text value, avg length 0; its children are mapped separately when present). Add to ignore.csv as a container.",high
UNMAPPED,/Return/ReturnData/IRS990ScheduleD/LandGrp,"",990,ignore,"","","","","","Container/group element observed empty (no text value, avg length 0; its children are mapped separately when present). Add to ignore.csv as a container.",high
UNMAPPED,/Return/ReturnData/IRS990ScheduleD/LeaseholdImprovements,"",990,ignore,"","","","","","Container/group element observed empty (no text value, avg length 0; its children are mapped separately when present). Add to ignore.csv as a container.",high
UNMAPPED,/Return/ReturnData/IRS990ScheduleD/LeaseholdImprovementsGrp,"",990,ignore,"","","","","","Container/group element observed empty (no text value, avg length 0; its children are mapped separately when present). Add to ignore.csv as a container.",high
UNMAPPED,/Return/ReturnData/IRS990ScheduleD/OtherAssetsOrgGrp,"",990,ignore,"","","","","","Container/group element observed empty (no text value, avg length 0; its children are mapped separately when present). Add to ignore.csv as a container.",high
UNMAPPED,/Return/ReturnData/IRS990ScheduleD/OtherLandBuildings,"",990,ignore,"","","","","","Container/group element observed empty (no text value, avg length 0; its children are mapped separately when present). Add to ignore.csv as a container.",high
UNMAPPED,/Return/ReturnData/IRS990ScheduleD/OtherLandBuildingsGrp,"",990,ignore,"","","","","","Container/group element observed empty (no text value, avg length 0; its children are mapped separately when present). Add to ignore.csv as a container.",high
UNMAPPED,/Return/ReturnData/IRS990ScheduleD/OtherLiabilitiesOrgGrp,"",990,ignore,"","","","","","Container/group element observed empty (no text value, avg length 0; its children are mapped separately when present). Add to ignore.csv as a container.",high
UNMAPPED,/Return/ReturnData/IRS990ScheduleD/OtherSecuritiesGrp,"",990,ignore,"","","","","","Container/group element observed empty (no text value, avg length 0; its children are mapped separately when present). Add to ignore.csv as a container.",high
UNMAPPED,/Return/ReturnData/IRS990ScheduleD/SupplementalInformationDetail,"",990,ignore,"","","","","","Container/group element observed empty (no text value, avg length 0; its children are mapped separately when present). Add to ignore.csv as a container.",high
UNMAPPED,/Return/ReturnData/IRS990ScheduleE,"",990/990EZ,ignore,"","","","","","Schedule root element observed empty (schedule attached without content); container, nothing to map.",high
UNMAPPED,/Return/ReturnData/IRS990ScheduleE/Form990ScheduleEPartII,"",990/990EZ,ignore,"","","","","","Container/group element observed empty (no text value, avg length 0; its children are mapped separately when present). Add to ignore.csv as a container.",high
UNMAPPED,/Return/ReturnData/IRS990ScheduleE/SupplementalInformationDetail,"",990/990EZ,ignore,"","","","","","Container/group element observed empty (no text value, avg length 0; its children are mapped separately when present). Add to ignore.csv as a container.",high
UNMAPPED,/Return/ReturnData/IRS990ScheduleF,"",990,ignore,"","","","","","Schedule root element observed empty (schedule attached without content); container, nothing to map.",high
UNMAPPED,/Return/ReturnData/IRS990ScheduleF/AccountActivitiesOutsideUSGrp,"",990,ignore,"","","","","","Container/group element observed empty (no text value, avg length 0; its children are mapped separately when present). Add to ignore.csv as a container.",high
UNMAPPED,/Return/ReturnData/IRS990ScheduleF/ForeignIndividualsGrantsGrp,"",990,ignore,"","","","","","Container/group element observed empty (no text value, avg length 0; its children are mapped separately when present). Add to ignore.csv as a container.",high
UNMAPPED,/Return/ReturnData/IRS990ScheduleF/Form990ScheduleFPartIV,"",990,ignore,"","","","","","Container/group element observed empty (no text value, avg length 0; its children are mapped separately when present). Add to ignore.csv as a container.",high
UNMAPPED,/Return/ReturnData/IRS990ScheduleF/Form990ScheduleFPartV,"",990,ignore,"","","","","","Container/group element observed empty (no text value, avg length 0; its children are mapped separately when present). Add to ignore.csv as a container.",high
UNMAPPED,/Return/ReturnData/IRS990ScheduleF/GrantsToIndOutsideUS,"",990,ignore,"","","","","","Container/group element observed empty (no text value, avg length 0; its children are mapped separately when present). Add to ignore.csv as a container.",high
UNMAPPED,/Return/ReturnData/IRS990ScheduleF/GrantsToOrgOutsideUSGrp,"",990,ignore,"","","","","","Container/group element observed empty (no text value, avg length 0; its children are mapped separately when present). Add to ignore.csv as a container.",high
UNMAPPED,/Return/ReturnData/IRS990ScheduleF/GrantsToOrgsOutsideUS,"",990,ignore,"","","","","","Container/group element observed empty (no text value, avg length 0; its children are mapped separately when present). Add to ignore.csv as a container.",high
UNMAPPED,/Return/ReturnData/IRS990ScheduleF/SupplementalInformationDetail,"",990,ignore,"","","","","","Container/group element observed empty (no text value, avg length 0; its children are mapped separately when present). Add to ignore.csv as a container.",high
UNMAPPED,/Return/ReturnData/IRS990ScheduleG,"",990/990EZ,ignore,"","","","","","Schedule root element observed empty (schedule attached without content); container, nothing to map.",high
UNMAPPED,/Return/ReturnData/IRS990ScheduleG/EventsInformation,"",990/990EZ,ignore,"","","","","","Container/group element observed empty (no text value, avg length 0; its children are mapped separately when present). Add to ignore.csv as a container.",high
UNMAPPED,/Return/ReturnData/IRS990ScheduleG/FundraiserActivityInfoGrp,"",990/990EZ,ignore,"","","","","","Container/group element observed empty (no text value, avg length 0; its children are mapped separately when present). Add to ignore.csv as a container.",high
UNMAPPED,/Return/ReturnData/IRS990ScheduleG/FundraiserActivityInformation,"",990/990EZ,ignore,"","","","","","Container/group element observed empty (no text value, avg length 0; its children are mapped separately when present). Add to ignore.csv as a container.",high
UNMAPPED,/Return/ReturnData/IRS990ScheduleG/FundraisingEventInformationGrp,"",990/990EZ,ignore,"","","","","","Container/group element observed empty (no text value, avg length 0; its children are mapped separately when present). Add to ignore.csv as a container.",high
UNMAPPED,/Return/ReturnData/IRS990ScheduleG/GamingInformation,"",990/990EZ,ignore,"","","","","","Container/group element observed empty (no text value, avg length 0; its children are mapped separately when present). Add to ignore.csv as a container.",high
UNMAPPED,/Return/ReturnData/IRS990ScheduleG/GamingInformationGrp,"",990/990EZ,ignore,"","","","","","Container/group element observed empty (no text value, avg length 0; its children are mapped separately when present). Add to ignore.csv as a container.",high
UNMAPPED,/Return/ReturnData/IRS990ScheduleG/SupplementalInformationDetail,"",990/990EZ,ignore,"","","","","","Container/group element observed empty (no text value, avg length 0; its children are mapped separately when present). Add to ignore.csv as a container.",high
UNMAPPED,/Return/ReturnData/IRS990ScheduleH/CostingMethodologyUsed,"",990,ignore,"","","","","","Container/group element observed empty (no text value, avg length 0; its children are mapped separately when present). Add to ignore.csv as a container.",high
UNMAPPED,/Return/ReturnData/IRS990ScheduleH/CostingMethodologyUsedGrp,"",990,ignore,"","","","","","Container/group element observed empty (no text value, avg length 0; its children are mapped separately when present). Add to ignore.csv as a container.",high
UNMAPPED,/Return/ReturnData/IRS990ScheduleH/Form990ScheduleHPartVI,"",990,ignore,"","","","","","Container/group element observed empty (no text value, avg length 0; its children are mapped separately when present). Add to ignore.csv as a container.",high
UNMAPPED,/Return/ReturnData/IRS990ScheduleH/HospitalFcltyPoliciesPrctcGrp/EngageDeferDenyRqrPaymentInd,"",990,new_variable,"",SH_05_BILL_3RD_PARTY_DEFER_X,SH-P05-T03-FACILITY-POLICIES-PRACTICES,checkbox,"Facility or third party deferred/denied care or required payment due to nonpayment of a previous bill (Section B line 19c, 2016+)",30 filings TY2016-2024. Fills the missing 19c between SH_05_BILL_3RD_PARTY_SELL_DEBT_X (19b) and _LEGAL_X (19d).,medium
UNMAPPED,/Return/ReturnData/IRS990ScheduleH/HospitalFcltyPoliciesPrctcGrp/FAPTranslatedInd,"",990,new_variable,"",SH_05_FAP_AVBL_TRANSLATED_X,SH-P05-T03-FACILITY-POLICIES-PRACTICES,checkbox,"FAP, application and plain-language summary translated into primary languages of LEP populations (Section B line 16i, 2016+)","15,290 filings TY2016-2024.",medium
UNMAPPED,/Return/ReturnData/IRS990ScheduleH/HospitalFcltyPoliciesPrctcGrp/LookBackMedicaidMedcrPrvtInd,"",990,new_variable,"",SH_05_CHARGE_LOOKBACK_MCD_X,SH-P05-T03-FACILITY-POLICIES-PRACTICES,checkbox,"AGB determined by look-back method based on Medicaid alone or with Medicare/private insurers (Section B line 22c, 2016+)","2,853 filings TY2016-2024.",medium
UNMAPPED,/Return/ReturnData/IRS990ScheduleH/HospitalFcltyPoliciesPrctcGrp/LookBackMedicareInd,"",990,new_variable,"",SH_05_CHARGE_LOOKBACK_MCR_X,SH-P05-T03-FACILITY-POLICIES-PRACTICES,checkbox,"AGB determined by look-back method based on Medicare fee-for-service claims (Section B line 22a, 2016+)","2,605 filings TY2016-2024.",medium
UNMAPPED,/Return/ReturnData/IRS990ScheduleH/HospitalFcltyPoliciesPrctcGrp/LookBackMedicarePrivateInd,"",990,new_variable,"",SH_05_CHARGE_LOOKBACK_MCR_PRIV_X,SH-P05-T03-FACILITY-POLICIES-PRACTICES,checkbox,"AGB determined by look-back method based on Medicare FFS and all private insurers (Section B line 22b, 2016+)","10,066 filings TY2016-2024.",medium
UNMAPPED,/Return/ReturnData/IRS990ScheduleH/HospitalFcltyPoliciesPrctcGrp/MadeEffortOrallyNotifyInd,"",990,new_variable,"",SH_05_BILL_MADE_ORAL_NOTICE_X,SH-P05-T03-FACILITY-POLICIES-PRACTICES,checkbox,"Made a reasonable effort to orally notify individuals about the FAP before initiating ECAs (Section B line 20b, 2016+)","17,674 filings TY2016-2024.",medium
UNMAPPED,/Return/ReturnData/IRS990ScheduleH/HospitalFcltyPoliciesPrctcGrp/MadePresumptiveEligDetermInd,"",990,new_variable,"",SH_05_BILL_MADE_PRESUMPT_ELIG_X,SH-P05-T03-FACILITY-POLICIES-PRACTICES,checkbox,"Made presumptive eligibility determinations before initiating ECAs (Section B line 20d, 2016+)","15,854 filings TY2016-2024.",medium
UNMAPPED,/Return/ReturnData/IRS990ScheduleH/HospitalFcltyPoliciesPrctcGrp/NotifiedFAPCopyBillDisplayInd,"",990,new_variable,"",SH_05_FAP_AVBL_NOTIFY_COPY_X,SH-P05-T03-FACILITY-POLICIES-PRACTICES,checkbox,"Notified individuals of the FAP by offering a paper copy of the plain-language summary, by bill notice or conspicuous display (Section B line 16g, 2016+)","18,400 filings TY2016-2024.",medium
UNMAPPED,/Return/ReturnData/IRS990ScheduleH/HospitalFcltyPoliciesPrctcGrp/PermitDeferDenyRqrPaymentInd,"",990,new_variable,"",SH_05_BILL_PERMIT_DEFER_CARE_X,SH-P05-T03-FACILITY-POLICIES-PRACTICES,checkbox,"FAP permits deferring/denying care or requiring payment due to nonpayment of a previous bill (Section B line 18c, 2016+)",42 filings TY2016-2024. Fills the missing 18c between SH_05_BILL_PERMIT_SELL_DEBT_X (18b) and _LEGAL_X (18d).,medium
UNMAPPED,/Return/ReturnData/IRS990ScheduleH/HospitalFcltyPoliciesPrctcGrp/PriorCHNAImpactInd,"",990,new_variable,"",SH_05_CHNA_DESC_PRIOR_IMPACT_X,SH-P05-T03-FACILITY-POLICIES-PRACTICES,checkbox,"CHNA report describes the impact of actions taken to address needs identified in prior CHNA(s) (Section B line 3j, 2016+)","16,643 filings TY2016-2024. New line in the 2016 Schedule H revision (current OtherInd maps to 3j in xpaths.csv but is 3k from 2016 - check).",medium
UNMAPPED,/Return/ReturnData/IRS990ScheduleH/HospitalFcltyPoliciesPrctcGrp/ProcessedFAPApplicationInd,"",990,new_variable,"",SH_05_BILL_MADE_PROCESS_APP_X,SH-P05-T03-FACILITY-POLICIES-PRACTICES,checkbox,"Processed incomplete and complete FAP applications before initiating ECAs (Section B line 20c, 2016+)","17,323 filings TY2016-2024.",medium
UNMAPPED,/Return/ReturnData/IRS990ScheduleH/HospitalFcltyPoliciesPrctcGrp/ProspectiveMedicareMedicaidInd,"",990,new_variable,"",SH_05_CHARGE_PROSPECTIVE_X,SH-P05-T03-FACILITY-POLICIES-PRACTICES,checkbox,"AGB determined by prospective Medicare or Medicaid method (Section B line 22d, 2016+)","3,631 filings TY2016-2024.",medium
UNMAPPED,/Return/ReturnData/IRS990ScheduleH/SupplementalInformationGrp,"",990,ignore,"","","","","","Container/group element observed empty (no text value, avg length 0; its children are mapped separately when present). Add to ignore.csv as a container.",high
UNMAPPED,/Return/ReturnData/IRS990ScheduleI,"",990,ignore,"","","","","","Schedule root element observed empty (schedule attached without content); container, nothing to map.",high
UNMAPPED,/Return/ReturnData/IRS990ScheduleI/Form990ScheduleIPartIII,"",990,ignore,"","","","","","Container/group element observed empty (no text value, avg length 0; its children are mapped separately when present). Add to ignore.csv as a container.",high
UNMAPPED,/Return/ReturnData/IRS990ScheduleI/Form990ScheduleIPartIV,"",990,ignore,"","","","","","Container/group element observed empty (no text value, avg length 0; its children are mapped separately when present). Add to ignore.csv as a container.",high
UNMAPPED,/Return/ReturnData/IRS990ScheduleI/GrantsOtherAsstToIndivInUSGrp,"",990,ignore,"","","","","","Container/group element observed empty (no text value, avg length 0; its children are mapped separately when present). Add to ignore.csv as a container.",high
UNMAPPED,/Return/ReturnData/IRS990ScheduleI/RecipientTable,"",990,ignore,"","","","","","Container/group element observed empty (no text value, avg length 0; its children are mapped separately when present). Add to ignore.csv as a container.",high
UNMAPPED,/Return/ReturnData/IRS990ScheduleI/SupplementalInformationDetail,"",990,ignore,"","","","","","Container/group element observed empty (no text value, avg length 0; its children are mapped separately when present). Add to ignore.csv as a container.",high
UNMAPPED,/Return/ReturnData/IRS990ScheduleJ,"",990,ignore,"","","","","","Schedule root element observed empty (schedule attached without content); container, nothing to map.",high
UNMAPPED,/Return/ReturnData/IRS990ScheduleJ/Form990ScheduleJPartIII,"",990,ignore,"","","","","","Container/group element observed empty (no text value, avg length 0; its children are mapped separately when present). Add to ignore.csv as a container.",high
UNMAPPED,/Return/ReturnData/IRS990ScheduleJ/SupplementalInformationDetail,"",990,ignore,"","","","","","Container/group element observed empty (no text value, avg length 0; its children are mapped separately when present). Add to ignore.csv as a container.",high
UNMAPPED,/Return/ReturnData/IRS990ScheduleK,"",990,ignore,"","","","","","Schedule root element observed empty (schedule attached without content); container, nothing to map.",high
UNMAPPED,/Return/ReturnData/IRS990ScheduleK/Form990ScheduleKPartIII,"",990,ignore,"","","","","","Container/group element observed empty (no text value, avg length 0; its children are mapped separately when present). Add to ignore.csv as a container.",high
UNMAPPED,/Return/ReturnData/IRS990ScheduleK/Form990ScheduleKPartIV,"",990,ignore,"","","","","","Container/group element observed empty (no text value, avg length 0; its children are mapped separately when present). Add to ignore.csv as a container.",high
UNMAPPED,/Return/ReturnData/IRS990ScheduleK/Form990ScheduleKPartV,"",990,ignore,"","","","","","Container/group element observed empty (no text value, avg length 0; its children are mapped separately when present). Add to ignore.csv as a container.",high
UNMAPPED,/Return/ReturnData/IRS990ScheduleK/SupplementalInformationDetail,"",990,ignore,"","","","","","Container/group element observed empty (no text value, avg length 0; its children are mapped separately when present). Add to ignore.csv as a container.",high
UNMAPPED,/Return/ReturnData/IRS990ScheduleK/TaxExemptBondsPrivateBusUseGrp,"",990,ignore,"","","","","","Container/group element observed empty (no text value, avg length 0; its children are mapped separately when present). Add to ignore.csv as a container.",high
UNMAPPED,/Return/ReturnData/IRS990ScheduleL,"",990/990EZ,ignore,"","","","","","Schedule root element observed empty (schedule attached without content); container, nothing to map.",high
UNMAPPED,/Return/ReturnData/IRS990ScheduleL/BusTrInvolveInterestedPrsnGrp/NameOfInterested,"",990/990EZ,ignore,"","","","","","Container/group element observed empty (no text value, avg length 0; its children are mapped separately when present). Add to ignore.csv as a container.",high
UNMAPPED,/Return/ReturnData/IRS990ScheduleL/Form990ScheduleLPartV,"",990/990EZ,ignore,"","","","","","Container/group element observed empty (no text value, avg length 0; its children are mapped separately when present). Add to ignore.csv as a container.",high
UNMAPPED,/Return/ReturnData/IRS990ScheduleL/LoansBtwnOrgInterestedPrsnGrp,"",990/990EZ,ignore,"","","","","","Container/group element observed empty (no text value, avg length 0; its children are mapped separately when present). Add to ignore.csv as a container.",high
UNMAPPED,/Return/ReturnData/IRS990ScheduleL/SupplementalInformationDetail,"",990/990EZ,ignore,"","","","","","Container/group element observed empty (no text value, avg length 0; its children are mapped separately when present). Add to ignore.csv as a container.",high
UNMAPPED,/Return/ReturnData/IRS990ScheduleM,"",990,ignore,"","","","","","Schedule root element observed empty (schedule attached without content); container, nothing to map.",high
UNMAPPED,/Return/ReturnData/IRS990ScheduleM/ArchaeologicalArtifacts,"",990,ignore,"","","","","","Container/group element observed empty (no text value, avg length 0; its children are mapped separately when present). Add to ignore.csv as a container.",high
UNMAPPED,/Return/ReturnData/IRS990ScheduleM/ArchaeologicalArtifactsGrp,"",990,ignore,"","","","","","Container/group element observed empty (no text value, avg length 0; its children are mapped separately when present). Add to ignore.csv as a container.",high
UNMAPPED,/Return/ReturnData/IRS990ScheduleM/ArtFractionalInterest,"",990,ignore,"","","","","","Container/group element observed empty (no text value, avg length 0; its children are mapped separately when present). Add to ignore.csv as a container.",high
UNMAPPED,/Return/ReturnData/IRS990ScheduleM/ArtFractionalInterestGrp,"",990,ignore,"","","","","","Container/group element observed empty (no text value, avg length 0; its children are mapped separately when present). Add to ignore.csv as a container.",high
UNMAPPED,/Return/ReturnData/IRS990ScheduleM/ArtHistoricalTreasures,"",990,ignore,"","","","","","Container/group element observed empty (no text value, avg length 0; its children are mapped separately when present). Add to ignore.csv as a container.",high
UNMAPPED,/Return/ReturnData/IRS990ScheduleM/ArtHistoricalTreasuresGrp,"",990,ignore,"","","","","","Container/group element observed empty (no text value, avg length 0; its children are mapped separately when present). Add to ignore.csv as a container.",high
UNMAPPED,/Return/ReturnData/IRS990ScheduleM/BoatsAndPlanes,"",990,ignore,"","","","","","Container/group element observed empty (no text value, avg length 0; its children are mapped separately when present). Add to ignore.csv as a container.",high
UNMAPPED,/Return/ReturnData/IRS990ScheduleM/BoatsAndPlanesGrp,"",990,ignore,"","","","","","Container/group element observed empty (no text value, avg length 0; its children are mapped separately when present). Add to ignore.csv as a container.",high
UNMAPPED,/Return/ReturnData/IRS990ScheduleM/BooksAndPublications,"",990,ignore,"","","","","","Container/group element observed empty (no text value, avg length 0; its children are mapped separately when present). Add to ignore.csv as a container.",high
UNMAPPED,/Return/ReturnData/IRS990ScheduleM/BooksAndPublicationsGrp,"",990,ignore,"","","","","","Container/group element observed empty (no text value, avg length 0; its children are mapped separately when present). Add to ignore.csv as a container.",high
UNMAPPED,/Return/ReturnData/IRS990ScheduleM/CarsAndOtherVehicles,"",990,ignore,"","","","","","Container/group element observed empty (no text value, avg length 0; its children are mapped separately when present). Add to ignore.csv as a container.",high
UNMAPPED,/Return/ReturnData/IRS990ScheduleM/CarsAndOtherVehiclesGrp,"",990,ignore,"","","","","","Container/group element observed empty (no text value, avg length 0; its children are mapped separately when present). Add to ignore.csv as a container.",high
UNMAPPED,/Return/ReturnData/IRS990ScheduleM/ClothingAndHouseholdGoods,"",990,ignore,"","","","","","Container/group element observed empty (no text value, avg length 0; its children are mapped separately when present). Add to ignore.csv as a container.",high
UNMAPPED,/Return/ReturnData/IRS990ScheduleM/ClothingAndHouseholdGoodsGrp,"",990,ignore,"","","","","","Container/group element observed empty (no text value, avg length 0; its children are mapped separately when present). Add to ignore.csv as a container.",high
UNMAPPED,/Return/ReturnData/IRS990ScheduleM/Collectibles,"",990,ignore,"","","","","","Container/group element observed empty (no text value, avg length 0; its children are mapped separately when present). Add to ignore.csv as a container.",high
UNMAPPED,/Return/ReturnData/IRS990ScheduleM/CollectiblesGrp,"",990,ignore,"","","","","","Container/group element observed empty (no text value, avg length 0; its children are mapped separately when present). Add to ignore.csv as a container.",high
UNMAPPED,/Return/ReturnData/IRS990ScheduleM/DrugsAndMedicalSupplies,"",990,ignore,"","","","","","Container/group element observed empty (no text value, avg length 0; its children are mapped separately when present). Add to ignore.csv as a container.",high
UNMAPPED,/Return/ReturnData/IRS990ScheduleM/DrugsAndMedicalSuppliesGrp,"",990,ignore,"","","","","","Container/group element observed empty (no text value, avg length 0; its children are mapped separately when present). Add to ignore.csv as a container.",high
UNMAPPED,/Return/ReturnData/IRS990ScheduleM/FoodInventory,"",990,ignore,"","","","","","Container/group element observed empty (no text value, avg length 0; its children are mapped separately when present). Add to ignore.csv as a container.",high
UNMAPPED,/Return/ReturnData/IRS990ScheduleM/FoodInventoryGrp,"",990,ignore,"","","","","","Container/group element observed empty (no text value, avg length 0; its children are mapped separately when present). Add to ignore.csv as a container.",high
UNMAPPED,/Return/ReturnData/IRS990ScheduleM/Form990ScheduleMPartII,"",990,ignore,"","","","","","Container/group element observed empty (no text value, avg length 0; its children are mapped separately when present). Add to ignore.csv as a container.",high
UNMAPPED,/Return/ReturnData/IRS990ScheduleM/HistoricalArtifacts,"",990,ignore,"","","","","","Container/group element observed empty (no text value, avg length 0; its children are mapped separately when present). Add to ignore.csv as a container.",high
UNMAPPED,/Return/ReturnData/IRS990ScheduleM/HistoricalArtifactsGrp,"",990,ignore,"","","","","","Container/group element observed empty (no text value, avg length 0; its children are mapped separately when present). Add to ignore.csv as a container.",high
UNMAPPED,/Return/ReturnData/IRS990ScheduleM/IntellectualProperty,"",990,ignore,"","","","","","Container/group element observed empty (no text value, avg length 0; its children are mapped separately when present). Add to ignore.csv as a container.",high
UNMAPPED,/Return/ReturnData/IRS990ScheduleM/IntellectualPropertyGrp,"",990,ignore,"","","","","","Container/group element observed empty (no text value, avg length 0; its children are mapped separately when present). Add to ignore.csv as a container.",high
UNMAPPED,/Return/ReturnData/IRS990ScheduleM/OtherNonCashContriTableGrp,"",990,ignore,"","","","","","Container/group element observed empty (no text value, avg length 0; its children are mapped separately when present). Add to ignore.csv as a container.",high
UNMAPPED,/Return/ReturnData/IRS990ScheduleM/QualifiedContribHistStruct,"",990,ignore,"","","","","","Container/group element observed empty (no text value, avg length 0; its children are mapped separately when present). Add to ignore.csv as a container.",high
UNMAPPED,/Return/ReturnData/IRS990ScheduleM/QualifiedContribHistStructGrp,"",990,ignore,"","","","","","Container/group element observed empty (no text value, avg length 0; its children are mapped separately when present). Add to ignore.csv as a container.",high
UNMAPPED,/Return/ReturnData/IRS990ScheduleM/QualifiedContribOther,"",990,ignore,"","","","","","Container/group element observed empty (no text value, avg length 0; its children are mapped separately when present). Add to ignore.csv as a container.",high
UNMAPPED,/Return/ReturnData/IRS990ScheduleM/QualifiedContribOtherGrp,"",990,ignore,"","","","","","Container/group element observed empty (no text value, avg length 0; its children are mapped separately when present). Add to ignore.csv as a container.",high
UNMAPPED,/Return/ReturnData/IRS990ScheduleM/RealEstateCommercial,"",990,ignore,"","","","","","Container/group element observed empty (no text value, avg length 0; its children are mapped separately when present). Add to ignore.csv as a container.",high
UNMAPPED,/Return/ReturnData/IRS990ScheduleM/RealEstateCommercialGrp,"",990,ignore,"","","","","","Container/group element observed empty (no text value, avg length 0; its children are mapped separately when present). Add to ignore.csv as a container.",high
UNMAPPED,/Return/ReturnData/IRS990ScheduleM/RealEstateOther,"",990,ignore,"","","","","","Container/group element observed empty (no text value, avg length 0; its children are mapped separately when present). Add to ignore.csv as a container.",high
UNMAPPED,/Return/ReturnData/IRS990ScheduleM/RealEstateOtherGrp,"",990,ignore,"","","","","","Container/group element observed empty (no text value, avg length 0; its children are mapped separately when present). Add to ignore.csv as a container.",high
UNMAPPED,/Return/ReturnData/IRS990ScheduleM/RealEstateOtherGrp/NoncashContributionsRptF990Amt,"",990,add_to_variable,"",SM_01_RE_OTH_NONCSH_CONTR,"","","","Missing 2013+ successor: SM_01_RE_OTH_NONCSH_CONTR has only 2009-2012 xpaths (RealEstateOther/NoncashContribsRptdF990); every sibling group (e.g. RealEstateResidentialGrp/NoncashContributionsRptF990Amt -> SM_01_RE_RESID_NONCSH_CONTR) maps the same element. 9,625 filings TY2013-2024, numeric (median ~200k).",high
UNMAPPED,/Return/ReturnData/IRS990ScheduleM/RealEstateResidential,"",990,ignore,"","","","","","Container/group element observed empty (no text value, avg length 0; its children are mapped separately when present). Add to ignore.csv as a container.",high
UNMAPPED,/Return/ReturnData/IRS990ScheduleM/RealEstateResidentialGrp,"",990,ignore,"","","","","","Container/group element observed empty (no text value, avg length 0; its children are mapped separately when present). Add to ignore.csv as a container.",high
UNMAPPED,/Return/ReturnData/IRS990ScheduleM/ScientificSpecimens,"",990,ignore,"","","","","","Container/group element observed empty (no text value, avg length 0; its children are mapped separately when present). Add to ignore.csv as a container.",high
UNMAPPED,/Return/ReturnData/IRS990ScheduleM/ScientificSpecimensGrp,"",990,ignore,"","","","","","Container/group element observed empty (no text value, avg length 0; its children are mapped separately when present). Add to ignore.csv as a container.",high
UNMAPPED,/Return/ReturnData/IRS990ScheduleM/SecurPrtnrshpTrustIntrstsGrp,"",990,ignore,"","","","","","Container/group element observed empty (no text value, avg length 0; its children are mapped separately when present). Add to ignore.csv as a container.",high
UNMAPPED,/Return/ReturnData/IRS990ScheduleM/SecuritiesCloselyHeldStock,"",990,ignore,"","","","","","Container/group element observed empty (no text value, avg length 0; its children are mapped separately when present). Add to ignore.csv as a container.",high
UNMAPPED,/Return/ReturnData/IRS990ScheduleM/SecuritiesCloselyHeldStockGrp,"",990,ignore,"","","","","","Container/group element observed empty (no text value, avg length 0; its children are mapped separately when present). Add to ignore.csv as a container.",high
UNMAPPED,/Return/ReturnData/IRS990ScheduleM/SecuritiesMiscellaneous,"",990,ignore,"","","","","","Container/group element observed empty (no text value, avg length 0; its children are mapped separately when present). Add to ignore.csv as a container.",high
UNMAPPED,/Return/ReturnData/IRS990ScheduleM/SecuritiesMiscellaneousGrp,"",990,ignore,"","","","","","Container/group element observed empty (no text value, avg length 0; its children are mapped separately when present). Add to ignore.csv as a container.",high
UNMAPPED,/Return/ReturnData/IRS990ScheduleM/SecuritiesPrtnrshpTrustIntrsts,"",990,ignore,"","","","","","Container/group element observed empty (no text value, avg length 0; its children are mapped separately when present). Add to ignore.csv as a container.",high
UNMAPPED,/Return/ReturnData/IRS990ScheduleM/SecuritiesPubliclyTraded,"",990,ignore,"","","","","","Container/group element observed empty (no text value, avg length 0; its children are mapped separately when present). Add to ignore.csv as a container.",high
UNMAPPED,/Return/ReturnData/IRS990ScheduleM/SecuritiesPubliclyTradedGrp,"",990,ignore,"","","","","","Container/group element observed empty (no text value, avg length 0; its children are mapped separately when present). Add to ignore.csv as a container.",high
UNMAPPED,/Return/ReturnData/IRS990ScheduleM/SupplementalInformationDetail,"",990,ignore,"","","","","","Container/group element observed empty (no text value, avg length 0; its children are mapped separately when present). Add to ignore.csv as a container.",high
UNMAPPED,/Return/ReturnData/IRS990ScheduleM/Taxidermy,"",990,ignore,"","","","","","Container/group element observed empty (no text value, avg length 0; its children are mapped separately when present). Add to ignore.csv as a container.",high
UNMAPPED,/Return/ReturnData/IRS990ScheduleM/TaxidermyGrp,"",990,ignore,"","","","","","Container/group element observed empty (no text value, avg length 0; its children are mapped separately when present). Add to ignore.csv as a container.",high
UNMAPPED,/Return/ReturnData/IRS990ScheduleM/WorksOfArt,"",990,ignore,"","","","","","Container/group element observed empty (no text value, avg length 0; its children are mapped separately when present). Add to ignore.csv as a container.",high
UNMAPPED,/Return/ReturnData/IRS990ScheduleM/WorksOfArtGrp,"",990,ignore,"","","","","","Container/group element observed empty (no text value, avg length 0; its children are mapped separately when present). Add to ignore.csv as a container.",high
UNMAPPED,/Return/ReturnData/IRS990ScheduleN,"",990/990EZ,ignore,"","","","","","Schedule root element observed empty (schedule attached without content); container, nothing to map.",high
UNMAPPED,/Return/ReturnData/IRS990ScheduleN/DispositionOfAssetsDetail,"",990/990EZ,ignore,"","","","","","Container/group element observed empty (no text value, avg length 0; its children are mapped separately when present). Add to ignore.csv as a container.",high
UNMAPPED,/Return/ReturnData/IRS990ScheduleN/Form990ScheduleNPartIII,"",990/990EZ,ignore,"","","","","","Container/group element observed empty (no text value, avg length 0; its children are mapped separately when present). Add to ignore.csv as a container.",high
UNMAPPED,/Return/ReturnData/IRS990ScheduleN/LiquidationOfAssetsTableGrp,"",990/990EZ,ignore,"","","","","","Container/group element observed empty (no text value, avg length 0; its children are mapped separately when present). Add to ignore.csv as a container.",high
UNMAPPED,/Return/ReturnData/IRS990ScheduleN/LiquidationOfAssetsTableGrp/LiquidationOfAssetsDetail,"",990/990EZ,ignore,"","","","","","Container/group element observed empty (no text value, avg length 0; its children are mapped separately when present). Add to ignore.csv as a container.",high
UNMAPPED,/Return/ReturnData/IRS990ScheduleN/LiquidationTable,"",990/990EZ,ignore,"","","","","","Container/group element observed empty (no text value, avg length 0; its children are mapped separately when present). Add to ignore.csv as a container.",high
UNMAPPED,/Return/ReturnData/IRS990ScheduleN/SupplementalInformationDetail,"",990/990EZ,ignore,"","","","","","Container/group element observed empty (no text value, avg length 0; its children are mapped separately when present). Add to ignore.csv as a container.",high
UNMAPPED,/Return/ReturnData/IRS990ScheduleR,"",990,ignore,"","","","","","Schedule root element observed empty (schedule attached without content); container, nothing to map.",high
UNMAPPED,/Return/ReturnData/IRS990ScheduleR/Form990ScheduleRPartII,"",990,ignore,"","","","","","Container/group element observed empty (no text value, avg length 0; its children are mapped separately when present). Add to ignore.csv as a container.",high
UNMAPPED,/Return/ReturnData/IRS990ScheduleR/Form990ScheduleRPartIII,"",990,ignore,"","","","","","Container/group element observed empty (no text value, avg length 0; its children are mapped separately when present). Add to ignore.csv as a container.",high
UNMAPPED,/Return/ReturnData/IRS990ScheduleR/Form990ScheduleRPartIV,"",990,ignore,"","","","","","Container/group element observed empty (no text value, avg length 0; its children are mapped separately when present). Add to ignore.csv as a container.",high
UNMAPPED,/Return/ReturnData/IRS990ScheduleR/Form990ScheduleRPartVII,"",990,ignore,"","","","","","Container/group element observed empty (no text value, avg length 0; its children are mapped separately when present). Add to ignore.csv as a container.",high
UNMAPPED,/Return/ReturnData/IRS990ScheduleR/IdRelatedOrgTxblCorpTrGrp,"",990,ignore,"","","","","","Container/group element observed empty (no text value, avg length 0; its children are mapped separately when present). Add to ignore.csv as a container.",high
UNMAPPED,/Return/ReturnData/IRS990ScheduleR/IdRelatedOrgTxblPartnershipGrp,"",990,ignore,"","","","","","Container/group element observed empty (no text value, avg length 0; its children are mapped separately when present). Add to ignore.csv as a container.",high
UNMAPPED,/Return/ReturnData/IRS990ScheduleR/SupplementalInformationDetail,"",990,ignore,"","","","","","Container/group element observed empty (no text value, avg length 0; its children are mapped separately when present). Add to ignore.csv as a container.",high
UNMAPPED,/Return/ReturnData/IRS990ScheduleR/TransactionsRelatedOrgGrp,"",990,ignore,"","","","","","Container/group element observed empty (no text value, avg length 0; its children are mapped separately when present). Add to ignore.csv as a container.",high
UNMAPPED,/Return/ReturnData/IRS990ScheduleR/TransactionsRelatedOrgsTable,"",990,ignore,"","","","","","Container/group element observed empty (no text value, avg length 0; its children are mapped separately when present). Add to ignore.csv as a container.",high
UNMAPPED,/Return/ReturnData/ReasonableCauseExplanation,"",990/990EZ,ignore,"","","","","","Container/group element observed empty (no text value, avg length 0; its children are mapped separately when present). Add to ignore.csv as a container.",high
UNMAPPED,/Return/ReturnHeader/AdditionalFilerInformation/TrustedCustomerGrp,"",990/990EZ,ignore,"","","","","",Container group (IRS-internal Trusted Customer info); leaves mapped as F9_00_IRS_TRUST_*.,high
UNMAPPED,/Return/ReturnHeader/AdditionalFilerInformation/TrustedCustomerGrp/PaymentDeclinedReasonCd,"",990/990EZ,ignore,"","","","","","IRS-internal Trusted Customer field, TY2020-2021, <30 filings (siblings F9_00_IRS_TRUST_* exist).",high
UNMAPPED,/Return/ReturnHeader/AdditionalFilerInformation/TrustedCustomerGrp/ProfileCellPhoneNumChangeInd,"",990/990EZ,ignore,"","","","","","IRS-internal Trusted Customer field, TY2020-2021, <30 filings (siblings F9_00_IRS_TRUST_* exist).",high
UNMAPPED,/Return/ReturnHeader/BusinessOfficerGrp/TaxpayerPIN,"","",ignore,"","","","","","E-file transmission/signature field (software id, originator EFIN, PINs) seen in 1 filing with blank return type (TY2017); IRS-internal and PIN fields are sensitive.",high
UNMAPPED,/Return/ReturnHeader/DisasterRelief,"",990/990EZ,add_to_variable,"",F9_00_DISASTER_RELIEF,"","","","2009-2012 predecessor of ReturnHeader/DisasterReliefTxt (181 filings; values 'HURRICANE SANDY', 'HUR SANDY FEMA 4085'); same concept.",high
UNMAPPED,/Return/ReturnHeader/FilingSecurityInformation/AuthenticationReviewCd,"",990/990EZ,ignore,"","","","","","IRS-internal e-file security field, TY2020 only, <90 filings (siblings F9_00_IRS_SEC_* exist; add as F9_00_IRS_SEC_* only if completeness of IRS internals is wanted).",high
UNMAPPED,/Return/ReturnHeader/FilingSecurityInformation/AuthenticationReviewTxt,"",990/990EZ,ignore,"","","","","","IRS-internal e-file security field, TY2020 only, <90 filings (siblings F9_00_IRS_SEC_* exist; add as F9_00_IRS_SEC_* only if completeness of IRS internals is wanted).",high
UNMAPPED,/Return/ReturnHeader/FilingSecurityInformation/IPAddress/IPv6AddressTxt,"",990EZ,add_to_variable,"",F9_00_IRS_SEC_IP_ADDR,"","","",IPv6 sibling of IPv4AddressTxt (mapped to F9_00_IRS_SEC_IP_ADDR); 2 filings. Or ignore with the rest of FilingSecurityInformation.,low
UNMAPPED,/Return/ReturnHeader/FilingSecurityInformation/TotActiveTimePrepSubmissionTs,"",990/990EZ,ignore,"","","","","","IRS-internal e-file security field, TY2020 only, <90 filings (siblings F9_00_IRS_SEC_* exist; add as F9_00_IRS_SEC_* only if completeness of IRS internals is wanted).",high
UNMAPPED,/Return/ReturnHeader/FilingSecurityInformation/TotalPreparationSubmissionTs,"",990/990EZ,ignore,"","","","","","IRS-internal e-file security field, TY2020 only, <90 filings (siblings F9_00_IRS_SEC_* exist; add as F9_00_IRS_SEC_* only if completeness of IRS internals is wanted).",high
UNMAPPED,/Return/ReturnHeader/FilingSecurityInformation/VendorControlNum,"",990/990EZ,ignore,"","","","","","IRS-internal e-file security field, TY2020 only, <90 filings (siblings F9_00_IRS_SEC_* exist; add as F9_00_IRS_SEC_* only if completeness of IRS internals is wanted).",high
UNMAPPED,/Return/ReturnHeader/MultSoftwarePackagesUsedInd,"","",ignore,"","","","","","E-file transmission/signature field (software id, originator EFIN, PINs) seen in 1 filing with blank return type (TY2017); IRS-internal and PIN fields are sensitive.",high
UNMAPPED,/Return/ReturnHeader/OriginatorGrp/EFIN,"","",ignore,"","","","","","E-file transmission/signature field (software id, originator EFIN, PINs) seen in 1 filing with blank return type (TY2017); IRS-internal and PIN fields are sensitive.",high
UNMAPPED,/Return/ReturnHeader/OriginatorGrp/OriginatorTypeCd,"","",ignore,"","","","","","E-file transmission/signature field (software id, originator EFIN, PINs) seen in 1 filing with blank return type (TY2017); IRS-internal and PIN fields are sensitive.",high
UNMAPPED,/Return/ReturnHeader/OriginatorGrp/PractitionerPINGrp/EFIN,"","",ignore,"","","","","","E-file transmission/signature field (software id, originator EFIN, PINs) seen in 1 filing with blank return type (TY2017); IRS-internal and PIN fields are sensitive.",high
UNMAPPED,/Return/ReturnHeader/OriginatorGrp/PractitionerPINGrp/PIN,"","",ignore,"","","","","","E-file transmission/signature field (software id, originator EFIN, PINs) seen in 1 filing with blank return type (TY2017); IRS-internal and PIN fields are sensitive.",high
UNMAPPED,/Return/ReturnHeader/PINEnteredByCd,"","",ignore,"","","","","","E-file transmission/signature field (software id, originator EFIN, PINs) seen in 1 filing with blank return type (TY2017); IRS-internal and PIN fields are sensitive.",high
UNMAPPED,/Return/ReturnHeader/Preparer,"",990/990EZ,ignore,"","","","","","Container/group element observed empty (no text value, avg length 0; its children are mapped separately when present). Add to ignore.csv as a container.",high
UNMAPPED,/Return/ReturnHeader/Preparer/SSN,"",990/990EZ,ignore,"","","","","","Masked preparer SSN (all values XXX-XX-XXXX), TY2012 only, 77 filings; no information and PII field.",high
UNMAPPED,/Return/ReturnHeader/PreparerPersonGrp,"",990/990EZ,ignore,"","","","","","Container/group element observed empty (no text value, avg length 0; its children are mapped separately when present). Add to ignore.csv as a container.",high
UNMAPPED,/Return/ReturnHeader/SignatureOptionCd,"","",ignore,"","","","","","E-file transmission/signature field (software id, originator EFIN, PINs) seen in 1 filing with blank return type (TY2017); IRS-internal and PIN fields are sensitive.",high
UNMAPPED,/Return/ReturnHeader/SoftwareId,"","",ignore,"","","","","","E-file transmission/signature field (software id, originator EFIN, PINs) seen in 1 filing with blank return type (TY2017); IRS-internal and PIN fields are sensitive.",high
UNMAPPED,/Return/ReturnHeader/SoftwareVersionNum,"","",ignore,"","","","","","E-file transmission/signature field (software id, originator EFIN, PINs) seen in 1 filing with blank return type (TY2017); IRS-internal and PIN fields are sensitive.",high
