check,key,variable_name,rdb_table,decision,target_variable,new_variable,new_table_id,new_table_cardinality,new_data_type,new_label,form_line,rationale,confidence
UNMAPPED,/Return/ReturnData/IRS990PF/PFQualifyingDistributionsGrp/ExpensesAndContributionsAmt,"","",add_to_variable,PF_12_AMT_CHARIT_EXP_TOT,"","","","","",Part XI Line 1a,"2023 redesign renamed QualifyingDistriPartXIIGrp to PFQualifyingDistributionsGrp (old Part XII is now Part XI); same element and line content, so it joins the existing variable. Evidence: 114,556 filings TY2023, max 1/filing.",high
UNMAPPED,/Return/ReturnData/IRS990PF/StatementsRegardingActy4720Grp/SubjToTaxRmnrtnExPrchtPymtInd,"",PF-P07-T00-ACTIVITIES-4720,new_variable,"",PF_07_4720_TAX_4960_X,PF-P07-T00-ACTIVITIES-4720,"",checkbox,Subject to section 4960 tax on excess remuneration or excess parachute payments?,Part VI-B Line 8,"New 2023 question (BooleanType, values true/false/1/0; 85 yes). No existing variable. Evidence: 108,118 filings TY2023, max 1/filing.",high
UNMAPPED,/Return/ReturnData/IRS990PF/PFQualifyingDistributionsGrp/QualifyingDistributionsAmt,"","",add_to_variable,PF_12_DIST_QUAL,"","","","","",Part XI Line 4,"2023 redesign renamed QualifyingDistriPartXIIGrp to PFQualifyingDistributionsGrp (old Part XII is now Part XI); same element and line content, so it joins the existing variable. Evidence: 105,136 filings TY2023, max 1/filing.",high
UNMAPPED,/Return/ReturnData/IRS990PF/Form990PFBalanceSheetsGrp/OrgDoesNotFollowFASB117Ind,"",PF-P02-T00-BALANCE-SHEET,add_to_variable,PF_02_NAFB_NO_FOLLOW_SFAS117_X,"","","","","",Part II (checkbox before Line 26),"2023 schema renamed ...SFAS117Ind to ...FASB117Ind (ASC 958 wording); same checkbox. Matches 990 precedent (F9_10_NAFB_*FOLLOW_SFAS117_X carries both spellings). Evidence: 78,829 filings TY2023, max 1/filing.",high
UNMAPPED,/Return/ReturnData/IRS990PF/PFQualifyingDistributionsGrp/ProgramRelatedInvstTotalAmt,"","",add_to_variable,PF_12_AMT_CHARIT_PROG_RLTD_TOT,"","","","","",Part XI Line 1b,"2023 redesign renamed QualifyingDistriPartXIIGrp to PFQualifyingDistributionsGrp (old Part XII is now Part XI); same element and line content, so it joins the existing variable. Evidence: 72,678 filings TY2023, max 1/filing.",high
UNMAPPED,/Return/ReturnData/IRS990PF/ExciseTaxBasedOnInvstIncmGrp/ExtsnRequestIncomeTaxPaidAmt,"",PF-P06-T00-INVEST-INCOME-EXCISE-TAX,add_to_variable,PF_06_CREDIT_PAY_TAX_EXTENSION,"","","","","",Part V Line 6c,"Renamed element for Part V line 6c (tax paid with extension request); PF_06_CREDIT_PAY_TAX_EXTENSION currently has only the 2009-2012 TaxPaidWithExtension xpath. Evidence: 70,707 filings TY2023, max 1/filing.",high
UNMAPPED,/Return/ReturnData/IRS990PF/AnalysisIncomeProducingActyGrp/DividendsAndInterestFromSecDtl/ExclusionAmt,"","",add_to_variable,PF_16_REV_DIVIDEND_SEC_EXCL_AMT,"","","","","",Part XV-A Line 4 Column (D),"2023 redesign renamed DivAndIntFromSecPartVIIGrp to DividendsAndInterestFromSecDtl (old Part XVI-A is now Part XV-A); same column. Evidence: 70,662 filings TY2023, max 1/filing.",high
UNMAPPED,/Return/ReturnData/IRS990PF/AnalysisIncomeProducingActyGrp/DividendsAndInterestFromSecDtl/ExclusionCd,"","",add_to_variable,PF_16_REV_DIVIDEND_SEC_EXCL_CODE,"","","","","",Part XV-A Line 4 Column (C),"2023 redesign renamed DivAndIntFromSecPartVIIGrp to DividendsAndInterestFromSecDtl (old Part XVI-A is now Part XV-A); same column. Evidence: 66,753 filings TY2023, max 1/filing.",high
UNMAPPED,/Return/ReturnData/IRS990PF/ExciseTaxBasedOnInvstIncmGrp/ExemptFrgnOrgTaxWthldAtSrceAmt,"",PF-P06-T00-INVEST-INCOME-EXCISE-TAX,new_variable,"",PF_06_CREDIT_PAY_FRGN_WITHHOLD,PF-P06-T00-INVEST-INCOME-EXCISE-TAX,"",numeric,Exempt foreign organizations - tax withheld at source,Part V Line 6b,"Line 6b credit has no variable in any schema version (siblings 6a/6c/6d are mapped). Values mostly 0. Evidence: 65,801 filings TY2023, max 1/filing.",high
UNMAPPED,/Return/ReturnData/IRS990PF/PFQualifyingDistributionsGrp/SetAsideCashDistriTestAmt,"","",add_to_variable,PF_12_AMT_SET_ASIDE_CASH_DIST,"","","","","",Part XI Line 3b,"2023 redesign renamed QualifyingDistriPartXIIGrp to PFQualifyingDistributionsGrp (old Part XII is now Part XI); same element and line content, so it joins the existing variable. Evidence: 33,810 filings TY2023, max 1/filing.",high
UNMAPPED,/Return/ReturnData/IRS990PF/Form990PFBalanceSheetsGrp/OrganizationFollowsFASB117Ind,"",PF-P02-T00-BALANCE-SHEET,add_to_variable,PF_02_NAFB_FOLLOW_SFAS117_X,"","","","","",Part II (checkbox before Line 24),"2023 schema renamed ...SFAS117Ind to ...FASB117Ind (ASC 958 wording); same checkbox. Matches 990 precedent (F9_10_NAFB_*FOLLOW_SFAS117_X carries both spellings). Evidence: 33,714 filings TY2023, max 1/filing.",high
UNMAPPED,/Return/ReturnData/IRS990PF/PFQualifyingDistributionsGrp/CharitableAssetsAcquisPaidAmt,"","",add_to_variable,PF_12_AMT_PAID_CHARIT_ASSET,"","","","","",Part XI Line 2,"2023 redesign renamed QualifyingDistriPartXIIGrp to PFQualifyingDistributionsGrp (old Part XII is now Part XI); same element and line content, so it joins the existing variable. Evidence: 32,408 filings TY2023, max 1/filing.",high
UNMAPPED,/Return/ReturnData/IRS990PF/PFQualifyingDistributionsGrp/SetAsideSuitabilityTestAmt,"","",add_to_variable,PF_12_AMT_SET_ASIDE_SUITABILITY,"","","","","",Part XI Line 3a,"2023 redesign renamed QualifyingDistriPartXIIGrp to PFQualifyingDistributionsGrp (old Part XII is now Part XI); same element and line content, so it joins the existing variable. Evidence: 31,444 filings TY2023, max 1/filing.",high
UNMAPPED,/Return/ReturnData/IRS990PF/Form990PFBalanceSheetsGrp/NoDonorRstrNetAssestsEOYAmt,"",PF-P02-T00-BALANCE-SHEET,add_to_variable,PF_02_NAFB_UNRESTRICT_EOY_BV,"","","","","",Part II Line 24(b),"ASU 2016-14 relabel: 'net assets without donor restrictions' replaces 'unrestricted' on the same line 24; 990 precedent maps NoDonorRestrictionNetAssetsGrp into F9_10_NAFB_UNRESTRICT_*. Note the IRS misspelling 'Assests' in the element name. Evidence: 30,492 filings TY2023, max 1/filing.",high
UNMAPPED,/Return/ReturnData/IRS990PF/Form990PFBalanceSheetsGrp/NoDonorRstrNetAssestsBOYAmt,"",PF-P02-T00-BALANCE-SHEET,add_to_variable,PF_02_NAFB_UNRESTRICT_BOY_BV,"","","","","",Part II Line 24(a),"ASU 2016-14 relabel: 'net assets without donor restrictions' replaces 'unrestricted' on the same line 24; 990 precedent maps NoDonorRestrictionNetAssetsGrp into F9_10_NAFB_UNRESTRICT_*. Note the IRS misspelling 'Assests' in the element name. Evidence: 29,765 filings TY2023, max 1/filing.",high
UNMAPPED,/Return/ReturnData/IRS990ScheduleB/Organization501c3ExemptPFInd,"","",new_variable,"",SB_00_ORG_TYPE_501C3_EXEMPT_PF_X,SB-P00-T00-HEADER,ONE,checkbox,Organization type: 501(c)(3) exempt private foundation,Heading - Organization type (990-PF filers),"Proposes new table SB-P00-T00-HEADER (ONE); needs new part SB-P00. No existing SB variable holds this field. Header checkboxes are filed on 990/990-EZ Schedule B too, so the variable serves all forms. 990-PF Schedule B is public and unredacted (990/990-EZ copies are redacted), so the contributor detail is usable here. Evidence: 28,441 filings TY2023, max 1/filing.",high
UNMAPPED,/Return/ReturnData/IRS990ScheduleB/ContributorInformationGrp/ContributorUSAddress/AddressLine1Txt,"",SB-P01-T01-CONTRIBUTORS,add_to_variable,SB_01_CONTRIBUTOR_ADDR_L1,"","","","","",Part I Column (b),"Current (2013+) element name for a field whose 2009-2012 name (City/State/ZIPCode/AddressLine1/BusinessNameLine1) is already mapped to this variable. 990-PF Schedule B is public and unredacted (990/990-EZ copies are redacted), so the contributor detail is usable here. Evidence: 27,430 filings TY2023, max 804/filing.",high
UNMAPPED,/Return/ReturnData/IRS990ScheduleB/ContributorInformationGrp/ContributorUSAddress/CityNm,"",SB-P01-T01-CONTRIBUTORS,add_to_variable,SB_01_CONTRIBUTOR_ADDR_CITY,"","","","","",Part I Column (b),"Current (2013+) element name for a field whose 2009-2012 name (City/State/ZIPCode/AddressLine1/BusinessNameLine1) is already mapped to this variable. 990-PF Schedule B is public and unredacted (990/990-EZ copies are redacted), so the contributor detail is usable here. Evidence: 27,430 filings TY2023, max 804/filing.",high
UNMAPPED,/Return/ReturnData/IRS990ScheduleB/ContributorInformationGrp/ContributorUSAddress/StateAbbreviationCd,"",SB-P01-T01-CONTRIBUTORS,add_to_variable,SB_01_CONTRIBUTOR_ADDR_STATE,"","","","","",Part I Column (b),"Current (2013+) element name for a field whose 2009-2012 name (City/State/ZIPCode/AddressLine1/BusinessNameLine1) is already mapped to this variable. 990-PF Schedule B is public and unredacted (990/990-EZ copies are redacted), so the contributor detail is usable here. Evidence: 27,430 filings TY2023, max 804/filing.",high
UNMAPPED,/Return/ReturnData/IRS990ScheduleB/ContributorInformationGrp/ContributorUSAddress/ZIPCd,"",SB-P01-T01-CONTRIBUTORS,add_to_variable,SB_01_CONTRIBUTOR_ADDR_ZIP,"","","","","",Part I Column (b),"Current (2013+) element name for a field whose 2009-2012 name (City/State/ZIPCode/AddressLine1/BusinessNameLine1) is already mapped to this variable. 990-PF Schedule B is public and unredacted (990/990-EZ copies are redacted), so the contributor detail is usable here. Evidence: 27,430 filings TY2023, max 804/filing.",high
UNMAPPED,/Return/ReturnData/IRS990ScheduleB/GeneralRuleInd,"","",new_variable,"",SB_00_GENERAL_RULE_X,SB-P00-T00-HEADER,ONE,checkbox,"General Rule applies (contributor gave $5,000 or more)",Heading - General Rule,"Proposes new table SB-P00-T00-HEADER (ONE); needs new part SB-P00. No existing SB variable holds this field. Header checkboxes are filed on 990/990-EZ Schedule B too, so the variable serves all forms. 990-PF Schedule B is public and unredacted (990/990-EZ copies are redacted), so the contributor detail is usable here. Evidence: 27,074 filings TY2023, max 1/filing.",high
UNMAPPED,/Return/ReturnData/IRS990PF/AnalysisIncomeProducingActyGrp/NetRentalIncomePersonalPropGrp,"",PF-P16-T00-INCOME-PRODUCING-ACTS,ignore,"","","","","","","","group container with no value of its own: the xpath is recorded as a leaf only when the element is present but empty (26,247 filings); its children carry the data and are mapped/handled separately. Add to ignore.csv.",high
UNMAPPED,/Return/ReturnData/IRS990PF/AnalysisIncomeProducingActyGrp/GrossProfitLossSlsOfInvntryGrp,"",PF-P16-T00-INCOME-PRODUCING-ACTS,ignore,"","","","","","","","group container with no value of its own: the xpath is recorded as a leaf only when the element is present but empty (26,215 filings); its children carry the data and are mapped/handled separately. Add to ignore.csv.",high
UNMAPPED,/Return/ReturnData/IRS990PF/SumOfProgramRelatedInvstGrp,"",PF-P00-T00-HEADER,ignore,"","","","","","","","group container with no value of its own: the xpath is recorded as a leaf only when the element is present but empty (26,173 filings); its children carry the data and are mapped/handled separately. Add to ignore.csv.",high
UNMAPPED,/Return/ReturnData/IRS990PF/AnalysisIncomeProducingActyGrp/NetIncomeLossFromSpecialEvtGrp,"",PF-P16-T00-INCOME-PRODUCING-ACTS,ignore,"","","","","","","","group container with no value of its own: the xpath is recorded as a leaf only when the element is present but empty (26,138 filings); its children carry the data and are mapped/handled separately. Add to ignore.csv.",high
UNMAPPED,/Return/ReturnData/IRS990PF/AnalysisIncomeProducingActyGrp/OtherInvestmentIncomeGrp,"",PF-P16-T00-INCOME-PRODUCING-ACTS,ignore,"","","","","","","","group container with no value of its own: the xpath is recorded as a leaf only when the element is present but empty (25,811 filings); its children carry the data and are mapped/handled separately. Add to ignore.csv.",high
UNMAPPED,/Return/ReturnData/IRS990PF/AnalysisIncomeProducingActyGrp/MembershipDuesAndAssmntGrp,"",PF-P16-T00-INCOME-PRODUCING-ACTS,ignore,"","","","","","","","group container with no value of its own: the xpath is recorded as a leaf only when the element is present but empty (25,051 filings); its children carry the data and are mapped/handled separately. Add to ignore.csv.",high
UNMAPPED,/Return/ReturnData/IRS990PF/AnalysisIncomeProducingActyGrp/FeesContractsFromGovtAgGrp,"",PF-P16-T00-INCOME-PRODUCING-ACTS,ignore,"","","","","","","","group container with no value of its own: the xpath is recorded as a leaf only when the element is present but empty (25,048 filings); its children carry the data and are mapped/handled separately. Add to ignore.csv.",high
UNMAPPED,/Return/ReturnData/IRS990PF/AnalysisIncomeProducingActyGrp/NetRntlIncmReDebtFincdPropGrp,"",PF-P16-T00-INCOME-PRODUCING-ACTS,ignore,"","","","","","","","group container with no value of its own: the xpath is recorded as a leaf only when the element is present but empty (25,040 filings); its children carry the data and are mapped/handled separately. Add to ignore.csv.",high
UNMAPPED,/Return/ReturnData/IRS990PF/AnalysisIncomeProducingActyGrp/NetRntlIncmReNotDebtFincdProp,"",PF-P16-T00-INCOME-PRODUCING-ACTS,ignore,"","","","","","","","group container with no value of its own: the xpath is recorded as a leaf only when the element is present but empty (24,771 filings); its children carry the data and are mapped/handled separately. Add to ignore.csv.",high
UNMAPPED,/Return/ReturnData/IRS990ScheduleB/ContributorInformationGrp/PersonContributionInd,"",SB-P01-T01-CONTRIBUTORS,new_variable,"",SB_01_CONTRIBUTOR_TYPE_PERSON_X,SB-P01-T01-CONTRIBUTORS,"",checkbox,Type of contribution: person,Part I Column (d),"No existing SB variable holds this field. Note existing SB_01_CONTRIBUTOR_TYPE actually holds ContributorNum (contributor number), not the type; suggest renaming it SB_01_CONTRIBUTOR_NUM. 990-PF Schedule B is public and unredacted (990/990-EZ copies are redacted), so the contributor detail is usable here. Evidence: 24,485 filings TY2023, max 803/filing.",high
UNMAPPED,/Return/ReturnData/IRS990PF/SummaryOfDirectChrtblActyGrp,"",PF-P00-T00-HEADER,ignore,"","","","","","","","group container with no value of its own: the xpath is recorded as a leaf only when the element is present but empty (22,693 filings); its children carry the data and are mapped/handled separately. Add to ignore.csv.",high
UNMAPPED,/Return/ReturnData/IRS990PF/AnalysisIncomeProducingActyGrp/IntOnSavAndTempCashInvstGrp,"",PF-P16-T00-INCOME-PRODUCING-ACTS,ignore,"","","","","","","","group container with no value of its own: the xpath is recorded as a leaf only when the element is present but empty (20,604 filings); its children carry the data and are mapped/handled separately. Add to ignore.csv.",high
UNMAPPED,/Return/ReturnData/IRS990PF/RlnOfActyToAccomOfExmptPrpsGrp,"",PF-P00-T00-HEADER,ignore,"","","","","","","","group container with no value of its own: the xpath is recorded as a leaf only when the element is present but empty (19,235 filings); its children carry the data and are mapped/handled separately. Add to ignore.csv.",high
UNMAPPED,/Return/ReturnData/IRS990ScheduleB/ContributorInformationGrp/ContributorPersonNm,"",SB-P01-T01-CONTRIBUTORS,new_variable,"",SB_01_CONTRIBUTOR_NAME_PERS,SB-P01-T01-CONTRIBUTORS,"",text,Contributor name - individual,Part I Column (b),"No existing SB variable holds this field. 990-PF Schedule B is public and unredacted (990/990-EZ copies are redacted), so the contributor detail is usable here. Evidence: 19,201 filings TY2023, max 510/filing.",high
UNMAPPED,/Return/ReturnHeader/AdditionalFilerInformation/TrustedCustomerGrp,"","",ignore,"","","","","","","","ReturnHeader group container with no value of its own: the xpath is recorded as a leaf only when the element is present but empty (15,965 filings); its children carry the data and are mapped/handled separately. Add to ignore.csv.",high
UNMAPPED,/Return/ReturnData/IRS990PF/AnalysisIncomeProducingActyGrp/DividendsAndInterestFromSecDtl/RelatedOrExemptFunctionIncmAmt,"","",add_to_variable,PF_16_REV_DIVIDEND_SEC_RLTD,"","","","","",Part XV-A Line 4 Column (E),"2023 redesign renamed DivAndIntFromSecPartVIIGrp to DividendsAndInterestFromSecDtl (old Part XVI-A is now Part XV-A); same column. Evidence: 12,546 filings TY2023, max 1/filing.",high
UNMAPPED,/Return/ReturnData/IRS990PF/AnalysisIncomeProducingActyGrp/OtherInvestmentIncomeGrp/ExclusionAmt,"","",add_to_variable,PF_16_REV_OTH_INVEST_EXCL_AMT,"","","","","",Part XV-A Line 7 Column (D),"2023 redesign renamed OtherInvestmentIncmPartVIIGrp to OtherInvestmentIncomeGrp (old Part XVI-A is now Part XV-A); same column. Evidence: 11,895 filings TY2023, max 1/filing.",high
UNMAPPED,/Return/ReturnData/IRS990ScheduleB/ContributorInformationGrp/ContributorBusinessName/BusinessNameLine1Txt,"",SB-P01-T01-CONTRIBUTORS,add_to_variable,SB_01_CONTRIBUTOR_NAME_L1,"","","","","",Part I Column (b),"Current (2013+) element name for a field whose 2009-2012 name (City/State/ZIPCode/AddressLine1/BusinessNameLine1) is already mapped to this variable. 990-PF Schedule B is public and unredacted (990/990-EZ copies are redacted), so the contributor detail is usable here. Evidence: 10,324 filings TY2023, max 804/filing.",high
UNMAPPED,/Return/ReturnData/IRS990PF/AnalysisIncomeProducingActyGrp/OtherInvestmentIncomeGrp/ExclusionCd,"","",add_to_variable,PF_16_REV_OTH_INVEST_EXCL_CODE,"","","","","",Part XV-A Line 7 Column (C),"2023 redesign renamed OtherInvestmentIncmPartVIIGrp to OtherInvestmentIncomeGrp (old Part XVI-A is now Part XV-A); same column. Evidence: 7,653 filings TY2023, max 1/filing.",high
UNMAPPED,/Return/ReturnData/IRS990PF/AnalysisIncomeProducingActyGrp/ProgramServiceRevenueDtl/RelatedOrExemptFunctionIncmAmt,"","",add_to_variable,PF_16_REV_PROG_RLTD,"","","","","",Part XV-A Line 1 Column (E),"2023 redesign renamed ProgramServiceRevPartVIIGrp to ProgramServiceRevenueDtl (old Part XVI-A is now Part XV-A); same column. Evidence: 7,339 filings TY2023, max 20/filing. Repeating (maxOccurs 20) like the old group, so it stays in PF-P16-T01 (MANY).",high
UNMAPPED,/Return/ReturnData/IRS990PF/AnalysisIncomeProducingActyGrp/DividendsAndInterestFromSecDtl/UnrelatedBusinessTaxblIncmAmt,"","",add_to_variable,PF_16_REV_DIVIDEND_SEC_UBIZ_AMT,"","","","","",Part XV-A Line 4 Column (B),"2023 redesign renamed DivAndIntFromSecPartVIIGrp to DividendsAndInterestFromSecDtl (old Part XVI-A is now Part XV-A); same column. Evidence: 6,635 filings TY2023, max 1/filing.",high
UNMAPPED,/Return/ReturnData/IRS990ScheduleB/ContributorInformationGrp/NoncashContributionInd,"",SB-P01-T01-CONTRIBUTORS,new_variable,"",SB_01_CONTRIBUTOR_TYPE_NONCASH_X,SB-P01-T01-CONTRIBUTORS,"",checkbox,Type of contribution: noncash (complete Part II),Part I Column (d),"No existing SB variable holds this field. Note existing SB_01_CONTRIBUTOR_TYPE actually holds ContributorNum (contributor number), not the type; suggest renaming it SB_01_CONTRIBUTOR_NUM. 990-PF Schedule B is public and unredacted (990/990-EZ copies are redacted), so the contributor detail is usable here. Evidence: 6,489 filings TY2023, max 430/filing.",high
UNMAPPED,/Return/ReturnData/IRS990ScheduleB/NonCashPropertyContributionGrp/ContributorNum,"","",new_variable,"",SB_02_NONCASH_CONTRIBUTOR_NUM,SB-P02-T01-NONCASH-PROPERTY,MANY,text,Noncash property: contributor number from Part I,Part II Column (a),"Proposes new table SB-P02-T01-NONCASH-PROPERTY (MANY); needs new part SB-P02. No existing SB variable holds this field. Identifier (links to Part I contributor number), typed text per the identifier rule. 990-PF Schedule B is public and unredacted (990/990-EZ copies are redacted), so the contributor detail is usable here. Evidence: 6,370 filings TY2023, max 744/filing.",high
UNMAPPED,/Return/ReturnData/IRS990ScheduleB/NonCashPropertyContributionGrp/FairMarketValueAmt,"","",new_variable,"",SB_02_NONCASH_PROP_FMV,SB-P02-T01-NONCASH-PROPERTY,MANY,numeric,FMV (or estimate) of noncash property,Part II Column (c),"Proposes new table SB-P02-T01-NONCASH-PROPERTY (MANY); needs new part SB-P02. No existing SB variable holds this field. 990-PF Schedule B is public and unredacted (990/990-EZ copies are redacted), so the contributor detail is usable here. Evidence: 6,370 filings TY2023, max 744/filing.",high
UNMAPPED,/Return/ReturnData/IRS990ScheduleB/NonCashPropertyContributionGrp/NoncashPropertyDesc,"","",new_variable,"",SB_02_NONCASH_PROP_DESC,SB-P02-T01-NONCASH-PROPERTY,MANY,text,Description of noncash property given,Part II Column (b),"Proposes new table SB-P02-T01-NONCASH-PROPERTY (MANY); needs new part SB-P02. No existing SB variable holds this field. 990-PF Schedule B is public and unredacted (990/990-EZ copies are redacted), so the contributor detail is usable here. Evidence: 6,370 filings TY2023, max 744/filing.",high
UNMAPPED,/Return/ReturnData/IRS990PF/AnalysisIncomeProducingActyGrp/OtherInvestmentIncomeGrp/RelatedOrExemptFunctionIncmAmt,"","",add_to_variable,PF_16_REV_OTH_INVEST_RLTD,"","","","","",Part XV-A Line 7 Column (E),"2023 redesign renamed OtherInvestmentIncmPartVIIGrp to OtherInvestmentIncomeGrp (old Part XVI-A is now Part XV-A); same column. Evidence: 6,260 filings TY2023, max 1/filing.",high
UNMAPPED,/Return/ReturnData/IRS990PF/CapGainsLossTxInvstIncmDetail,"",PF-P00-T00-HEADER,ignore,"","","","","","","","group container with no value of its own: the xpath is recorded as a leaf only when the element is present but empty (6,090 filings); its children carry the data and are mapped/handled separately. Add to ignore.csv.",high
UNMAPPED,/Return/ReturnData/IRS990ScheduleB/NonCashPropertyContributionGrp/ReceivedDt,"","",new_variable,"",SB_02_NONCASH_DATE_RECEIVED,SB-P02-T01-NONCASH-PROPERTY,MANY,date,Date noncash property received,Part II Column (d),"Proposes new table SB-P02-T01-NONCASH-PROPERTY (MANY); needs new part SB-P02. No existing SB variable holds this field. 990-PF Schedule B is public and unredacted (990/990-EZ copies are redacted), so the contributor detail is usable here. Evidence: 5,960 filings TY2023, max 744/filing.",high
UNMAPPED,/Return/ReturnData/IRS990PF/AnalysisIncomeProducingActyGrp/OtherInvestmentIncomeGrp/UnrelatedBusinessTaxblIncmAmt,"","",add_to_variable,PF_16_REV_OTH_INVEST_UBIZ_AMT,"","","","","",Part XV-A Line 7 Column (B),"2023 redesign renamed OtherInvestmentIncmPartVIIGrp to OtherInvestmentIncomeGrp (old Part XVI-A is now Part XV-A); same column. Evidence: 5,634 filings TY2023, max 1/filing.",high
UNMAPPED,/Return/ReturnData/IRS990PF/AnalysisIncomeProducingActyGrp/ProgramServiceRevenueDtl/ExclusionAmt,"","",add_to_variable,PF_16_REV_PROG_EXCL_AMT,"","","","","",Part XV-A Line 1 Column (D),"2023 redesign renamed ProgramServiceRevPartVIIGrp to ProgramServiceRevenueDtl (old Part XVI-A is now Part XV-A); same column. Evidence: 5,426 filings TY2023, max 7/filing. Repeating (maxOccurs 20) like the old group, so it stays in PF-P16-T01 (MANY).",high
UNMAPPED,/Return/ReturnData/IRS990PF/PrivateOperatingFoundationsGrp,"",PF-P00-T00-HEADER,ignore,"","","","","","","","group container with no value of its own: the xpath is recorded as a leaf only when the element is present but empty (5,348 filings); its children carry the data and are mapped/handled separately. Add to ignore.csv.",high
UNMAPPED,/Return/ReturnData/DepreciationSchedule,"","",ignore,"","","","","","","","attachment wrapper with no value of its own: the xpath is recorded as a leaf only when the element is present but empty (5,302 filings); its children carry the data and are mapped/handled separately. Add to ignore.csv.",high
UNMAPPED,/Return/ReturnData/IRS990PF/AnalysisIncomeProducingActyGrp/ProgramServiceRevenueDtl/UnrelatedBusinessTaxblIncmAmt,"","",add_to_variable,PF_16_REV_PROG_UBIZ_AMT,"","","","","",Part XV-A Line 1 Column (B),"2023 redesign renamed ProgramServiceRevPartVIIGrp to ProgramServiceRevenueDtl (old Part XVI-A is now Part XV-A); same column. Evidence: 5,243 filings TY2023, max 8/filing. Repeating (maxOccurs 20) like the old group, so it stays in PF-P16-T01 (MANY).",high
UNMAPPED,/Return/ReturnData/IRS990PF/AnalysisIncomeProducingActyGrp/ProgramServiceRevenueDtl/Desc,"","",add_to_variable,PF_16_REV_PROG_DESC,"","","","","",Part XV-A Line 1,"2023 redesign renamed ProgramServiceRevPartVIIGrp to ProgramServiceRevenueDtl (old Part XVI-A is now Part XV-A); same column. Evidence: 4,247 filings TY2023, max 20/filing. Repeating (maxOccurs 20) like the old group, so it stays in PF-P16-T01 (MANY).",high
UNMAPPED,/Return/ReturnData/IRS990PF/Form990PFBalanceSheetsGrp/DonorRstrNetAssetsBOYAmt,"",PF-P02-T00-BALANCE-SHEET,new_variable,"",PF_02_NAFB_RESTRICT_BOY_BV,PF-P02-T00-BALANCE-SHEET,"",numeric,Net assets with donor restrictions - beginning of year - book value,Part II Line 25(a),"ASU 2016-14 line 25 combines the old temporarily (25) and permanently (26) restricted lines, so it is not the same as either; 990 precedent created F9_10_NAFB_RESTRICT_BOY/EOY for DonorRestrictionNetAssetsGrp. Evidence: 3,846 filings TY2023, max 1/filing.",medium
UNMAPPED,/Return/ReturnData/IRS990PF/Form990PFBalanceSheetsGrp/DonorRstrNetAssetsEOYAmt,"",PF-P02-T00-BALANCE-SHEET,new_variable,"",PF_02_NAFB_RESTRICT_EOY_BV,PF-P02-T00-BALANCE-SHEET,"",numeric,Net assets with donor restrictions - end of year - book value,Part II Line 25(b),"ASU 2016-14 line 25 combines the old temporarily (25) and permanently (26) restricted lines; 990 precedent created F9_10_NAFB_RESTRICT_BOY/EOY. Evidence: 3,639 filings TY2023, max 1/filing.",medium
UNMAPPED,/Return/ReturnData/IRS990PF/AnalysisIncomeProducingActyGrp/GainSalesAstOthThanInvntryGrp,"",PF-P16-T00-INCOME-PRODUCING-ACTS,ignore,"","","","","","","","group container with no value of its own: the xpath is recorded as a leaf only when the element is present but empty (3,060 filings); its children carry the data and are mapped/handled separately. Add to ignore.csv.",high
UNMAPPED,/Return/ReturnData/IRS990PF/AnalysisIncomeProducingActyGrp/DividendsAndInterestFromSecDtl/BusinessCd,"","",add_to_variable,PF_16_REV_DIVIDEND_SEC_UBIZ_CODE,"","","","","",Part XV-A Line 4 Column (A),"2023 redesign renamed DivAndIntFromSecPartVIIGrp to DividendsAndInterestFromSecDtl (old Part XVI-A is now Part XV-A); same column. Evidence: 1,406 filings TY2023, max 1/filing.",high
UNMAPPED,/Return/ReturnData/IRS990PF/AnalysisIncomeProducingActyGrp/DividendsAndInterestFromSecDtl,"",PF-P16-T00-INCOME-PRODUCING-ACTS,ignore,"","","","","","","","group container with no value of its own: the xpath is recorded as a leaf only when the element is present but empty (1,332 filings); its children carry the data and are mapped/handled separately. Add to ignore.csv.",high
UNMAPPED,/Return/ReturnData/IRS990PF/AnalysisIncomeProducingActyGrp/OtherInvestmentIncomeGrp/BusinessCd,"","",add_to_variable,PF_16_REV_OTH_INVEST_UBIZ_CODE,"","","","","",Part XV-A Line 7 Column (A),"2023 redesign renamed OtherInvestmentIncmPartVIIGrp to OtherInvestmentIncomeGrp (old Part XVI-A is now Part XV-A); same column. Evidence: 755 filings TY2023, max 1/filing.",high
UNMAPPED,/Return/ReturnData/IRS990PF/ApplicationPendingInd,"",PF-P00-T00-HEADER,new_variable,"",PF_00_EXEMPT_APP_PENDING_X,PF-P00-T00-HEADER,"",checkbox,Exemption application is pending,Heading Item C,"Heading checkbox C; never mapped in any version. Evidence: 743 filings TY2023, max 1/filing.",high
UNMAPPED,/Return/ReturnData/IRS990PF/NameChangeInd,"",PF-P00-T00-HEADER,new_variable,"",PF_00_FORM_NAME_CHANGE_X,PF-P00-T00-HEADER,"",checkbox,Name change,Heading Item G,"Heading checkbox G (name change); siblings PF_00_FORM_ADDR_CHANGE_X etc. are mapped, this one never was. Evidence: 731 filings TY2023, max 1/filing.",high
UNMAPPED,/Return/ReturnData/IRS990PF/AnalysisIncomeProducingActyGrp/ProgramServiceRevenueDtl/ExclusionCd,"","",add_to_variable,PF_16_REV_PROG_EXCL_CODE,"","","","","",Part XV-A Line 1 Column (C),"2023 redesign renamed ProgramServiceRevPartVIIGrp to ProgramServiceRevenueDtl (old Part XVI-A is now Part XV-A); same column. Evidence: 715 filings TY2023, max 11/filing. Repeating (maxOccurs 20) like the old group, so it stays in PF-P16-T01 (MANY).",high
UNMAPPED,/Return/ReturnData/IRS990ScheduleB/ContributorInformationGrp/ContributorUSAddress/AddressLine2Txt,"",SB-P01-T01-CONTRIBUTORS,add_to_variable,SB_01_CONTRIBUTOR_ADDR_L2,"","","","","",Part I Column (b),"Current (2013+) element name for a field whose 2009-2012 name (City/State/ZIPCode/AddressLine1/BusinessNameLine1) is already mapped to this variable. 990-PF Schedule B is public and unredacted (990/990-EZ copies are redacted), so the contributor detail is usable here. Evidence: 637 filings TY2023, max 22/filing.",high
UNMAPPED,/Return/ReturnData/IRS990PF/AnalysisIncomeProducingActyGrp/ProgramServiceRevenueDtl/BusinessCd,"","",add_to_variable,PF_16_REV_PROG_UBIZ_CODE,"","","","","",Part XV-A Line 1 Column (A),"2023 redesign renamed ProgramServiceRevPartVIIGrp to ProgramServiceRevenueDtl (old Part XVI-A is now Part XV-A); same column. Evidence: 565 filings TY2023, max 8/filing. Repeating (maxOccurs 20) like the old group, so it stays in PF-P16-T01 (MANY).",high
UNMAPPED,/Return/ReturnData/IRS990PF/AnalysisIncomeProducingActyGrp/SubtotalsIncmProducingActyGrp,"",PF-P16-T00-INCOME-PRODUCING-ACTS,ignore,"","","","","","","",group container with no value of its own: the xpath is recorded as a leaf only when the element is present but empty (558 filings); its children carry the data and are mapped/handled separately. Add to ignore.csv.,high
UNMAPPED,/Return/ReturnData/IRS990ScheduleB/ContributorInformationGrp/ContributorForeignAddress/AddressLine1Txt,"","",add_to_variable,SB_01_CONTRIBUTOR_ADDR_L1,"","","","","",Part I Column (b),"Foreign-address element joins the same address variable, following the PF convention (e.g. PF_15_G_PAID_RECIP_ADDR_* carry both US and foreign elements). 990-PF Schedule B is public and unredacted (990/990-EZ copies are redacted), so the contributor detail is usable here. Evidence: 500 filings TY2023, max 170/filing.",high
UNMAPPED,/Return/ReturnData/IRS990ScheduleB/ContributorInformationGrp/ContributorForeignAddress/CountryCd,"","",new_variable,"",SB_01_CONTRIBUTOR_ADDR_CNTR,SB-P01-T01-CONTRIBUTORS,"",text,Contributor address - country,Part I Column (b),"No existing SB variable holds this field. 990-PF Schedule B is public and unredacted (990/990-EZ copies are redacted), so the contributor detail is usable here. Evidence: 500 filings TY2023, max 170/filing.",high
UNMAPPED,/Return/ReturnData/IRS990ScheduleB/ContributorInformationGrp/ContributorForeignAddress/CityNm,"","",add_to_variable,SB_01_CONTRIBUTOR_ADDR_CITY,"","","","","",Part I Column (b),"Foreign-address element joins the same address variable, following the PF convention (e.g. PF_15_G_PAID_RECIP_ADDR_* carry both US and foreign elements). 990-PF Schedule B is public and unredacted (990/990-EZ copies are redacted), so the contributor detail is usable here. Evidence: 460 filings TY2023, max 170/filing.",high
UNMAPPED,/Return/ReturnData/IRS990ScheduleB/ContributorInformationGrp/ContributorForeignAddress/ForeignPostalCd,"","",add_to_variable,SB_01_CONTRIBUTOR_ADDR_ZIP,"","","","","",Part I Column (b),"Foreign-address element joins the same address variable, following the PF convention (e.g. PF_15_G_PAID_RECIP_ADDR_* carry both US and foreign elements). 990-PF Schedule B is public and unredacted (990/990-EZ copies are redacted), so the contributor detail is usable here. Evidence: 335 filings TY2023, max 169/filing.",high
UNMAPPED,/Return/ReturnData/IRS990PF/PF60MonthTermSect507b1BInd,"",PF-P00-T00-HEADER,new_variable,"",PF_00_PF_STAT_TERMIN_507B1B_X,PF-P00-T00-HEADER,"",checkbox,Foundation is in a 60-month termination under section 507(b)(1)(B),Heading Item F,"Heading checkbox F; companion of PF_00_PF_STAT_TERMIN_507B1A_X (item E). Evidence: 314 filings TY2023, max 1/filing.",high
UNMAPPED,/Return/ReturnData/TaxesSchedule,"","",ignore,"","","","","","","",attachment wrapper with no value of its own: the xpath is recorded as a leaf only when the element is present but empty (295 filings); its children carry the data and are mapped/handled separately. Add to ignore.csv.,high
UNMAPPED,/Return/ReturnData/IRS990ScheduleB/ContributorInformationGrp/ContributorForeignAddress/ProvinceOrStateNm,"","",add_to_variable,SB_01_CONTRIBUTOR_ADDR_STATE,"","","","","",Part I Column (b),"Foreign-address element joins the same address variable, following the PF convention (e.g. PF_15_G_PAID_RECIP_ADDR_* carry both US and foreign elements). 990-PF Schedule B is public and unredacted (990/990-EZ copies are redacted), so the contributor detail is usable here. Evidence: 274 filings TY2023, max 169/filing.",high
UNMAPPED,/Return/ReturnData/LegalFeesSchedule,"","",ignore,"","","","","","","",attachment wrapper with no value of its own: the xpath is recorded as a leaf only when the element is present but empty (249 filings); its children carry the data and are mapped/handled separately. Add to ignore.csv.,high
UNMAPPED,/Return/ReturnData/OtherProfessionalFeesSchedule,"","",ignore,"","","","","","","",attachment wrapper with no value of its own: the xpath is recorded as a leaf only when the element is present but empty (243 filings); its children carry the data and are mapped/handled separately. Add to ignore.csv.,high
UNMAPPED,/Return/ReturnData/IRS990ScheduleB/ContributorInformationGrp/PayrollContributionInd,"",SB-P01-T01-CONTRIBUTORS,new_variable,"",SB_01_CONTRIBUTOR_TYPE_PAYROLL_X,SB-P01-T01-CONTRIBUTORS,"",checkbox,Type of contribution: payroll,Part I Column (d),"No existing SB variable holds this field. Note existing SB_01_CONTRIBUTOR_TYPE actually holds ContributorNum (contributor number), not the type; suggest renaming it SB_01_CONTRIBUTOR_NUM. 990-PF Schedule B is public and unredacted (990/990-EZ copies are redacted), so the contributor detail is usable here. Evidence: 215 filings TY2023, max 21/filing.",high
UNMAPPED,/Return/ReturnData/AccountingFeesSchedule,"","",ignore,"","","","","","","",attachment wrapper with no value of its own: the xpath is recorded as a leaf only when the element is present but empty (212 filings); its children carry the data and are mapped/handled separately. Add to ignore.csv.,high
UNMAPPED,/Return/ReturnData/IRS990PF/PrivateOperatingFoundationsGrp/QualifyingDistriNotUsedDrtGrp,"",PF-P14-T00-PRIVATE-OPERATING-FOUNDATIONS,ignore,"","","","","","","",group container with no value of its own: the xpath is recorded as a leaf only when the element is present but empty (197 filings); its children carry the data and are mapped/handled separately. Add to ignore.csv.,high
UNMAPPED,/Return/ReturnData/IRS990PF/SupplementaryInformationGrp,"",PF-P00-T00-HEADER,ignore,"","","","","","","",group container with no value of its own: the xpath is recorded as a leaf only when the element is present but empty (159 filings); its children carry the data and are mapped/handled separately. Add to ignore.csv.,high
UNMAPPED,/Return/ReturnData/ExplnOfNonFilingWithAGStmt,"","",ignore,"","","","","","","",attachment wrapper with no value of its own: the xpath is recorded as a leaf only when the element is present but empty (129 filings); its children carry the data and are mapped/handled separately. Add to ignore.csv.,high
UNMAPPED,/Return/ReturnData/IRS990PF/AnalysisIncomeProducingActyGrp,"",PF-P00-T00-HEADER,ignore,"","","","","","","",group container with no value of its own: the xpath is recorded as a leaf only when the element is present but empty (125 filings); its children carry the data and are mapped/handled separately. Add to ignore.csv.,high
UNMAPPED,/Return/ReturnData/IRS990ScheduleB/ContributorInformationGrp/ContributorBusinessName/BusinessNameLine2Txt,"",SB-P01-T01-CONTRIBUTORS,new_variable,"",SB_01_CONTRIBUTOR_NAME_L2,SB-P01-T01-CONTRIBUTORS,"",text,"Contributor name - business, line 2",Part I Column (b),"No existing SB variable holds this field. 990-PF Schedule B is public and unredacted (990/990-EZ copies are redacted), so the contributor detail is usable here. Evidence: 122 filings TY2023, max 7/filing.",high
UNMAPPED,/Return/ReturnData/IRS990PF/PrivateOperatingFoundationsGrp/TwoThirdsMinimumInvstRetGrp,"",PF-P14-T00-PRIVATE-OPERATING-FOUNDATIONS,ignore,"","","","","","","",group container with no value of its own: the xpath is recorded as a leaf only when the element is present but empty (108 filings); its children carry the data and are mapped/handled separately. Add to ignore.csv.,high
UNMAPPED,/Return/ReturnData/IRS990ScheduleB/Organization4947a1TrtdPFInd,"","",new_variable,"",SB_00_ORG_TYPE_4947A1_PF_X,SB-P00-T00-HEADER,ONE,checkbox,Organization type: 4947(a)(1) nonexempt charitable trust treated as a private foundation,Heading - Organization type (990-PF filers),"Proposes new table SB-P00-T00-HEADER (ONE); needs new part SB-P00. No existing SB variable holds this field. Header checkboxes are filed on 990/990-EZ Schedule B too, so the variable serves all forms. 990-PF Schedule B is public and unredacted (990/990-EZ copies are redacted), so the contributor detail is usable here. Evidence: 107 filings TY2023, max 1/filing.",high
UNMAPPED,/Return/ReturnData/IRS990PF/UndistributedIncomeGrp,"",PF-P00-T00-HEADER,ignore,"","","","","","","",group container with no value of its own: the xpath is recorded as a leaf only when the element is present but empty (100 filings); its children carry the data and are mapped/handled separately. Add to ignore.csv.,high
UNMAPPED,/Return/ReturnData/IRS990PF/ForeignOrgMeeting85PctTestInd,"",PF-P00-T00-HEADER,new_variable,"",PF_00_FRGN_ORG_85PCT_TEST_X,PF-P00-T00-HEADER,"",checkbox,Foreign organization meeting the 85% test,Heading Item D2,"Heading checkbox D2; never mapped. Evidence: 94 filings TY2023, max 1/filing.",high
UNMAPPED,/Return/ReturnData/InvestmentsGovtObligationsSch,"","",ignore,"","","","","","","",attachment wrapper with no value of its own: the xpath is recorded as a leaf only when the element is present but empty (88 filings); its children carry the data and are mapped/handled separately. Add to ignore.csv.,high
UNMAPPED,/Return/ReturnData/IRS990ScheduleB/CharitableContributionsDetail/ContributorNum,"","",new_variable,"",SB_03_CONTRIBUTOR_NUM,SB-P03-T01-EXCLUSIVELY-RELIGIOUS,MANY,text,Exclusively religious etc. gift: contributor number from Part I,Part III Column (a),"Proposes new table SB-P03-T01-EXCLUSIVELY-RELIGIOUS (MANY); needs new part SB-P03. No existing SB variable holds this field. Identifier (links to Part I contributor number), typed text per the identifier rule. 990-PF Schedule B is public and unredacted (990/990-EZ copies are redacted), so the contributor detail is usable here. Evidence: 86 filings TY2023, max 22/filing.",high
UNMAPPED,/Return/ReturnData/IRS990ScheduleB/CharitableContributionsDetail/GiftPurposeTxt,"","",new_variable,"",SB_03_GIFT_PURPOSE,SB-P03-T01-EXCLUSIVELY-RELIGIOUS,MANY,text,Purpose of gift,Part III Column (b),"Proposes new table SB-P03-T01-EXCLUSIVELY-RELIGIOUS (MANY); needs new part SB-P03. No existing SB variable holds this field. 990-PF Schedule B is public and unredacted (990/990-EZ copies are redacted), so the contributor detail is usable here. Evidence: 86 filings TY2023, max 22/filing.",high
UNMAPPED,/Return/ReturnData/IRS990ScheduleB/CharitableContributionsDetail/GiftUseTxt,"","",new_variable,"",SB_03_GIFT_USE,SB-P03-T01-EXCLUSIVELY-RELIGIOUS,MANY,text,Use of gift,Part III Column (c),"Proposes new table SB-P03-T01-EXCLUSIVELY-RELIGIOUS (MANY); needs new part SB-P03. No existing SB variable holds this field. 990-PF Schedule B is public and unredacted (990/990-EZ copies are redacted), so the contributor detail is usable here. Evidence: 86 filings TY2023, max 22/filing.",high
UNMAPPED,/Return/ReturnData/IRS990PF/ForeignOrganizationInd,"",PF-P00-T00-HEADER,new_variable,"",PF_00_FRGN_ORG_X,PF-P00-T00-HEADER,"",checkbox,Foreign organization,Heading Item D1,"Heading checkbox D1; never mapped. Evidence: 80 filings TY2023, max 1/filing.",high
UNMAPPED,/Return/ReturnData/InvestmentsOtherSchedule2,"","",ignore,"","","","","","","",attachment wrapper with no value of its own: the xpath is recorded as a leaf only when the element is present but empty (80 filings); its children carry the data and are mapped/handled separately. Add to ignore.csv.,high
UNMAPPED,/Return/ReturnData/SubstantialContributorsSch,"","",ignore,"","","","","","","",attachment wrapper with no value of its own: the xpath is recorded as a leaf only when the element is present but empty (77 filings); its children carry the data and are mapped/handled separately. Add to ignore.csv.,high
UNMAPPED,/Return/ReturnData/IRS990ScheduleB/CharitableContributionsDetail/HowGiftIsHeldDesc,"","",new_variable,"",SB_03_GIFT_HOW_HELD,SB-P03-T01-EXCLUSIVELY-RELIGIOUS,MANY,text,Description of how gift is held,Part III Column (d),"Proposes new table SB-P03-T01-EXCLUSIVELY-RELIGIOUS (MANY); needs new part SB-P03. No existing SB variable holds this field. 990-PF Schedule B is public and unredacted (990/990-EZ copies are redacted), so the contributor detail is usable here. Evidence: 66 filings TY2023, max 22/filing.",high
UNMAPPED,/Return/ReturnData/InvestmentsCorpBondsSchedule,"","",ignore,"","","","","","","",attachment wrapper with no value of its own: the xpath is recorded as a leaf only when the element is present but empty (64 filings); its children carry the data and are mapped/handled separately. Add to ignore.csv.,high
UNMAPPED,/Return/ReturnData/OtherAssetsSchedule,"","",ignore,"","","","","","","",attachment wrapper with no value of its own: the xpath is recorded as a leaf only when the element is present but empty (58 filings); its children carry the data and are mapped/handled separately. Add to ignore.csv.,high
UNMAPPED,/Return/ReturnData/InvestmentsCorpStockSchedule,"","",ignore,"","","","","","","",attachment wrapper with no value of its own: the xpath is recorded as a leaf only when the element is present but empty (54 filings); its children carry the data and are mapped/handled separately. Add to ignore.csv.,high
UNMAPPED,/Return/ReturnData/OtherLiabilitiesSchedule,"","",ignore,"","","","","","","",attachment wrapper with no value of its own: the xpath is recorded as a leaf only when the element is present but empty (49 filings); its children carry the data and are mapped/handled separately. Add to ignore.csv.,high
UNMAPPED,/Return/ReturnData/IRS990ScheduleB/Organization501cInd,"","",new_variable,"",SB_00_ORG_TYPE_501C_X,SB-P00-T00-HEADER,ONE,checkbox,Organization type: 501(c) organization (subsection in attribute organization501cTypeTxt),Heading - Organization type (990/990-EZ filers),"Proposes new table SB-P00-T00-HEADER (ONE); needs new part SB-P00. No existing SB variable holds this field. Header checkboxes are filed on 990/990-EZ Schedule B too, so the variable serves all forms. 990-PF Schedule B is public and unredacted (990/990-EZ copies are redacted), so the contributor detail is usable here. Evidence: 48 filings TY2023, max 1/filing.",medium
UNMAPPED,/Return/ReturnData/IRS990ScheduleB/CharitableContributionsDetail/TransfereeUSAddress/AddressLine1Txt,"","",new_variable,"",SB_03_TRANSFEREE_ADDR_L1,SB-P03-T01-EXCLUSIVELY-RELIGIOUS,MANY,text,Transferee address - line 1,Part III Column (e),"Transferee address column of Part III (exclusively religious/charitable gifts); US and foreign elements share one variable. Evidence: 46 filings TY2023, max 17/filing.",medium
UNMAPPED,/Return/ReturnData/IRS990ScheduleB/CharitableContributionsDetail/TransfereeUSAddress/CityNm,"","",new_variable,"",SB_03_TRANSFEREE_ADDR_CITY,SB-P03-T01-EXCLUSIVELY-RELIGIOUS,MANY,text,Transferee address - city,Part III Column (e),"Transferee address column of Part III (exclusively religious/charitable gifts); US and foreign elements share one variable. Evidence: 46 filings TY2023, max 17/filing.",medium
UNMAPPED,/Return/ReturnData/IRS990ScheduleB/CharitableContributionsDetail/TransfereeUSAddress/StateAbbreviationCd,"","",new_variable,"",SB_03_TRANSFEREE_ADDR_STATE,SB-P03-T01-EXCLUSIVELY-RELIGIOUS,MANY,text,Transferee address - state/province,Part III Column (e),"Transferee address column of Part III (exclusively religious/charitable gifts); US and foreign elements share one variable. Evidence: 46 filings TY2023, max 17/filing.",medium
UNMAPPED,/Return/ReturnData/IRS990ScheduleB/CharitableContributionsDetail/TransfereeUSAddress/ZIPCd,"","",new_variable,"",SB_03_TRANSFEREE_ADDR_ZIP,SB-P03-T01-EXCLUSIVELY-RELIGIOUS,MANY,text,Transferee address - ZIP/postal code,Part III Column (e),"Transferee address column of Part III (exclusively religious/charitable gifts); US and foreign elements share one variable. Evidence: 46 filings TY2023, max 17/filing.",medium
UNMAPPED,/Return/ReturnData/IRS990ScheduleB/Organization501c3TaxablePFInd,"","",new_variable,"",SB_00_ORG_TYPE_501C3_TAX_PF_X,SB-P00-T00-HEADER,ONE,checkbox,Organization type: 501(c)(3) taxable private foundation,Heading - Organization type (990-PF filers),"Proposes new table SB-P00-T00-HEADER (ONE); needs new part SB-P00. No existing SB variable holds this field. Header checkboxes are filed on 990/990-EZ Schedule B too, so the variable serves all forms. 990-PF Schedule B is public and unredacted (990/990-EZ copies are redacted), so the contributor detail is usable here. Evidence: 44 filings TY2023, max 1/filing.",medium
UNMAPPED,/Return/ReturnData/IRS990ScheduleB/CharitableContributionsDetail/RlnOfTransferorToTransfereeTxt,"","",new_variable,"",SB_03_TRANSFEREE_RELATIONSHIP,SB-P03-T01-EXCLUSIVELY-RELIGIOUS,MANY,text,Relationship of transferor to transferee,Part III Column (e),"Proposes new table SB-P03-T01-EXCLUSIVELY-RELIGIOUS (MANY); needs new part SB-P03. No existing SB variable holds this field. 990-PF Schedule B is public and unredacted (990/990-EZ copies are redacted), so the contributor detail is usable here. Evidence: 43 filings TY2023, max 22/filing.",medium
UNMAPPED,/Return/ReturnData/IRS990ScheduleB/CharitableContributionsDetail/TransfereeNameIndividual,"","",new_variable,"",SB_03_TRANSFEREE_NAME_PERS,SB-P03-T01-EXCLUSIVELY-RELIGIOUS,MANY,text,Transferee name - individual,Part III Column (e),"Proposes new table SB-P03-T01-EXCLUSIVELY-RELIGIOUS (MANY); needs new part SB-P03. No existing SB variable holds this field. 990-PF Schedule B is public and unredacted (990/990-EZ copies are redacted), so the contributor detail is usable here. Evidence: 35 filings TY2023, max 12/filing.",medium
UNMAPPED,/Return/ReturnData/IRS990PF/PrivateOperatingFoundationsGrp/LargestSupportFromEOGrp,"",PF-P14-T00-PRIVATE-OPERATING-FOUNDATIONS,ignore,"","","","","","","",group container with no value of its own: the xpath is recorded as a leaf only when the element is present but empty (33 filings); its children carry the data and are mapped/handled separately. Add to ignore.csv.,high
UNMAPPED,/Return/ReturnData/IRS990PF/PrivateOperatingFoundationsGrp/PublicSupportType,"",PF-P14-T00-PRIVATE-OPERATING-FOUNDATIONS,ignore,"","","","","","","",group container with no value of its own: the xpath is recorded as a leaf only when the element is present but empty (33 filings); its children carry the data and are mapped/handled separately. Add to ignore.csv.,high
UNMAPPED,/Return/ReturnData/IRS990PF/PrivateOperatingFoundationsGrp/TotalSupportGrp,"",PF-P14-T00-PRIVATE-OPERATING-FOUNDATIONS,ignore,"","","","","","","",group container with no value of its own: the xpath is recorded as a leaf only when the element is present but empty (33 filings); its children carry the data and are mapped/handled separately. Add to ignore.csv.,high
UNMAPPED,/Return/ReturnData/IRS990ScheduleB/ContributorInformationGrp/ContributorForeignAddress/AddressLine2Txt,"","",add_to_variable,SB_01_CONTRIBUTOR_ADDR_L2,"","","","","",Part I Column (b),"Foreign-address element joins the same address variable, following the PF convention (e.g. PF_15_G_PAID_RECIP_ADDR_* carry both US and foreign elements). 990-PF Schedule B is public and unredacted (990/990-EZ copies are redacted), so the contributor detail is usable here. Evidence: 31 filings TY2023, max 7/filing.",high
UNMAPPED,/Return/ReturnData/IRS990PF/PrivateOperatingFoundationsGrp/GrossInvestmentIncomeGrp,"",PF-P14-T00-PRIVATE-OPERATING-FOUNDATIONS,ignore,"","","","","","","",group container with no value of its own: the xpath is recorded as a leaf only when the element is present but empty (28 filings); its children carry the data and are mapped/handled separately. Add to ignore.csv.,high
UNMAPPED,/Return/ReturnData/IRS990PF/PrivateOperatingFoundationsGrp/TotalAssetsSect4942j3BiGrp,"",PF-P14-T00-PRIVATE-OPERATING-FOUNDATIONS,ignore,"","","","","","","",group container with no value of its own: the xpath is recorded as a leaf only when the element is present but empty (27 filings); its children carry the data and are mapped/handled separately. Add to ignore.csv.,high
UNMAPPED,/Return/ReturnData/IRS990PF/StatementsRegardingActy4720Grp,"",PF-P00-T00-HEADER,ignore,"","","","","","","",group container with no value of its own: the xpath is recorded as a leaf only when the element is present but empty (23 filings); its children carry the data and are mapped/handled separately. Add to ignore.csv.,high
UNMAPPED,/Return/ReturnData/LandEtcSchedule2,"","",ignore,"","","","","","","",attachment wrapper with no value of its own: the xpath is recorded as a leaf only when the element is present but empty (21 filings); its children carry the data and are mapped/handled separately. Add to ignore.csv.,high
UNMAPPED,/Return/ReturnData/IRS990PF/PrivateOperatingFoundationsGrp/TotalAssetsGrp,"",PF-P14-T00-PRIVATE-OPERATING-FOUNDATIONS,ignore,"","","","","","","",group container with no value of its own: the xpath is recorded as a leaf only when the element is present but empty (20 filings); its children carry the data and are mapped/handled separately. Add to ignore.csv.,high
UNMAPPED,/Return/ReturnData/SalesOfInventoryList,"","",ignore,"","","","","","","",attachment wrapper with no value of its own: the xpath is recorded as a leaf only when the element is present but empty (18 filings); its children carry the data and are mapped/handled separately. Add to ignore.csv.,high
UNMAPPED,/Return/ReturnData/IRS990ScheduleB/CharitableContributionsDetail/TransfereeNameBusiness/BusinessNameLine1Txt,"","",new_variable,"",SB_03_TRANSFEREE_NAME_ORG_L1,SB-P03-T01-EXCLUSIVELY-RELIGIOUS,MANY,text,"Transferee name - business, line 1",Part III Column (e),"Proposes new table SB-P03-T01-EXCLUSIVELY-RELIGIOUS (MANY); needs new part SB-P03. No existing SB variable holds this field. 990-PF Schedule B is public and unredacted (990/990-EZ copies are redacted), so the contributor detail is usable here. Evidence: 13 filings TY2023, max 17/filing.",medium
UNMAPPED,/Return/ReturnData/InvestmentsLandSchedule2,"","",ignore,"","","","","","","",attachment wrapper with no value of its own: the xpath is recorded as a leaf only when the element is present but empty (11 filings); its children carry the data and are mapped/handled separately. Add to ignore.csv.,high
UNMAPPED,/Return/ReturnData/OtherNotesLoansRcvblLongSch,"","",ignore,"","","","","","","",attachment wrapper with no value of its own: the xpath is recorded as a leaf only when the element is present but empty (11 filings); its children carry the data and are mapped/handled separately. Add to ignore.csv.,high
UNMAPPED,/Return/ReturnData/LoansFromOfficersSchedule,"","",ignore,"","","","","","","",attachment wrapper with no value of its own: the xpath is recorded as a leaf only when the element is present but empty (10 filings); its children carry the data and are mapped/handled separately. Add to ignore.csv.,high
UNMAPPED,/Return/ReturnData/OtherReceivablesOfficersSch,"","",ignore,"","","","","","","",attachment wrapper with no value of its own: the xpath is recorded as a leaf only when the element is present but empty (9 filings); its children carry the data and are mapped/handled separately. Add to ignore.csv.,high
UNMAPPED,/Return/ReturnData/IRS990ScheduleB/TotalUnder1000ContributionsAmt,"","",new_variable,"",SB_03_CONTR_UNDER_1000_TOT,SB-P03-T00-EXCLUSIVELY-RELIGIOUS,ONE,numeric,"Total of exclusively religious, charitable, etc. contributions of $1,000 or less",Part III (heading total),"Proposes new table SB-P03-T00-EXCLUSIVELY-RELIGIOUS (ONE); needs new part SB-P03. No existing SB variable holds this field. 990-PF Schedule B is public and unredacted (990/990-EZ copies are redacted), so the contributor detail is usable here. Evidence: 7 filings TY2023, max 1/filing.",medium
UNMAPPED,/Return/ReturnData/MortgagesAndNotesPayableSch,"","",ignore,"","","","","","","",attachment wrapper with no value of its own: the xpath is recorded as a leaf only when the element is present but empty (7 filings); its children carry the data and are mapped/handled separately. Add to ignore.csv.,high
UNMAPPED,/Return/ReturnData/DistributionFromCorpusElection,"","",ignore,"","","","","","","",attachment wrapper with no value of its own: the xpath is recorded as a leaf only when the element is present but empty (6 filings); its children carry the data and are mapped/handled separately. Add to ignore.csv.,high
UNMAPPED,/Return/ReturnData/GainLossSaleOtherAssetsSch,"","",ignore,"","","","","","","",attachment wrapper with no value of its own: the xpath is recorded as a leaf only when the element is present but empty (6 filings); its children carry the data and are mapped/handled separately. Add to ignore.csv.,high
UNMAPPED,/Return/ReturnData/GeneralExplanationAttachment,"","",ignore,"","","","","","","",attachment wrapper with no value of its own: the xpath is recorded as a leaf only when the element is present but empty (6 filings); its children carry the data and are mapped/handled separately. Add to ignore.csv.,high
UNMAPPED,/Return/ReturnData/IRS990ScheduleB/ContributorInformationGrp/Paid527j1Ind,"",SB-P01-T01-CONTRIBUTORS,new_variable,"",SB_01_CONTRIBUTOR_PAID_527J1_X,SB-P01-T01-CONTRIBUTORS,"",checkbox,Contributor pd. 527(j)(1) (527 orgs only),Part I Column (b),"No existing SB variable holds this field. 990-PF Schedule B is public and unredacted (990/990-EZ copies are redacted), so the contributor detail is usable here. Evidence: 6 filings TY2023, max 1/filing.",medium
UNMAPPED,/Return/ReturnData/BorrowedFundsElection/BorrowedFundsGrp,"","",ignore,"","","","","","","",attachment wrapper with no value of its own: the xpath is recorded as a leaf only when the element is present but empty (5 filings); its children carry the data and are mapped/handled separately. Add to ignore.csv.,high
UNMAPPED,/Return/ReturnData/AmortizationSchedule,"","",ignore,"","","","","","","",attachment wrapper with no value of its own: the xpath is recorded as a leaf only when the element is present but empty (4 filings); its children carry the data and are mapped/handled separately. Add to ignore.csv.,high
UNMAPPED,/Return/ReturnData/IRS990PF/SupplementaryInformationGrp/GrantOrContriApprvForFutGrp,"",PF-P15-T00-SUPPLEMENTARY-INFO,ignore,"","","","","","","",group container with no value of its own: the xpath is recorded as a leaf only when the element is present but empty (4 filings); its children carry the data and are mapped/handled separately. Add to ignore.csv.,high
UNMAPPED,/Return/ReturnData/IRS990PF/SupplementaryInformationGrp/GrantOrContributionPdDurYrGrp,"",PF-P15-T00-SUPPLEMENTARY-INFO,ignore,"","","","","","","",group container with no value of its own: the xpath is recorded as a leaf only when the element is present but empty (4 filings); its children carry the data and are mapped/handled separately. Add to ignore.csv.,high
UNMAPPED,/Return/ReturnData/ExplanOfLegisPoliticalActvts,"","",ignore,"","","","","","","",attachment wrapper with no value of its own: the xpath is recorded as a leaf only when the element is present but empty (3 filings); its children carry the data and are mapped/handled separately. Add to ignore.csv.,high
UNMAPPED,/Return/ReturnData/IRS990ScheduleB/SpclRuleMetOne3rdSuprtTestInd,"","",new_variable,"",SB_00_SPECIAL_RULE_33PCT_X,SB-P00-T00-HEADER,ONE,checkbox,Special Rule: 501(c)(3) org meeting the 33-1/3% support test,Heading - Special Rules,"Proposes new table SB-P00-T00-HEADER (ONE); needs new part SB-P00. No existing SB variable holds this field. Header checkboxes are filed on 990/990-EZ Schedule B too, so the variable serves all forms. 990-PF Schedule B is public and unredacted (990/990-EZ copies are redacted), so the contributor detail is usable here. Evidence: 2 filings TY2023, max 1/filing.",medium
UNMAPPED,/Return/ReturnData/ReductionExplanationStatement,"","",ignore,"","","","","","","",attachment wrapper with no value of its own: the xpath is recorded as a leaf only when the element is present but empty (2 filings); its children carry the data and are mapped/handled separately. Add to ignore.csv.,high
UNMAPPED,/Return/ReturnData/ActyNotPreviouslyRptExpln,"","",ignore,"","","","","","","",attachment wrapper with no value of its own: the xpath is recorded as a leaf only when the element is present but empty (1 filings); its children carry the data and are mapped/handled separately. Add to ignore.csv.,high
UNMAPPED,/Return/ReturnData/AppliedToPriorYearElection,"","",ignore,"","","","","","","",attachment wrapper with no value of its own: the xpath is recorded as a leaf only when the element is present but empty (1 filings); its children carry the data and are mapped/handled separately. Add to ignore.csv.,high
UNMAPPED,/Return/ReturnData/CashDeemedCharitableExplnStmt,"","",ignore,"","","","","","","",attachment wrapper with no value of its own: the xpath is recorded as a leaf only when the element is present but empty (1 filings); its children carry the data and are mapped/handled separately. Add to ignore.csv.,high
UNMAPPED,/Return/ReturnData/CashDistributionExplnStmt,"","",ignore,"","","","","","","",attachment wrapper with no value of its own: the xpath is recorded as a leaf only when the element is present but empty (1 filings); its children carry the data and are mapped/handled separately. Add to ignore.csv.,high
UNMAPPED,/Return/ReturnData/IRS990PF/PrivateOperatingFoundationsGrp/Pct85LessorAdjIncmOrMinRetGrp,"",PF-P14-T00-PRIVATE-OPERATING-FOUNDATIONS,ignore,"","","","","","","",group container with no value of its own: the xpath is recorded as a leaf only when the element is present but empty (1 filings); its children carry the data and are mapped/handled separately. Add to ignore.csv.,high
UNMAPPED,/Return/ReturnData/IRS990PF/SupplementaryInformationGrp/ApplicationSubmissionInfoGrp,"",PF-P15-T00-SUPPLEMENTARY-INFO,ignore,"","","","","","","",group container with no value of its own: the xpath is recorded as a leaf only when the element is present but empty (1 filings); its children carry the data and are mapped/handled separately. Add to ignore.csv.,high
UNMAPPED,/Return/ReturnData/IRS990ScheduleB/CharitableContributionsDetail/TransfereeForeignAddress/AddressLine1Txt,"","",add_to_variable,SB_03_TRANSFEREE_ADDR_L1,"","","","","",Part III Column (e),"Same field as the proposed SB_03_TRANSFEREE_ADDR_L1 (US and foreign address elements share one variable, PF convention). Evidence: 1 filings TY2023, max 6/filing.",medium
UNMAPPED,/Return/ReturnData/IRS990ScheduleB/CharitableContributionsDetail/TransfereeForeignAddress/CityNm,"","",add_to_variable,SB_03_TRANSFEREE_ADDR_CITY,"","","","","",Part III Column (e),"Same field as the proposed SB_03_TRANSFEREE_ADDR_CITY (US and foreign address elements share one variable, PF convention). Evidence: 1 filings TY2023, max 6/filing.",medium
UNMAPPED,/Return/ReturnData/IRS990ScheduleB/CharitableContributionsDetail/TransfereeForeignAddress/CountryCd,"","",new_variable,"",SB_03_TRANSFEREE_ADDR_CNTR,SB-P03-T01-EXCLUSIVELY-RELIGIOUS,MANY,text,Transferee address - country,Part III Column (e),"Transferee address column of Part III (exclusively religious/charitable gifts); US and foreign elements share one variable. Evidence: 1 filings TY2023, max 6/filing.",medium
UNMAPPED,/Return/ReturnData/IRS990ScheduleB/CharitableContributionsDetail/TransfereeForeignAddress/ForeignPostalCd,"","",add_to_variable,SB_03_TRANSFEREE_ADDR_ZIP,"","","","","",Part III Column (e),"Same field as the proposed SB_03_TRANSFEREE_ADDR_ZIP (US and foreign address elements share one variable, PF convention). Evidence: 1 filings TY2023, max 6/filing.",medium
UNMAPPED,/Return/ReturnData/IRS990ScheduleB/CharitableContributionsDetail/TransfereeForeignAddress/ProvinceOrStateNm,"","",add_to_variable,SB_03_TRANSFEREE_ADDR_STATE,"","","","","",Part III Column (e),"Same field as the proposed SB_03_TRANSFEREE_ADDR_STATE (US and foreign address elements share one variable, PF convention). Evidence: 1 filings TY2023, max 6/filing.",medium
UNMAPPED,/Return/ReturnData/OtherIncomeSchedule2,"","",ignore,"","","","","","","",attachment wrapper with no value of its own: the xpath is recorded as a leaf only when the element is present but empty (1 filings); its children carry the data and are mapped/handled separately. Add to ignore.csv.,high
UNMAPPED,/Return/ReturnData/TaxUnderSection511Statement,"","",ignore,"","","","","","","",attachment wrapper with no value of its own: the xpath is recorded as a leaf only when the element is present but empty (1 filings); its children carry the data and are mapped/handled separately. Add to ignore.csv.,high
UNMAPPED,/Return/ReturnHeader/PreparerPersonGrp,"",F9-P00-T00-HEADER,ignore,"","","","","","","",ReturnHeader group container with no value of its own: the xpath is recorded as a leaf only when the element is present but empty (1 filings); its children carry the data and are mapped/handled separately. Add to ignore.csv.,high
MANY_NOT_REPEATING,/Return/ReturnData/AccountingFeesSchedule/AccountingFeesDetail/AdjustedNetIncomeAmt,PF_AX01_ACC_FEE_INCOME_NET_ADJ,PF-P99-T01-ACC-FEES,accept,"","","","","","","","Genuine repeating group (XSD maxOccurs > 1): the group element is the repeat_root in filings with 2+ rows and '' in single-row filings, so the unrepeated share just means most filers report one row. Attachment detail group is unbounded. Evidence: 19,189 filings TY2023, max 10/filing, repeats in 896 filings; repeat_root: ''=18267; AccountingFeesSchedule/AccountingFeesDetail=922.",high
MANY_NOT_REPEATING,/Return/ReturnData/AccountingFeesSchedule/AccountingFeesDetail/Amt,PF_AX01_ACC_FEE_AMT,PF-P99-T01-ACC-FEES,accept,"","","","","","","","Genuine repeating group (XSD maxOccurs > 1): the group element is the repeat_root in filings with 2+ rows and '' in single-row filings, so the unrepeated share just means most filers report one row. Attachment detail group is unbounded. Evidence: 67,308 filings TY2023, max 10/filing, repeats in 2,401 filings; repeat_root: ''=64827; ''=1; AccountingFeesSchedule/AccountingFeesDetail=2480.",high
MANY_NOT_REPEATING,/Return/ReturnData/AccountingFeesSchedule/AccountingFeesDetail/CategoryTxt,PF_AX01_ACC_FEE_CATEGORY,PF-P99-T01-ACC-FEES,accept,"","","","","","","","Genuine repeating group (XSD maxOccurs > 1): the group element is the repeat_root in filings with 2+ rows and '' in single-row filings, so the unrepeated share just means most filers report one row. Attachment detail group is unbounded. Evidence: 65,308 filings TY2023, max 10/filing, repeats in 2,447 filings; repeat_root: ''=62840; ''=1; AccountingFeesSchedule/AccountingFeesDetail=2467.",high
MANY_NOT_REPEATING,/Return/ReturnData/AccountingFeesSchedule/AccountingFeesDetail/DisbursementsCharitablePrpsAmt,PF_AX01_ACC_FEE_DISBMT_CHARIT,PF-P99-T01-ACC-FEES,accept,"","","","","","","","Genuine repeating group (XSD maxOccurs > 1): the group element is the repeat_root in filings with 2+ rows and '' in single-row filings, so the unrepeated share just means most filers report one row. Attachment detail group is unbounded. Evidence: 57,722 filings TY2023, max 10/filing, repeats in 2,025 filings; repeat_root: ''=55595; AccountingFeesSchedule/AccountingFeesDetail=2127.",high
MANY_NOT_REPEATING,/Return/ReturnData/AccountingFeesSchedule/AccountingFeesDetail/NetInvestmentIncomeAmt,PF_AX01_ACC_FEE_INVEST_NET,PF-P99-T01-ACC-FEES,accept,"","","","","","","","Genuine repeating group (XSD maxOccurs > 1): the group element is the repeat_root in filings with 2+ rows and '' in single-row filings, so the unrepeated share just means most filers report one row. Attachment detail group is unbounded. Evidence: 50,890 filings TY2023, max 10/filing, repeats in 1,952 filings; repeat_root: ''=48805; AccountingFeesSchedule/AccountingFeesDetail=2085.",high
MANY_NOT_REPEATING,/Return/ReturnData/AllOthProgRltdInvestmentsSch/AllOtherProgramRelatedInvstGrp/Amt,PF_AX03_PROG_INVEST_OTH_AMT,PF-P99-T03-PROG-INVEST-OTH,accept,"","","","","","","","Genuine repeating group (XSD maxOccurs > 1): the group element is the repeat_root in filings with 2+ rows and '' in single-row filings, so the unrepeated share just means most filers report one row. Attachment detail group is unbounded. Evidence: 1,559 filings TY2023, max 27/filing, repeats in 87 filings; repeat_root: ''=1472; AllOthProgRltdInvestmentsSch=7; AllOthProgRltdInvestmentsSch/AllOtherProgramRelatedInvstGrp=80.",high
MANY_NOT_REPEATING,/Return/ReturnData/AllOthProgRltdInvestmentsSch/AllOtherProgramRelatedInvstGrp/Desc,PF_AX03_PROG_INVEST_OTH_DESC,PF-P99-T03-PROG-INVEST-OTH,accept,"","","","","","","","Genuine repeating group (XSD maxOccurs > 1): the group element is the repeat_root in filings with 2+ rows and '' in single-row filings, so the unrepeated share just means most filers report one row. Attachment detail group is unbounded. Evidence: 2,319 filings TY2023, max 27/filing, repeats in 88 filings; repeat_root: ''=2231; AllOthProgRltdInvestmentsSch=7; AllOthProgRltdInvestmentsSch/AllOtherProgramRelatedInvstGrp=81.",high
MANY_NOT_REPEATING,/Return/ReturnData/AmortizationSchedule/AmortizationScheduleDetail/AcquiredCompletedOrExpendedDt,PF_AX04_AMORT_DATE_ACQUIRED,PF-P99-T04-AMORTIZATION,accept,"","","","","","","","Genuine repeating group (XSD maxOccurs > 1): the group element is the repeat_root in filings with 2+ rows and '' in single-row filings, so the unrepeated share just means most filers report one row. Attachment detail group is unbounded. Evidence: 500 filings TY2023, max 508/filing, repeats in 144 filings; repeat_root: ''=355; AmortizationSchedule/AmortizationScheduleDetail=145.",high
MANY_NOT_REPEATING,/Return/ReturnData/AmortizationSchedule/AmortizationScheduleDetail/AdjustedNetIncomeAmt,PF_AX04_AMORT_INCOME_NET_ADJ,PF-P99-T04-AMORTIZATION,accept,"","","","","","","","Genuine repeating group (XSD maxOccurs > 1): the group element is the repeat_root in filings with 2+ rows and '' in single-row filings, so the unrepeated share just means most filers report one row. Attachment detail group is unbounded. Evidence: 173 filings TY2023, max 508/filing, repeats in 57 filings; repeat_root: ''=116; AmortizationSchedule/AmortizationScheduleDetail=57.",high
MANY_NOT_REPEATING,/Return/ReturnData/AmortizationSchedule/AmortizationScheduleDetail/AmortizationPeriodRt,PF_AX04_AMORT_METHOD,PF-P99-T04-AMORTIZATION,accept,"","","","","","","","Genuine repeating group (XSD maxOccurs > 1): the group element is the repeat_root in filings with 2+ rows and '' in single-row filings, so the unrepeated share just means most filers report one row. Attachment detail group is unbounded. Evidence: 477 filings TY2023, max 508/filing, repeats in 136 filings; repeat_root: ''=341; AmortizationSchedule/AmortizationScheduleDetail=136.",high
MANY_NOT_REPEATING,/Return/ReturnData/AmortizationSchedule/AmortizationScheduleDetail/AmortizedAmt,PF_AX04_AMORT_AMT_AMORTIZED,PF-P99-T04-AMORTIZATION,accept,"","","","","","","","Genuine repeating group (XSD maxOccurs > 1): the group element is the repeat_root in filings with 2+ rows and '' in single-row filings, so the unrepeated share just means most filers report one row. Attachment detail group is unbounded. Evidence: 496 filings TY2023, max 508/filing, repeats in 141 filings; repeat_root: ''=353; AmortizationSchedule/AmortizationScheduleDetail=143.",high
MANY_NOT_REPEATING,/Return/ReturnData/AmortizationSchedule/AmortizationScheduleDetail/AmortizedExpensesDesc,PF_AX04_AMORT_EXP_DESC,PF-P99-T04-AMORTIZATION,accept,"","","","","","","","Genuine repeating group (XSD maxOccurs > 1): the group element is the repeat_root in filings with 2+ rows and '' in single-row filings, so the unrepeated share just means most filers report one row. Attachment detail group is unbounded. Evidence: 531 filings TY2023, max 508/filing, repeats in 149 filings; repeat_root: ''=382; AmortizationSchedule/AmortizationScheduleDetail=149.",high
MANY_NOT_REPEATING,/Return/ReturnData/AmortizationSchedule/AmortizationScheduleDetail/CurrentYearAmortizationAmt,PF_AX04_AMORT_AMT_CY,PF-P99-T04-AMORTIZATION,accept,"","","","","","","","Genuine repeating group (XSD maxOccurs > 1): the group element is the repeat_root in filings with 2+ rows and '' in single-row filings, so the unrepeated share just means most filers report one row. Attachment detail group is unbounded. Evidence: 513 filings TY2023, max 407/filing, repeats in 129 filings; repeat_root: ''=366; AmortizationSchedule/AmortizationScheduleDetail=147.",high
MANY_NOT_REPEATING,/Return/ReturnData/AmortizationSchedule/AmortizationScheduleDetail/DeductionForPriorYearsAmt,PF_AX04_AMORT_DEDUCT_PYZ,PF-P99-T04-AMORTIZATION,accept,"","","","","","","","Genuine repeating group (XSD maxOccurs > 1): the group element is the repeat_root in filings with 2+ rows and '' in single-row filings, so the unrepeated share just means most filers report one row. Attachment detail group is unbounded. Evidence: 476 filings TY2023, max 449/filing, repeats in 128 filings; repeat_root: ''=337; AmortizationSchedule/AmortizationScheduleDetail=139.",high
MANY_NOT_REPEATING,/Return/ReturnData/AmortizationSchedule/AmortizationScheduleDetail/NetInvestmentIncomeAmt,PF_AX04_AMORT_INVEST_NET,PF-P99-T04-AMORTIZATION,accept,"","","","","","","","Genuine repeating group (XSD maxOccurs > 1): the group element is the repeat_root in filings with 2+ rows and '' in single-row filings, so the unrepeated share just means most filers report one row. Attachment detail group is unbounded. Evidence: 311 filings TY2023, max 508/filing, repeats in 105 filings; repeat_root: ''=206; AmortizationSchedule/AmortizationScheduleDetail=105.",high
MANY_NOT_REPEATING,/Return/ReturnData/AmortizationSchedule/AmortizationScheduleDetail/TotalAmortizationAmt,PF_AX04_AMORT_AMT_TOT,PF-P99-T04-AMORTIZATION,accept,"","","","","","","","Genuine repeating group (XSD maxOccurs > 1): the group element is the repeat_root in filings with 2+ rows and '' in single-row filings, so the unrepeated share just means most filers report one row. Attachment detail group is unbounded. Evidence: 525 filings TY2023, max 502/filing, repeats in 149 filings; repeat_root: ''=376; AmortizationSchedule/AmortizationScheduleDetail=149.",high
MANY_NOT_REPEATING,/Return/ReturnData/BorrowedFundsElection/BorrowedFundsGrp/BorrowedAmt,PF_AX06_FUND_BORROW_AMT,PF-P99-T06-FUND-BORROWED,accept,"","","","","","","","Genuine repeating group (XSD maxOccurs > 1): the group element is the repeat_root in filings with 2+ rows and '' in single-row filings, so the unrepeated share just means most filers report one row. Attachment detail group is unbounded. Evidence: 7 filings TY2023, max 1/filing, repeats in 0 filings; repeat_root: ''=7.",high
MANY_NOT_REPEATING,/Return/ReturnData/BorrowedFundsElection/BorrowedFundsGrp/BusinessName/BusinessNameLine1Txt,PF_AX06_FUND_BORROW_NAME_ORG_L1,PF-P99-T06-FUND-BORROWED,accept,"","","","","","","","Genuine repeating group (XSD maxOccurs > 1): the group element is the repeat_root in filings with 2+ rows and '' in single-row filings, so the unrepeated share just means most filers report one row. Attachment detail group is unbounded. Evidence: 7 filings TY2023, max 5/filing, repeats in 1 filings; repeat_root: ''=6; BorrowedFundsElection/BorrowedFundsGrp=1.",high
MANY_NOT_REPEATING,/Return/ReturnData/BorrowedFundsElection/BorrowedFundsGrp/ElectionStatementTxt,PF_AX06_FUND_BORROW_ELECTION,PF-P99-T06-FUND-BORROWED,accept,"","","","","","","","Genuine repeating group (XSD maxOccurs > 1): the group element is the repeat_root in filings with 2+ rows and '' in single-row filings, so the unrepeated share just means most filers report one row. Attachment detail group is unbounded. Evidence: 3 filings TY2023, max 1/filing, repeats in 0 filings; repeat_root: ''=3.",high
MANY_NOT_REPEATING,/Return/ReturnData/BorrowedFundsElection/BorrowedFundsGrp/ForeignAddress/AddressLine1Txt,PF_AX06_FUND_BORROW_ADDR_L1,PF-P99-T06-FUND-BORROWED,accept,"","","","","","","","Genuine repeating group (XSD maxOccurs > 1): the group element is the repeat_root in filings with 2+ rows and '' in single-row filings, so the unrepeated share just means most filers report one row. Attachment detail group is unbounded. Evidence: 1 filings TY2023, max 1/filing, repeats in 0 filings; repeat_root: ''=1.",high
MANY_NOT_REPEATING,/Return/ReturnData/BorrowedFundsElection/BorrowedFundsGrp/ForeignAddress/CityNm,PF_AX06_FUND_BORROW_ADDR_CITY,PF-P99-T06-FUND-BORROWED,accept,"","","","","","","","Genuine repeating group (XSD maxOccurs > 1): the group element is the repeat_root in filings with 2+ rows and '' in single-row filings, so the unrepeated share just means most filers report one row. Attachment detail group is unbounded. Evidence: 1 filings TY2023, max 1/filing, repeats in 0 filings; repeat_root: ''=1.",high
MANY_NOT_REPEATING,/Return/ReturnData/BorrowedFundsElection/BorrowedFundsGrp/ForeignAddress/CountryCd,PF_AX06_FUND_BORROW_ADDR_CNTR,PF-P99-T06-FUND-BORROWED,accept,"","","","","","","","Genuine repeating group (XSD maxOccurs > 1): the group element is the repeat_root in filings with 2+ rows and '' in single-row filings, so the unrepeated share just means most filers report one row. Attachment detail group is unbounded. Evidence: 1 filings TY2023, max 1/filing, repeats in 0 filings; repeat_root: ''=1.",high
MANY_NOT_REPEATING,/Return/ReturnData/BorrowedFundsElection/BorrowedFundsGrp/ForeignAddress/ProvinceOrStateNm,PF_AX06_FUND_BORROW_ADDR_STATE,PF-P99-T06-FUND-BORROWED,accept,"","","","","","","","Genuine repeating group (XSD maxOccurs > 1): the group element is the repeat_root in filings with 2+ rows and '' in single-row filings, so the unrepeated share just means most filers report one row. Attachment detail group is unbounded. Evidence: 1 filings TY2023, max 1/filing, repeats in 0 filings; repeat_root: ''=1.",high
MANY_NOT_REPEATING,/Return/ReturnData/BorrowedFundsElection/BorrowedFundsGrp/PersonNm,PF_AX06_FUND_BORROW_NAME_PERS,PF-P99-T06-FUND-BORROWED,accept,"","","","","","","","Genuine repeating group (XSD maxOccurs > 1): the group element is the repeat_root in filings with 2+ rows and '' in single-row filings, so the unrepeated share just means most filers report one row. Attachment detail group is unbounded. Evidence: 7 filings TY2023, max 1/filing, repeats in 0 filings; repeat_root: ''=7.",high
MANY_NOT_REPEATING,/Return/ReturnData/BorrowedFundsElection/BorrowedFundsGrp/USAddress/AddressLine1Txt,PF_AX06_FUND_BORROW_ADDR_L1,PF-P99-T06-FUND-BORROWED,accept,"","","","","","","","Genuine repeating group (XSD maxOccurs > 1): the group element is the repeat_root in filings with 2+ rows and '' in single-row filings, so the unrepeated share just means most filers report one row. Attachment detail group is unbounded. Evidence: 8 filings TY2023, max 5/filing, repeats in 1 filings; repeat_root: ''=7; BorrowedFundsElection/BorrowedFundsGrp=1.",high
MANY_NOT_REPEATING,/Return/ReturnData/BorrowedFundsElection/BorrowedFundsGrp/USAddress/CityNm,PF_AX06_FUND_BORROW_ADDR_CITY,PF-P99-T06-FUND-BORROWED,accept,"","","","","","","","Genuine repeating group (XSD maxOccurs > 1): the group element is the repeat_root in filings with 2+ rows and '' in single-row filings, so the unrepeated share just means most filers report one row. Attachment detail group is unbounded. Evidence: 8 filings TY2023, max 5/filing, repeats in 1 filings; repeat_root: ''=7; BorrowedFundsElection/BorrowedFundsGrp=1.",high
MANY_NOT_REPEATING,/Return/ReturnData/BorrowedFundsElection/BorrowedFundsGrp/USAddress/StateAbbreviationCd,PF_AX06_FUND_BORROW_ADDR_STATE,PF-P99-T06-FUND-BORROWED,accept,"","","","","","","","Genuine repeating group (XSD maxOccurs > 1): the group element is the repeat_root in filings with 2+ rows and '' in single-row filings, so the unrepeated share just means most filers report one row. Attachment detail group is unbounded. Evidence: 8 filings TY2023, max 5/filing, repeats in 1 filings; repeat_root: ''=7; BorrowedFundsElection/BorrowedFundsGrp=1.",high
MANY_NOT_REPEATING,/Return/ReturnData/BorrowedFundsElection/BorrowedFundsGrp/USAddress/ZIPCd,PF_AX06_FUND_BORROW_ADDR_ZIP,PF-P99-T06-FUND-BORROWED,accept,"","","","","","","","Genuine repeating group (XSD maxOccurs > 1): the group element is the repeat_root in filings with 2+ rows and '' in single-row filings, so the unrepeated share just means most filers report one row. Attachment detail group is unbounded. Evidence: 8 filings TY2023, max 5/filing, repeats in 1 filings; repeat_root: ''=7; BorrowedFundsElection/BorrowedFundsGrp=1.",high
MANY_NOT_REPEATING,/Return/ReturnData/BorrowedFundsElection/BorrowedFundsGrp/UseOfBorrowedFundsTxt,PF_AX06_FUND_BORROW_USE,PF-P99-T06-FUND-BORROWED,accept,"","","","","","","","Genuine repeating group (XSD maxOccurs > 1): the group element is the repeat_root in filings with 2+ rows and '' in single-row filings, so the unrepeated share just means most filers report one row. Attachment detail group is unbounded. Evidence: 5 filings TY2023, max 1/filing, repeats in 0 filings; repeat_root: ''=5.",high
MANY_NOT_REPEATING,/Return/ReturnData/CompensationExplanation/CompensationExplanationGrp/BusinessName/BusinessNameLine1Txt,PF_AX09_COMP_NAME_ORG_L1,PF-P99-T09-COMP,accept,"","","","","","","","Genuine repeating group (XSD maxOccurs > 1): the group element is the repeat_root in filings with 2+ rows and '' in single-row filings, so the unrepeated share just means most filers report one row. Attachment detail group is unbounded. Evidence: 125 filings TY2023, max 5/filing, repeats in 12 filings; repeat_root: ''=107; CompensationExplanation/CompensationExplanationGrp=18.",high
MANY_NOT_REPEATING,/Return/ReturnData/CompensationExplanation/CompensationExplanationGrp/PersonNm,PF_AX09_COMP_NAME_PERS,PF-P99-T09-COMP,accept,"","","","","","","","Genuine repeating group (XSD maxOccurs > 1): the group element is the repeat_root in filings with 2+ rows and '' in single-row filings, so the unrepeated share just means most filers report one row. Attachment detail group is unbounded. Evidence: 1,686 filings TY2023, max 12/filing, repeats in 575 filings; repeat_root: ''=1107; CompensationExplanation/CompensationExplanationGrp=579.",high
MANY_NOT_REPEATING,/Return/ReturnData/CompensationExplanation/CompensationExplanationGrp/ShortExplanationTxt,PF_AX09_COMP_NAME_PERS,PF-P99-T09-COMP,move_variable,PF_AX09_COMP_EXPLANATION,"","","","","","","Group does repeat (accept cardinality), but the xpath is mis-mapped to PF_AX09_COMP_NAME_PERS; it is the explanation text and belongs to PF_AX09_COMP_EXPLANATION (which holds the 2009-2012 Explanation element). Genuine repeating group (XSD maxOccurs > 1): the group element is the repeat_root in filings with 2+ rows and '' in single-row filings, so the unrepeated share just means most filers report one row. Evidence: 1,654 filings TY2023, max 14/filing, repeats in 506 filings; repeat_root: ''=1144; CompensationExplanation=1; CompensationExplanation/CompensationExplanationGrp=509.",high
MANY_NOT_REPEATING,/Return/ReturnData/ContractorCompensationExpln/ContractorCompExplnGrp/ContractorBusinessName/BusinessNameLine1Txt,PF_AX10_COMP_KONTR_NAME_ORG_L1,PF-P99-T10-COMP-KONTR,accept,"","","","","","","","Genuine repeating group (XSD maxOccurs > 1): the group element is the repeat_root in filings with 2+ rows and '' in single-row filings, so the unrepeated share just means most filers report one row. Attachment detail group is unbounded. Evidence: 97 filings TY2023, max 5/filing, repeats in 33 filings; repeat_root: ''=61; ContractorCompensationExpln/ContractorCompExplnGrp=36.",high
MANY_NOT_REPEATING,/Return/ReturnData/ContractorCompensationExpln/ContractorCompExplnGrp/ContractorBusinessName/BusinessNameLine2Txt,PF_AX10_COMP_KONTR_NAME_ORG_L2,PF-P99-T10-COMP-KONTR,accept,"","","","","","","","Genuine repeating group (XSD maxOccurs > 1): the group element is the repeat_root in filings with 2+ rows and '' in single-row filings, so the unrepeated share just means most filers report one row. Attachment detail group is unbounded. Evidence: 5 filings TY2023, max 3/filing, repeats in 1 filings; repeat_root: ''=4; ContractorCompensationExpln/ContractorCompExplnGrp=1.",high
MANY_NOT_REPEATING,/Return/ReturnData/ContractorCompensationExpln/ContractorCompExplnGrp/ContractorPersonNm,PF_AX10_COMP_KONTR_NAME_PERS,PF-P99-T10-COMP-KONTR,accept,"","","","","","","","Genuine repeating group (XSD maxOccurs > 1): the group element is the repeat_root in filings with 2+ rows and '' in single-row filings, so the unrepeated share just means most filers report one row. Attachment detail group is unbounded. Evidence: 222 filings TY2023, max 5/filing, repeats in 50 filings; repeat_root: ''=172; ContractorCompensationExpln/ContractorCompExplnGrp=50.",high
MANY_NOT_REPEATING,/Return/ReturnData/ContractorCompensationExpln/ContractorCompExplnGrp/ExplanationTxt,PF_AX10_COMP_KONTR_EXPLANATION,PF-P99-T10-COMP-KONTR,accept,"","","","","","","","Genuine repeating group (XSD maxOccurs > 1): the group element is the repeat_root in filings with 2+ rows and '' in single-row filings, so the unrepeated share just means most filers report one row. Attachment detail group is unbounded. Evidence: 256 filings TY2023, max 5/filing, repeats in 82 filings; repeat_root: ''=174; ContractorCompensationExpln/ContractorCompExplnGrp=82.",high
MANY_NOT_REPEATING,/Return/ReturnData/DissolutionStmt/DissolutionInformationGrp/BusinessName/BusinessNameLine1Txt,PF_AX12_DISSOLUTION_NAME_ORG_L1,PF-P99-T12-DISSOLUTION,accept,"","","","","","","","Genuine repeating group (XSD maxOccurs > 1): the group element is the repeat_root in filings with 2+ rows and '' in single-row filings, so the unrepeated share just means most filers report one row. Attachment detail group is unbounded. Evidence: 1,074 filings TY2023, max 107/filing, repeats in 246 filings; repeat_root: ''=825; DissolutionStmt/DissolutionInformationGrp=249.",high
MANY_NOT_REPEATING,/Return/ReturnData/DissolutionStmt/DissolutionInformationGrp/BusinessName/BusinessNameLine2Txt,PF_AX12_DISSOLUTION_NAME_ORG_L2,PF-P99-T12-DISSOLUTION,accept,"","","","","","","","Genuine repeating group (XSD maxOccurs > 1): the group element is the repeat_root in filings with 2+ rows and '' in single-row filings, so the unrepeated share just means most filers report one row. Attachment detail group is unbounded. Evidence: 13 filings TY2023, max 3/filing, repeats in 1 filings; repeat_root: ''=11; DissolutionStmt/DissolutionInformationGrp=2.",high
MANY_NOT_REPEATING,/Return/ReturnData/DissolutionStmt/DissolutionInformationGrp/DissolutionAmt,PF_AX12_DISSOLUTION_AMT,PF-P99-T12-DISSOLUTION,accept,"","","","","","","","Genuine repeating group (XSD maxOccurs > 1): the group element is the repeat_root in filings with 2+ rows and '' in single-row filings, so the unrepeated share just means most filers report one row. Attachment detail group is unbounded. Evidence: 1,259 filings TY2023, max 107/filing, repeats in 272 filings; repeat_root: ''=987; DissolutionStmt/DissolutionInformationGrp=272.",high
MANY_NOT_REPEATING,/Return/ReturnData/DissolutionStmt/DissolutionInformationGrp/ForeignAddress/ForeignPostalCd,PF_AX12_DISSOLUTION_ADDR_ZIP,PF-P99-T12-DISSOLUTION,accept,"","","","","","","","Genuine repeating group (XSD maxOccurs > 1): the group element is the repeat_root in filings with 2+ rows and '' in single-row filings, so the unrepeated share just means most filers report one row. Attachment detail group is unbounded. Evidence: 5 filings TY2023, max 1/filing, repeats in 0 filings; repeat_root: ''=3; DissolutionStmt/DissolutionInformationGrp=2.",high
MANY_NOT_REPEATING,/Return/ReturnData/DissolutionStmt/DissolutionInformationGrp/PersonNm,PF_AX12_DISSOLUTION_NAME_PERS,PF-P99-T12-DISSOLUTION,accept,"","","","","","","","Genuine repeating group (XSD maxOccurs > 1): the group element is the repeat_root in filings with 2+ rows and '' in single-row filings, so the unrepeated share just means most filers report one row. Attachment detail group is unbounded. Evidence: 179 filings TY2023, max 7/filing, repeats in 24 filings; repeat_root: ''=150; DissolutionStmt/DissolutionInformationGrp=29.",high
MANY_NOT_REPEATING,/Return/ReturnData/DissolutionStmt/DissolutionInformationGrp/ShortExplanationTxt,PF_AX12_DISSOLUTION_EXPLANATION,PF-P99-T12-DISSOLUTION,accept,"","","","","","","","Genuine repeating group (XSD maxOccurs > 1): the group element is the repeat_root in filings with 2+ rows and '' in single-row filings, so the unrepeated share just means most filers report one row. Attachment detail group is unbounded. Evidence: 1,259 filings TY2023, max 107/filing, repeats in 272 filings; repeat_root: ''=987; DissolutionStmt/DissolutionInformationGrp=272.",high
MANY_NOT_REPEATING,/Return/ReturnData/DissolutionStmt/DissolutionInformationGrp/USAddress/AddressLine1Txt,PF_AX12_DISSOLUTION_ADDR_L1,PF-P99-T12-DISSOLUTION,accept,"","","","","","","","Genuine repeating group (XSD maxOccurs > 1): the group element is the repeat_root in filings with 2+ rows and '' in single-row filings, so the unrepeated share just means most filers report one row. Attachment detail group is unbounded. Evidence: 1,179 filings TY2023, max 107/filing, repeats in 265 filings; repeat_root: ''=913; DissolutionStmt/DissolutionInformationGrp=266.",high
MANY_NOT_REPEATING,/Return/ReturnData/DissolutionStmt/DissolutionInformationGrp/USAddress/AddressLine2Txt,PF_AX12_DISSOLUTION_ADDR_L2,PF-P99-T12-DISSOLUTION,accept,"","","","","","","","Genuine repeating group (XSD maxOccurs > 1): the group element is the repeat_root in filings with 2+ rows and '' in single-row filings, so the unrepeated share just means most filers report one row. Attachment detail group is unbounded. Evidence: 3 filings TY2023, max 1/filing, repeats in 0 filings; repeat_root: ''=2; DissolutionStmt/DissolutionInformationGrp=1.",high
MANY_NOT_REPEATING,/Return/ReturnData/DissolutionStmt/DissolutionInformationGrp/USAddress/CityNm,PF_AX12_DISSOLUTION_ADDR_CITY,PF-P99-T12-DISSOLUTION,accept,"","","","","","","","Genuine repeating group (XSD maxOccurs > 1): the group element is the repeat_root in filings with 2+ rows and '' in single-row filings, so the unrepeated share just means most filers report one row. Attachment detail group is unbounded. Evidence: 1,179 filings TY2023, max 107/filing, repeats in 265 filings; repeat_root: ''=913; DissolutionStmt/DissolutionInformationGrp=266.",high
MANY_NOT_REPEATING,/Return/ReturnData/DissolutionStmt/DissolutionInformationGrp/USAddress/StateAbbreviationCd,PF_AX12_DISSOLUTION_ADDR_STATE,PF-P99-T12-DISSOLUTION,accept,"","","","","","","","Genuine repeating group (XSD maxOccurs > 1): the group element is the repeat_root in filings with 2+ rows and '' in single-row filings, so the unrepeated share just means most filers report one row. Attachment detail group is unbounded. Evidence: 1,179 filings TY2023, max 107/filing, repeats in 265 filings; repeat_root: ''=913; DissolutionStmt/DissolutionInformationGrp=266.",high
MANY_NOT_REPEATING,/Return/ReturnData/DissolutionStmt/DissolutionInformationGrp/USAddress/ZIPCd,PF_AX12_DISSOLUTION_ADDR_ZIP,PF-P99-T12-DISSOLUTION,accept,"","","","","","","","Genuine repeating group (XSD maxOccurs > 1): the group element is the repeat_root in filings with 2+ rows and '' in single-row filings, so the unrepeated share just means most filers report one row. Attachment detail group is unbounded. Evidence: 1,179 filings TY2023, max 107/filing, repeats in 265 filings; repeat_root: ''=913; DissolutionStmt/DissolutionInformationGrp=266.",high
MANY_NOT_REPEATING,/Return/ReturnData/EmployeeCompensationExpln/EmployeeCompExplanationGrp/EmployeeNm,PF_AX14_COMP_EMPL_NAME,PF-P99-T14-COMP-EMPL,accept,"","","","","","","","Genuine repeating group (XSD maxOccurs > 1): the group element is the repeat_root in filings with 2+ rows and '' in single-row filings, so the unrepeated share just means most filers report one row. Attachment detail group is unbounded. Evidence: 47 filings TY2023, max 5/filing, repeats in 8 filings; repeat_root: ''=39; EmployeeCompensationExpln/EmployeeCompExplanationGrp=8.",high
MANY_NOT_REPEATING,/Return/ReturnData/EmployeeCompensationExpln/EmployeeCompExplanationGrp/ExplanationTxt,PF_AX14_COMP_EMPL_EXPLANATION,PF-P99-T14-COMP-EMPL,accept,"","","","","","","","Genuine repeating group (XSD maxOccurs > 1): the group element is the repeat_root in filings with 2+ rows and '' in single-row filings, so the unrepeated share just means most filers report one row. Attachment detail group is unbounded. Evidence: 24 filings TY2023, max 5/filing, repeats in 8 filings; repeat_root: ''=16; EmployeeCompensationExpln/EmployeeCompExplanationGrp=8.",high
MANY_NOT_REPEATING,/Return/ReturnData/ExpenditureResponsibilityStmt/ExpenditureResponsibilityGrp/AnyDiversionByGranteeTxt,PF_AX16_EXP_RESP_DIVERSION,PF-P99-T16-EXP-RESPONSIBILITY,accept,"","","","","","","","Genuine repeating group (XSD maxOccurs > 1): the group element is the repeat_root in filings with 2+ rows and '' in single-row filings, so the unrepeated share just means most filers report one row. Attachment detail group is unbounded. Evidence: 1,520 filings TY2023, max 1210/filing, repeats in 738 filings; repeat_root: ''=772; ExpenditureResponsibilityStmt=1; ExpenditureResponsibilityStmt/ExpenditureResponsibilityGrp=747.",high
MANY_NOT_REPEATING,/Return/ReturnData/ExpenditureResponsibilityStmt/ExpenditureResponsibilityGrp/BusinessName/BusinessNameLine1Txt,PF_AX16_EXP_RESP_NAME_ORG_L1,PF-P99-T16-EXP-RESPONSIBILITY,accept,"","","","","","","","Genuine repeating group (XSD maxOccurs > 1): the group element is the repeat_root in filings with 2+ rows and '' in single-row filings, so the unrepeated share just means most filers report one row. Attachment detail group is unbounded. Evidence: 1,823 filings TY2023, max 1265/filing, repeats in 869 filings; repeat_root: ''=951; ExpenditureResponsibilityStmt=1; ExpenditureResponsibilityStmt/ExpenditureResponsibilityGrp=871.",high
MANY_NOT_REPEATING,/Return/ReturnData/ExpenditureResponsibilityStmt/ExpenditureResponsibilityGrp/BusinessName/BusinessNameLine2Txt,PF_AX16_EXP_RESP_NAME_ORG_L2,PF-P99-T16-EXP-RESPONSIBILITY,accept,"","","","","","","","Genuine repeating group (XSD maxOccurs > 1): the group element is the repeat_root in filings with 2+ rows and '' in single-row filings, so the unrepeated share just means most filers report one row. Attachment detail group is unbounded. Evidence: 46 filings TY2023, max 6/filing, repeats in 11 filings; repeat_root: ''=30; ExpenditureResponsibilityStmt/ExpenditureResponsibilityGrp=16.",high
MANY_NOT_REPEATING,/Return/ReturnData/ExpenditureResponsibilityStmt/ExpenditureResponsibilityGrp/DatesOfReportsByGranteeTxt,PF_AX16_EXP_RESP_DATE_REP,PF-P99-T16-EXP-RESPONSIBILITY,accept,"","","","","","","","Genuine repeating group (XSD maxOccurs > 1): the group element is the repeat_root in filings with 2+ rows and '' in single-row filings, so the unrepeated share just means most filers report one row. Attachment detail group is unbounded. Evidence: 1,613 filings TY2023, max 1265/filing, repeats in 793 filings; repeat_root: ''=808; ExpenditureResponsibilityStmt=1; ExpenditureResponsibilityStmt/ExpenditureResponsibilityGrp=804.",high
MANY_NOT_REPEATING,/Return/ReturnData/ExpenditureResponsibilityStmt/ExpenditureResponsibilityGrp/GrantAmt,PF_AX16_EXP_RESP_GRANT_AMT,PF-P99-T16-EXP-RESPONSIBILITY,accept,"","","","","","","","Genuine repeating group (XSD maxOccurs > 1): the group element is the repeat_root in filings with 2+ rows and '' in single-row filings, so the unrepeated share just means most filers report one row. Attachment detail group is unbounded. Evidence: 1,858 filings TY2023, max 1265/filing, repeats in 893 filings; repeat_root: ''=963; ExpenditureResponsibilityStmt=1; ExpenditureResponsibilityStmt/ExpenditureResponsibilityGrp=894.",high
MANY_NOT_REPEATING,/Return/ReturnData/ExpenditureResponsibilityStmt/ExpenditureResponsibilityGrp/GrantDt,PF_AX16_EXP_RESP_GRANT_DATE,PF-P99-T16-EXP-RESPONSIBILITY,accept,"","","","","","","","Genuine repeating group (XSD maxOccurs > 1): the group element is the repeat_root in filings with 2+ rows and '' in single-row filings, so the unrepeated share just means most filers report one row. Attachment detail group is unbounded. Evidence: 1,846 filings TY2023, max 1265/filing, repeats in 894 filings; repeat_root: ''=950; ExpenditureResponsibilityStmt=1; ExpenditureResponsibilityStmt/ExpenditureResponsibilityGrp=895.",high
MANY_NOT_REPEATING,/Return/ReturnData/ExpenditureResponsibilityStmt/ExpenditureResponsibilityGrp/PurposeOfGrantTxt,PF_AX16_EXP_RESP_GRANT_PURPOSE,PF-P99-T16-EXP-RESPONSIBILITY,accept,"","","","","","","","Genuine repeating group (XSD maxOccurs > 1): the group element is the repeat_root in filings with 2+ rows and '' in single-row filings, so the unrepeated share just means most filers report one row. Attachment detail group is unbounded. Evidence: 1,866 filings TY2023, max 1265/filing, repeats in 899 filings; repeat_root: ''=967; ExpenditureResponsibilityStmt=1; ExpenditureResponsibilityStmt/ExpenditureResponsibilityGrp=898.",high
MANY_NOT_REPEATING,/Return/ReturnData/ExpenditureResponsibilityStmt/ExpenditureResponsibilityGrp/USAddress/AddressLine1Txt,PF_AX16_EXP_RESP_ADDR_L1,PF-P99-T16-EXP-RESPONSIBILITY,accept,"","","","","","","","Genuine repeating group (XSD maxOccurs > 1): the group element is the repeat_root in filings with 2+ rows and '' in single-row filings, so the unrepeated share just means most filers report one row. Attachment detail group is unbounded. Evidence: 1,422 filings TY2023, max 543/filing, repeats in 606 filings; repeat_root: ''=769; ExpenditureResponsibilityStmt=1; ExpenditureResponsibilityStmt/ExpenditureResponsibilityGrp=652.",high
MANY_NOT_REPEATING,/Return/ReturnData/ExpenditureResponsibilityStmt/ExpenditureResponsibilityGrp/USAddress/CityNm,PF_AX16_EXP_RESP_ADDR_CITY,PF-P99-T16-EXP-RESPONSIBILITY,accept,"","","","","","","","Genuine repeating group (XSD maxOccurs > 1): the group element is the repeat_root in filings with 2+ rows and '' in single-row filings, so the unrepeated share just means most filers report one row. Attachment detail group is unbounded. Evidence: 1,422 filings TY2023, max 543/filing, repeats in 606 filings; repeat_root: ''=769; ExpenditureResponsibilityStmt=1; ExpenditureResponsibilityStmt/ExpenditureResponsibilityGrp=652.",high
MANY_NOT_REPEATING,/Return/ReturnData/ExpenditureResponsibilityStmt/ExpenditureResponsibilityGrp/USAddress/StateAbbreviationCd,PF_AX16_EXP_RESP_ADDR_STATE,PF-P99-T16-EXP-RESPONSIBILITY,accept,"","","","","","","","Genuine repeating group (XSD maxOccurs > 1): the group element is the repeat_root in filings with 2+ rows and '' in single-row filings, so the unrepeated share just means most filers report one row. Attachment detail group is unbounded. Evidence: 1,422 filings TY2023, max 543/filing, repeats in 606 filings; repeat_root: ''=769; ExpenditureResponsibilityStmt=1; ExpenditureResponsibilityStmt/ExpenditureResponsibilityGrp=652.",high
MANY_NOT_REPEATING,/Return/ReturnData/ExpenditureResponsibilityStmt/ExpenditureResponsibilityGrp/USAddress/ZIPCd,PF_AX16_EXP_RESP_ADDR_ZIP,PF-P99-T16-EXP-RESPONSIBILITY,accept,"","","","","","","","Genuine repeating group (XSD maxOccurs > 1): the group element is the repeat_root in filings with 2+ rows and '' in single-row filings, so the unrepeated share just means most filers report one row. Attachment detail group is unbounded. Evidence: 1,422 filings TY2023, max 543/filing, repeats in 606 filings; repeat_root: ''=769; ExpenditureResponsibilityStmt=1; ExpenditureResponsibilityStmt/ExpenditureResponsibilityGrp=652.",high
MANY_NOT_REPEATING,/Return/ReturnData/ExpenditureResponsibilityStmt/ExpenditureResponsibilityGrp/VerificationDt,PF_AX16_EXP_RESP_DATE_VERIFICA,PF-P99-T16-EXP-RESPONSIBILITY,accept,"","","","","","","","Genuine repeating group (XSD maxOccurs > 1): the group element is the repeat_root in filings with 2+ rows and '' in single-row filings, so the unrepeated share just means most filers report one row. Attachment detail group is unbounded. Evidence: 756 filings TY2023, max 170/filing, repeats in 327 filings; repeat_root: ''=416; ExpenditureResponsibilityStmt=1; ExpenditureResponsibilityStmt/ExpenditureResponsibilityGrp=339.",high
MANY_NOT_REPEATING,/Return/ReturnData/GainLossSaleOtherAssetsSch/GainLossSaleOtherAssetGrp/PurchaserNameGrp/BusinessName/BusinessNameLine1Txt,PF_AX20_SALE_ASSET_P_NAME_ORG_L1,PF-P99-T20-SALE-OTH-ASSET,accept,"","","","","","","","Genuine repeating group (XSD maxOccurs > 1): the group element is the repeat_root in filings with 2+ rows and '' in single-row filings, so the unrepeated share just means most filers report one row. Attachment detail group is unbounded. Evidence: 322 filings TY2023, max 225/filing, repeats in 154 filings; repeat_root: ''=162; GainLossSaleOtherAssetsSch=3; GainLossSaleOtherAssetsSch/GainLossSaleOtherAssetGrp=157.",high
MANY_NOT_REPEATING,/Return/ReturnData/GeneralExplanationAttachment/GeneralExplanationGrp/FormAndLineReferenceDesc,PF_AX22_FORM_LINE_REFERENCE,PF-P99-T22-SUPPLEMENTAL-INFO,accept,"","","","","","","","Genuine repeating group (XSD maxOccurs > 1): the group element is the repeat_root in filings with 2+ rows and '' in single-row filings, so the unrepeated share just means most filers report one row. Attachment detail group is unbounded. Evidence: 6,176 filings TY2023, max 10/filing, repeats in 528 filings; repeat_root: ''=5648; GeneralExplanationAttachment/GeneralExplanationGrp=528.",high
MANY_NOT_REPEATING,/Return/ReturnData/GeneralExplanationAttachment/GeneralExplanationGrp/IdentifierTxt,PF_AX22_IDENTIFIER,PF-P99-T22-SUPPLEMENTAL-INFO,accept,"","","","","","","","Genuine repeating group (XSD maxOccurs > 1): the group element is the repeat_root in filings with 2+ rows and '' in single-row filings, so the unrepeated share just means most filers report one row. Attachment detail group is unbounded. Evidence: 5,063 filings TY2023, max 10/filing, repeats in 313 filings; repeat_root: ''=4714; GeneralExplanationAttachment/GeneralExplanationGrp=349.",high
MANY_NOT_REPEATING,/Return/ReturnData/GeneralExplanationAttachment/GeneralExplanationGrp/MediumExplanationTxt,PF_AX22_EXPLANATION_TEXT,PF-P99-T22-SUPPLEMENTAL-INFO,accept,"","","","","","","","Genuine repeating group (XSD maxOccurs > 1): the group element is the repeat_root in filings with 2+ rows and '' in single-row filings, so the unrepeated share just means most filers report one row. Attachment detail group is unbounded. Evidence: 6,161 filings TY2023, max 10/filing, repeats in 521 filings; repeat_root: ''=5634; GeneralExplanationAttachment/GeneralExplanationGrp=527.",high
MANY_NOT_REPEATING,/Return/ReturnData/IRS990PF/AnalysisIncomeProducingActyGrp/OtherRevenueDescribedGrp/Desc,PF_16_REV_OTH_DESC,PF-P16-T02-INCOME-PRODUCING-ACTS,accept,"","","","","","","","Genuine repeating group (XSD maxOccurs > 1): the group element is the repeat_root in filings with 2+ rows and '' in single-row filings, so the unrepeated share just means most filers report one row. OtherRevenueDescribedGrp maxOccurs 20. Evidence: 23,104 filings TY2023, max 20/filing, repeats in 4,902 filings; repeat_root: ''=18040; IRS990PF/AnalysisIncomeProducingActyGrp/OtherRevenueDescribedGrp=5064.",high
MANY_NOT_REPEATING,/Return/ReturnData/IRS990PF/AnalysisIncomeProducingActyGrp/OtherRevenueDescribedGrp/ExclusionAmt,PF_16_REV_OTH_EXCL_AMT,PF-P16-T02-INCOME-PRODUCING-ACTS,accept,"","","","","","","","Genuine repeating group (XSD maxOccurs > 1): the group element is the repeat_root in filings with 2+ rows and '' in single-row filings, so the unrepeated share just means most filers report one row. OtherRevenueDescribedGrp maxOccurs 20. Evidence: 23,005 filings TY2023, max 20/filing, repeats in 8,093 filings; repeat_root: ''=14450; IRS990PF/AnalysisIncomeProducingActyGrp/OtherRevenueDescribedGrp=8555.",high
MANY_NOT_REPEATING,/Return/ReturnData/IRS990PF/AnalysisIncomeProducingActyGrp/OtherRevenueDescribedGrp/ExclusionCd,PF_16_REV_OTH_EXCL_CODE,PF-P16-T02-INCOME-PRODUCING-ACTS,accept,"","","","","","","","Genuine repeating group (XSD maxOccurs > 1): the group element is the repeat_root in filings with 2+ rows and '' in single-row filings, so the unrepeated share just means most filers report one row. OtherRevenueDescribedGrp maxOccurs 20. Evidence: 18,266 filings TY2023, max 20/filing, repeats in 3,264 filings; repeat_root: ''=14530; IRS990PF/AnalysisIncomeProducingActyGrp/OtherRevenueDescribedGrp=3736.",high
MANY_NOT_REPEATING,/Return/ReturnData/IRS990PF/OfficerDirTrstKeyEmplInfoGrp/CompOfHghstPdCntrctOrNONETxt,PF_08_COMP_KONTR_NONE,PF-P08-T00-COMPENSATION-CONTRACTORS,table_to_one,"","","","","","","","Table holds only the 'NONE' text for Part VII line 3 (one per filing, never repeats). The T00 name signals a one-row table; tables.csv has MANY by mistake. Evidence: 97,764 filings TY2023, max 1/filing, repeats in 0 filings; repeat_root: ''=97763; ''=1.",high
MANY_NOT_REPEATING,/Return/ReturnData/IRS990PF/OfficerDirTrstKeyEmplInfoGrp/CompOfHghstPdEmplOrNONETxt,PF_08_COMP_DTK_NONE_HCE,PF-P08-T02-COMPENSATION-HIGHEST,move_variable,PF-P08-T00-COMPENSATION-HIGHEST,"","","","","","","Single 'NONE' text for Part VII line 2, sits outside CompensationHighestPaidEmplGrp; belongs in the one-row companion table that already holds PF_08_COMP_DTK_NUM_GT_50K_HCE. Evidence: 98,732 filings TY2023, max 1/filing, repeats in 0 filings; repeat_root: ''=98732.",high
MANY_NOT_REPEATING,/Return/ReturnData/IRS990PF/OfficerDirTrstKeyEmplInfoGrp/CompensationOfHghstPdCntrctGrp/BusinessName/BusinessNameLine1Txt,PF_08_COMP_DTK_NAME_ORG_L1_HCE,PF-P08-T02-COMPENSATION-HIGHEST,move_variable,PF_08_COMP_KONTR_NAME_ORG_L1,"","","","","","","Mapping error, not a cardinality issue: this is the CONTRACTOR group (line 3) but is mapped to PF_08_COMP_DTK_NAME_ORG_L1_HCE in the highest-paid-employee table. Remap the xpath (and its BusinessNameLine1/Line2 siblings -> PF_08_COMP_KONTR_NAME_ORG_L1/_L2) to PF-P08-T03; group repeats (maxOccurs 5). Evidence: 4,152 filings TY2023, max 5/filing, repeats in 1,890 filings; repeat_root: ''=2201; IRS990PF/OfficerDirTrstKeyEmplInfoGrp/CompensationOfHghstPdCntrctGrp=1951.",high
MANY_NOT_REPEATING,/Return/ReturnData/IRS990PF/OfficerDirTrstKeyEmplInfoGrp/CompensationOfHghstPdCntrctGrp/CompensationAmt,PF_08_COMP_KONTR_COMP,PF-P08-T03-COMPENSATION-CONTRACTORS,accept,"","","","","","","","Genuine repeating group (XSD maxOccurs > 1): the group element is the repeat_root in filings with 2+ rows and '' in single-row filings, so the unrepeated share just means most filers report one row. OfficerDirTrstKeyEmplGrp is unbounded; CompensationOfHghstPdCntrctGrp maxOccurs 5. Evidence: 4,650 filings TY2023, max 5/filing, repeats in 2,058 filings; repeat_root: ''=2592; IRS990PF/OfficerDirTrstKeyEmplInfoGrp/CompensationOfHghstPdCntrctGrp=2058.",high
MANY_NOT_REPEATING,/Return/ReturnData/IRS990PF/OfficerDirTrstKeyEmplInfoGrp/CompensationOfHghstPdCntrctGrp/PersonNm,PF_08_COMP_KONTR_NAME_PERS,PF-P08-T03-COMPENSATION-CONTRACTORS,accept,"","","","","","","","Genuine repeating group (XSD maxOccurs > 1): the group element is the repeat_root in filings with 2+ rows and '' in single-row filings, so the unrepeated share just means most filers report one row. OfficerDirTrstKeyEmplGrp is unbounded; CompensationOfHghstPdCntrctGrp maxOccurs 5. Evidence: 670 filings TY2023, max 5/filing, repeats in 150 filings; repeat_root: ''=391; IRS990PF/OfficerDirTrstKeyEmplInfoGrp/CompensationOfHghstPdCntrctGrp=279.",high
MANY_NOT_REPEATING,/Return/ReturnData/IRS990PF/OfficerDirTrstKeyEmplInfoGrp/CompensationOfHghstPdCntrctGrp/ServiceTypeTxt,PF_08_COMP_KONTR_TYPE_SVC,PF-P08-T03-COMPENSATION-CONTRACTORS,accept,"","","","","","","","Genuine repeating group (XSD maxOccurs > 1): the group element is the repeat_root in filings with 2+ rows and '' in single-row filings, so the unrepeated share just means most filers report one row. OfficerDirTrstKeyEmplGrp is unbounded; CompensationOfHghstPdCntrctGrp maxOccurs 5. Evidence: 4,650 filings TY2023, max 5/filing, repeats in 2,058 filings; repeat_root: ''=2592; IRS990PF/OfficerDirTrstKeyEmplInfoGrp/CompensationOfHghstPdCntrctGrp=2058.",high
MANY_NOT_REPEATING,/Return/ReturnData/IRS990PF/OfficerDirTrstKeyEmplInfoGrp/CompensationOfHghstPdCntrctGrp/USAddress/AddressLine1Txt,PF_08_COMP_KONTR_ADDR_L1,PF-P08-T03-COMPENSATION-CONTRACTORS,accept,"","","","","","","","Genuine repeating group (XSD maxOccurs > 1): the group element is the repeat_root in filings with 2+ rows and '' in single-row filings, so the unrepeated share just means most filers report one row. OfficerDirTrstKeyEmplGrp is unbounded; CompensationOfHghstPdCntrctGrp maxOccurs 5. Evidence: 4,579 filings TY2023, max 5/filing, repeats in 1,994 filings; repeat_root: ''=2546; IRS990PF/OfficerDirTrstKeyEmplInfoGrp/CompensationOfHghstPdCntrctGrp=2033.",high
MANY_NOT_REPEATING,/Return/ReturnData/IRS990PF/OfficerDirTrstKeyEmplInfoGrp/CompensationOfHghstPdCntrctGrp/USAddress/CityNm,PF_08_COMP_KONTR_ADDR_CITY,PF-P08-T03-COMPENSATION-CONTRACTORS,accept,"","","","","","","","Genuine repeating group (XSD maxOccurs > 1): the group element is the repeat_root in filings with 2+ rows and '' in single-row filings, so the unrepeated share just means most filers report one row. OfficerDirTrstKeyEmplGrp is unbounded; CompensationOfHghstPdCntrctGrp maxOccurs 5. Evidence: 4,579 filings TY2023, max 5/filing, repeats in 1,994 filings; repeat_root: ''=2546; IRS990PF/OfficerDirTrstKeyEmplInfoGrp/CompensationOfHghstPdCntrctGrp=2033.",high
MANY_NOT_REPEATING,/Return/ReturnData/IRS990PF/OfficerDirTrstKeyEmplInfoGrp/CompensationOfHghstPdCntrctGrp/USAddress/StateAbbreviationCd,PF_08_COMP_KONTR_ADDR_STATE,PF-P08-T03-COMPENSATION-CONTRACTORS,accept,"","","","","","","","Genuine repeating group (XSD maxOccurs > 1): the group element is the repeat_root in filings with 2+ rows and '' in single-row filings, so the unrepeated share just means most filers report one row. OfficerDirTrstKeyEmplGrp is unbounded; CompensationOfHghstPdCntrctGrp maxOccurs 5. Evidence: 4,579 filings TY2023, max 5/filing, repeats in 1,994 filings; repeat_root: ''=2546; IRS990PF/OfficerDirTrstKeyEmplInfoGrp/CompensationOfHghstPdCntrctGrp=2033.",high
MANY_NOT_REPEATING,/Return/ReturnData/IRS990PF/OfficerDirTrstKeyEmplInfoGrp/CompensationOfHghstPdCntrctGrp/USAddress/ZIPCd,PF_08_COMP_KONTR_ADDR_ZIP,PF-P08-T03-COMPENSATION-CONTRACTORS,accept,"","","","","","","","Genuine repeating group (XSD maxOccurs > 1): the group element is the repeat_root in filings with 2+ rows and '' in single-row filings, so the unrepeated share just means most filers report one row. OfficerDirTrstKeyEmplGrp is unbounded; CompensationOfHghstPdCntrctGrp maxOccurs 5. Evidence: 4,579 filings TY2023, max 5/filing, repeats in 1,994 filings; repeat_root: ''=2546; IRS990PF/OfficerDirTrstKeyEmplInfoGrp/CompensationOfHghstPdCntrctGrp=2033.",high
MANY_NOT_REPEATING,/Return/ReturnData/IRS990PF/OfficerDirTrstKeyEmplInfoGrp/ContractorPaidOver50kCnt,PF_08_COMP_KONTR_NUM_GT_50K,PF-P08-T03-COMPENSATION-CONTRACTORS,move_variable,PF-P08-T00-COMPENSATION-CONTRACTORS,"","","","","","","Part VII line 3 count is one per filing, outside CompensationOfHghstPdCntrctGrp; move to the (one-row) contractors T00 table next to PF_08_COMP_KONTR_NONE. Evidence: 64,476 filings TY2023, max 1/filing, repeats in 0 filings; repeat_root: ''=64476.",high
MANY_NOT_REPEATING,/Return/ReturnData/IRS990PF/OfficerDirTrstKeyEmplInfoGrp/OfficerDirTrstKeyEmplGrp/BusinessName/BusinessNameLine1Txt,PF_08_COMP_DTK_NAME_ORG_L1,PF-P08-T01-COMPENSATION,accept,"","","","","","","","Genuine repeating group (XSD maxOccurs > 1): the group element is the repeat_root in filings with 2+ rows and '' in single-row filings, so the unrepeated share just means most filers report one row. OfficerDirTrstKeyEmplGrp is unbounded; CompensationOfHghstPdCntrctGrp maxOccurs 5. Evidence: 5,202 filings TY2023, max 35/filing, repeats in 1,024 filings; repeat_root: ''=3544; IRS990PF/OfficerDirTrstKeyEmplInfoGrp/OfficerDirTrstKeyEmplGrp=1658.",high
MANY_NOT_REPEATING,/Return/ReturnData/IRS990PF/OfficerDirTrstKeyEmplInfoGrp/OfficerDirTrstKeyEmplGrp/BusinessName/BusinessNameLine2Txt,PF_08_COMP_DTK_NAME_ORG_L2,PF-P08-T01-COMPENSATION,accept,"","","","","","","","Genuine repeating group (XSD maxOccurs > 1): the group element is the repeat_root in filings with 2+ rows and '' in single-row filings, so the unrepeated share just means most filers report one row. OfficerDirTrstKeyEmplGrp is unbounded; CompensationOfHghstPdCntrctGrp maxOccurs 5. Evidence: 191 filings TY2023, max 12/filing, repeats in 9 filings; repeat_root: ''=116; IRS990PF/OfficerDirTrstKeyEmplInfoGrp/OfficerDirTrstKeyEmplGrp=75.",high
MANY_NOT_REPEATING,/Return/ReturnData/IRS990PF/RlnOfActyToAccomOfExmptPrpsGrp/RlnOfActyToAccomOfExmptPrpsGrp/LineNumberTxt,PF_16_EXEMPT_PURPOSE_LINE_NUM,PF-P16-T03-ACTS-RELATIONSHIP-EXEMPT-PURPOSE,accept,"","","","","","","","Genuine repeating group (XSD maxOccurs > 1): the group element is the repeat_root in filings with 2+ rows and '' in single-row filings, so the unrepeated share just means most filers report one row. Inner RlnOfActyToAccomOfExmptPrpsGrp maxOccurs 65. Evidence: 14,934 filings TY2023, max 34/filing, repeats in 5,837 filings; repeat_root: ''=9097; IRS990PF/RlnOfActyToAccomOfExmptPrpsGrp/RlnOfActyToAccomOfExmptPrpsGrp=5837.",high
MANY_NOT_REPEATING,/Return/ReturnData/IRS990PF/RlnOfActyToAccomOfExmptPrpsGrp/RlnOfActyToAccomOfExmptPrpsGrp/RelationshipStatementTxt,PF_16_EXEMPT_PURPOSE_TEXT,PF-P16-T03-ACTS-RELATIONSHIP-EXEMPT-PURPOSE,accept,"","","","","","","","Genuine repeating group (XSD maxOccurs > 1): the group element is the repeat_root in filings with 2+ rows and '' in single-row filings, so the unrepeated share just means most filers report one row. Inner RlnOfActyToAccomOfExmptPrpsGrp maxOccurs 65. Evidence: 14,934 filings TY2023, max 34/filing, repeats in 5,837 filings; repeat_root: ''=9097; IRS990PF/RlnOfActyToAccomOfExmptPrpsGrp/RlnOfActyToAccomOfExmptPrpsGrp=5837.",high
MANY_NOT_REPEATING,/Return/ReturnData/IRS990PF/SumOfProgramRelatedInvstGrp/AllOtherProgramRltdInvstTotAmt,PF_09_PROG_RLTD_INVEST_AMT_3,PF-P09-T02-PROG-RELATED-INVESTMENTS,table_to_one,PF-P09-T00-PROG-RELATED-INVESTMENTS,"","","","","","","Fixed line slots with one variable each (DESC_1, DESC_2, AMT_1, AMT_2, AMT_3); never repeat. Fold into the existing one-row PF-P09-T00 (which holds the total) or set T02 to ONE. Evidence: 3,927 filings TY2023, max 1/filing, repeats in 0 filings; repeat_root: ''=3927.",high
MANY_NOT_REPEATING,/Return/ReturnData/IRS990PF/SumOfProgramRelatedInvstGrp/Description1Txt,PF_09_PROG_RLTD_INVEST_DESC_1,PF-P09-T02-PROG-RELATED-INVESTMENTS,table_to_one,PF-P09-T00-PROG-RELATED-INVESTMENTS,"","","","","","","Fixed line slots with one variable each (DESC_1, DESC_2, AMT_1, AMT_2, AMT_3); never repeat. Fold into the existing one-row PF-P09-T00 (which holds the total) or set T02 to ONE. Evidence: 24,685 filings TY2023, max 1/filing, repeats in 0 filings; repeat_root: ''=24685.",high
MANY_NOT_REPEATING,/Return/ReturnData/IRS990PF/SumOfProgramRelatedInvstGrp/Description2Txt,PF_09_PROG_RLTD_INVEST_DESC_2,PF-P09-T02-PROG-RELATED-INVESTMENTS,table_to_one,PF-P09-T00-PROG-RELATED-INVESTMENTS,"","","","","","","Fixed line slots with one variable each (DESC_1, DESC_2, AMT_1, AMT_2, AMT_3); never repeat. Fold into the existing one-row PF-P09-T00 (which holds the total) or set T02 to ONE. Evidence: 1,190 filings TY2023, max 1/filing, repeats in 0 filings; repeat_root: ''=1190.",high
MANY_NOT_REPEATING,/Return/ReturnData/IRS990PF/SumOfProgramRelatedInvstGrp/Expenses1Amt,PF_09_PROG_RLTD_INVEST_AMT_1,PF-P09-T02-PROG-RELATED-INVESTMENTS,table_to_one,PF-P09-T00-PROG-RELATED-INVESTMENTS,"","","","","","","Fixed line slots with one variable each (DESC_1, DESC_2, AMT_1, AMT_2, AMT_3); never repeat. Fold into the existing one-row PF-P09-T00 (which holds the total) or set T02 to ONE. Evidence: 6,112 filings TY2023, max 1/filing, repeats in 0 filings; repeat_root: ''=6112.",high
MANY_NOT_REPEATING,/Return/ReturnData/IRS990PF/SumOfProgramRelatedInvstGrp/Expenses2Amt,PF_09_PROG_RLTD_INVEST_AMT_2,PF-P09-T02-PROG-RELATED-INVESTMENTS,table_to_one,PF-P09-T00-PROG-RELATED-INVESTMENTS,"","","","","","","Fixed line slots with one variable each (DESC_1, DESC_2, AMT_1, AMT_2, AMT_3); never repeat. Fold into the existing one-row PF-P09-T00 (which holds the total) or set T02 to ONE. Evidence: 1,122 filings TY2023, max 1/filing, repeats in 0 filings; repeat_root: ''=1122.",high
MANY_NOT_REPEATING,/Return/ReturnData/IRS990PF/SummaryOfDirectChrtblActyGrp/Description1Txt,PF_09_CHARIT_ACT_DESC,PF-P09-T01-CHARITABLE-ACTIVITIES,table_to_one,"","","","","","","","Not a repeating element: four fixed line slots (Description1Txt..Description4Txt / Expenses1Amt..Expenses4Amt) all mapped to one variable, which produces COLLISIONs and has no group_xpath. Make the table ONE and split into PF_09_CHARIT_ACT_DESC_1..4 / PF_09_CHARIT_ACT_EXP_1..4 (as PF-P09-T02 already does with _1/_2), or keep MANY with an explicit slot index (human choice). Evidence: 32,488 filings TY2023, max 1/filing, repeats in 0 filings; repeat_root: ''=32488.",medium
MANY_NOT_REPEATING,/Return/ReturnData/IRS990PF/SummaryOfDirectChrtblActyGrp/Description2Txt,PF_09_CHARIT_ACT_DESC,PF-P09-T01-CHARITABLE-ACTIVITIES,table_to_one,"","","","","","","","Not a repeating element: four fixed line slots (Description1Txt..Description4Txt / Expenses1Amt..Expenses4Amt) all mapped to one variable, which produces COLLISIONs and has no group_xpath. Make the table ONE and split into PF_09_CHARIT_ACT_DESC_1..4 / PF_09_CHARIT_ACT_EXP_1..4 (as PF-P09-T02 already does with _1/_2), or keep MANY with an explicit slot index (human choice). Evidence: 7,668 filings TY2023, max 1/filing, repeats in 0 filings; repeat_root: ''=7668.",medium
MANY_NOT_REPEATING,/Return/ReturnData/IRS990PF/SummaryOfDirectChrtblActyGrp/Description3Txt,PF_09_CHARIT_ACT_DESC,PF-P09-T01-CHARITABLE-ACTIVITIES,table_to_one,"","","","","","","","Not a repeating element: four fixed line slots (Description1Txt..Description4Txt / Expenses1Amt..Expenses4Amt) all mapped to one variable, which produces COLLISIONs and has no group_xpath. Make the table ONE and split into PF_09_CHARIT_ACT_DESC_1..4 / PF_09_CHARIT_ACT_EXP_1..4 (as PF-P09-T02 already does with _1/_2), or keep MANY with an explicit slot index (human choice). Evidence: 4,769 filings TY2023, max 1/filing, repeats in 0 filings; repeat_root: ''=4769.",medium
MANY_NOT_REPEATING,/Return/ReturnData/IRS990PF/SummaryOfDirectChrtblActyGrp/Description4Txt,PF_09_CHARIT_ACT_DESC,PF-P09-T01-CHARITABLE-ACTIVITIES,table_to_one,"","","","","","","","Not a repeating element: four fixed line slots (Description1Txt..Description4Txt / Expenses1Amt..Expenses4Amt) all mapped to one variable, which produces COLLISIONs and has no group_xpath. Make the table ONE and split into PF_09_CHARIT_ACT_DESC_1..4 / PF_09_CHARIT_ACT_EXP_1..4 (as PF-P09-T02 already does with _1/_2), or keep MANY with an explicit slot index (human choice). Evidence: 3,257 filings TY2023, max 1/filing, repeats in 0 filings; repeat_root: ''=3257.",medium
MANY_NOT_REPEATING,/Return/ReturnData/IRS990PF/SummaryOfDirectChrtblActyGrp/Expenses1Amt,PF_09_CHARIT_ACT_EXP,PF-P09-T01-CHARITABLE-ACTIVITIES,table_to_one,"","","","","","","","Not a repeating element: four fixed line slots (Description1Txt..Description4Txt / Expenses1Amt..Expenses4Amt) all mapped to one variable, which produces COLLISIONs and has no group_xpath. Make the table ONE and split into PF_09_CHARIT_ACT_DESC_1..4 / PF_09_CHARIT_ACT_EXP_1..4 (as PF-P09-T02 already does with _1/_2), or keep MANY with an explicit slot index (human choice). Evidence: 28,488 filings TY2023, max 1/filing, repeats in 0 filings; repeat_root: ''=28488.",medium
MANY_NOT_REPEATING,/Return/ReturnData/IRS990PF/SummaryOfDirectChrtblActyGrp/Expenses2Amt,PF_09_CHARIT_ACT_EXP,PF-P09-T01-CHARITABLE-ACTIVITIES,table_to_one,"","","","","","","","Not a repeating element: four fixed line slots (Description1Txt..Description4Txt / Expenses1Amt..Expenses4Amt) all mapped to one variable, which produces COLLISIONs and has no group_xpath. Make the table ONE and split into PF_09_CHARIT_ACT_DESC_1..4 / PF_09_CHARIT_ACT_EXP_1..4 (as PF-P09-T02 already does with _1/_2), or keep MANY with an explicit slot index (human choice). Evidence: 7,059 filings TY2023, max 1/filing, repeats in 0 filings; repeat_root: ''=7059.",medium
MANY_NOT_REPEATING,/Return/ReturnData/IRS990PF/SummaryOfDirectChrtblActyGrp/Expenses3Amt,PF_09_CHARIT_ACT_EXP,PF-P09-T01-CHARITABLE-ACTIVITIES,table_to_one,"","","","","","","","Not a repeating element: four fixed line slots (Description1Txt..Description4Txt / Expenses1Amt..Expenses4Amt) all mapped to one variable, which produces COLLISIONs and has no group_xpath. Make the table ONE and split into PF_09_CHARIT_ACT_DESC_1..4 / PF_09_CHARIT_ACT_EXP_1..4 (as PF-P09-T02 already does with _1/_2), or keep MANY with an explicit slot index (human choice). Evidence: 4,470 filings TY2023, max 1/filing, repeats in 0 filings; repeat_root: ''=4470.",medium
MANY_NOT_REPEATING,/Return/ReturnData/IRS990PF/SummaryOfDirectChrtblActyGrp/Expenses4Amt,PF_09_CHARIT_ACT_EXP,PF-P09-T01-CHARITABLE-ACTIVITIES,table_to_one,"","","","","","","","Not a repeating element: four fixed line slots (Description1Txt..Description4Txt / Expenses1Amt..Expenses4Amt) all mapped to one variable, which produces COLLISIONs and has no group_xpath. Make the table ONE and split into PF_09_CHARIT_ACT_DESC_1..4 / PF_09_CHARIT_ACT_EXP_1..4 (as PF-P09-T02 already does with _1/_2), or keep MANY with an explicit slot index (human choice). Evidence: 3,082 filings TY2023, max 1/filing, repeats in 0 filings; repeat_root: ''=3082.",medium
MANY_NOT_REPEATING,/Return/ReturnData/IRS990PF/TrnsfrTransRlnNonchrtblEOGrp/RelationshipScheduleDetail/OrganizationBusinessName/BusinessNameLine1Txt,PF_17_RELATIONSHIP_NAME_ORG_L1,PF-P17-T02-RELATIONSHIPS,accept,"","","","","","","","Genuine repeating group (XSD maxOccurs > 1): the group element is the repeat_root in filings with 2+ rows and '' in single-row filings, so the unrepeated share just means most filers report one row. Evidence: 1,092 filings TY2023, max 14/filing, repeats in 210 filings; repeat_root: ''=882; IRS990PF/TrnsfrTransRlnNonchrtblEOGrp/RelationshipScheduleDetail=210.",high
MANY_NOT_REPEATING,/Return/ReturnData/IRS990PF/TrnsfrTransRlnNonchrtblEOGrp/RelationshipScheduleDetail/OrganizationBusinessName/BusinessNameLine2Txt,PF_17_RELATIONSHIP_NAME_ORG_L2,PF-P17-T02-RELATIONSHIPS,accept,"","","","","","","","Genuine repeating group (XSD maxOccurs > 1): the group element is the repeat_root in filings with 2+ rows and '' in single-row filings, so the unrepeated share just means most filers report one row. Evidence: 14 filings TY2023, max 2/filing, repeats in 2 filings; repeat_root: ''=9; IRS990PF/TrnsfrTransRlnNonchrtblEOGrp/RelationshipScheduleDetail=5.",high
MANY_NOT_REPEATING,/Return/ReturnData/IRS990PF/TrnsfrTransRlnNonchrtblEOGrp/RelationshipScheduleDetail/OrganizationTypeDesc,PF_17_RELATIONSHIP_TYPE_ORG,PF-P17-T02-RELATIONSHIPS,accept,"","","","","","","","Genuine repeating group (XSD maxOccurs > 1): the group element is the repeat_root in filings with 2+ rows and '' in single-row filings, so the unrepeated share just means most filers report one row. Evidence: 1,087 filings TY2023, max 14/filing, repeats in 202 filings; repeat_root: ''=877; IRS990PF/TrnsfrTransRlnNonchrtblEOGrp/RelationshipScheduleDetail=210.",high
MANY_NOT_REPEATING,/Return/ReturnData/IRS990PF/TrnsfrTransRlnNonchrtblEOGrp/RelationshipScheduleDetail/RelationshipDescriptionTxt,PF_17_RELATIONSHIP_DESC,PF-P17-T02-RELATIONSHIPS,accept,"","","","","","","","Genuine repeating group (XSD maxOccurs > 1): the group element is the repeat_root in filings with 2+ rows and '' in single-row filings, so the unrepeated share just means most filers report one row. Evidence: 1,087 filings TY2023, max 14/filing, repeats in 201 filings; repeat_root: ''=877; IRS990PF/TrnsfrTransRlnNonchrtblEOGrp/RelationshipScheduleDetail=210.",high
MANY_NOT_REPEATING,/Return/ReturnData/IRS990PF/TrnsfrTransRlnNonchrtblEOGrp/TransferScheduleDetail/InvolvedAmt,PF_17_TRANSFER_AMT_INVOLVED,PF-P17-T01-TRANSFERS-TRANSACTIONS,accept,"","","","","","","","Genuine repeating group (XSD maxOccurs > 1): the group element is the repeat_root in filings with 2+ rows and '' in single-row filings, so the unrepeated share just means most filers report one row. Evidence: 697 filings TY2023, max 21/filing, repeats in 172 filings; repeat_root: ''=524; IRS990PF/TrnsfrTransRlnNonchrtblEOGrp/TransferScheduleDetail=173.",high
MANY_NOT_REPEATING,/Return/ReturnData/IRS990PF/TrnsfrTransRlnNonchrtblEOGrp/TransferScheduleDetail/LineNumberTxt,PF_17_TRANSFER_LINE_NUM,PF-P17-T01-TRANSFERS-TRANSACTIONS,accept,"","","","","","","","Genuine repeating group (XSD maxOccurs > 1): the group element is the repeat_root in filings with 2+ rows and '' in single-row filings, so the unrepeated share just means most filers report one row. Evidence: 695 filings TY2023, max 21/filing, repeats in 171 filings; repeat_root: ''=522; IRS990PF/TrnsfrTransRlnNonchrtblEOGrp/TransferScheduleDetail=173.",high
MANY_NOT_REPEATING,/Return/ReturnData/IRS990PF/TrnsfrTransRlnNonchrtblEOGrp/TransferScheduleDetail/NoncharitableExemptOrgName/BusinessNameLine1Txt,PF_17_TRANSFER_NAME_ORG_L1,PF-P17-T01-TRANSFERS-TRANSACTIONS,accept,"","","","","","","","Genuine repeating group (XSD maxOccurs > 1): the group element is the repeat_root in filings with 2+ rows and '' in single-row filings, so the unrepeated share just means most filers report one row. Evidence: 756 filings TY2023, max 21/filing, repeats in 173 filings; repeat_root: ''=583; IRS990PF/TrnsfrTransRlnNonchrtblEOGrp/TransferScheduleDetail=173.",high
MANY_NOT_REPEATING,/Return/ReturnData/IRS990PF/TrnsfrTransRlnNonchrtblEOGrp/TransferScheduleDetail/NoncharitableExemptOrgName/BusinessNameLine2Txt,PF_17_TRANSFER_NAME_ORG_L2,PF-P17-T01-TRANSFERS-TRANSACTIONS,accept,"","","","","","","","Genuine repeating group (XSD maxOccurs > 1): the group element is the repeat_root in filings with 2+ rows and '' in single-row filings, so the unrepeated share just means most filers report one row. Evidence: 3 filings TY2023, max 1/filing, repeats in 0 filings; repeat_root: ''=3.",high
MANY_NOT_REPEATING,/Return/ReturnData/IRS990PF/TrnsfrTransRlnNonchrtblEOGrp/TransferScheduleDetail/TransfersTransAndShrArrngmDesc,PF_17_TRANSFER_DESC,PF-P17-T01-TRANSFERS-TRANSACTIONS,accept,"","","","","","","","Genuine repeating group (XSD maxOccurs > 1): the group element is the repeat_root in filings with 2+ rows and '' in single-row filings, so the unrepeated share just means most filers report one row. Evidence: 704 filings TY2023, max 21/filing, repeats in 172 filings; repeat_root: ''=531; IRS990PF/TrnsfrTransRlnNonchrtblEOGrp/TransferScheduleDetail=173.",high
MANY_NOT_REPEATING,/Return/ReturnData/IRS990ScheduleB/ContributorInformationGrp/ContributorNum,SB_01_CONTRIBUTOR_TYPE,SB-P01-T01-CONTRIBUTORS,accept,"","","","","","","","Genuine repeating group (XSD maxOccurs > 1): the group element is the repeat_root in filings with 2+ rows and '' in single-row filings, so the unrepeated share just means most filers report one row. Note: SB_01_CONTRIBUTOR_TYPE is a misnomer for ContributorNum; consider renaming to SB_01_CONTRIBUTOR_NUM (text identifier). Evidence: 27,626 filings TY2023, max 804/filing, repeats in 8,493 filings; repeat_root: ''=19133; IRS990ScheduleB/ContributorInformationGrp=8493.",high
MANY_NOT_REPEATING,/Return/ReturnData/IRS990ScheduleB/ContributorInformationGrp/TotalContributionsAmt,SB_01_CONTRIBUTOR_AMOUNT,SB-P01-T01-CONTRIBUTORS,accept,"","","","","","","","Genuine repeating group (XSD maxOccurs > 1): the group element is the repeat_root in filings with 2+ rows and '' in single-row filings, so the unrepeated share just means most filers report one row. Evidence: 27,626 filings TY2023, max 804/filing, repeats in 8,493 filings; repeat_root: ''=19133; IRS990ScheduleB/ContributorInformationGrp=8493.",high
MANY_NOT_REPEATING,/Return/ReturnData/InvestmentsGovtObligationsSch/StateLocalSecBookVlEOYAmt,PF_AX25_INVEST_STATE_SEC_EOY_BV,PF-P99-T25-INVEST-GOVT-SEC,table_to_one,"","","","","","","","InvestmentsGovtObligationsSch has no repeating child: the four EOY book/FMV totals are direct children. Only the attachment itself can repeat (ReturnData maxOccurs unbounded; 10-11 filings). Make ONE (or move the 4 variables to PF-P99-T00-AUXILLIARY) and accept ONE_REPEATS for the rare multi-attachment filings. Evidence: 6,217 filings TY2023, max 23/filing, repeats in 1 filings; repeat_root: ''=6216; InvestmentsGovtObligationsSch=1.",medium
MANY_NOT_REPEATING,/Return/ReturnData/InvestmentsGovtObligationsSch/StateLocalSecEOYFMVAmt,PF_AX25_INVEST_STATE_SEC_EOY_FMV,PF-P99-T25-INVEST-GOVT-SEC,table_to_one,"","","","","","","","InvestmentsGovtObligationsSch has no repeating child: the four EOY book/FMV totals are direct children. Only the attachment itself can repeat (ReturnData maxOccurs unbounded; 10-11 filings). Make ONE (or move the 4 variables to PF-P99-T00-AUXILLIARY) and accept ONE_REPEATS for the rare multi-attachment filings. Evidence: 6,208 filings TY2023, max 23/filing, repeats in 1 filings; repeat_root: ''=6207; InvestmentsGovtObligationsSch=1.",medium
MANY_NOT_REPEATING,/Return/ReturnData/InvestmentsGovtObligationsSch/USGovtObligationsBookVlEOYAmt,PF_AX25_INVEST_GOVT_SEC_EOY_BV,PF-P99-T25-INVEST-GOVT-SEC,table_to_one,"","","","","","","","InvestmentsGovtObligationsSch has no repeating child: the four EOY book/FMV totals are direct children. Only the attachment itself can repeat (ReturnData maxOccurs unbounded; 10-11 filings). Make ONE (or move the 4 variables to PF-P99-T00-AUXILLIARY) and accept ONE_REPEATS for the rare multi-attachment filings. Evidence: 8,858 filings TY2023, max 4/filing, repeats in 11 filings; repeat_root: ''=8847; InvestmentsGovtObligationsSch=11.",medium
MANY_NOT_REPEATING,/Return/ReturnData/InvestmentsGovtObligationsSch/USGovtObligationsEOYFMVAmt,PF_AX25_INVEST_GOVT_SEC_EOY_FMV,PF-P99-T25-INVEST-GOVT-SEC,table_to_one,"","","","","","","","InvestmentsGovtObligationsSch has no repeating child: the four EOY book/FMV totals are direct children. Only the attachment itself can repeat (ReturnData maxOccurs unbounded; 10-11 filings). Make ONE (or move the 4 variables to PF-P99-T00-AUXILLIARY) and accept ONE_REPEATS for the rare multi-attachment filings. Evidence: 8,809 filings TY2023, max 4/filing, repeats in 10 filings; repeat_root: ''=8799; InvestmentsGovtObligationsSch=10.",medium
MANY_NOT_REPEATING,/Return/ReturnData/InvestmentsLandSchedule2/InvestmentLandGrp/EOYFMVAmt,PF_AX26_INVEST_LAND_EOY_FMV,PF-P99-T26-INVEST-LAND,accept,"","","","","","","","Genuine repeating group (XSD maxOccurs > 1): the group element is the repeat_root in filings with 2+ rows and '' in single-row filings, so the unrepeated share just means most filers report one row. Attachment detail group is unbounded. Evidence: 1,029 filings TY2023, max 758/filing, repeats in 422 filings; repeat_root: ''=546; InvestmentsLandSchedule2/InvestmentLandGrp=483.",high
MANY_NOT_REPEATING,/Return/ReturnData/LegalFeesSchedule/LegalFeesGrp/AdjustedNetIncomeAmt,PF_AX29_LEGAL_FEE_INCOME_NET_ADJ,PF-P99-T29-LEGAL-FEES,accept,"","","","","","","","Genuine repeating group (XSD maxOccurs > 1): the group element is the repeat_root in filings with 2+ rows and '' in single-row filings, so the unrepeated share just means most filers report one row. Attachment detail group is unbounded. Evidence: 5,716 filings TY2023, max 18/filing, repeats in 308 filings; repeat_root: ''=5402; LegalFeesSchedule/LegalFeesGrp=314.",high
MANY_NOT_REPEATING,/Return/ReturnData/LegalFeesSchedule/LegalFeesGrp/CategoryTxt,PF_AX29_LEGAL_FEE_CATEGORY,PF-P99-T29-LEGAL-FEES,accept,"","","","","","","","Genuine repeating group (XSD maxOccurs > 1): the group element is the repeat_root in filings with 2+ rows and '' in single-row filings, so the unrepeated share just means most filers report one row. Attachment detail group is unbounded. Evidence: 16,842 filings TY2023, max 18/filing, repeats in 1,237 filings; repeat_root: ''=15602; LegalFeesSchedule/LegalFeesGrp=1240.",high
MANY_NOT_REPEATING,/Return/ReturnData/LegalFeesSchedule/LegalFeesGrp/DisbursementsCharitablePrpsAmt,PF_AX29_LEGAL_FEE_DISBMT_CHARIT,PF-P99-T29-LEGAL-FEES,accept,"","","","","","","","Genuine repeating group (XSD maxOccurs > 1): the group element is the repeat_root in filings with 2+ rows and '' in single-row filings, so the unrepeated share just means most filers report one row. Attachment detail group is unbounded. Evidence: 15,315 filings TY2023, max 18/filing, repeats in 1,111 filings; repeat_root: ''=14175; LegalFeesSchedule/LegalFeesGrp=1140.",high
MANY_NOT_REPEATING,/Return/ReturnData/LegalFeesSchedule/LegalFeesGrp/LegalFeesAmt,PF_AX29_LEGAL_FEE_AMT,PF-P99-T29-LEGAL-FEES,accept,"","","","","","","","Genuine repeating group (XSD maxOccurs > 1): the group element is the repeat_root in filings with 2+ rows and '' in single-row filings, so the unrepeated share just means most filers report one row. Attachment detail group is unbounded. Evidence: 17,328 filings TY2023, max 18/filing, repeats in 1,229 filings; repeat_root: ''=16082; LegalFeesSchedule/LegalFeesGrp=1246.",high
MANY_NOT_REPEATING,/Return/ReturnData/LegalFeesSchedule/LegalFeesGrp/NetInvestmentIncomeAmt,PF_AX29_LEGAL_FEE_INVEST_NET,PF-P99-T29-LEGAL-FEES,accept,"","","","","","","","Genuine repeating group (XSD maxOccurs > 1): the group element is the repeat_root in filings with 2+ rows and '' in single-row filings, so the unrepeated share just means most filers report one row. Attachment detail group is unbounded. Evidence: 12,622 filings TY2023, max 18/filing, repeats in 503 filings; repeat_root: ''=12089; LegalFeesSchedule/LegalFeesGrp=533.",high
MANY_NOT_REPEATING,/Return/ReturnData/LoansFromOfficersSchedule/LoansFromOfficerGrp/BalanceDueAmt,PF_AX31_LOAN_OFF_BALANCE_DUE,PF-P99-T31-LOAN-OFF,accept,"","","","","","","","Genuine repeating group (XSD maxOccurs > 1): the group element is the repeat_root in filings with 2+ rows and '' in single-row filings, so the unrepeated share just means most filers report one row. Attachment detail group is unbounded. Evidence: 416 filings TY2023, max 29/filing, repeats in 75 filings; repeat_root: ''=335; LoansFromOfficersSchedule/LoansFromOfficerGrp=81.",high
MANY_NOT_REPEATING,/Return/ReturnData/LoansFromOfficersSchedule/LoansFromOfficerGrp/ConsiderationFMVAmt,PF_AX31_LOAN_OFF_CONSIDER_FMV,PF-P99-T31-LOAN-OFF,accept,"","","","","","","","Genuine repeating group (XSD maxOccurs > 1): the group element is the repeat_root in filings with 2+ rows and '' in single-row filings, so the unrepeated share just means most filers report one row. Attachment detail group is unbounded. Evidence: 122 filings TY2023, max 11/filing, repeats in 21 filings; repeat_root: ''=101; LoansFromOfficersSchedule/LoansFromOfficerGrp=21.",high
MANY_NOT_REPEATING,/Return/ReturnData/LoansFromOfficersSchedule/LoansFromOfficerGrp/InterestRt,PF_AX31_LOAN_OFF_INT_RATE,PF-P99-T31-LOAN-OFF,accept,"","","","","","","","Genuine repeating group (XSD maxOccurs > 1): the group element is the repeat_root in filings with 2+ rows and '' in single-row filings, so the unrepeated share just means most filers report one row. Attachment detail group is unbounded. Evidence: 185 filings TY2023, max 38/filing, repeats in 47 filings; repeat_root: ''=137; LoansFromOfficersSchedule/LoansFromOfficerGrp=48.",high
MANY_NOT_REPEATING,/Return/ReturnData/LoansFromOfficersSchedule/LoansFromOfficerGrp/LenderConsiderationDesc,PF_AX31_LOAN_OFF_DESC_LENDER,PF-P99-T31-LOAN-OFF,accept,"","","","","","","","Genuine repeating group (XSD maxOccurs > 1): the group element is the repeat_root in filings with 2+ rows and '' in single-row filings, so the unrepeated share just means most filers report one row. Attachment detail group is unbounded. Evidence: 210 filings TY2023, max 14/filing, repeats in 50 filings; repeat_root: ''=158; LoansFromOfficersSchedule/LoansFromOfficerGrp=52.",high
MANY_NOT_REPEATING,/Return/ReturnData/LoansFromOfficersSchedule/LoansFromOfficerGrp/LenderPersonNm,PF_AX31_LOAN_OFF_LENDER_NAME,PF-P99-T31-LOAN-OFF,accept,"","","","","","","","Genuine repeating group (XSD maxOccurs > 1): the group element is the repeat_root in filings with 2+ rows and '' in single-row filings, so the unrepeated share just means most filers report one row. Attachment detail group is unbounded. Evidence: 481 filings TY2023, max 38/filing, repeats in 94 filings; repeat_root: ''=387; LoansFromOfficersSchedule/LoansFromOfficerGrp=94.",high
MANY_NOT_REPEATING,/Return/ReturnData/LoansFromOfficersSchedule/LoansFromOfficerGrp/LoanMaturityDt,PF_AX31_LOAN_OFF_DATE_MATURTY,PF-P99-T31-LOAN-OFF,accept,"","","","","","","","Genuine repeating group (XSD maxOccurs > 1): the group element is the repeat_root in filings with 2+ rows and '' in single-row filings, so the unrepeated share just means most filers report one row. Attachment detail group is unbounded. Evidence: 159 filings TY2023, max 14/filing, repeats in 37 filings; repeat_root: ''=119; LoansFromOfficersSchedule/LoansFromOfficerGrp=40.",high
MANY_NOT_REPEATING,/Return/ReturnData/LoansFromOfficersSchedule/LoansFromOfficerGrp/LoanOriginalAmt,PF_AX31_LOAN_OFF_AMT_LOAN,PF-P99-T31-LOAN-OFF,accept,"","","","","","","","Genuine repeating group (XSD maxOccurs > 1): the group element is the repeat_root in filings with 2+ rows and '' in single-row filings, so the unrepeated share just means most filers report one row. Attachment detail group is unbounded. Evidence: 411 filings TY2023, max 38/filing, repeats in 85 filings; repeat_root: ''=323; LoansFromOfficersSchedule/LoansFromOfficerGrp=88.",high
MANY_NOT_REPEATING,/Return/ReturnData/LoansFromOfficersSchedule/LoansFromOfficerGrp/LoanPurposeTxt,PF_AX31_LOAN_OFF_PURPOSE_LOAN,PF-P99-T31-LOAN-OFF,accept,"","","","","","","","Genuine repeating group (XSD maxOccurs > 1): the group element is the repeat_root in filings with 2+ rows and '' in single-row filings, so the unrepeated share just means most filers report one row. Attachment detail group is unbounded. Evidence: 349 filings TY2023, max 38/filing, repeats in 76 filings; repeat_root: ''=273; LoansFromOfficersSchedule/LoansFromOfficerGrp=76.",high
MANY_NOT_REPEATING,/Return/ReturnData/LoansFromOfficersSchedule/LoansFromOfficerGrp/NoteDt,PF_AX31_LOAN_OFF_DATE_NOTE,PF-P99-T31-LOAN-OFF,accept,"","","","","","","","Genuine repeating group (XSD maxOccurs > 1): the group element is the repeat_root in filings with 2+ rows and '' in single-row filings, so the unrepeated share just means most filers report one row. Attachment detail group is unbounded. Evidence: 281 filings TY2023, max 38/filing, repeats in 69 filings; repeat_root: ''=207; LoansFromOfficersSchedule/LoansFromOfficerGrp=74.",high
MANY_NOT_REPEATING,/Return/ReturnData/LoansFromOfficersSchedule/LoansFromOfficerGrp/RepaymentTermsTxt,PF_AX31_LOAN_OFF_REPAY_TERM,PF-P99-T31-LOAN-OFF,accept,"","","","","","","","Genuine repeating group (XSD maxOccurs > 1): the group element is the repeat_root in filings with 2+ rows and '' in single-row filings, so the unrepeated share just means most filers report one row. Attachment detail group is unbounded. Evidence: 260 filings TY2023, max 38/filing, repeats in 61 filings; repeat_root: ''=199; LoansFromOfficersSchedule/LoansFromOfficerGrp=61.",high
MANY_NOT_REPEATING,/Return/ReturnData/LoansFromOfficersSchedule/LoansFromOfficerGrp/SecurityProvidedBorrowerTxt,PF_AX31_LOAN_OFF_SEC_BORROWER,PF-P99-T31-LOAN-OFF,accept,"","","","","","","","Genuine repeating group (XSD maxOccurs > 1): the group element is the repeat_root in filings with 2+ rows and '' in single-row filings, so the unrepeated share just means most filers report one row. Attachment detail group is unbounded. Evidence: 245 filings TY2023, max 38/filing, repeats in 50 filings; repeat_root: ''=193; LoansFromOfficersSchedule/LoansFromOfficerGrp=52.",high
MANY_NOT_REPEATING,/Return/ReturnData/LoansFromOfficersSchedule/LoansFromOfficerGrp/TitleTxt,PF_AX31_LOAN_OFF_LENDER_TITLE,PF-P99-T31-LOAN-OFF,accept,"","","","","","","","Genuine repeating group (XSD maxOccurs > 1): the group element is the repeat_root in filings with 2+ rows and '' in single-row filings, so the unrepeated share just means most filers report one row. Attachment detail group is unbounded. Evidence: 329 filings TY2023, max 36/filing, repeats in 47 filings; repeat_root: ''=271; LoansFromOfficersSchedule/LoansFromOfficerGrp=58.",high
MANY_NOT_REPEATING,/Return/ReturnData/MortgagesAndNotesPayableSch/MortgageAmt,PF_AX32_NOTE_MTG_AMT_TOT,PF-P99-T32-MTG-NOTE,move_variable,PF-P99-T00-AUXILLIARY,"","","","","","","Schedule-level scalar that sits beside (not inside) the repeating detail group (XSD: direct child of the attachment, maxOccurs 1); never repeats. Row grain of the MANY table is the detail group, so move to the one-row auxiliary table. Evidence: 224 filings TY2023, max 1/filing, repeats in 0 filings; repeat_root: ''=224.",high
MANY_NOT_REPEATING,/Return/ReturnData/MortgagesAndNotesPayableSch/NotePayableGrp/BalanceDueAmt,PF_AX32_NOTE_BALANCE_DUE,PF-P99-T32-MTG-NOTE,accept,"","","","","","","","Genuine repeating group (XSD maxOccurs > 1): the group element is the repeat_root in filings with 2+ rows and '' in single-row filings, so the unrepeated share just means most filers report one row. Attachment detail group is unbounded. Evidence: 393 filings TY2023, max 18/filing, repeats in 103 filings; repeat_root: ''=287; MortgagesAndNotesPayableSch/NotePayableGrp=106.",high
MANY_NOT_REPEATING,/Return/ReturnData/MortgagesAndNotesPayableSch/NotePayableGrp/ConsiderationFMVAmt,PF_AX32_NOTE_CONSIDER_FMV,PF-P99-T32-MTG-NOTE,accept,"","","","","","","","Genuine repeating group (XSD maxOccurs > 1): the group element is the repeat_root in filings with 2+ rows and '' in single-row filings, so the unrepeated share just means most filers report one row. Attachment detail group is unbounded. Evidence: 171 filings TY2023, max 9/filing, repeats in 30 filings; repeat_root: ''=139; MortgagesAndNotesPayableSch/NotePayableGrp=32.",high
MANY_NOT_REPEATING,/Return/ReturnData/MortgagesAndNotesPayableSch/NotePayableGrp/InsiderRelationshipTxt,PF_AX32_NOTE_RELATIONSHIP,PF-P99-T32-MTG-NOTE,accept,"","","","","","","","Genuine repeating group (XSD maxOccurs > 1): the group element is the repeat_root in filings with 2+ rows and '' in single-row filings, so the unrepeated share just means most filers report one row. Attachment detail group is unbounded. Evidence: 207 filings TY2023, max 10/filing, repeats in 54 filings; repeat_root: ''=148; MortgagesAndNotesPayableSch/NotePayableGrp=59.",high
MANY_NOT_REPEATING,/Return/ReturnData/MortgagesAndNotesPayableSch/NotePayableGrp/InterestRt,PF_AX32_NOTE_INT_RATE,PF-P99-T32-MTG-NOTE,accept,"","","","","","","","Genuine repeating group (XSD maxOccurs > 1): the group element is the repeat_root in filings with 2+ rows and '' in single-row filings, so the unrepeated share just means most filers report one row. Attachment detail group is unbounded. Evidence: 309 filings TY2023, max 18/filing, repeats in 76 filings; repeat_root: ''=220; MortgagesAndNotesPayableSch/NotePayableGrp=89.",high
MANY_NOT_REPEATING,/Return/ReturnData/MortgagesAndNotesPayableSch/NotePayableGrp/LenderConsiderationDesc,PF_AX32_NOTE_DESC_LENDER,PF-P99-T32-MTG-NOTE,accept,"","","","","","","","Genuine repeating group (XSD maxOccurs > 1): the group element is the repeat_root in filings with 2+ rows and '' in single-row filings, so the unrepeated share just means most filers report one row. Attachment detail group is unbounded. Evidence: 172 filings TY2023, max 10/filing, repeats in 47 filings; repeat_root: ''=121; MortgagesAndNotesPayableSch/NotePayableGrp=51.",high
MANY_NOT_REPEATING,/Return/ReturnData/MortgagesAndNotesPayableSch/NotePayableGrp/LenderNameGrp/BusinessName/BusinessNameLine1Txt,PF_AX32_NOTE_LENDER_NAME_ORG_L1,PF-P99-T32-MTG-NOTE,accept,"","","","","","","","Genuine repeating group (XSD maxOccurs > 1): the group element is the repeat_root in filings with 2+ rows and '' in single-row filings, so the unrepeated share just means most filers report one row. Attachment detail group is unbounded. Evidence: 191 filings TY2023, max 18/filing, repeats in 61 filings; repeat_root: ''=126; MortgagesAndNotesPayableSch/NotePayableGrp=65.",high
MANY_NOT_REPEATING,/Return/ReturnData/MortgagesAndNotesPayableSch/NotePayableGrp/LenderNameGrp/PersonNm,PF_AX32_NOTE_LENDER_NAME_PERS,PF-P99-T32-MTG-NOTE,accept,"","","","","","","","Genuine repeating group (XSD maxOccurs > 1): the group element is the repeat_root in filings with 2+ rows and '' in single-row filings, so the unrepeated share just means most filers report one row. Attachment detail group is unbounded. Evidence: 284 filings TY2023, max 16/filing, repeats in 56 filings; repeat_root: ''=221; MortgagesAndNotesPayableSch/NotePayableGrp=63.",high
MANY_NOT_REPEATING,/Return/ReturnData/MortgagesAndNotesPayableSch/NotePayableGrp/LoanMaturityDt,PF_AX32_NOTE_DATE_MATURITY,PF-P99-T32-MTG-NOTE,accept,"","","","","","","","Genuine repeating group (XSD maxOccurs > 1): the group element is the repeat_root in filings with 2+ rows and '' in single-row filings, so the unrepeated share just means most filers report one row. Attachment detail group is unbounded. Evidence: 240 filings TY2023, max 18/filing, repeats in 64 filings; repeat_root: ''=162; MortgagesAndNotesPayableSch/NotePayableGrp=78.",high
MANY_NOT_REPEATING,/Return/ReturnData/MortgagesAndNotesPayableSch/NotePayableGrp/LoanOriginalAmt,PF_AX32_NOTE_AMT_LOAN,PF-P99-T32-MTG-NOTE,accept,"","","","","","","","Genuine repeating group (XSD maxOccurs > 1): the group element is the repeat_root in filings with 2+ rows and '' in single-row filings, so the unrepeated share just means most filers report one row. Attachment detail group is unbounded. Evidence: 384 filings TY2023, max 18/filing, repeats in 92 filings; repeat_root: ''=289; MortgagesAndNotesPayableSch/NotePayableGrp=95.",high
MANY_NOT_REPEATING,/Return/ReturnData/MortgagesAndNotesPayableSch/NotePayableGrp/LoanPurposeTxt,PF_AX32_NOTE_PURPOSE_LOAN,PF-P99-T32-MTG-NOTE,accept,"","","","","","","","Genuine repeating group (XSD maxOccurs > 1): the group element is the repeat_root in filings with 2+ rows and '' in single-row filings, so the unrepeated share just means most filers report one row. Attachment detail group is unbounded. Evidence: 314 filings TY2023, max 18/filing, repeats in 83 filings; repeat_root: ''=223; MortgagesAndNotesPayableSch/NotePayableGrp=91.",high
MANY_NOT_REPEATING,/Return/ReturnData/MortgagesAndNotesPayableSch/NotePayableGrp/NoteDt,PF_AX32_NOTE_DATE_NOTE,PF-P99-T32-MTG-NOTE,accept,"","","","","","","","Genuine repeating group (XSD maxOccurs > 1): the group element is the repeat_root in filings with 2+ rows and '' in single-row filings, so the unrepeated share just means most filers report one row. Attachment detail group is unbounded. Evidence: 291 filings TY2023, max 18/filing, repeats in 78 filings; repeat_root: ''=205; MortgagesAndNotesPayableSch/NotePayableGrp=86.",high
MANY_NOT_REPEATING,/Return/ReturnData/MortgagesAndNotesPayableSch/NotePayableGrp/RepaymentTermsTxt,PF_AX32_NOTE_REPAY_TERM,PF-P99-T32-MTG-NOTE,accept,"","","","","","","","Genuine repeating group (XSD maxOccurs > 1): the group element is the repeat_root in filings with 2+ rows and '' in single-row filings, so the unrepeated share just means most filers report one row. Attachment detail group is unbounded. Evidence: 267 filings TY2023, max 10/filing, repeats in 68 filings; repeat_root: ''=188; MortgagesAndNotesPayableSch/NotePayableGrp=79.",high
MANY_NOT_REPEATING,/Return/ReturnData/MortgagesAndNotesPayableSch/NotePayableGrp/SecurityProvidedBorrowerTxt,PF_AX32_NOTE_SEC_BORROWER,PF-P99-T32-MTG-NOTE,accept,"","","","","","","","Genuine repeating group (XSD maxOccurs > 1): the group element is the repeat_root in filings with 2+ rows and '' in single-row filings, so the unrepeated share just means most filers report one row. Attachment detail group is unbounded. Evidence: 270 filings TY2023, max 10/filing, repeats in 74 filings; repeat_root: ''=189; MortgagesAndNotesPayableSch/NotePayableGrp=81.",high
MANY_NOT_REPEATING,/Return/ReturnData/MortgagesAndNotesPayableSch/NotePayableGrp/TitleTxt,PF_AX32_NOTE_LENDER_TITLE,PF-P99-T32-MTG-NOTE,accept,"","","","","","","","Genuine repeating group (XSD maxOccurs > 1): the group element is the repeat_root in filings with 2+ rows and '' in single-row filings, so the unrepeated share just means most filers report one row. Attachment detail group is unbounded. Evidence: 114 filings TY2023, max 18/filing, repeats in 21 filings; repeat_root: ''=89; MortgagesAndNotesPayableSch/NotePayableGrp=25.",high
MANY_NOT_REPEATING,/Return/ReturnData/OtherAssetsSchedule/OtherAssetsScheduleGrp/BOYBookValueAmt,PF_AX33_ASSET_OTH_BOY_BV,PF-P99-T33-ASSET-OTH,accept,"","","","","","","","Genuine repeating group (XSD maxOccurs > 1): the group element is the repeat_root in filings with 2+ rows and '' in single-row filings, so the unrepeated share just means most filers report one row. Attachment detail group is unbounded. Evidence: 14,451 filings TY2023, max 706/filing, repeats in 4,241 filings; repeat_root: ''=9143; OtherAssetsSchedule/OtherAssetsScheduleGrp=5308.",high
MANY_NOT_REPEATING,/Return/ReturnData/OtherAssetsSchedule/OtherAssetsScheduleGrp/Desc,PF_AX33_ASSET_OTH_DESC,PF-P99-T33-ASSET-OTH,accept,"","","","","","","","Genuine repeating group (XSD maxOccurs > 1): the group element is the repeat_root in filings with 2+ rows and '' in single-row filings, so the unrepeated share just means most filers report one row. Attachment detail group is unbounded. Evidence: 15,997 filings TY2023, max 770/filing, repeats in 5,500 filings; repeat_root: ''=10448; OtherAssetsSchedule/OtherAssetsScheduleGrp=5549.",high
MANY_NOT_REPEATING,/Return/ReturnData/OtherAssetsSchedule/OtherAssetsScheduleGrp/EOYBookValueAmt,PF_AX33_ASSET_OTH_EOY_BV,PF-P99-T33-ASSET-OTH,accept,"","","","","","","","Genuine repeating group (XSD maxOccurs > 1): the group element is the repeat_root in filings with 2+ rows and '' in single-row filings, so the unrepeated share just means most filers report one row. Attachment detail group is unbounded. Evidence: 15,336 filings TY2023, max 770/filing, repeats in 5,099 filings; repeat_root: ''=9862; OtherAssetsSchedule/OtherAssetsScheduleGrp=5474.",high
MANY_NOT_REPEATING,/Return/ReturnData/OtherAssetsSchedule/OtherAssetsScheduleGrp/EOYFMVAmt,PF_AX33_ASSET_OTH_EOY_FMV,PF-P99-T33-ASSET-OTH,accept,"","","","","","","","Genuine repeating group (XSD maxOccurs > 1): the group element is the repeat_root in filings with 2+ rows and '' in single-row filings, so the unrepeated share just means most filers report one row. Attachment detail group is unbounded. Evidence: 13,880 filings TY2023, max 770/filing, repeats in 4,700 filings; repeat_root: ''=8737; OtherAssetsSchedule/OtherAssetsScheduleGrp=5143.",high
MANY_NOT_REPEATING,/Return/ReturnData/OtherDecreasesSchedule/OtherDecreasesDetail/Amt,PF_AX35_DECREASE_OTH_AMT,PF-P99-T35-DECREASE-OTH,accept,"","","","","","","","Genuine repeating group (XSD maxOccurs > 1): the group element is the repeat_root in filings with 2+ rows and '' in single-row filings, so the unrepeated share just means most filers report one row. Attachment detail group is unbounded. Evidence: 30,973 filings TY2023, max 37/filing, repeats in 11,901 filings; repeat_root: ''=19072; OtherDecreasesSchedule=2; OtherDecreasesSchedule/OtherDecreasesDetail=11899.",high
MANY_NOT_REPEATING,/Return/ReturnData/OtherDecreasesSchedule/OtherDecreasesDetail/Desc,PF_AX35_DECREASE_OTH_DESC,PF-P99-T35-DECREASE-OTH,accept,"","","","","","","","Genuine repeating group (XSD maxOccurs > 1): the group element is the repeat_root in filings with 2+ rows and '' in single-row filings, so the unrepeated share just means most filers report one row. Attachment detail group is unbounded. Evidence: 30,973 filings TY2023, max 37/filing, repeats in 11,901 filings; repeat_root: ''=19072; OtherDecreasesSchedule=2; OtherDecreasesSchedule/OtherDecreasesDetail=11899.",high
MANY_NOT_REPEATING,/Return/ReturnData/OtherIncomeSchedule2/OtherIncomeDetail/AdjustedNetIncomeAmt,PF_AX37_INCOME_OTH_NET_ADJ,PF-P99-T37-INCOME-OTH,accept,"","","","","","","","Genuine repeating group (XSD maxOccurs > 1): the group element is the repeat_root in filings with 2+ rows and '' in single-row filings, so the unrepeated share just means most filers report one row. Attachment detail group is unbounded. Evidence: 14,813 filings TY2023, max 185/filing, repeats in 5,696 filings; repeat_root: ''=8859; OtherIncomeSchedule2/OtherIncomeDetail=5954.",high
MANY_NOT_REPEATING,/Return/ReturnData/OtherIncomeSchedule2/OtherIncomeDetail/Desc,PF_AX37_INCOME_OTH_DESC,PF-P99-T37-INCOME-OTH,accept,"","","","","","","","Genuine repeating group (XSD maxOccurs > 1): the group element is the repeat_root in filings with 2+ rows and '' in single-row filings, so the unrepeated share just means most filers report one row. Attachment detail group is unbounded. Evidence: 34,304 filings TY2023, max 185/filing, repeats in 9,844 filings; repeat_root: ''=24415; OtherIncomeSchedule2/OtherIncomeDetail=9889.",high
MANY_NOT_REPEATING,/Return/ReturnData/OtherIncomeSchedule2/OtherIncomeDetail/NetInvestmentIncomeAmt,PF_AX37_INCOME_OTH_INVEST_NET,PF-P99-T37-INCOME-OTH,accept,"","","","","","","","Genuine repeating group (XSD maxOccurs > 1): the group element is the repeat_root in filings with 2+ rows and '' in single-row filings, so the unrepeated share just means most filers report one row. Attachment detail group is unbounded. Evidence: 25,243 filings TY2023, max 185/filing, repeats in 6,303 filings; repeat_root: ''=17864; OtherIncomeSchedule2/OtherIncomeDetail=7379.",high
MANY_NOT_REPEATING,/Return/ReturnData/OtherIncomeSchedule2/OtherIncomeDetail/RevenueAndExpensesPerBooksAmt,PF_AX37_INCOME_OTH_REV_EXP_BOOK,PF-P99-T37-INCOME-OTH,accept,"","","","","","","","Genuine repeating group (XSD maxOccurs > 1): the group element is the repeat_root in filings with 2+ rows and '' in single-row filings, so the unrepeated share just means most filers report one row. Attachment detail group is unbounded. Evidence: 33,630 filings TY2023, max 185/filing, repeats in 9,500 filings; repeat_root: ''=23888; OtherIncomeSchedule2/OtherIncomeDetail=9742.",high
MANY_NOT_REPEATING,/Return/ReturnData/OtherIncreasesSchedule/OtherIncreasesDetail/Amt,PF_AX38_INCREASE_OTH_AMT,PF-P99-T38-INCREASE-OTH,accept,"","","","","","","","Genuine repeating group (XSD maxOccurs > 1): the group element is the repeat_root in filings with 2+ rows and '' in single-row filings, so the unrepeated share just means most filers report one row. Attachment detail group is unbounded. Evidence: 33,184 filings TY2023, max 55/filing, repeats in 7,999 filings; repeat_root: ''=25185; OtherIncreasesSchedule=7; OtherIncreasesSchedule/OtherIncreasesDetail=7992.",high
MANY_NOT_REPEATING,/Return/ReturnData/OtherIncreasesSchedule/OtherIncreasesDetail/Desc,PF_AX38_INCREASE_OTH_DESC,PF-P99-T38-INCREASE-OTH,accept,"","","","","","","","Genuine repeating group (XSD maxOccurs > 1): the group element is the repeat_root in filings with 2+ rows and '' in single-row filings, so the unrepeated share just means most filers report one row. Attachment detail group is unbounded. Evidence: 33,184 filings TY2023, max 55/filing, repeats in 7,999 filings; repeat_root: ''=25185; OtherIncreasesSchedule=7; OtherIncreasesSchedule/OtherIncreasesDetail=7992.",high
MANY_NOT_REPEATING,/Return/ReturnData/OtherLiabilitiesSchedule/OtherLiabilitiesDetail/BOYBookValueAmt,PF_AX39_LIAB_OTH_BOY_BV,PF-P99-T39-LIAB-OTH,accept,"","","","","","","","Genuine repeating group (XSD maxOccurs > 1): the group element is the repeat_root in filings with 2+ rows and '' in single-row filings, so the unrepeated share just means most filers report one row. Attachment detail group is unbounded. Evidence: 8,778 filings TY2023, max 168/filing, repeats in 2,243 filings; repeat_root: ''=6271; OtherLiabilitiesSchedule/OtherLiabilitiesDetail=2507.",high
MANY_NOT_REPEATING,/Return/ReturnData/OtherLiabilitiesSchedule/OtherLiabilitiesDetail/Desc,PF_AX39_LIAB_OTH_DESC,PF-P99-T39-LIAB-OTH,accept,"","","","","","","","Genuine repeating group (XSD maxOccurs > 1): the group element is the repeat_root in filings with 2+ rows and '' in single-row filings, so the unrepeated share just means most filers report one row. Attachment detail group is unbounded. Evidence: 9,782 filings TY2023, max 168/filing, repeats in 2,607 filings; repeat_root: ''=7163; OtherLiabilitiesSchedule/OtherLiabilitiesDetail=2619.",high
MANY_NOT_REPEATING,/Return/ReturnData/OtherLiabilitiesSchedule/OtherLiabilitiesDetail/EOYBookValueAmt,PF_AX39_LIAB_OTH_EOY_BV,PF-P99-T39-LIAB-OTH,accept,"","","","","","","","Genuine repeating group (XSD maxOccurs > 1): the group element is the repeat_root in filings with 2+ rows and '' in single-row filings, so the unrepeated share just means most filers report one row. Attachment detail group is unbounded. Evidence: 9,256 filings TY2023, max 168/filing, repeats in 2,337 filings; repeat_root: ''=6706; OtherLiabilitiesSchedule/OtherLiabilitiesDetail=2550.",high
MANY_NOT_REPEATING,/Return/ReturnData/OtherNotesLoansRcvblLongSch/OtherNotesLoansRcvblLongGrp/BalanceDueAmt,PF_AX40_NOTE_OTH_L_BALANCE_DUE,PF-P99-T40-NOTE-LOAN-OTH-LONG,accept,"","","","","","","","Genuine repeating group (XSD maxOccurs > 1): the group element is the repeat_root in filings with 2+ rows and '' in single-row filings, so the unrepeated share just means most filers report one row. Attachment detail group is unbounded. Evidence: 466 filings TY2023, max 89/filing, repeats in 177 filings; repeat_root: ''=286; OtherNotesLoansRcvblLongSch/OtherNotesLoansRcvblLongGrp=180.",high
MANY_NOT_REPEATING,/Return/ReturnData/OtherNotesLoansRcvblLongSch/OtherNotesLoansRcvblLongGrp/BorrowerNameGrp/BusinessName/BusinessNameLine1Txt,PF_AX40_NOTE_OTH_L_NAME_ORG_L1,PF-P99-T40-NOTE-LOAN-OTH-LONG,accept,"","","","","","","","Genuine repeating group (XSD maxOccurs > 1): the group element is the repeat_root in filings with 2+ rows and '' in single-row filings, so the unrepeated share just means most filers report one row. Attachment detail group is unbounded. Evidence: 285 filings TY2023, max 89/filing, repeats in 105 filings; repeat_root: ''=172; OtherNotesLoansRcvblLongSch/OtherNotesLoansRcvblLongGrp=113.",high
MANY_NOT_REPEATING,/Return/ReturnData/OtherNotesLoansRcvblLongSch/OtherNotesLoansRcvblLongGrp/BorrowerNameGrp/PersonNm,PF_AX40_NOTE_OTH_L_NAME_PERS,PF-P99-T40-NOTE-LOAN-OTH-LONG,accept,"","","","","","","","Genuine repeating group (XSD maxOccurs > 1): the group element is the repeat_root in filings with 2+ rows and '' in single-row filings, so the unrepeated share just means most filers report one row. Attachment detail group is unbounded. Evidence: 264 filings TY2023, max 52/filing, repeats in 91 filings; repeat_root: ''=162; OtherNotesLoansRcvblLongSch/OtherNotesLoansRcvblLongGrp=102.",high
MANY_NOT_REPEATING,/Return/ReturnData/OtherNotesLoansRcvblLongSch/OtherNotesLoansRcvblLongGrp/ConsiderationFMVAmt,PF_AX40_NOTE_OTH_L_CONSIDER_FMV,PF-P99-T40-NOTE-LOAN-OTH-LONG,accept,"","","","","","","","Genuine repeating group (XSD maxOccurs > 1): the group element is the repeat_root in filings with 2+ rows and '' in single-row filings, so the unrepeated share just means most filers report one row. Attachment detail group is unbounded. Evidence: 242 filings TY2023, max 89/filing, repeats in 89 filings; repeat_root: ''=152; OtherNotesLoansRcvblLongSch/OtherNotesLoansRcvblLongGrp=90.",high
MANY_NOT_REPEATING,/Return/ReturnData/OtherNotesLoansRcvblLongSch/OtherNotesLoansRcvblLongGrp/InsiderRelationshipTxt,PF_AX40_NOTE_OTH_L_RELATIONSHIP,PF-P99-T40-NOTE-LOAN-OTH-LONG,accept,"","","","","","","","Genuine repeating group (XSD maxOccurs > 1): the group element is the repeat_root in filings with 2+ rows and '' in single-row filings, so the unrepeated share just means most filers report one row. Attachment detail group is unbounded. Evidence: 269 filings TY2023, max 89/filing, repeats in 102 filings; repeat_root: ''=163; OtherNotesLoansRcvblLongSch/OtherNotesLoansRcvblLongGrp=106.",high
MANY_NOT_REPEATING,/Return/ReturnData/OtherNotesLoansRcvblLongSch/OtherNotesLoansRcvblLongGrp/InterestRt,PF_AX40_NOTE_OTH_L_INT_RATE,PF-P99-T40-NOTE-LOAN-OTH-LONG,accept,"","","","","","","","Genuine repeating group (XSD maxOccurs > 1): the group element is the repeat_root in filings with 2+ rows and '' in single-row filings, so the unrepeated share just means most filers report one row. Attachment detail group is unbounded. Evidence: 531 filings TY2023, max 89/filing, repeats in 196 filings; repeat_root: ''=335; OtherNotesLoansRcvblLongSch/OtherNotesLoansRcvblLongGrp=196.",high
MANY_NOT_REPEATING,/Return/ReturnData/OtherNotesLoansRcvblLongSch/OtherNotesLoansRcvblLongGrp/LenderConsiderationDesc,PF_AX40_NOTE_OTH_L_DESC_LENDER,PF-P99-T40-NOTE-LOAN-OTH-LONG,accept,"","","","","","","","Genuine repeating group (XSD maxOccurs > 1): the group element is the repeat_root in filings with 2+ rows and '' in single-row filings, so the unrepeated share just means most filers report one row. Attachment detail group is unbounded. Evidence: 217 filings TY2023, max 57/filing, repeats in 88 filings; repeat_root: ''=127; OtherNotesLoansRcvblLongSch/OtherNotesLoansRcvblLongGrp=90.",high
MANY_NOT_REPEATING,/Return/ReturnData/OtherNotesLoansRcvblLongSch/OtherNotesLoansRcvblLongGrp/LoanMaturityDt,PF_AX40_NOTE_OTH_L_DATE_MATURITY,PF-P99-T40-NOTE-LOAN-OTH-LONG,accept,"","","","","","","","Genuine repeating group (XSD maxOccurs > 1): the group element is the repeat_root in filings with 2+ rows and '' in single-row filings, so the unrepeated share just means most filers report one row. Attachment detail group is unbounded. Evidence: 341 filings TY2023, max 89/filing, repeats in 141 filings; repeat_root: ''=191; OtherNotesLoansRcvblLongSch/OtherNotesLoansRcvblLongGrp=150.",high
MANY_NOT_REPEATING,/Return/ReturnData/OtherNotesLoansRcvblLongSch/OtherNotesLoansRcvblLongGrp/LoanOriginalAmt,PF_AX40_NOTE_OTH_L_AMT_LOAN,PF-P99-T40-NOTE-LOAN-OTH-LONG,accept,"","","","","","","","Genuine repeating group (XSD maxOccurs > 1): the group element is the repeat_root in filings with 2+ rows and '' in single-row filings, so the unrepeated share just means most filers report one row. Attachment detail group is unbounded. Evidence: 451 filings TY2023, max 89/filing, repeats in 176 filings; repeat_root: ''=273; OtherNotesLoansRcvblLongSch/OtherNotesLoansRcvblLongGrp=178.",high
MANY_NOT_REPEATING,/Return/ReturnData/OtherNotesLoansRcvblLongSch/OtherNotesLoansRcvblLongGrp/LoanPurposeTxt,PF_AX40_NOTE_OTH_L_PURPOSE_LOAN,PF-P99-T40-NOTE-LOAN-OTH-LONG,accept,"","","","","","","","Genuine repeating group (XSD maxOccurs > 1): the group element is the repeat_root in filings with 2+ rows and '' in single-row filings, so the unrepeated share just means most filers report one row. Attachment detail group is unbounded. Evidence: 349 filings TY2023, max 89/filing, repeats in 139 filings; repeat_root: ''=205; OtherNotesLoansRcvblLongSch/OtherNotesLoansRcvblLongGrp=144.",high
MANY_NOT_REPEATING,/Return/ReturnData/OtherNotesLoansRcvblLongSch/OtherNotesLoansRcvblLongGrp/NoteDt,PF_AX40_NOTE_OTH_L_DATE_NOTE,PF-P99-T40-NOTE-LOAN-OTH-LONG,accept,"","","","","","","","Genuine repeating group (XSD maxOccurs > 1): the group element is the repeat_root in filings with 2+ rows and '' in single-row filings, so the unrepeated share just means most filers report one row. Attachment detail group is unbounded. Evidence: 399 filings TY2023, max 89/filing, repeats in 163 filings; repeat_root: ''=232; OtherNotesLoansRcvblLongSch/OtherNotesLoansRcvblLongGrp=167.",high
MANY_NOT_REPEATING,/Return/ReturnData/OtherNotesLoansRcvblLongSch/OtherNotesLoansRcvblLongGrp/RepaymentTermsTxt,PF_AX40_NOTE_OTH_L_REPAY_TERM,PF-P99-T40-NOTE-LOAN-OTH-LONG,accept,"","","","","","","","Genuine repeating group (XSD maxOccurs > 1): the group element is the repeat_root in filings with 2+ rows and '' in single-row filings, so the unrepeated share just means most filers report one row. Attachment detail group is unbounded. Evidence: 326 filings TY2023, max 89/filing, repeats in 133 filings; repeat_root: ''=185; OtherNotesLoansRcvblLongSch/OtherNotesLoansRcvblLongGrp=141.",high
MANY_NOT_REPEATING,/Return/ReturnData/OtherNotesLoansRcvblLongSch/OtherNotesLoansRcvblLongGrp/SecurityProvidedBorrowerTxt,PF_AX40_NOTE_OTH_L_SEC_BORROWER,PF-P99-T40-NOTE-LOAN-OTH-LONG,accept,"","","","","","","","Genuine repeating group (XSD maxOccurs > 1): the group element is the repeat_root in filings with 2+ rows and '' in single-row filings, so the unrepeated share just means most filers report one row. Attachment detail group is unbounded. Evidence: 300 filings TY2023, max 89/filing, repeats in 120 filings; repeat_root: ''=177; OtherNotesLoansRcvblLongSch/OtherNotesLoansRcvblLongGrp=123.",high
MANY_NOT_REPEATING,/Return/ReturnData/OtherNotesLoansRcvblShortSch2/OtherNotesLoansRcvblShortGrp/BalanceDueAmt,PF_AX41_NOTE_OTH_S_BALANCE_DUE,PF-P99-T41-NOTE-LOAN-OTH-SHORT,accept,"","","","","","","","Genuine repeating group (XSD maxOccurs > 1): the group element is the repeat_root in filings with 2+ rows and '' in single-row filings, so the unrepeated share just means most filers report one row. Attachment detail group is unbounded. Evidence: 596 filings TY2023, max 65/filing, repeats in 111 filings; repeat_root: ''=471; OtherNotesLoansRcvblShortSch2/OtherNotesLoansRcvblShortGrp=125.",high
MANY_NOT_REPEATING,/Return/ReturnData/OtherNotesLoansRcvblShortSch2/OtherNotesLoansRcvblShortGrp/Organization501c3Name/BusinessNameLine1Txt,PF_AX41_NOTE_OTH_S_NAME_ORG_L1,PF-P99-T41-NOTE-LOAN-OTH-SHORT,accept,"","","","","","","","Genuine repeating group (XSD maxOccurs > 1): the group element is the repeat_root in filings with 2+ rows and '' in single-row filings, so the unrepeated share just means most filers report one row. Attachment detail group is unbounded. Evidence: 665 filings TY2023, max 78/filing, repeats in 127 filings; repeat_root: ''=538; OtherNotesLoansRcvblShortSch2/OtherNotesLoansRcvblShortGrp=127.",high
MANY_NOT_REPEATING,/Return/ReturnData/OtherProfessionalFeesSchedule/OtherProfessionalFeesDetail/AdjustedNetIncomeAmt,PF_AX42_PROF_FEE_INCOME_NET_ADJ,PF-P99-T42-PROF-FEES-OTH,accept,"","","","","","","","Genuine repeating group (XSD maxOccurs > 1): the group element is the repeat_root in filings with 2+ rows and '' in single-row filings, so the unrepeated share just means most filers report one row. Attachment detail group is unbounded. Evidence: 11,063 filings TY2023, max 645/filing, repeats in 3,074 filings; repeat_root: ''=7890; OtherProfessionalFeesSchedule/OtherProfessionalFeesDetail=3173.",high
MANY_NOT_REPEATING,/Return/ReturnData/OtherProfessionalFeesSchedule/OtherProfessionalFeesDetail/Amt,PF_AX42_PROF_FEE_AMT,PF-P99-T42-PROF-FEES-OTH,accept,"","","","","","","","Genuine repeating group (XSD maxOccurs > 1): the group element is the repeat_root in filings with 2+ rows and '' in single-row filings, so the unrepeated share just means most filers report one row. Attachment detail group is unbounded. Evidence: 37,599 filings TY2023, max 645/filing, repeats in 9,628 filings; repeat_root: ''=27857; OtherProfessionalFeesSchedule/OtherProfessionalFeesDetail=9742.",high
MANY_NOT_REPEATING,/Return/ReturnData/OtherProfessionalFeesSchedule/OtherProfessionalFeesDetail/CategoryTxt,PF_AX42_PROF_FEE_CATEGORY,PF-P99-T42-PROF-FEES-OTH,accept,"","","","","","","","Genuine repeating group (XSD maxOccurs > 1): the group element is the repeat_root in filings with 2+ rows and '' in single-row filings, so the unrepeated share just means most filers report one row. Attachment detail group is unbounded. Evidence: 37,416 filings TY2023, max 645/filing, repeats in 9,706 filings; repeat_root: ''=27672; OtherProfessionalFeesSchedule/OtherProfessionalFeesDetail=9744.",high
MANY_NOT_REPEATING,/Return/ReturnData/OtherProfessionalFeesSchedule/OtherProfessionalFeesDetail/DisbursementsCharitablePrpsAmt,PF_AX42_PROF_FEE_DISBMT_CHARIT,PF-P99-T42-PROF-FEES-OTH,accept,"","","","","","","","Genuine repeating group (XSD maxOccurs > 1): the group element is the repeat_root in filings with 2+ rows and '' in single-row filings, so the unrepeated share just means most filers report one row. Attachment detail group is unbounded. Evidence: 27,532 filings TY2023, max 645/filing, repeats in 7,318 filings; repeat_root: ''=19315; OtherProfessionalFeesSchedule/OtherProfessionalFeesDetail=8217.",high
MANY_NOT_REPEATING,/Return/ReturnData/OtherProfessionalFeesSchedule/OtherProfessionalFeesDetail/NetInvestmentIncomeAmt,PF_AX42_PROF_FEE_INVEST_NET,PF-P99-T42-PROF-FEES-OTH,accept,"","","","","","","","Genuine repeating group (XSD maxOccurs > 1): the group element is the repeat_root in filings with 2+ rows and '' in single-row filings, so the unrepeated share just means most filers report one row. Attachment detail group is unbounded. Evidence: 33,721 filings TY2023, max 645/filing, repeats in 7,953 filings; repeat_root: ''=24840; OtherProfessionalFeesSchedule/OtherProfessionalFeesDetail=8881.",high
MANY_NOT_REPEATING,/Return/ReturnData/OtherReceivablesOfficersSch/OfficerOtherRcvblGrp/BalanceDueAmt,PF_AX43_OFF_OTH_BALANCE_DUE,PF-P99-T43-OFF-OTH,accept,"","","","","","","","Genuine repeating group (XSD maxOccurs > 1): the group element is the repeat_root in filings with 2+ rows and '' in single-row filings, so the unrepeated share just means most filers report one row. Attachment detail group is unbounded. Evidence: 151 filings TY2023, max 20/filing, repeats in 26 filings; repeat_root: ''=123; OtherReceivablesOfficersSch/OfficerOtherRcvblGrp=28.",high
MANY_NOT_REPEATING,/Return/ReturnData/OtherReceivablesOfficersSch/OfficerOtherRcvblGrp/BorrowerPersonNm,PF_AX43_OFF_OTH_BORROWER_NAME,PF-P99-T43-OFF-OTH,accept,"","","","","","","","Genuine repeating group (XSD maxOccurs > 1): the group element is the repeat_root in filings with 2+ rows and '' in single-row filings, so the unrepeated share just means most filers report one row. Attachment detail group is unbounded. Evidence: 187 filings TY2023, max 20/filing, repeats in 31 filings; repeat_root: ''=156; OtherReceivablesOfficersSch/OfficerOtherRcvblGrp=31.",high
MANY_NOT_REPEATING,/Return/ReturnData/OtherReceivablesOfficersSch/OfficerOtherRcvblGrp/BorrowerTitleTxt,PF_AX43_OFF_OTH_BORROWER_TITLE,PF-P99-T43-OFF-OTH,accept,"","","","","","","","Genuine repeating group (XSD maxOccurs > 1): the group element is the repeat_root in filings with 2+ rows and '' in single-row filings, so the unrepeated share just means most filers report one row. Attachment detail group is unbounded. Evidence: 110 filings TY2023, max 20/filing, repeats in 16 filings; repeat_root: ''=93; OtherReceivablesOfficersSch/OfficerOtherRcvblGrp=17.",high
MANY_NOT_REPEATING,/Return/ReturnData/OtherReceivablesOfficersSch/OfficerOtherRcvblGrp/ConsiderationFMVAmt,PF_AX43_OFF_OTH_CONSIDER_FMV,PF-P99-T43-OFF-OTH,accept,"","","","","","","","Genuine repeating group (XSD maxOccurs > 1): the group element is the repeat_root in filings with 2+ rows and '' in single-row filings, so the unrepeated share just means most filers report one row. Attachment detail group is unbounded. Evidence: 79 filings TY2023, max 20/filing, repeats in 13 filings; repeat_root: ''=65; OtherReceivablesOfficersSch/OfficerOtherRcvblGrp=14.",high
MANY_NOT_REPEATING,/Return/ReturnData/OtherReceivablesOfficersSch/OfficerOtherRcvblGrp/InterestRt,PF_AX43_OFF_OTH_INT_RATE,PF-P99-T43-OFF-OTH,accept,"","","","","","","","Genuine repeating group (XSD maxOccurs > 1): the group element is the repeat_root in filings with 2+ rows and '' in single-row filings, so the unrepeated share just means most filers report one row. Attachment detail group is unbounded. Evidence: 69 filings TY2023, max 5/filing, repeats in 19 filings; repeat_root: ''=49; OtherReceivablesOfficersSch/OfficerOtherRcvblGrp=20.",high
MANY_NOT_REPEATING,/Return/ReturnData/OtherReceivablesOfficersSch/OfficerOtherRcvblGrp/LenderConsiderationDesc,PF_AX43_OFF_OTH_DESC_LENDER,PF-P99-T43-OFF-OTH,accept,"","","","","","","","Genuine repeating group (XSD maxOccurs > 1): the group element is the repeat_root in filings with 2+ rows and '' in single-row filings, so the unrepeated share just means most filers report one row. Attachment detail group is unbounded. Evidence: 91 filings TY2023, max 20/filing, repeats in 17 filings; repeat_root: ''=74; OtherReceivablesOfficersSch/OfficerOtherRcvblGrp=17.",high
MANY_NOT_REPEATING,/Return/ReturnData/OtherReceivablesOfficersSch/OfficerOtherRcvblGrp/LoanMaturityDt,PF_AX43_OFF_OTH_DATE_MATURITY,PF-P99-T43-OFF-OTH,accept,"","","","","","","","Genuine repeating group (XSD maxOccurs > 1): the group element is the repeat_root in filings with 2+ rows and '' in single-row filings, so the unrepeated share just means most filers report one row. Attachment detail group is unbounded. Evidence: 66 filings TY2023, max 20/filing, repeats in 12 filings; repeat_root: ''=52; OtherReceivablesOfficersSch/OfficerOtherRcvblGrp=14.",high
MANY_NOT_REPEATING,/Return/ReturnData/OtherReceivablesOfficersSch/OfficerOtherRcvblGrp/LoanOriginalAmt,PF_AX43_OFF_OTH_AMT_LOAN,PF-P99-T43-OFF-OTH,accept,"","","","","","","","Genuine repeating group (XSD maxOccurs > 1): the group element is the repeat_root in filings with 2+ rows and '' in single-row filings, so the unrepeated share just means most filers report one row. Attachment detail group is unbounded. Evidence: 163 filings TY2023, max 20/filing, repeats in 28 filings; repeat_root: ''=134; OtherReceivablesOfficersSch/OfficerOtherRcvblGrp=29.",high
MANY_NOT_REPEATING,/Return/ReturnData/OtherReceivablesOfficersSch/OfficerOtherRcvblGrp/LoanPurposeTxt,PF_AX43_OFF_OTH_PURPOSE_LOAN,PF-P99-T43-OFF-OTH,accept,"","","","","","","","Genuine repeating group (XSD maxOccurs > 1): the group element is the repeat_root in filings with 2+ rows and '' in single-row filings, so the unrepeated share just means most filers report one row. Attachment detail group is unbounded. Evidence: 114 filings TY2023, max 20/filing, repeats in 19 filings; repeat_root: ''=95; OtherReceivablesOfficersSch/OfficerOtherRcvblGrp=19.",high
MANY_NOT_REPEATING,/Return/ReturnData/OtherReceivablesOfficersSch/OfficerOtherRcvblGrp/NoteDt,PF_AX43_OFF_OTH_DATE_NOTE,PF-P99-T43-OFF-OTH,accept,"","","","","","","","Genuine repeating group (XSD maxOccurs > 1): the group element is the repeat_root in filings with 2+ rows and '' in single-row filings, so the unrepeated share just means most filers report one row. Attachment detail group is unbounded. Evidence: 98 filings TY2023, max 20/filing, repeats in 21 filings; repeat_root: ''=75; OtherReceivablesOfficersSch/OfficerOtherRcvblGrp=23.",high
MANY_NOT_REPEATING,/Return/ReturnData/OtherReceivablesOfficersSch/OfficerOtherRcvblGrp/RepaymentTermsTxt,PF_AX43_OFF_OTH_REPAY_TERM,PF-P99-T43-OFF-OTH,accept,"","","","","","","","Genuine repeating group (XSD maxOccurs > 1): the group element is the repeat_root in filings with 2+ rows and '' in single-row filings, so the unrepeated share just means most filers report one row. Attachment detail group is unbounded. Evidence: 115 filings TY2023, max 20/filing, repeats in 19 filings; repeat_root: ''=96; OtherReceivablesOfficersSch/OfficerOtherRcvblGrp=19.",high
MANY_NOT_REPEATING,/Return/ReturnData/OtherReceivablesOfficersSch/OfficerOtherRcvblGrp/SecurityProvidedBorrowerTxt,PF_AX43_OFF_OTH_SEC_BORROWER,PF-P99-T43-OFF-OTH,accept,"","","","","","","","Genuine repeating group (XSD maxOccurs > 1): the group element is the repeat_root in filings with 2+ rows and '' in single-row filings, so the unrepeated share just means most filers report one row. Attachment detail group is unbounded. Evidence: 97 filings TY2023, max 20/filing, repeats in 16 filings; repeat_root: ''=81; OtherReceivablesOfficersSch/OfficerOtherRcvblGrp=16.",high
MANY_NOT_REPEATING,/Return/ReturnData/OtherReceivablesOfficersSch/OfficerTravelAdvanceAmt,PF_AX43_OFF_OTH_TRAVEL_ADVANCE,PF-P99-T43-OFF-OTH,move_variable,PF-P99-T00-AUXILLIARY,"","","","","","","Schedule-level scalar that sits beside (not inside) the repeating detail group (XSD: direct child of the attachment, maxOccurs 1); never repeats. Row grain of the MANY table is the detail group, so move to the one-row auxiliary table. Evidence: 32 filings TY2023, max 1/filing, repeats in 0 filings; repeat_root: ''=32.",high
MANY_NOT_REPEATING,/Return/ReturnData/SalesOfInventoryList/InventorySaleGrp/CategoryTxt,PF_AX46_SALE_INV_CATEGORY,PF-P99-T46-SALE-INV,accept,"","","","","","","","Genuine repeating group (XSD maxOccurs > 1): the group element is the repeat_root in filings with 2+ rows and '' in single-row filings, so the unrepeated share just means most filers report one row. Attachment detail group is unbounded. Evidence: 948 filings TY2023, max 15/filing, repeats in 140 filings; repeat_root: ''=807; SalesOfInventoryList/InventorySaleGrp=141.",high
MANY_NOT_REPEATING,/Return/ReturnData/SalesOfInventoryList/InventorySaleGrp/CostOfGoodsSoldAmt,PF_AX46_SALE_INV_COST_GOODS_SOLD,PF-P99-T46-SALE-INV,accept,"","","","","","","","Genuine repeating group (XSD maxOccurs > 1): the group element is the repeat_root in filings with 2+ rows and '' in single-row filings, so the unrepeated share just means most filers report one row. Attachment detail group is unbounded. Evidence: 855 filings TY2023, max 15/filing, repeats in 119 filings; repeat_root: ''=724; SalesOfInventoryList/InventorySaleGrp=131.",high
MANY_NOT_REPEATING,/Return/ReturnData/SalesOfInventoryList/InventorySaleGrp/GrossSalesAmt,PF_AX46_SALE_INV_GRO_SALE,PF-P99-T46-SALE-INV,accept,"","","","","","","","Genuine repeating group (XSD maxOccurs > 1): the group element is the repeat_root in filings with 2+ rows and '' in single-row filings, so the unrepeated share just means most filers report one row. Attachment detail group is unbounded. Evidence: 970 filings TY2023, max 15/filing, repeats in 137 filings; repeat_root: ''=831; SalesOfInventoryList/InventorySaleGrp=139.",high
MANY_NOT_REPEATING,/Return/ReturnData/SalesOfInventoryList/InventorySaleGrp/NetAmt,PF_AX46_SALE_INV_AMT_NET,PF-P99-T46-SALE-INV,accept,"","","","","","","","Genuine repeating group (XSD maxOccurs > 1): the group element is the repeat_root in filings with 2+ rows and '' in single-row filings, so the unrepeated share just means most filers report one row. Attachment detail group is unbounded. Evidence: 971 filings TY2023, max 15/filing, repeats in 138 filings; repeat_root: ''=831; SalesOfInventoryList/InventorySaleGrp=140.",high
MANY_NOT_REPEATING,/Return/ReturnData/SubstantialContributorsSch/SubstantialContributorDetail/BusinessName/BusinessNameLine1Txt,PF_AX48_CONTRIBUTOR_NAME_ORG_L1,PF-P99-T48-CONTRIBUTOR,accept,"","","","","","","","Genuine repeating group (XSD maxOccurs > 1): the group element is the repeat_root in filings with 2+ rows and '' in single-row filings, so the unrepeated share just means most filers report one row. Attachment detail group is unbounded. Evidence: 1,554 filings TY2023, max 120/filing, repeats in 358 filings; repeat_root: ''=934; SubstantialContributorsSch/SubstantialContributorDetail=620.",high
MANY_NOT_REPEATING,/Return/ReturnData/SubstantialContributorsSch/SubstantialContributorDetail/PersonNm,PF_AX48_CONTRIBUTOR_NAME_PERS,PF-P99-T48-CONTRIBUTOR,accept,"","","","","","","","Genuine repeating group (XSD maxOccurs > 1): the group element is the repeat_root in filings with 2+ rows and '' in single-row filings, so the unrepeated share just means most filers report one row. Attachment detail group is unbounded. Evidence: 6,473 filings TY2023, max 34/filing, repeats in 1,574 filings; repeat_root: ''=4672; SubstantialContributorsSch/SubstantialContributorDetail=1801.",high
MANY_NOT_REPEATING,/Return/ReturnData/SubstantialContributorsSch/SubstantialContributorDetail/USAddress/AddressLine1Txt,PF_AX48_CONTRIBUTOR_ADDR_L1,PF-P99-T48-CONTRIBUTOR,accept,"","","","","","","","Genuine repeating group (XSD maxOccurs > 1): the group element is the repeat_root in filings with 2+ rows and '' in single-row filings, so the unrepeated share just means most filers report one row. Attachment detail group is unbounded. Evidence: 7,486 filings TY2023, max 120/filing, repeats in 1,954 filings; repeat_root: ''=5504; SubstantialContributorsSch/SubstantialContributorDetail=1982.",high
MANY_NOT_REPEATING,/Return/ReturnData/SubstantialContributorsSch/SubstantialContributorDetail/USAddress/AddressLine2Txt,PF_AX48_CONTRIBUTOR_ADDR_L2,PF-P99-T48-CONTRIBUTOR,accept,"","","","","","","","Genuine repeating group (XSD maxOccurs > 1): the group element is the repeat_root in filings with 2+ rows and '' in single-row filings, so the unrepeated share just means most filers report one row. Attachment detail group is unbounded. Evidence: 285 filings TY2023, max 8/filing, repeats in 39 filings; repeat_root: ''=192; SubstantialContributorsSch/SubstantialContributorDetail=93.",high
MANY_NOT_REPEATING,/Return/ReturnData/SubstantialContributorsSch/SubstantialContributorDetail/USAddress/CityNm,PF_AX48_CONTRIBUTOR_ADDR_CITY,PF-P99-T48-CONTRIBUTOR,accept,"","","","","","","","Genuine repeating group (XSD maxOccurs > 1): the group element is the repeat_root in filings with 2+ rows and '' in single-row filings, so the unrepeated share just means most filers report one row. Attachment detail group is unbounded. Evidence: 7,486 filings TY2023, max 120/filing, repeats in 1,954 filings; repeat_root: ''=5504; SubstantialContributorsSch/SubstantialContributorDetail=1982.",high
MANY_NOT_REPEATING,/Return/ReturnData/SubstantialContributorsSch/SubstantialContributorDetail/USAddress/StateAbbreviationCd,PF_AX48_CONTRIBUTOR_ADDR_STATE,PF-P99-T48-CONTRIBUTOR,accept,"","","","","","","","Genuine repeating group (XSD maxOccurs > 1): the group element is the repeat_root in filings with 2+ rows and '' in single-row filings, so the unrepeated share just means most filers report one row. Attachment detail group is unbounded. Evidence: 7,486 filings TY2023, max 120/filing, repeats in 1,954 filings; repeat_root: ''=5504; SubstantialContributorsSch/SubstantialContributorDetail=1982.",high
MANY_NOT_REPEATING,/Return/ReturnData/SubstantialContributorsSch/SubstantialContributorDetail/USAddress/ZIPCd,PF_AX48_CONTRIBUTOR_ADDR_ZIP,PF-P99-T48-CONTRIBUTOR,accept,"","","","","","","","Genuine repeating group (XSD maxOccurs > 1): the group element is the repeat_root in filings with 2+ rows and '' in single-row filings, so the unrepeated share just means most filers report one row. Attachment detail group is unbounded. Evidence: 7,486 filings TY2023, max 120/filing, repeats in 1,954 filings; repeat_root: ''=5504; SubstantialContributorsSch/SubstantialContributorDetail=1982.",high
MANY_NOT_REPEATING,/Return/ReturnData/TaxesSchedule/TaxesDetail/AdjustedNetIncomeAmt,PF_AX49_TAXES_INCOME_NET_ADJ,PF-P99-T49-TAXES,accept,"","","","","","","","Genuine repeating group (XSD maxOccurs > 1): the group element is the repeat_root in filings with 2+ rows and '' in single-row filings, so the unrepeated share just means most filers report one row. Attachment detail group is unbounded. Evidence: 11,064 filings TY2023, max 201/filing, repeats in 4,162 filings; repeat_root: ''=6499; TaxesSchedule/TaxesDetail=4565.",high
MANY_NOT_REPEATING,/Return/ReturnData/TransfersFrmControlledEntities/TotalAmt,PF_AX51_TRANSF_FR_CE_AMT_TOT,PF-P99-T51-TRANSFER-FROM-CE,move_variable,PF-P99-T00-AUXILLIARY,"","","","","","","Schedule-level scalar that sits beside (not inside) the repeating detail group (XSD: direct child of the attachment, maxOccurs 1); never repeats. Row grain of the MANY table is the detail group, so move to the one-row auxiliary table. Evidence: 123 filings TY2023, max 1/filing, repeats in 0 filings; repeat_root: ''=123.",high
MANY_NOT_REPEATING,/Return/ReturnData/TransfersFrmControlledEntities/TransfersFromControlledEntGrp/Amt,PF_AX51_TRANSF_FR_CE_AMT,PF-P99-T51-TRANSFER-FROM-CE,accept,"","","","","","","","Genuine repeating group (XSD maxOccurs > 1): the group element is the repeat_root in filings with 2+ rows and '' in single-row filings, so the unrepeated share just means most filers report one row. Attachment detail group is unbounded. Evidence: 155 filings TY2023, max 21/filing, repeats in 49 filings; repeat_root: ''=106; TransfersFrmControlledEntities/TransfersFromControlledEntGrp=49.",high
MANY_NOT_REPEATING,/Return/ReturnData/TransfersFrmControlledEntities/TransfersFromControlledEntGrp/BusinessName/BusinessNameLine1Txt,PF_AX51_TRANSF_FR_CE_NAME_ORG_L1,PF-P99-T51-TRANSFER-FROM-CE,accept,"","","","","","","","Genuine repeating group (XSD maxOccurs > 1): the group element is the repeat_root in filings with 2+ rows and '' in single-row filings, so the unrepeated share just means most filers report one row. Attachment detail group is unbounded. Evidence: 155 filings TY2023, max 21/filing, repeats in 49 filings; repeat_root: ''=106; TransfersFrmControlledEntities/TransfersFromControlledEntGrp=49.",high
MANY_NOT_REPEATING,/Return/ReturnData/TransfersFrmControlledEntities/TransfersFromControlledEntGrp/Desc,PF_AX51_TRANSF_FR_CE_DESC,PF-P99-T51-TRANSFER-FROM-CE,accept,"","","","","","","","Genuine repeating group (XSD maxOccurs > 1): the group element is the repeat_root in filings with 2+ rows and '' in single-row filings, so the unrepeated share just means most filers report one row. Attachment detail group is unbounded. Evidence: 155 filings TY2023, max 21/filing, repeats in 49 filings; repeat_root: ''=106; TransfersFrmControlledEntities/TransfersFromControlledEntGrp=49.",high
MANY_NOT_REPEATING,/Return/ReturnData/TransfersFrmControlledEntities/TransfersFromControlledEntGrp/EIN,PF_AX51_TRANSF_FR_CE_EIN,PF-P99-T51-TRANSFER-FROM-CE,accept,"","","","","","","","Genuine repeating group (XSD maxOccurs > 1): the group element is the repeat_root in filings with 2+ rows and '' in single-row filings, so the unrepeated share just means most filers report one row. Attachment detail group is unbounded. Evidence: 155 filings TY2023, max 21/filing, repeats in 49 filings; repeat_root: ''=106; TransfersFrmControlledEntities/TransfersFromControlledEntGrp=49.",high
MANY_NOT_REPEATING,/Return/ReturnData/TransfersFrmControlledEntities/TransfersFromControlledEntGrp/USAddress/AddressLine1Txt,PF_AX51_TRANSF_FR_CE_ADDR_L1,PF-P99-T51-TRANSFER-FROM-CE,accept,"","","","","","","","Genuine repeating group (XSD maxOccurs > 1): the group element is the repeat_root in filings with 2+ rows and '' in single-row filings, so the unrepeated share just means most filers report one row. Attachment detail group is unbounded. Evidence: 146 filings TY2023, max 18/filing, repeats in 43 filings; repeat_root: ''=97; TransfersFrmControlledEntities/TransfersFromControlledEntGrp=49.",high
MANY_NOT_REPEATING,/Return/ReturnData/TransfersFrmControlledEntities/TransfersFromControlledEntGrp/USAddress/CityNm,PF_AX51_TRANSF_FR_CE_ADDR_CITY,PF-P99-T51-TRANSFER-FROM-CE,accept,"","","","","","","","Genuine repeating group (XSD maxOccurs > 1): the group element is the repeat_root in filings with 2+ rows and '' in single-row filings, so the unrepeated share just means most filers report one row. Attachment detail group is unbounded. Evidence: 146 filings TY2023, max 18/filing, repeats in 43 filings; repeat_root: ''=97; TransfersFrmControlledEntities/TransfersFromControlledEntGrp=49.",high
MANY_NOT_REPEATING,/Return/ReturnData/TransfersFrmControlledEntities/TransfersFromControlledEntGrp/USAddress/StateAbbreviationCd,PF_AX51_TRANSF_FR_CE_ADDR_STATE,PF-P99-T51-TRANSFER-FROM-CE,accept,"","","","","","","","Genuine repeating group (XSD maxOccurs > 1): the group element is the repeat_root in filings with 2+ rows and '' in single-row filings, so the unrepeated share just means most filers report one row. Attachment detail group is unbounded. Evidence: 146 filings TY2023, max 18/filing, repeats in 43 filings; repeat_root: ''=97; TransfersFrmControlledEntities/TransfersFromControlledEntGrp=49.",high
MANY_NOT_REPEATING,/Return/ReturnData/TransfersFrmControlledEntities/TransfersFromControlledEntGrp/USAddress/ZIPCd,PF_AX51_TRANSF_FR_CE_ADDR_ZIP,PF-P99-T51-TRANSFER-FROM-CE,accept,"","","","","","","","Genuine repeating group (XSD maxOccurs > 1): the group element is the repeat_root in filings with 2+ rows and '' in single-row filings, so the unrepeated share just means most filers report one row. Attachment detail group is unbounded. Evidence: 146 filings TY2023, max 18/filing, repeats in 43 filings; repeat_root: ''=97; TransfersFrmControlledEntities/TransfersFromControlledEntGrp=49.",high
MANY_NOT_REPEATING,/Return/ReturnData/TransfersToControlledEntities/TotalAmt,PF_AX52_TRANSF_TO_CE_AMT_TOT,PF-P99-T52-TRANSFER-TO-CE,move_variable,PF-P99-T00-AUXILLIARY,"","","","","","","Schedule-level scalar that sits beside (not inside) the repeating detail group (XSD: direct child of the attachment, maxOccurs 1); never repeats. Row grain of the MANY table is the detail group, so move to the one-row auxiliary table. Evidence: 151 filings TY2023, max 1/filing, repeats in 0 filings; repeat_root: ''=151.",high
MANY_NOT_REPEATING,/Return/ReturnData/TransfersToControlledEntities/TransfersToControlledEntGrp/Amt,PF_AX52_TRANSF_TO_CE_AMT,PF-P99-T52-TRANSFER-TO-CE,accept,"","","","","","","","Genuine repeating group (XSD maxOccurs > 1): the group element is the repeat_root in filings with 2+ rows and '' in single-row filings, so the unrepeated share just means most filers report one row. Attachment detail group is unbounded. Evidence: 170 filings TY2023, max 21/filing, repeats in 55 filings; repeat_root: ''=115; TransfersToControlledEntities/TransfersToControlledEntGrp=55.",high
MANY_NOT_REPEATING,/Return/ReturnData/TransfersToControlledEntities/TransfersToControlledEntGrp/BusinessName/BusinessNameLine1Txt,PF_AX52_TRANSF_TO_CE_NAME_ORG_L1,PF-P99-T52-TRANSFER-TO-CE,accept,"","","","","","","","Genuine repeating group (XSD maxOccurs > 1): the group element is the repeat_root in filings with 2+ rows and '' in single-row filings, so the unrepeated share just means most filers report one row. Attachment detail group is unbounded. Evidence: 170 filings TY2023, max 21/filing, repeats in 55 filings; repeat_root: ''=115; TransfersToControlledEntities/TransfersToControlledEntGrp=55.",high
MANY_NOT_REPEATING,/Return/ReturnData/TransfersToControlledEntities/TransfersToControlledEntGrp/Desc,PF_AX52_TRANSF_TO_CE_DESC,PF-P99-T52-TRANSFER-TO-CE,accept,"","","","","","","","Genuine repeating group (XSD maxOccurs > 1): the group element is the repeat_root in filings with 2+ rows and '' in single-row filings, so the unrepeated share just means most filers report one row. Attachment detail group is unbounded. Evidence: 170 filings TY2023, max 21/filing, repeats in 55 filings; repeat_root: ''=115; TransfersToControlledEntities/TransfersToControlledEntGrp=55.",high
MANY_NOT_REPEATING,/Return/ReturnData/TransfersToControlledEntities/TransfersToControlledEntGrp/EIN,PF_AX52_TRANSF_TO_CE_EIN,PF-P99-T52-TRANSFER-TO-CE,accept,"","","","","","","","Genuine repeating group (XSD maxOccurs > 1): the group element is the repeat_root in filings with 2+ rows and '' in single-row filings, so the unrepeated share just means most filers report one row. Attachment detail group is unbounded. Evidence: 170 filings TY2023, max 21/filing, repeats in 55 filings; repeat_root: ''=115; TransfersToControlledEntities/TransfersToControlledEntGrp=55.",high
MANY_NOT_REPEATING,/Return/ReturnData/TransfersToControlledEntities/TransfersToControlledEntGrp/ForeignAddress/AddressLine1Txt,PF_AX52_TRANSF_TO_CE_ADDR_L1,PF-P99-T52-TRANSFER-TO-CE,accept,"","","","","","","","Genuine repeating group (XSD maxOccurs > 1): the group element is the repeat_root in filings with 2+ rows and '' in single-row filings, so the unrepeated share just means most filers report one row. Attachment detail group is unbounded. Evidence: 27 filings TY2023, max 9/filing, repeats in 4 filings; repeat_root: ''=17; TransfersToControlledEntities/TransfersToControlledEntGrp=10.",high
MANY_NOT_REPEATING,/Return/ReturnData/TransfersToControlledEntities/TransfersToControlledEntGrp/ForeignAddress/AddressLine2Txt,PF_AX52_TRANSF_TO_CE_ADDR_L2,PF-P99-T52-TRANSFER-TO-CE,accept,"","","","","","","","Genuine repeating group (XSD maxOccurs > 1): the group element is the repeat_root in filings with 2+ rows and '' in single-row filings, so the unrepeated share just means most filers report one row. Attachment detail group is unbounded. Evidence: 7 filings TY2023, max 5/filing, repeats in 1 filings; repeat_root: ''=4; TransfersToControlledEntities/TransfersToControlledEntGrp=3.",high
MANY_NOT_REPEATING,/Return/ReturnData/TransfersToControlledEntities/TransfersToControlledEntGrp/ForeignAddress/CityNm,PF_AX52_TRANSF_TO_CE_ADDR_CITY,PF-P99-T52-TRANSFER-TO-CE,accept,"","","","","","","","Genuine repeating group (XSD maxOccurs > 1): the group element is the repeat_root in filings with 2+ rows and '' in single-row filings, so the unrepeated share just means most filers report one row. Attachment detail group is unbounded. Evidence: 24 filings TY2023, max 9/filing, repeats in 4 filings; repeat_root: ''=16; TransfersToControlledEntities/TransfersToControlledEntGrp=8.",high
MANY_NOT_REPEATING,/Return/ReturnData/TransfersToControlledEntities/TransfersToControlledEntGrp/ForeignAddress/CountryCd,PF_AX52_TRANSF_TO_CE_ADDR_CNTR,PF-P99-T52-TRANSFER-TO-CE,accept,"","","","","","","","Genuine repeating group (XSD maxOccurs > 1): the group element is the repeat_root in filings with 2+ rows and '' in single-row filings, so the unrepeated share just means most filers report one row. Attachment detail group is unbounded. Evidence: 27 filings TY2023, max 9/filing, repeats in 4 filings; repeat_root: ''=17; TransfersToControlledEntities/TransfersToControlledEntGrp=10.",high
MANY_NOT_REPEATING,/Return/ReturnData/TransfersToControlledEntities/TransfersToControlledEntGrp/ForeignAddress/ForeignPostalCd,PF_AX52_TRANSF_TO_CE_ADDR_ZIP,PF-P99-T52-TRANSFER-TO-CE,accept,"","","","","","","","Genuine repeating group (XSD maxOccurs > 1): the group element is the repeat_root in filings with 2+ rows and '' in single-row filings, so the unrepeated share just means most filers report one row. Attachment detail group is unbounded. Evidence: 17 filings TY2023, max 7/filing, repeats in 2 filings; repeat_root: ''=11; TransfersToControlledEntities/TransfersToControlledEntGrp=6.",high
MANY_NOT_REPEATING,/Return/ReturnData/TransfersToControlledEntities/TransfersToControlledEntGrp/USAddress/AddressLine1Txt,PF_AX52_TRANSF_TO_CE_ADDR_L1,PF-P99-T52-TRANSFER-TO-CE,accept,"","","","","","","","Genuine repeating group (XSD maxOccurs > 1): the group element is the repeat_root in filings with 2+ rows and '' in single-row filings, so the unrepeated share just means most filers report one row. Attachment detail group is unbounded. Evidence: 151 filings TY2023, max 12/filing, repeats in 50 filings; repeat_root: ''=98; TransfersToControlledEntities/TransfersToControlledEntGrp=53.",high
MANY_NOT_REPEATING,/Return/ReturnData/TransfersToControlledEntities/TransfersToControlledEntGrp/USAddress/CityNm,PF_AX52_TRANSF_TO_CE_ADDR_CITY,PF-P99-T52-TRANSFER-TO-CE,accept,"","","","","","","","Genuine repeating group (XSD maxOccurs > 1): the group element is the repeat_root in filings with 2+ rows and '' in single-row filings, so the unrepeated share just means most filers report one row. Attachment detail group is unbounded. Evidence: 151 filings TY2023, max 12/filing, repeats in 50 filings; repeat_root: ''=98; TransfersToControlledEntities/TransfersToControlledEntGrp=53.",high
MANY_NOT_REPEATING,/Return/ReturnData/TransfersToControlledEntities/TransfersToControlledEntGrp/USAddress/StateAbbreviationCd,PF_AX52_TRANSF_TO_CE_ADDR_STATE,PF-P99-T52-TRANSFER-TO-CE,accept,"","","","","","","","Genuine repeating group (XSD maxOccurs > 1): the group element is the repeat_root in filings with 2+ rows and '' in single-row filings, so the unrepeated share just means most filers report one row. Attachment detail group is unbounded. Evidence: 151 filings TY2023, max 12/filing, repeats in 50 filings; repeat_root: ''=98; TransfersToControlledEntities/TransfersToControlledEntGrp=53.",high
MANY_NOT_REPEATING,/Return/ReturnData/TransfersToControlledEntities/TransfersToControlledEntGrp/USAddress/ZIPCd,PF_AX52_TRANSF_TO_CE_ADDR_ZIP,PF-P99-T52-TRANSFER-TO-CE,accept,"","","","","","","","Genuine repeating group (XSD maxOccurs > 1): the group element is the repeat_root in filings with 2+ rows and '' in single-row filings, so the unrepeated share just means most filers report one row. Attachment detail group is unbounded. Evidence: 151 filings TY2023, max 12/filing, repeats in 50 filings; repeat_root: ''=98; TransfersToControlledEntities/TransfersToControlledEntGrp=53.",high
