check,key,variable_name,decision,xpath,target_variable,new_variable,new_data_type,new_label,rationale,confidence
NAME_SUFFIX,/Return/ReturnHeader/DisasterReliefTxt,F9_00_DISASTER_RELIEF,retype,"","","",text,"",The variable had no data type when the issue was raised; fix 02 (R09) set it to text. Suffix and type now agree (free text / IP addresses).,high
NAME_SUFFIX,/Return/ReturnHeader/Form8822BAttachedInd,F9_00_FORM_8822B_X,retype,"","","",checkbox,"",The variable had no data type when the issue was raised; fix 02 (R09) set it to checkbox. Values are X/true/1/0/false.,high
NAME_SUFFIX,/Return/ReturnHeader/IRSResponsiblePrtyInfoCurrInd,F9_00_IRS_RESP_PARTY_INFO_CURR_X,retype,"","","",checkbox,"",The variable had no data type when the issue was raised; fix 02 (R09) set it to checkbox. Values are X/true/1/0/false.,high
NAME_SUFFIX,/Return/ReturnHeader/FilingSecurityInformation/IPAddress/IPv4AddressTxt,F9_00_IRS_SEC_IP_ADDR,retype,"","","",text,"",The variable had no data type when the issue was raised; fix 02 (R09) set it to text. Suffix and type now agree (free text / IP addresses).,high
NAME_SUFFIX,/Return/ReturnHeader/AdditionalFilerInformation/TrustedCustomerGrp/ProfileEmailAddressChangeInd,F9_00_IRS_TRUST_PROFILE_CHANGE_X,retype,"","","",checkbox,"",The variable had no data type when the issue was raised; fix 02 (R09) set it to checkbox. Values are X/true/1/0/false.,high
NAME_SUFFIX,/Return/ReturnHeader/AdditionalFilerInformation/TrustedCustomerGrp/ProfilePasswordChangeInd,F9_00_IRS_TRUST_PW_CHANGE_X,retype,"","","",checkbox,"",The variable had no data type when the issue was raised; fix 02 (R09) set it to checkbox. Values are X/true/1/0/false.,high
NAME_SUFFIX,/Return/ReturnHeader/AdditionalFilerInformation/TrustedCustomerGrp/ProfileUserNameChangeInd,F9_00_IRS_TRUST_USRNAME_CHANGE_X,retype,"","","",checkbox,"",The variable had no data type when the issue was raised; fix 02 (R09) set it to checkbox. Values are X/true/1/0/false.,high
NAME_SUFFIX,/Return/ReturnData/IRS990/TypeOfOrgOtherDescriptionInd,F9_00_TYPE_ORG_OTH_DESC,remap,/Return/ReturnData/IRS990/TypeOfOrgOtherDescriptionInd,F9_00_TYPE_ORG_OTH_X,"","","","Never observed in TY2009-2024 filings, so there is no data impact. An ...Ind element is an indicator and belongs with the other-form-of-organization checkbox, not the description; the description xpaths (TypeOfOrgOtherDescription, OtherOrganizationDsc, TypeOfOrganizationOtherDesc) are already mapped. If the element does not exist in any XSD, delete the row instead.",low
NAME_SUFFIX,/Return/ReturnData/TransferPrsnlBnftContractsDecl/DeclarationDesc,F9_05_170C_FUNDS_FOR_PREMIUM_X,remap,/Return/ReturnData/TransferPrsnlBnftContractsDecl/DeclarationDesc,F9_05_170C_PREMIUM_DECL_TEXT,"","","","A 990-EZ free-text declaration on personal benefit contracts (THE ORGANIZATION DID NOT ... RECEIVE ANY FUNDS ...), not the 990 line 7e checkbox. Already applied in fix 03: mapped to the text variable F9_05_170C_PREMIUM_DECL_TEXT in the current build.",high
NAME_SUFFIX,/Return/ReturnData/IRS990ScheduleB/ContributorInformationGrp/TotalContributionsAmt,SB_01_CONTRIBUTOR_AMOUNT,retype,"","","",numeric,"",Fix 02 (R09) set it to numeric. Note: every public value is RESTRICTED (Schedule B contributor amounts are redacted in the public e-file data).,high
NAME_SUFFIX,/Return/ReturnData/IRS990ScheduleD/OtherAssetsOrgGrp/Desc,SD_09_OTH_ASSET_DESC,retype,"","","",text,"",Description column; the variable is wrongly typed numeric.,high
NAME_SUFFIX,/Return/ReturnData/IRS990ScheduleG/FundraisingEventInformationGrp/NameOfEvent1Amt,SG_02_FUNDR_EVNT_1_NAME,accept,"","","","","","The IRS misnamed this element in the TY2013 schemas (NameOfEventNAmt). Values are event names (GOLF TOURNAMENT, GALA, ...), and it was renamed EventNNm from 2014. The text mapping is correct.",high
NAME_SUFFIX,/Return/ReturnData/IRS990ScheduleG/FundraisingEventInformationGrp/NameOfEvent2Amt,SG_02_FUNDR_EVNT_2_NAME,accept,"","","","","","The IRS misnamed this element in the TY2013 schemas (NameOfEventNAmt). Values are event names (GOLF TOURNAMENT, GALA, ...), and it was renamed EventNNm from 2014. The text mapping is correct.",high
SCALE_BREAK,/Return/ReturnData/IRS990/GrantsAndSimilarAmntsPriorYear,F9_01_EXP_GRANT_SIMILAR_PY,accept,"","","","","","Same form line: the pre-2013 xpath (TY2009-12) and its post-2013 successor never overlap in a year. The check compares medians of per-year/schema-version q50 with zeros dropped, so zero-heavy eras and the small, larger-org TY2009-10 e-file population drive the ratio (old-xpath medians fall 2009->2012 toward the new-era level; yearly medians within one xpath swing as much). Same quantity. Evidence (990): IRS990/PYGrantsAndSimilarPaidAmt [Line 13 PY] TY13-24 n=1,894,043 yearly medians 0 to 500; IRS990/GrantsAndSimilarAmntsPriorYear [Line 13 PY] TY9-12 n=  286,430 yearly medians 0 to 173,525",high
SCALE_BREAK,/Return/ReturnData/IRS990/OtherRevenueCurrentYear,F9_01_REV_OTH_CY,accept,"","","","","","Same form line: the pre-2013 xpath (TY2009-12) and its post-2013 successor never overlap in a year. The check compares medians of per-year/schema-version q50 with zeros dropped, so zero-heavy eras and the small, larger-org TY2009-10 e-file population drive the ratio (old-xpath medians fall 2009->2012 toward the new-era level; yearly medians within one xpath swing as much). Same quantity. Evidence (990): IRS990/CYOtherRevenueAmt [Line 11 CY] TY13-24 n=3,349,587 yearly medians 0 to 1,883; IRS990/OtherRevenueCurrentYear [Line 11 CY] TY9-12 n=  495,528 yearly medians 1,131.5 to 10,550",high
SCALE_BREAK,/Return/ReturnData/IRS990/InitiationFeesAmount,F9_05_501C7_INITIATION_FEES,accept,"","","","","","Same form line: the pre-2013 xpath (TY2009-12) and its post-2013 successor never overlap in a year. The check compares medians of per-year/schema-version q50 with zeros dropped, so zero-heavy eras and the small, larger-org TY2009-10 e-file population drive the ratio (old-xpath medians fall 2009->2012 toward the new-era level; yearly medians within one xpath swing as much). Same quantity. Evidence (990): IRS990/InitiationFeesAndCapContriAmt [Line 10a] TY13-24 n=62,038 yearly medians 0 to 14,038.5; IRS990/InitiationFeesAmount [Line 10a] TY9-12 n= 8,841 yearly medians 1,215 to 76,550",high
SCALE_BREAK,/Return/ReturnData/IRS990EZ/FundraisingGrossIncome,F9_08_REV_OTH_FUNDR_EVNT_1,accept,"","","","","","Same form line: the pre-2013 xpath (TY2009-12) and its post-2013 successor never overlap in a year. The check compares medians of per-year/schema-version q50 with zeros dropped, so zero-heavy eras and the small, larger-org TY2009-10 e-file population drive the ratio (old-xpath medians fall 2009->2012 toward the new-era level; yearly medians within one xpath swing as much). Same quantity. Evidence (990EZ): IRS990EZ/FundraisingGrossIncomeAmt [Line 06b 1] TY13-24 n=1,058,254 yearly medians 0 to 7,108; IRS990EZ/FundraisingGrossIncome [Line 06b 1] TY10-12 n=  140,020 yearly medians 0 to 1,836.5",high
SCALE_BREAK,/Return/ReturnData/IRS990/GrossIncomeGaming,F9_08_REV_OTH_GAMING,accept,"","","","","","990 line 9a gross income from gaming: GrossIncomeGaming (TY2009-12) vs GamingGrossIncomeAmt (TY2013+) are the same line, and the ratio comes from a few near-zero schema-version medians. The 990-EZ TY2009 SpecialEventsGrossRevenue problem is handled in the V_POOLED_SCALE row. Evidence (990): IRS990/GamingGrossIncomeAmt [Line 09a] TY13-24 n=257,222 yearly medians 0 to 111,720; IRS990/GrossIncomeGaming [Line 09a] TY9-12 n= 21,295 yearly medians 31,005 to 56,293.5",high
SCALE_BREAK,/Return/ReturnData/IRS990/LessRentalExpenses/Real,F9_08_REV_OTH_RENT_LESS_EXP_REAL,accept,"","","","","","Same form line: the pre-2013 xpath (TY2009-12) and its post-2013 successor never overlap in a year. The check compares medians of per-year/schema-version q50 with zeros dropped, so zero-heavy eras and the small, larger-org TY2009-10 e-file population drive the ratio (old-xpath medians fall 2009->2012 toward the new-era level; yearly medians within one xpath swing as much). Same quantity. Evidence (990): IRS990/LessRentalExpensesGrp/RealAmt [Line 06b Column (i)] TY13-24 n=336,824 yearly medians 0 to 6,422; IRS990/LessRentalExpenses/Real [Line 06b Column (i)] TY9-12 n= 48,270 yearly medians 352.5 to 77,899",medium
SCALE_BREAK,/Return/ReturnData/IRS990/RoyaltiesRevenue/ExclusionAmount,F9_08_REV_OTH_ROY_EXCL,accept,"","","","","","Same form line: the pre-2013 xpath (TY2009-12) and its post-2013 successor never overlap in a year. The check compares medians of per-year/schema-version q50 with zeros dropped, so zero-heavy eras and the small, larger-org TY2009-10 e-file population drive the ratio (old-xpath medians fall 2009->2012 toward the new-era level; yearly medians within one xpath swing as much). Same quantity. Evidence (990): IRS990/RoyaltiesRevenueGrp/ExclusionAmt [Line 05 Column (D)] TY13-24 n=163,471 yearly medians 0 to 27,966; IRS990/RoyaltiesRevenue/ExclusionAmount [Line 05 Column (D)] TY9-12 n= 19,979 yearly medians 0 to 0",high
SCALE_BREAK,/Return/ReturnData/IRS990/DepreciationDepletion/Fundraising,F9_09_EXP_DEPREC_FUNDR,accept,"","","","","","Same form line: the pre-2013 xpath (TY2009-12) and its post-2013 successor never overlap in a year. The check compares medians of per-year/schema-version q50 with zeros dropped, so zero-heavy eras and the small, larger-org TY2009-10 e-file population drive the ratio (old-xpath medians fall 2009->2012 toward the new-era level; yearly medians within one xpath swing as much). Same quantity. Evidence (990): IRS990/DepreciationDepletionGrp/FundraisingAmt [Line 22 Column (D)] TY13-24 n=456,827 yearly medians 0 to 2,454.5; IRS990/DepreciationDepletion/Fundraising [Line 22 Column (D)] TY9-12 n= 71,061 yearly medians 0 to 3,152.5",high
SCALE_BREAK,/Return/ReturnData/IRS990/FeesForServicesLobbying/ProgramServices,F9_09_EXP_FEE_SVC_LOB_PROG,accept,"","","","","","Same form line: the pre-2013 xpath (TY2009-12) and its post-2013 successor never overlap in a year. The check compares medians of per-year/schema-version q50 with zeros dropped, so zero-heavy eras and the small, larger-org TY2009-10 e-file population drive the ratio (old-xpath medians fall 2009->2012 toward the new-era level; yearly medians within one xpath swing as much). Same quantity. Evidence (990): IRS990/FeesForServicesLobbyingGrp/ProgramServicesAmt [Line 11d Column (B)] TY13-24 n=121,791 yearly medians 0 to 26,662; IRS990/FeesForServicesLobbying/ProgramServices [Line 11d Column (B)] TY9-12 n= 14,019 yearly medians 0 to 26,995",high
SCALE_BREAK,/Return/ReturnData/IRS990/Interest/Total,F9_09_EXP_INT_TOT,accept,"","","","","","Same form line: the pre-2013 xpath (TY2009-12) and its post-2013 successor never overlap in a year. The check compares medians of per-year/schema-version q50 with zeros dropped, so zero-heavy eras and the small, larger-org TY2009-10 e-file population drive the ratio (old-xpath medians fall 2009->2012 toward the new-era level; yearly medians within one xpath swing as much). Same quantity. Evidence (990): IRS990/InterestGrp/TotalAmt [Line 20 Column (A)] TY13-24 n=1,455,855 yearly medians 0 to 7,001; IRS990/Interest/Total [Line 20 Column (A)] TY9-12 n=  249,523 yearly medians 71 to 20,392",high
SCALE_BREAK,/Return/ReturnData/IRS990/OtherExpenses/Fundraising,F9_09_EXP_OTH_FUNDR,accept,"","","","","","Same form line: the pre-2013 xpath (TY2009-12) and its post-2013 successor never overlap in a year. The check compares medians of per-year/schema-version q50 with zeros dropped, so zero-heavy eras and the small, larger-org TY2009-10 e-file population drive the ratio (old-xpath medians fall 2009->2012 toward the new-era level; yearly medians within one xpath swing as much). Same quantity. Evidence (990): IRS990/OtherExpensesGrp/FundraisingAmt [Line 24a-d Column (D)] TY13-24 n=913,459 yearly medians 0 to 1,958; IRS990/OtherExpenses/Fundraising [Line 24a-d Column (D)] TY9-12 n=139,805 yearly medians 96 to 2,210",high
SCALE_BREAK,/Return/ReturnData/IRS990/PaymentsToAffiliates/ManagementAndGeneral,F9_09_EXP_PAY_AFFIL_MGMT,accept,"","","","","","Same form line: the pre-2013 xpath (TY2009-12) and its post-2013 successor never overlap in a year. The check compares medians of per-year/schema-version q50 with zeros dropped, so zero-heavy eras and the small, larger-org TY2009-10 e-file population drive the ratio (old-xpath medians fall 2009->2012 toward the new-era level; yearly medians within one xpath swing as much). Same quantity. Evidence (990): IRS990/PaymentsToAffiliatesGrp/ManagementAndGeneralAmt [Line 21 Column (C)] TY13-24 n=116,803 yearly medians 0 to 9,541; IRS990/PaymentsToAffiliates/ManagementAndGeneral [Line 21 Column (C)] TY9-12 n= 14,949 yearly medians 0 to 20,053.5",high
SCALE_BREAK,/Return/ReturnData/IRS990/OtherNotesLoansReceivableNet/BOY,F9_10_ASSET_NOTE_LOAN_NET_BOY,accept,"","","","","","Same form line: the pre-2013 xpath (TY2009-12) and its post-2013 successor never overlap in a year. The check compares medians of per-year/schema-version q50 with zeros dropped, so zero-heavy eras and the small, larger-org TY2009-10 e-file population drive the ratio (old-xpath medians fall 2009->2012 toward the new-era level; yearly medians within one xpath swing as much). Same quantity. Evidence (990): IRS990/OthNotesLoansReceivableNetGrp/BOYAmt [Line 07 BOY] TY13-24 n=388,472 yearly medians 0 to 109,005; IRS990/OtherNotesLoansReceivableNet/BOY [Line 07 BOY] TY9-12 n= 63,327 yearly medians 65,613 to 398,969.5",high
SCALE_BREAK,/Return/ReturnData/IRS990/UnsecuredNotesLoansPayable/BOY,F9_10_LIAB_NOTE_UNSEC_BOY,accept,"","","","","","Same form line: the pre-2013 xpath (TY2009-12) and its post-2013 successor never overlap in a year. The check compares medians of per-year/schema-version q50 with zeros dropped, so zero-heavy eras and the small, larger-org TY2009-10 e-file population drive the ratio (old-xpath medians fall 2009->2012 toward the new-era level; yearly medians within one xpath swing as much). Same quantity. Evidence (990): IRS990/UnsecuredNotesLoansPayableGrp/BOYAmt [Line 24 BOY] TY13-24 n=397,409 yearly medians 0 to 50,000; IRS990/UnsecuredNotesLoansPayable/BOY [Line 24 BOY] TY9-12 n= 44,348 yearly medians 5,750 to 236,031.5",high
SCALE_BREAK,/Return/ReturnData/IRS990/UnsecuredNotesLoansPayable/EOY,F9_10_LIAB_NOTE_UNSEC_EOY,accept,"","","","","","Same form line: the pre-2013 xpath (TY2009-12) and its post-2013 successor never overlap in a year. The check compares medians of per-year/schema-version q50 with zeros dropped, so zero-heavy eras and the small, larger-org TY2009-10 e-file population drive the ratio (old-xpath medians fall 2009->2012 toward the new-era level; yearly medians within one xpath swing as much). Same quantity. Evidence (990): IRS990/UnsecuredNotesLoansPayableGrp/EOYAmt [Line 24 EOY] TY13-24 n=403,387 yearly medians 0 to 33,336; IRS990/UnsecuredNotesLoansPayable/EOY [Line 24 EOY] TY9-12 n= 44,936 yearly medians 5,107 to 200,000",high
SCALE_BREAK,/Return/ReturnData/IRS990ScheduleA/GrossInvestmentIncome170/Total,SA_02_TOT_INCOME_GRO_TOT,accept,"","","","","","Same form line: the pre-2013 xpath (TY2009-12) and its post-2013 successor never overlap in a year. The check compares medians of per-year/schema-version q50 with zeros dropped, so zero-heavy eras and the small, larger-org TY2009-10 e-file population drive the ratio (old-xpath medians fall 2009->2012 toward the new-era level; yearly medians within one xpath swing as much). Same quantity. Evidence (990EZ): IRS990ScheduleA/GrossInvestmentIncome170Grp/TotalAmt [Section B Line 08 Column (F)] TY13-24 n=354,755 yearly medians 0 to 27; IRS990ScheduleA/GrossInvestmentIncome170/Total [Section B Line 08 Column (F)] TY9-12 n= 66,658 yearly medians 0 to 2,862.5",high
SCALE_BREAK,/Return/ReturnData/IRS990ScheduleA/PriorYrInvestIncomePercentage,SA_03_PCT_INVEST_INCOME_PY,accept,"","","","","","Old and new xpaths are both fractions on a 0-1 scale (q99 = 1.0 for each); no percent/fraction mix. Medians near zero (1e-4 to 0.5) make ratios unstable. Same quantity. Evidence (990): IRS990ScheduleA/InvestmentIncomePYPct [Section D Line 18] TY13-24 n=727,067 yearly medians 0 to 0.0079; IRS990ScheduleA/PriorYrInvestIncomePercentage [Section D Line 18] TY9-12 n= 88,836 yearly medians 0.0083 to 0.01",high
SCALE_BREAK,/Return/ReturnData/IRS990ScheduleA/SupportFromDQPsEtc/CurrentTaxYear,SA_03_PUB_ADD_L7AB_CY,accept,"","","","","","Same form line: the pre-2013 xpath (TY2009-12) and its post-2013 successor never overlap in a year. The check compares medians of per-year/schema-version q50 with zeros dropped, so zero-heavy eras and the small, larger-org TY2009-10 e-file population drive the ratio (old-xpath medians fall 2009->2012 toward the new-era level; yearly medians within one xpath swing as much). Same quantity. Evidence (990EZ): IRS990ScheduleA/SubstAndDsqlfyPrsnsTotGrp/CurrentTaxYearAmt [Section A Line 07c Column (E)] TY13-24 n=119,973 yearly medians 0 to 6,000; IRS990ScheduleA/SupportFromDQPsEtc/CurrentTaxYear [Section A Line 07c Column (E)] TY9-12 n= 11,474 yearly medians 0 to 580",high
SCALE_BREAK,/Return/ReturnData/IRS990ScheduleA/SupportFromDQPsEtc/CurrentTaxYearMinus1Year,SA_03_PUB_ADD_L7AB_CY_M1,accept,"","","","","","Same form line: the pre-2013 xpath (TY2009-12) and its post-2013 successor never overlap in a year. The check compares medians of per-year/schema-version q50 with zeros dropped, so zero-heavy eras and the small, larger-org TY2009-10 e-file population drive the ratio (old-xpath medians fall 2009->2012 toward the new-era level; yearly medians within one xpath swing as much). Same quantity. Evidence (990EZ): IRS990ScheduleA/SubstAndDsqlfyPrsnsTotGrp/CurrentTaxYearMinus1YearAmt [Section A Line 07c Column (D)] TY13-24 n=119,059 yearly medians 0 to 6,000; IRS990ScheduleA/SupportFromDQPsEtc/CurrentTaxYearMinus1Year [Section A Line 07c Column (D)] TY9-12 n= 11,692 yearly medians 0 to 746.5",high
SCALE_BREAK,/Return/ReturnData/IRS990ScheduleA/SupportFromDQPsEtc/CurrentTaxYearMinus2Years,SA_03_PUB_ADD_L7AB_CY_M2,accept,"","","","","","Same form line: the pre-2013 xpath (TY2009-12) and its post-2013 successor never overlap in a year. The check compares medians of per-year/schema-version q50 with zeros dropped, so zero-heavy eras and the small, larger-org TY2009-10 e-file population drive the ratio (old-xpath medians fall 2009->2012 toward the new-era level; yearly medians within one xpath swing as much). Same quantity. Evidence (990EZ): IRS990ScheduleA/SubstAndDsqlfyPrsnsTotGrp/CurrentTaxYearMinus2YearsAmt [Section A Line 07c Column (C)] TY13-24 n=117,683 yearly medians 0 to 5,000; IRS990ScheduleA/SupportFromDQPsEtc/CurrentTaxYearMinus2Years [Section A Line 07c Column (C)] TY9-12 n= 11,916 yearly medians 0 to 3,580",high
SCALE_BREAK,/Return/ReturnData/IRS990ScheduleA/SupportFromDQPsEtc/CurrentTaxYearMinus3Years,SA_03_PUB_ADD_L7AB_CY_M3,accept,"","","","","","Same form line: the pre-2013 xpath (TY2009-12) and its post-2013 successor never overlap in a year. The check compares medians of per-year/schema-version q50 with zeros dropped, so zero-heavy eras and the small, larger-org TY2009-10 e-file population drive the ratio (old-xpath medians fall 2009->2012 toward the new-era level; yearly medians within one xpath swing as much). Same quantity. Evidence (990EZ): IRS990ScheduleA/SubstAndDsqlfyPrsnsTotGrp/CurrentTaxYearMinus3YearsAmt [Section A Line 07c Column (B)] TY13-24 n=116,245 yearly medians 0 to 5,000; IRS990ScheduleA/SupportFromDQPsEtc/CurrentTaxYearMinus3Years [Section A Line 07c Column (B)] TY9-12 n= 12,021 yearly medians 0 to 3,275",high
SCALE_BREAK,/Return/ReturnData/IRS990ScheduleA/AmtsRecdFromDisqualPersons/CurrentTaxYear,SA_03_PUB_AMT_PERS_DSQ_CY,accept,"","","","","","Same form line: the pre-2013 xpath (TY2009-12) and its post-2013 successor never overlap in a year. The check compares medians of per-year/schema-version q50 with zeros dropped, so zero-heavy eras and the small, larger-org TY2009-10 e-file population drive the ratio (old-xpath medians fall 2009->2012 toward the new-era level; yearly medians within one xpath swing as much). Same quantity. Evidence (990EZ): IRS990ScheduleA/AmountsRcvdDsqlfyPersonGrp/CurrentTaxYearAmt [Section A Line 07a Column (E)] TY13-24 n=86,893 yearly medians 0 to 5,000; IRS990ScheduleA/AmtsRecdFromDisqualPersons/CurrentTaxYear [Section A Line 07a Column (E)] TY9-12 n= 8,517 yearly medians 0 to 500",high
SCALE_BREAK,/Return/ReturnData/IRS990ScheduleA/AmtsRecdFromDisqualPersons/CurrentTaxYearMinus1Year,SA_03_PUB_AMT_PERS_DSQ_CY_M1,accept,"","","","","","Same form line: the pre-2013 xpath (TY2009-12) and its post-2013 successor never overlap in a year. The check compares medians of per-year/schema-version q50 with zeros dropped, so zero-heavy eras and the small, larger-org TY2009-10 e-file population drive the ratio (old-xpath medians fall 2009->2012 toward the new-era level; yearly medians within one xpath swing as much). Same quantity. Evidence (990EZ): IRS990ScheduleA/AmountsRcvdDsqlfyPersonGrp/CurrentTaxYearMinus1YearAmt [Section A Line 07a Column (D)] TY13-24 n=86,963 yearly medians 0 to 5,300; IRS990ScheduleA/AmtsRecdFromDisqualPersons/CurrentTaxYearMinus1Year [Section A Line 07a Column (D)] TY9-12 n= 8,751 yearly medians 0 to 260",high
SCALE_BREAK,/Return/ReturnData/IRS990ScheduleA/AmtsRecdFromDisqualPersons/CurrentTaxYearMinus2Years,SA_03_PUB_AMT_PERS_DSQ_CY_M2,accept,"","","","","","Same form line: the pre-2013 xpath (TY2009-12) and its post-2013 successor never overlap in a year. The check compares medians of per-year/schema-version q50 with zeros dropped, so zero-heavy eras and the small, larger-org TY2009-10 e-file population drive the ratio (old-xpath medians fall 2009->2012 toward the new-era level; yearly medians within one xpath swing as much). Same quantity. Evidence (990EZ): IRS990ScheduleA/AmountsRcvdDsqlfyPersonGrp/CurrentTaxYearMinus2YearsAmt [Section A Line 07a Column (C)] TY13-24 n=85,302 yearly medians 0 to 5,000; IRS990ScheduleA/AmtsRecdFromDisqualPersons/CurrentTaxYearMinus2Years [Section A Line 07a Column (C)] TY9-12 n= 8,576 yearly medians 0 to 208.5",high
SCALE_BREAK,/Return/ReturnData/IRS990ScheduleA/AmtsRecdFromDisqualPersons/CurrentTaxYearMinus3Years,SA_03_PUB_AMT_PERS_DSQ_CY_M3,accept,"","","","","","Same form line: the pre-2013 xpath (TY2009-12) and its post-2013 successor never overlap in a year. The check compares medians of per-year/schema-version q50 with zeros dropped, so zero-heavy eras and the small, larger-org TY2009-10 e-file population drive the ratio (old-xpath medians fall 2009->2012 toward the new-era level; yearly medians within one xpath swing as much). Same quantity. Evidence (990EZ): IRS990ScheduleA/AmountsRcvdDsqlfyPersonGrp/CurrentTaxYearMinus3YearsAmt [Section A Line 07a Column (B)] TY13-24 n=83,480 yearly medians 0 to 4,712; IRS990ScheduleA/AmtsRecdFromDisqualPersons/CurrentTaxYearMinus3Years [Section A Line 07a Column (B)] TY9-12 n= 8,275 yearly medians 0 to 440",high
SCALE_BREAK,/Return/ReturnData/IRS990ScheduleA/AmtsRecdFromDisqualPersons/CurrentTaxYearMinus4Years,SA_03_PUB_AMT_PERS_DSQ_CY_M4,accept,"","","","","","Same form line: the pre-2013 xpath (TY2009-12) and its post-2013 successor never overlap in a year. The check compares medians of per-year/schema-version q50 with zeros dropped, so zero-heavy eras and the small, larger-org TY2009-10 e-file population drive the ratio (old-xpath medians fall 2009->2012 toward the new-era level; yearly medians within one xpath swing as much). Same quantity. Evidence (990EZ): IRS990ScheduleA/AmountsRcvdDsqlfyPersonGrp/CurrentTaxYearMinus4YearsAmt [Section A Line 07a Column (A)] TY13-24 n=81,608 yearly medians 0 to 4,224; IRS990ScheduleA/AmtsRecdFromDisqualPersons/CurrentTaxYearMinus4Years [Section A Line 07a Column (A)] TY9-12 n= 7,969 yearly medians 0 to 1,514",high
SCALE_BREAK,/Return/ReturnData/IRS990ScheduleA/InvestmentIncomeAndUBTI/CurrentTaxYearMinus3Years,SA_03_TOT_ADD_L10AB_CY_M3,accept,"","","","","","Same form line: the pre-2013 xpath (TY2009-12) and its post-2013 successor never overlap in a year. The check compares medians of per-year/schema-version q50 with zeros dropped, so zero-heavy eras and the small, larger-org TY2009-10 e-file population drive the ratio (old-xpath medians fall 2009->2012 toward the new-era level; yearly medians within one xpath swing as much). Same quantity. Evidence (990EZ): IRS990ScheduleA/InvestmentIncomeAndUBTIGrp/CurrentTaxYearMinus3YearsAmt [Section B Line 10c Column (B)] TY13-24 n=303,511 yearly medians 0 to 121; IRS990ScheduleA/InvestmentIncomeAndUBTI/CurrentTaxYearMinus3Years [Section B Line 10c Column (B)] TY9-12 n= 48,273 yearly medians 107 to 964",high
SCALE_BREAK,/Return/ReturnData/IRS990ScheduleA/InvestmentIncomeAndUBTI/CurrentTaxYearMinus4Years,SA_03_TOT_ADD_L10AB_CY_M4,accept,"","","","","","Same form line: the pre-2013 xpath (TY2009-12) and its post-2013 successor never overlap in a year. The check compares medians of per-year/schema-version q50 with zeros dropped, so zero-heavy eras and the small, larger-org TY2009-10 e-file population drive the ratio (old-xpath medians fall 2009->2012 toward the new-era level; yearly medians within one xpath swing as much). Same quantity. Evidence (990EZ): IRS990ScheduleA/InvestmentIncomeAndUBTIGrp/CurrentTaxYearMinus4YearsAmt [Section B Line 10c Column (A)] TY13-24 n=299,512 yearly medians 0 to 203; IRS990ScheduleA/InvestmentIncomeAndUBTI/CurrentTaxYearMinus4Years [Section B Line 10c Column (A)] TY9-12 n= 46,018 yearly medians 228 to 656",high
SCALE_BREAK,/Return/ReturnData/IRS990ScheduleA/GrossInvestmentIncome509/CurrentTaxYearMinus3Years,SA_03_TOT_INCOME_GRO_CY_M3,accept,"","","","","","Same form line: the pre-2013 xpath (TY2009-12) and its post-2013 successor never overlap in a year. The check compares medians of per-year/schema-version q50 with zeros dropped, so zero-heavy eras and the small, larger-org TY2009-10 e-file population drive the ratio (old-xpath medians fall 2009->2012 toward the new-era level; yearly medians within one xpath swing as much). Same quantity. Evidence (990EZ): IRS990ScheduleA/GrossInvestmentIncome509Grp/CurrentTaxYearMinus3YearsAmt [Section B Line 10a Column (B)] TY13-24 n=280,196 yearly medians 3 to 126; IRS990ScheduleA/GrossInvestmentIncome509/CurrentTaxYearMinus3Years [Section B Line 10a Column (B)] TY9-12 n= 46,755 yearly medians 130 to 962",high
SCALE_BREAK,/Return/ReturnData/IRS990ScheduleA/GrossInvestmentIncome509/CurrentTaxYearMinus4Years,SA_03_TOT_INCOME_GRO_CY_M4,accept,"","","","","","Same form line: the pre-2013 xpath (TY2009-12) and its post-2013 successor never overlap in a year. The check compares medians of per-year/schema-version q50 with zeros dropped, so zero-heavy eras and the small, larger-org TY2009-10 e-file population drive the ratio (old-xpath medians fall 2009->2012 toward the new-era level; yearly medians within one xpath swing as much). Same quantity. Evidence (990EZ): IRS990ScheduleA/GrossInvestmentIncome509Grp/CurrentTaxYearMinus4YearsAmt [Section B Line 10a Column (A)] TY13-24 n=275,081 yearly medians 3 to 211; IRS990ScheduleA/GrossInvestmentIncome509/CurrentTaxYearMinus4Years [Section B Line 10a Column (A)] TY9-12 n= 44,252 yearly medians 291.5 to 650",high
SCALE_BREAK,/Return/ReturnData/IRS990ScheduleA/GrossInvestmentIncome509/Total,SA_03_TOT_INCOME_GRO_TOT,accept,"","","","","","Same form line: the pre-2013 xpath (TY2009-12) and its post-2013 successor never overlap in a year. The check compares medians of per-year/schema-version q50 with zeros dropped, so zero-heavy eras and the small, larger-org TY2009-10 e-file population drive the ratio (old-xpath medians fall 2009->2012 toward the new-era level; yearly medians within one xpath swing as much). Same quantity. Evidence (990EZ): IRS990ScheduleA/GrossInvestmentIncome509Grp/TotalAmt [Section B Line 10a Column (F)] TY13-24 n=486,442 yearly medians 4 to 121; IRS990ScheduleA/GrossInvestmentIncome509/Total [Section B Line 10a Column (F)] TY9-12 n= 71,640 yearly medians 96 to 1,949.5",high
SCALE_BREAK,/Return/ReturnData/IRS990ScheduleC/MediaAdvertisementsAmount,SC_02_LOB_ACT_MEDIA_AD_AMT,accept,"","","","","","Same form line: the pre-2013 xpath (TY2009-12) and its post-2013 successor never overlap in a year. The check compares medians of per-year/schema-version q50 with zeros dropped, so zero-heavy eras and the small, larger-org TY2009-10 e-file population drive the ratio (old-xpath medians fall 2009->2012 toward the new-era level; yearly medians within one xpath swing as much). Same quantity. Evidence (990): IRS990ScheduleC/MediaAdvertisementsAmt [Line 01c Column (B)] TY13-24 n=1,703 yearly medians 0 to 4,317; IRS990ScheduleC/MediaAdvertisementsAmount [Line 01c Column (B)] TY9-12 n=  255 yearly medians 0 to 3,709",medium
SCALE_BREAK,/Return/ReturnData/IRS990ScheduleD/CYMinus1YrEndwmtFundGrp/InvestmentEarningsOrLossesAmt,SD_05_ENDOW_INVEST_CY_M1,accept,"","","","","","Same form line: the pre-2013 xpath (TY2009-12) and its post-2013 successor never overlap in a year. The check compares medians of per-year/schema-version q50 with zeros dropped, so zero-heavy eras and the small, larger-org TY2009-10 e-file population drive the ratio (old-xpath medians fall 2009->2012 toward the new-era level; yearly medians within one xpath swing as much). Same quantity. Evidence (990): IRS990ScheduleD/CYMinus1YrEndwmtFundGrp/InvestmentEarningsOrLossesAmt [Line 01c Column (B)] TY13-24 n=311,799 yearly medians -1,401.5 to 290,013; IRS990ScheduleD/CurrentYearMinus1Year/InvestmentEarningsOrLosses [Line 01c Column (B)] TY9-12 n= 56,289 yearly medians -176,140.5 to 136,872.5",high
SCALE_BREAK,/Return/ReturnData/IRS990ScheduleD/OtherRevenuesNotIncluded,SD_11_RECO_REV_OTH_NO_INCL,accept,"","","","","","Same form line: the pre-2013 xpath (TY2009-12) and its post-2013 successor never overlap in a year. The check compares medians of per-year/schema-version q50 with zeros dropped, so zero-heavy eras and the small, larger-org TY2009-10 e-file population drive the ratio (old-xpath medians fall 2009->2012 toward the new-era level; yearly medians within one xpath swing as much). Same quantity. Evidence (990): IRS990ScheduleD/OtherRevenuesNotIncludedAmt [Line 04b] TY13-24 n=203,361 yearly medians 0 to 8,259.5; IRS990ScheduleD/OtherRevenuesNotIncluded [Line 04b] TY9-12 n= 46,540 yearly medians 0 to 25,104",high
SCALE_BREAK,/Return/ReturnData/IRS990ScheduleG/EventsInformation/FoodAndBeverageOtherEvents,SG_02_FUNDR_EVNT_EXP_FOOD_OTH,accept,"","","","","","Same form line: the pre-2013 xpath (TY2009-12) and its post-2013 successor never overlap in a year. The check compares medians of per-year/schema-version q50 with zeros dropped, so zero-heavy eras and the small, larger-org TY2009-10 e-file population drive the ratio (old-xpath medians fall 2009->2012 toward the new-era level; yearly medians within one xpath swing as much). Same quantity. Evidence (990EZ): IRS990ScheduleG/FundraisingEventInformationGrp/FoodAndBeverageOtherEventsAmt [LINE 07 Column (C)] TY13-24 n=32,621 yearly medians 0 to 1,304.5; IRS990ScheduleG/EventsInformation/FoodAndBeverageOtherEvents [LINE 07 Column (C)] TY9-12 n= 4,034 yearly medians 0 to 0",high
SCALE_BREAK,/Return/ReturnData/IRS990ScheduleH/TotalCharityCare/PersonsServed,SH_01_TOT_FA_PERS_SERVED,accept,"","","","","","Same form line: the pre-2013 xpath (TY2009-12) and its post-2013 successor never overlap in a year. The check compares medians of per-year/schema-version q50 with zeros dropped, so zero-heavy eras and the small, larger-org TY2009-10 e-file population drive the ratio (old-xpath medians fall 2009->2012 toward the new-era level; yearly medians within one xpath swing as much). Same quantity. Evidence (990): IRS990ScheduleH/TotalFinancialAssistanceTyp/PersonsServedCnt [Line 07d Column (B)] TY13-24 n=6,680 yearly medians 0 to 3,775; IRS990ScheduleH/TotalCharityCare/PersonsServed [Line 07d Column (B)] TY9-12 n=1,966 yearly medians 664 to 9,475",medium
SCALE_BREAK,/Return/ReturnData/IRS990ScheduleH/LeadershipDevelopment/PersonsServed,SH_02_LDRSP_PERS_SERVED,accept,"","","","","","Same form line: the pre-2013 xpath (TY2009-12) and its post-2013 successor never overlap in a year. The check compares medians of per-year/schema-version q50 with zeros dropped, so zero-heavy eras and the small, larger-org TY2009-10 e-file population drive the ratio (old-xpath medians fall 2009->2012 toward the new-era level; yearly medians within one xpath swing as much). Same quantity. Evidence (990): IRS990ScheduleH/LeadershipDevelopmentGrp/PersonsServedCnt [Line 05 Column (B)] TY13-24 n=1,149 yearly medians 0 to 34; IRS990ScheduleH/LeadershipDevelopment/PersonsServed [Line 05 Column (B)] TY9-12 n=  500 yearly medians 0 to 60",medium
SCALE_BREAK,/Return/ReturnData/IRS990ScheduleK/TaxExemptBondsProceedsGrp/OtherSpentProceedsAmt,SK_02_BOND_PROCEED_OTH_SPENT,accept,"","","","","","Schedule K Part II line 11, other spent proceeds, in both eras. Old-xpath medians for TY2010-11 are low (67k, 38k), but TY2012 (5.3M) matches TY2013+ (2.7M-15M). The first Schedule K years were only partly completed. Same quantity. Evidence (990): IRS990ScheduleK/TaxExemptBondsProceedsGrp/OtherSpentProceedsAmt [Line 11] TY13-24 n=38,116 yearly medians 2,727,939 to 14,950,000; IRS990ScheduleK/Form990ScheduleKPartII/OtherSpentProceeds [Line 11] TY10-12 n= 6,582 yearly medians 38,231 to 5,347,500",medium
SCALE_BREAK,/Return/ReturnData/IRS990ScheduleR/IdRelatedOrgTxblPartnershipGrp/OwnershipPct,SR_03_RLTD_ORG_PTR_PCT_OWN,accept,"","","","","","Old and new xpaths are both fractions on a 0-1 scale (q99 = 1.0 for each); no percent/fraction mix. Medians near zero (1e-4 to 0.5) make ratios unstable. Same quantity. Evidence (990): IRS990ScheduleR/IdRelatedOrgTxblPartnershipGrp/OwnershipPct [Column (K)] TY13-24 n=45,739 yearly medians 0.0001 to 0.51; IRS990ScheduleR/Form990ScheduleRPartIII/PercentageOwnership [Column (K)] TY10-12 n= 8,225 yearly medians 0 to 0.5",high
TYPE_NUMERIC,/Return/ReturnHeader/Preparer/PTIN,F9_02_PREP_PERS_PTIN,retype,"","","",text,"","PTIN values (P00543209, ...). Already applied in fix 02 (V_ID_TEXT): the variable is text in the current build.",high
TYPE_NUMERIC,/Return/ReturnHeader/PreparerPersonGrp/PTIN,F9_02_PREP_PERS_PTIN,retype,"","","",text,"","PTIN values (P00543209, ...). Already applied in fix 02 (V_ID_TEXT): the variable is text in the current build.",high
TYPE_NUMERIC,/Return/ReturnData/IRS990ScheduleD/FinancialDerivatives/MethodOfValuation,SD_07_INVEST_SEC_DERIVATIVE_MOV,retype,"","","",text,"",Method of valuation code: the only values are C (cost) and F (end-of-year fair market value); not numeric.,high
TYPE_NUMERIC,/Return/ReturnData/IRS990ScheduleD/FinancialDerivativesGrp/MethodValuationCd,SD_07_INVEST_SEC_DERIVATIVE_MOV,retype,"","","",text,"",Method of valuation code: the only values are C (cost) and F (end-of-year fair market value); not numeric.,high
TYPE_NUMERIC,/Return/ReturnData/IRS990ScheduleD/CloselyHeldEquityInterests/MethodOfValuation,SD_07_INVEST_SEC_EQ_INT_MOV,retype,"","","",text,"",Method of valuation code: the only values are C (cost) and F (end-of-year fair market value); not numeric.,high
TYPE_NUMERIC,/Return/ReturnData/IRS990ScheduleD/CloselyHeldEquityInterestsGrp/MethodValuationCd,SD_07_INVEST_SEC_EQ_INT_MOV,retype,"","","",text,"",Method of valuation code: the only values are C (cost) and F (end-of-year fair market value); not numeric.,high
TYPE_NUMERIC,/Return/ReturnData/IRS990ScheduleD/OtherSecurities/MethodOfValuation,SD_07_INVEST_SEC_OTH_MOV,retype,"","","",text,"",Method of valuation code: the only values are C (cost) and F (end-of-year fair market value); not numeric.,high
TYPE_NUMERIC,/Return/ReturnData/IRS990ScheduleD/OtherSecuritiesGrp/MethodValuationCd,SD_07_INVEST_SEC_OTH_MOV,retype,"","","",text,"",Method of valuation code: the only values are C (cost) and F (end-of-year fair market value); not numeric.,high
TYPE_NUMERIC,/Return/ReturnData/IRS990ScheduleD/InvestmentsProgramRelated/MethodOfValuation,SD_08_INVEST_PROG_RLTD_MOV,retype,"","","",text,"",Method of valuation code: the only values are C (cost) and F (end-of-year fair market value); not numeric.,high
TYPE_NUMERIC,/Return/ReturnData/IRS990ScheduleD/InvstProgramRelatedOrgGrp/MethodValuationCd,SD_08_INVEST_PROG_RLTD_MOV,retype,"","","",text,"",Method of valuation code: the only values are C (cost) and F (end-of-year fair market value); not numeric.,high
TYPE_NUMERIC,/Return/ReturnData/IRS990ScheduleD/OtherAssets/Description,SD_09_OTH_ASSET_DESC,retype,"","","",text,"","Other asset description (DEPOSITS, SECURITY DEPOSITS, OTHER ASSETS, ...).",high
TYPE_NUMERIC,/Return/ReturnData/IRS990ScheduleD/OtherAssetsOrgGrp/Desc,SD_09_OTH_ASSET_DESC,retype,"","","",text,"","Other asset description (DEPOSITS, SECURITY DEPOSITS, OTHER ASSETS, ...).",high
TYPE_NUMERIC,/Return/ReturnData/IRS990ScheduleH/Form990ScheduleHPartVSectionA/FacilityReportingGroup,SH_05_HOSPITAL_FACILITY_GROUP,retype,"","","",text,"","Facility reporting group code: mostly the letters A, B, C and D (1/2/3 also used); a code, not a number.",high
TYPE_NUMERIC,/Return/ReturnData/IRS990ScheduleH/HospitalFacilitiesGrp/FacilityReportingGroupCd,SH_05_HOSPITAL_FACILITY_GROUP,retype,"","","",text,"","Facility reporting group code: mostly the letters A, B, C and D (1/2/3 also used); a code, not a number.",high
TYPE_NUMERIC,/Return/ReturnData/IRS990ScheduleK/Form990ScheduleKPartI/CUSIPNumber,SK_01_BOND_ISSUE_CUSIP_NUM,retype,"","","",text,"",CUSIP identifiers (alphanumeric; NONEAVAIL and 000000000 placeholders). Already applied in fix 02: text in the current build.,high
TYPE_NUMERIC,/Return/ReturnData/IRS990ScheduleK/TaxExemptBondsIssuesGrp/CUSIPNum,SK_01_BOND_ISSUE_CUSIP_NUM,retype,"","","",text,"",CUSIP identifiers (alphanumeric; NONEAVAIL and 000000000 placeholders). Already applied in fix 02: text in the current build.,high
V_ID_FORMAT,F9_02_PREP_PERS_SSN,F9_02_PREP_PERS_SSN,accept,"","","","","","Values are masked in the public release (XXX-XX-XXXX in 1,620 of 1,624 filings), so the format check is expected to fail. Keep text.",high
V_ID_FORMAT,F9_02_SIGNING_OFF_SSN,F9_02_SIGNING_OFF_SSN,accept,"","","","","","Values are IRS masking codes (999009999, 888008888, 000000000) or XXX-XX-XXXX; the public data has no real SSNs. Keep text and treat these as missing.",high
V_ID_FORMAT,F9_07_COMP_DTK_ADDR_ZIP_HCE,F9_07_COMP_DTK_ADDR_ZIP_HCE,accept,"","","","","",97% match; the rest are foreign postal codes (3 filings) pooled from AddressForeign/PostalCode. Acceptable.,high
V_ID_FORMAT,SB_01_CONTRIBUTOR_ADDR_ZIP,SB_01_CONTRIBUTOR_ADDR_ZIP,accept,"","","","","",Every public value is RESTRICTED (Schedule B contributor data is redacted). The mapping is correct.,high
V_ID_FORMAT,SR_04_RLTD_ORG_CORP_ADDR_ZIP,SR_04_RLTD_ORG_CORP_ADDR_ZIP,accept,"","","","","","94% match; the rest are foreign postal codes (KY1-1102, HM 12, ...) pooled on purpose from the ForeignAddress xpaths. Acceptable.",high
V_POOLED_SCALE,F9_01_EXP_GRANT_SIMILAR_PY,F9_01_EXP_GRANT_SIMILAR_PY,accept,"","","","","","Same form line: the pre-2013 xpath (TY2009-12) and its post-2013 successor never overlap in a year. The check compares medians of per-year/schema-version q50 with zeros dropped, so zero-heavy eras and the small, larger-org TY2009-10 e-file population drive the ratio (old-xpath medians fall 2009->2012 toward the new-era level; yearly medians within one xpath swing as much). Same quantity. Evidence (990): IRS990/PYGrantsAndSimilarPaidAmt [Line 13 PY] TY13-24 n=1,894,043 yearly medians 0 to 500; IRS990/GrantsAndSimilarAmntsPriorYear [Line 13 PY] TY9-12 n=  286,430 yearly medians 0 to 173,525",high
V_POOLED_SCALE,F9_01_NAFB_LIAB_TOT_EOY,F9_01_NAFB_LIAB_TOT_EOY,accept,"","","","","","Same form line: the pre-2013 xpath (TY2009-12) and its post-2013 successor never overlap in a year. The check compares medians of per-year/schema-version q50 with zeros dropped, so zero-heavy eras and the small, larger-org TY2009-10 e-file population drive the ratio (old-xpath medians fall 2009->2012 toward the new-era level; yearly medians within one xpath swing as much). Same quantity. Evidence (990): IRS990/TotalLiabilitiesEOYAmt [Line 21 EOY] TY13-24 n=3,349,587 yearly medians 13,793.5 to 82,933; IRS990/TotalLiabilitiesEOY [Line 21 EOY] TY9-12 n=  495,528 yearly medians 44,819.5 to 732,591",high
V_POOLED_SCALE,F9_01_REV_OTH_CY,F9_01_REV_OTH_CY,accept,"","","","","","Same form line: the pre-2013 xpath (TY2009-12) and its post-2013 successor never overlap in a year. The check compares medians of per-year/schema-version q50 with zeros dropped, so zero-heavy eras and the small, larger-org TY2009-10 e-file population drive the ratio (old-xpath medians fall 2009->2012 toward the new-era level; yearly medians within one xpath swing as much). Same quantity. Evidence (990): IRS990/CYOtherRevenueAmt [Line 11 CY] TY13-24 n=3,349,587 yearly medians 0 to 1,883; IRS990/OtherRevenueCurrentYear [Line 11 CY] TY9-12 n=  495,528 yearly medians 1,131.5 to 10,550",high
V_POOLED_SCALE,F9_03_PROG_CODE,F9_03_PROG_CODE,retype,"","","",text,"","Part III line 4a-d activity code: values are codes (1/2/3 = activity number, 900099, NAICS-like 611710, 501, 003), not quantities, so a median ratio is meaningless. Store as text. Pooling across the PROGRAM-ONE/TWO/THREE/OTHER tables is by design. Evidence (990): IRS990/ActivityCd [Line 04a-d] TY13-24 n=5,325 yearly medians 58,630 to 561,700; IRS990/ProgSrvcAccomActy2Grp/ActivityCd [Line 04a-d] TY13-24 n=1,726 yearly medians 67,220.5 to 611,649.5; IRS990/ProgSrvcAccomActy3Grp/ActivityCd [Line 04a-d] TY13-24 n=1,118 yearly medians 5,100.5 to 621,330; IRS990/ActivityCode [Line 04a-d] TY9-12 n=1,046 yearly medians 522,130 to 541,900; IRS990/Activity2/ActivityCode [Line 04a-d] TY9-12 n=  395 yearly medians 522,130 to 562,000; IRS990/Activity3/ActivityCode [Line 04a-d] TY9-12 n=  282 yearly medians 522,130 to 586,650; IRS990/ProgSrvcAccomActyOtherGrp/ActivityCd [Line 04a-d] TY13-24 n=  197 yearly medians 1 to 813,000",high
V_POOLED_SCALE,F9_03_PROG_EXP,F9_03_PROG_EXP,accept,"","","","","","One variable name is reused in tables F9-P03-T00-PROGRAM-ONE/-TWO/-THREE, T01-PROGRAMS-OTHER and T02-PROGRAMS-EZ: the check compares activity 4a (largest program) with 4b/4c/4d, which are different rows by design. Within each table the old and new xpaths agree (e.g. 4a Expense TY2012 vs ExpenseAmt TY2013). The check should run within rdb_table. Evidence (990): IRS990/ExpenseAmt [Line 04a-d] TY13-24 n=2,823,257 yearly medians 212,096 to 434,077; IRS990/ProgSrvcAccomActy2Grp/ExpenseAmt [Line 04a-d] TY13-24 n=  841,476 yearly medians 94,879.5 to 301,048; IRS990/ProgSrvcAccomActy3Grp/ExpenseAmt [Line 04a-d] TY13-24 n=  585,884 yearly medians 32,339 to 242,216; IRS990/Expense [Line 04a-d] TY9-12 n=  423,499 yearly medians 282,329 to 1,494,745; IRS990/ProgSrvcAccomActyOtherGrp/ExpenseAmt [Line 04a-d] TY13-24 n=  343,357 yearly medians 39,045.5 to 128,292.5; IRS990/Activity2/Expense [Line 04a-d] TY9-12 n=  136,442 yearly medians 115,658.5 to 656,131; IRS990/Activity3/Expense [Line 04a-d] TY9-12 n=   97,520 yearly medians 88,612 to 492,589.5; IRS990/ActivityOther/Expense [Line 04a-d] TY9-12 n=   57,666 yearly medians 91,557 to 282,069",high
V_POOLED_SCALE,F9_03_PROG_GRANT,F9_03_PROG_GRANT,accept,"","","","","","One variable name is reused in tables F9-P03-T00-PROGRAM-ONE/-TWO/-THREE, T01-PROGRAMS-OTHER and T02-PROGRAMS-EZ: the check compares activity 4a (largest program) with 4b/4c/4d, which are different rows by design. Within each table the old and new xpaths agree (e.g. 4a Expense TY2012 vs ExpenseAmt TY2013). The check should run within rdb_table. Evidence (990): IRS990/GrantAmt [Line 04a-d] TY13-24 n=954,387 yearly medians 12,100 to 132,125.5; IRS990/ProgSrvcAccomActy2Grp/GrantAmt [Line 04a-d] TY13-24 n=288,644 yearly medians 3,448.5 to 46,556.5; IRS990/ProgSrvcAccomActy3Grp/GrantAmt [Line 04a-d] TY13-24 n=199,796 yearly medians 0 to 31,000; IRS990/Grants [Line 04a-d] TY9-12 n=111,680 yearly medians 61,705 to 257,786.5; IRS990/ProgSrvcAccomActyOtherGrp/GrantAmt [Line 04a-d] TY13-24 n=105,724 yearly medians 279 to 23,800; IRS990/Activity2/Grants [Line 04a-d] TY9-12 n= 34,079 yearly medians 24,398.5 to 83,319; IRS990/Activity3/Grants [Line 04a-d] TY9-12 n= 23,131 yearly medians 15,000 to 58,689; IRS990/ActivityOther/Grants [Line 04a-d] TY9-12 n= 14,275 yearly medians 11,319 to 35,241.5",high
V_POOLED_SCALE,F9_03_PROG_REV,F9_03_PROG_REV,accept,"","","","","","One variable name is reused in tables F9-P03-T00-PROGRAM-ONE/-TWO/-THREE, T01-PROGRAMS-OTHER and T02-PROGRAMS-EZ: the check compares activity 4a (largest program) with 4b/4c/4d, which are different rows by design. Within each table the old and new xpaths agree (e.g. 4a Expense TY2012 vs ExpenseAmt TY2013). The check should run within rdb_table. Evidence (990): IRS990/RevenueAmt [Line 04a-d] TY13-24 n=1,721,380 yearly medians 171,574 to 546,100; IRS990/ProgSrvcAccomActy2Grp/RevenueAmt [Line 04a-d] TY13-24 n=  477,395 yearly medians 40,668.5 to 225,274; IRS990/ProgSrvcAccomActy3Grp/RevenueAmt [Line 04a-d] TY13-24 n=  328,263 yearly medians 20,505.5 to 174,235; IRS990/Revenue [Line 04a-d] TY9-12 n=  250,352 yearly medians 258,903.5 to 1,514,660; IRS990/ProgSrvcAccomActyOtherGrp/RevenueAmt [Line 04a-d] TY13-24 n=  159,230 yearly medians 23,096 to 118,303.5; IRS990/Activity2/Revenue [Line 04a-d] TY9-12 n=   75,754 yearly medians 100,000 to 484,533; IRS990/Activity3/Revenue [Line 04a-d] TY9-12 n=   53,499 yearly medians 67,573.5 to 328,735.5; IRS990/ActivityOther/Revenue [Line 04a-d] TY9-12 n=   28,532 yearly medians 57,765 to 183,616",high
V_POOLED_SCALE,F9_05_501C7_GRO_RCPT_PUB_USE,F9_05_501C7_GRO_RCPT_PUB_USE,accept,"","","","","","Same form line: the pre-2013 xpath (TY2009-12) and its post-2013 successor never overlap in a year. The check compares medians of per-year/schema-version q50 with zeros dropped, so zero-heavy eras and the small, larger-org TY2009-10 e-file population drive the ratio (old-xpath medians fall 2009->2012 toward the new-era level; yearly medians within one xpath swing as much). Same quantity. Evidence (990): IRS990/GrossReceiptsForPublicUseAmt [Line 10b] TY13-24 n=57,767 yearly medians 0 to 13,648.5; IRS990/GrossReceiptsAmount [Line 10b] TY9-12 n= 8,348 yearly medians 0 to 155,417",high
V_POOLED_SCALE,F9_05_NUM_EMPL,F9_05_NUM_EMPL,accept,"","","","","","Same form line: the pre-2013 xpath (TY2009-12) and its post-2013 successor never overlap in a year. The check compares medians of per-year/schema-version q50 with zeros dropped, so zero-heavy eras and the small, larger-org TY2009-10 e-file population drive the ratio (old-xpath medians fall 2009->2012 toward the new-era level; yearly medians within one xpath swing as much). Same quantity. Evidence (990): IRS990/EmployeeCnt [Line 02a] TY13-24 n=3,349,587 yearly medians 2 to 4; IRS990/NumberOfEmployees [Line 02a] TY9-12 n=  495,528 yearly medians 3 to 24",high
V_POOLED_SCALE,F9_07_COMP_DTK_COMP_ORG_HCE,F9_07_COMP_DTK_COMP_ORG_HCE,accept,"","","","","","990-EZ line 50 column (c), compensation of the highest-paid employees, in both eras. Old CompensationOfHighestPaidEmpl/Compensation has n=268 (TY2009 median 103k on 29 filings; TY2010-12 about 11-12k). Tiny n and the same line; low medians in both eras suggest filer entry problems, not a mapping error. Evidence (990EZ): IRS990EZ/CompensationHighestPaidEmplGrp/CompensationAmt [Line 50 Column (C)] TY13-24 n=3,098 yearly medians 20 to 9,591; IRS990EZ/CompensationOfHighestPaidEmpl/Compensation [Line 50 Column (C)] TY9-12 n=  268 yearly medians 10,889 to 103,033",medium
V_POOLED_SCALE,F9_08_REV_MISC_OTH_EXCL,F9_08_REV_MISC_OTH_EXCL,accept,"","","","","","Same form line: the pre-2013 xpath (TY2009-12) and its post-2013 successor never overlap in a year. The check compares medians of per-year/schema-version q50 with zeros dropped, so zero-heavy eras and the small, larger-org TY2009-10 e-file population drive the ratio (old-xpath medians fall 2009->2012 toward the new-era level; yearly medians within one xpath swing as much). Same quantity. Evidence (990): IRS990/MiscellaneousRevenueGrp/ExclusionAmt [Line 11d Column (D)] TY13-24 n=146,725 yearly medians 0 to 12,525; IRS990/MiscellaneousRevenue/ExclusionAmount [Line 11d Column (D)] TY9-12 n= 15,606 yearly medians 0 to 37,540",high
V_POOLED_SCALE,F9_08_REV_OTH_EVNT_DIRECT_EXP,F9_08_REV_OTH_EVNT_DIRECT_EXP,accept,"","","","","","Same form line: the pre-2013 xpath (TY2009-12) and its post-2013 successor never overlap in a year. The check compares medians of per-year/schema-version q50 with zeros dropped, so zero-heavy eras and the small, larger-org TY2009-10 e-file population drive the ratio (old-xpath medians fall 2009->2012 toward the new-era level; yearly medians within one xpath swing as much). Same quantity. Evidence (990EZ): IRS990EZ/SpecialEventsDirectExpensesAmt [Line 06c] TY13-24 n=1,028,078 yearly medians 0 to 3,022; IRS990EZ/SpecialEventsDirectExpenses [Line 06c] TY9-12 n=  146,273 yearly medians 0 to 5,371",high
V_POOLED_SCALE,F9_08_REV_OTH_GAMING,F9_08_REV_OTH_GAMING,split,/Return/ReturnData/IRS990EZ/SpecialEventsGrossRevenue,"",F9_08_REV_OTH_EVNT_GRO_EZ,numeric,"Gross revenue from special events (990-EZ TY2009 line 6a, gaming and fundraising combined)","TY2009 990-EZ (2009v1.x schemas) has one special-events block (SpecialEventsGrossRevenue / SpecialEventsDirectExpenses / SpecialEventsNetIncomeLoss); gaming (6a) and fundraising (6b) gross income only appear as separate elements from TY2010. No EZ Gaming/Fundraising xpath exists in TY2009, and SpecialEventsGrossRevenue median is 10,829 against 0 for GamingGrossIncome(Amt) in every year. It is gaming plus fundraising, so pooling it into gaming overstates gaming. Direct expenses and net income stay combined in later forms and can remain pooled. The unobserved IRS990/SpecialEventsGrossRevenue row (mapped to 990 line 9a) has the same problem: drop or move it too. Confirm the TY2009 EZ line 6 layout against the 2009 form. Evidence (990EZ): IRS990EZ/GamingGrossIncomeAmt [Line 06a] TY13-24 n=326,032 yearly medians 0 to 0; IRS990EZ/GamingGrossIncome [Line 06a] TY10-12 n= 50,558 yearly medians 0 to 0; IRS990EZ/SpecialEventsGrossRevenue [Line 06a] TY9-9 n=  9,176 yearly medians 10,829 to 10,829",medium
V_POOLED_SCALE,F9_08_REV_OTH_INV_NET_TOT,F9_08_REV_OTH_INV_NET_TOT,accept,"","","","","","Same form line: the pre-2013 xpath (TY2009-12) and its post-2013 successor never overlap in a year. The check compares medians of per-year/schema-version q50 with zeros dropped, so zero-heavy eras and the small, larger-org TY2009-10 e-file population drive the ratio (old-xpath medians fall 2009->2012 toward the new-era level; yearly medians within one xpath swing as much). Same quantity. Evidence (990): IRS990/NetIncomeOrLossGrp/TotalRevenueColumnAmt [Line 10c Column (A)] TY13-24 n=946,182 yearly medians 0 to 0; IRS990/NetIncomeOrLoss/TotalRevenueColumn [Line 10c Column (A)] TY9-12 n=153,422 yearly medians 0 to 0",high
V_POOLED_SCALE,F9_08_REV_OTH_ROY_EXCL,F9_08_REV_OTH_ROY_EXCL,accept,"","","","","","Same form line: the pre-2013 xpath (TY2009-12) and its post-2013 successor never overlap in a year. The check compares medians of per-year/schema-version q50 with zeros dropped, so zero-heavy eras and the small, larger-org TY2009-10 e-file population drive the ratio (old-xpath medians fall 2009->2012 toward the new-era level; yearly medians within one xpath swing as much). Same quantity. Evidence (990): IRS990/RoyaltiesRevenueGrp/ExclusionAmt [Line 05 Column (D)] TY13-24 n=163,471 yearly medians 0 to 27,966; IRS990/RoyaltiesRevenue/ExclusionAmount [Line 05 Column (D)] TY9-12 n= 19,979 yearly medians 0 to 0",high
V_POOLED_SCALE,F9_08_REV_OTH_SALE_GAIN_NET_RLTD,F9_08_REV_OTH_SALE_GAIN_NET_RLTD,accept,"","","","","","Same form line: the pre-2013 xpath (TY2009-12) and its post-2013 successor never overlap in a year. The check compares medians of per-year/schema-version q50 with zeros dropped, so zero-heavy eras and the small, larger-org TY2009-10 e-file population drive the ratio (old-xpath medians fall 2009->2012 toward the new-era level; yearly medians within one xpath swing as much). Same quantity. Evidence (990): IRS990/NetGainOrLossInvestmentsGrp/RelatedOrExemptFuncIncomeAmt [Line 07d Column (B)] TY13-24 n=360,865 yearly medians 0 to 4,000; IRS990/NetGainOrLossInvestments/RelatedOrExemptFunctionIncome [Line 07d Column (B)] TY9-12 n= 53,602 yearly medians 238.5 to 2,400",high
V_POOLED_SCALE,F9_08_REV_OTH_SALE_GAIN_NET_TOT,F9_08_REV_OTH_SALE_GAIN_NET_TOT,accept,"","","","","","Same form line: the pre-2013 xpath (TY2009-12) and its post-2013 successor never overlap in a year. The check compares medians of per-year/schema-version q50 with zeros dropped, so zero-heavy eras and the small, larger-org TY2009-10 e-file population drive the ratio (old-xpath medians fall 2009->2012 toward the new-era level; yearly medians within one xpath swing as much). Same quantity. Evidence (990): IRS990/NetGainOrLossInvestmentsGrp/TotalRevenueColumnAmt [Line 07d Column (A)] TY13-24 n=1,299,786 yearly medians 0 to 17,186; IRS990/NetGainOrLossInvestments/TotalRevenueColumn [Line 07d Column (A)] TY9-12 n=  212,277 yearly medians 0 to 5,705.5",high
V_POOLED_SCALE,F9_08_REV_OTH_SALE_GAIN_NET_UBIZ,F9_08_REV_OTH_SALE_GAIN_NET_UBIZ,accept,"","","","","","Same form line: the pre-2013 xpath (TY2009-12) and its post-2013 successor never overlap in a year. The check compares medians of per-year/schema-version q50 with zeros dropped, so zero-heavy eras and the small, larger-org TY2009-10 e-file population drive the ratio (old-xpath medians fall 2009->2012 toward the new-era level; yearly medians within one xpath swing as much). Same quantity. Evidence (990): IRS990/NetGainOrLossInvestmentsGrp/UnrelatedBusinessRevenueAmt [Line 07d Column (C)] TY13-24 n=96,121 yearly medians 0 to 0; IRS990/NetGainOrLossInvestments/UnrelatedBusinessRevenue [Line 07d Column (C)] TY9-12 n= 7,464 yearly medians 0 to 0",high
V_POOLED_SCALE,F9_08_REV_PROG_OTH_EXCL,F9_08_REV_PROG_OTH_EXCL,accept,"","","","","","Same form line: the pre-2013 xpath (TY2009-12) and its post-2013 successor never overlap in a year. The check compares medians of per-year/schema-version q50 with zeros dropped, so zero-heavy eras and the small, larger-org TY2009-10 e-file population drive the ratio (old-xpath medians fall 2009->2012 toward the new-era level; yearly medians within one xpath swing as much). Same quantity. Evidence (990): IRS990/TotalOthProgramServiceRevGrp/ExclusionAmt [Line 02f Column (D)] TY13-24 n=143,182 yearly medians 0 to 0; IRS990/TotalOthProgramServiceRevenue/ExclusionAmount [Line 02f Column (D)] TY9-12 n= 13,292 yearly medians 0 to 0",high
V_POOLED_SCALE,F9_09_EXP_COMP_DSQ_PERS_MGMT,F9_09_EXP_COMP_DSQ_PERS_MGMT,accept,"","","","","","Same form line: the pre-2013 xpath (TY2009-12) and its post-2013 successor never overlap in a year. The check compares medians of per-year/schema-version q50 with zeros dropped, so zero-heavy eras and the small, larger-org TY2009-10 e-file population drive the ratio (old-xpath medians fall 2009->2012 toward the new-era level; yearly medians within one xpath swing as much). Same quantity. Evidence (990): IRS990/CompDisqualPersonsGrp/ManagementAndGeneralAmt [Line 06 Column (C)] TY13-24 n=127,140 yearly medians 0 to 33,241; IRS990/CompDisqualPersons/ManagementAndGeneral [Line 06 Column (C)] TY9-12 n= 15,518 yearly medians 0 to 64,111.5",high
V_POOLED_SCALE,F9_09_EXP_FEE_SVC_INVEST_PROG,F9_09_EXP_FEE_SVC_INVEST_PROG,accept,"","","","","","Same form line: the pre-2013 xpath (TY2009-12) and its post-2013 successor never overlap in a year. The check compares medians of per-year/schema-version q50 with zeros dropped, so zero-heavy eras and the small, larger-org TY2009-10 e-file population drive the ratio (old-xpath medians fall 2009->2012 toward the new-era level; yearly medians within one xpath swing as much). Same quantity. Evidence (990): IRS990/FeesForSrvcInvstMgmntFeesGrp/ProgramServicesAmt [Line 11f Column (B)] TY13-24 n=154,493 yearly medians 0 to 9,104; IRS990/FeesForServicesInvstMgmntFees/ProgramServices [Line 11f Column (B)] TY9-12 n= 18,988 yearly medians 0 to 16,620",high
V_POOLED_SCALE,F9_09_EXP_GRANT_US_INDIV_TOT,F9_09_EXP_GRANT_US_INDIV_TOT,accept,"","","","","","Same form line: the pre-2013 xpath (TY2009-12) and its post-2013 successor never overlap in a year. The check compares medians of per-year/schema-version q50 with zeros dropped, so zero-heavy eras and the small, larger-org TY2009-10 e-file population drive the ratio (old-xpath medians fall 2009->2012 toward the new-era level; yearly medians within one xpath swing as much). Same quantity. Evidence (990): IRS990/GrantsToDomesticIndividualsGrp/TotalAmt [Line 02 Column (A)] TY13-24 n=1,120,545 yearly medians 0 to 5,000; IRS990/GrantsToDomesticIndividuals/Total [Line 02 Column (A)] TY9-12 n=  176,998 yearly medians 0 to 0",high
V_POOLED_SCALE,F9_09_EXP_INT_TOT,F9_09_EXP_INT_TOT,accept,"","","","","","Same form line: the pre-2013 xpath (TY2009-12) and its post-2013 successor never overlap in a year. The check compares medians of per-year/schema-version q50 with zeros dropped, so zero-heavy eras and the small, larger-org TY2009-10 e-file population drive the ratio (old-xpath medians fall 2009->2012 toward the new-era level; yearly medians within one xpath swing as much). Same quantity. Evidence (990): IRS990/InterestGrp/TotalAmt [Line 20 Column (A)] TY13-24 n=1,455,855 yearly medians 0 to 7,001; IRS990/Interest/Total [Line 20 Column (A)] TY9-12 n=  249,523 yearly medians 71 to 20,392",high
V_POOLED_SCALE,F9_09_EXP_ROY_MGMT,F9_09_EXP_ROY_MGMT,accept,"","","","","","Same form line: the pre-2013 xpath (TY2009-12) and its post-2013 successor never overlap in a year. The check compares medians of per-year/schema-version q50 with zeros dropped, so zero-heavy eras and the small, larger-org TY2009-10 e-file population drive the ratio (old-xpath medians fall 2009->2012 toward the new-era level; yearly medians within one xpath swing as much). Same quantity. Evidence (990): IRS990/RoyaltiesGrp/ManagementAndGeneralAmt [Line 15 Column (C)] TY13-24 n=79,431 yearly medians 0 to 0; IRS990/Royalties/ManagementAndGeneral [Line 15 Column (C)] TY9-12 n= 7,841 yearly medians 0 to 0",high
V_POOLED_SCALE,F9_09_EXP_TRAVEL_ENTMT_PROG,F9_09_EXP_TRAVEL_ENTMT_PROG,accept,"","","","","","Same form line: the pre-2013 xpath (TY2009-12) and its post-2013 successor never overlap in a year. The check compares medians of per-year/schema-version q50 with zeros dropped, so zero-heavy eras and the small, larger-org TY2009-10 e-file population drive the ratio (old-xpath medians fall 2009->2012 toward the new-era level; yearly medians within one xpath swing as much). Same quantity. Evidence (990): IRS990/PymtTravelEntrtnmntPubOfclGrp/ProgramServicesAmt [Line 18 Column (B)] TY13-24 n=88,243 yearly medians 0 to 0; IRS990/TravelEntrtnmntPublicOfficials/ProgramServices [Line 18 Column (B)] TY9-12 n= 8,799 yearly medians 0 to 0",high
V_POOLED_SCALE,F9_10_ASSET_LOAN_OFF_BOY,F9_10_ASSET_LOAN_OFF_BOY,accept,"","","","","","Same form line: the pre-2013 xpath (TY2009-12) and its post-2013 successor never overlap in a year. The check compares medians of per-year/schema-version q50 with zeros dropped, so zero-heavy eras and the small, larger-org TY2009-10 e-file population drive the ratio (old-xpath medians fall 2009->2012 toward the new-era level; yearly medians within one xpath swing as much). Same quantity. Evidence (990): IRS990/ReceivablesFromOfficersEtcGrp/BOYAmt [Line 05 BOY] TY13-24 n=232,797 yearly medians 0 to 0; IRS990/ReceivablesFromOfficersEtc/BOY [Line 05 BOY] TY9-12 n= 27,349 yearly medians 0 to 0",high
V_POOLED_SCALE,F9_10_ASSET_LOAN_OFF_EOY,F9_10_ASSET_LOAN_OFF_EOY,accept,"","","","","","Same form line: the pre-2013 xpath (TY2009-12) and its post-2013 successor never overlap in a year. The check compares medians of per-year/schema-version q50 with zeros dropped, so zero-heavy eras and the small, larger-org TY2009-10 e-file population drive the ratio (old-xpath medians fall 2009->2012 toward the new-era level; yearly medians within one xpath swing as much). Same quantity. Evidence (990): IRS990/ReceivablesFromOfficersEtcGrp/EOYAmt [Line 05 EOY] TY13-24 n=696,557 yearly medians 0 to 0; IRS990/ReceivablesFromOfficersEtc/EOY [Line 05 EOY] TY9-12 n=100,854 yearly medians 0 to 0",high
V_POOLED_SCALE,F9_10_ASSET_NOTE_LOAN_NET_BOY,F9_10_ASSET_NOTE_LOAN_NET_BOY,accept,"","","","","","Same form line: the pre-2013 xpath (TY2009-12) and its post-2013 successor never overlap in a year. The check compares medians of per-year/schema-version q50 with zeros dropped, so zero-heavy eras and the small, larger-org TY2009-10 e-file population drive the ratio (old-xpath medians fall 2009->2012 toward the new-era level; yearly medians within one xpath swing as much). Same quantity. Evidence (990): IRS990/OthNotesLoansReceivableNetGrp/BOYAmt [Line 07 BOY] TY13-24 n=388,472 yearly medians 0 to 109,005; IRS990/OtherNotesLoansReceivableNet/BOY [Line 07 BOY] TY9-12 n= 63,327 yearly medians 65,613 to 398,969.5",high
V_POOLED_SCALE,F9_10_LIAB_NOTE_UNSEC_BOY,F9_10_LIAB_NOTE_UNSEC_BOY,accept,"","","","","","Same form line: the pre-2013 xpath (TY2009-12) and its post-2013 successor never overlap in a year. The check compares medians of per-year/schema-version q50 with zeros dropped, so zero-heavy eras and the small, larger-org TY2009-10 e-file population drive the ratio (old-xpath medians fall 2009->2012 toward the new-era level; yearly medians within one xpath swing as much). Same quantity. Evidence (990): IRS990/UnsecuredNotesLoansPayableGrp/BOYAmt [Line 24 BOY] TY13-24 n=397,409 yearly medians 0 to 50,000; IRS990/UnsecuredNotesLoansPayable/BOY [Line 24 BOY] TY9-12 n= 44,348 yearly medians 5,750 to 236,031.5",high
V_POOLED_SCALE,F9_10_LIAB_TOT_BOY,F9_10_LIAB_TOT_BOY,accept,"","","","","","Same form line: the pre-2013 xpath (TY2009-12) and its post-2013 successor never overlap in a year. The check compares medians of per-year/schema-version q50 with zeros dropped, so zero-heavy eras and the small, larger-org TY2009-10 e-file population drive the ratio (old-xpath medians fall 2009->2012 toward the new-era level; yearly medians within one xpath swing as much). Same quantity. Evidence (990EZ): IRS990EZ/SumOfTotalLiabilitiesGrp/BOYAmt [Line 26 BOY] TY13-24 n=1,088,708 yearly medians 0 to 1,421.5; IRS990EZ/SumOfTotalLiabilities/BOY [Line 26 BOY] TY9-12 n=  149,551 yearly medians 0 to 4,571",high
V_POOLED_SCALE,F9_10_LIAB_TOT_EOY,F9_10_LIAB_TOT_EOY,accept,"","","","","","Same form line: the pre-2013 xpath (TY2009-12) and its post-2013 successor never overlap in a year. The check compares medians of per-year/schema-version q50 with zeros dropped, so zero-heavy eras and the small, larger-org TY2009-10 e-file population drive the ratio (old-xpath medians fall 2009->2012 toward the new-era level; yearly medians within one xpath swing as much). Same quantity. Evidence (990EZ): IRS990EZ/SumOfTotalLiabilitiesGrp/EOYAmt [Line 26 EOY] TY13-24 n=1,096,670 yearly medians 0 to 1,503; IRS990EZ/SumOfTotalLiabilities/EOY [Line 26 EOY] TY9-12 n=  150,661 yearly medians 0 to 4,565",high
V_POOLED_SCALE,F9_10_NAFB_CAP_SURPLUS_BOY,F9_10_NAFB_CAP_SURPLUS_BOY,accept,"","","","","","Same form line: the pre-2013 xpath (TY2009-12) and its post-2013 successor never overlap in a year. The check compares medians of per-year/schema-version q50 with zeros dropped, so zero-heavy eras and the small, larger-org TY2009-10 e-file population drive the ratio (old-xpath medians fall 2009->2012 toward the new-era level; yearly medians within one xpath swing as much). Same quantity. Evidence (990): IRS990/PdInCapSrplsLandBldgEqpFundGrp/BOYAmt [Line 31 BOY] TY13-24 n=356,902 yearly medians 0 to 0; IRS990/PaidInCapSrplsLandBldgEqpFund/BOY [Line 31 BOY] TY9-12 n= 52,285 yearly medians 0 to 0",high
V_POOLED_SCALE,F9_10_NAFB_CAP_SURPLUS_EOY,F9_10_NAFB_CAP_SURPLUS_EOY,accept,"","","","","","Same form line: the pre-2013 xpath (TY2009-12) and its post-2013 successor never overlap in a year. The check compares medians of per-year/schema-version q50 with zeros dropped, so zero-heavy eras and the small, larger-org TY2009-10 e-file population drive the ratio (old-xpath medians fall 2009->2012 toward the new-era level; yearly medians within one xpath swing as much). Same quantity. Evidence (990): IRS990/PdInCapSrplsLandBldgEqpFundGrp/EOYAmt [Line 31 EOY] TY13-24 n=355,898 yearly medians 0 to 0; IRS990/PaidInCapSrplsLandBldgEqpFund/EOY [Line 31 EOY] TY9-12 n= 52,200 yearly medians 0 to 0",high
V_POOLED_SCALE,F9_11_RECO_OTH_CHANGE_NAFB,F9_11_RECO_OTH_CHANGE_NAFB,accept,"","","","","","Part XI line 9 other changes in net assets. ReconcilationOtherChanges (TY2010-12) vs OtherChangesInNetAssetsAmt: the median is 0 in every year for both, and the 1498x ratio comes from a few positive schema-version medians. The old xpath has fewer zeros (48% vs 72%) and more negatives (24% vs 14%), consistent with a signed amount reported only when non-zero. Same line. Evidence (990): IRS990/OtherChangesInNetAssetsAmt [Line 09] TY13-24 n=1,873,867 yearly medians 0 to 0; IRS990/ReconcilationOtherChanges [Line 09] TY10-12 n=  286,993 yearly medians 0 to 0",medium
V_POOLED_SCALE,SA_01_PCSTAT_ORG_AMT_SUPPORT,SA_01_PCSTAT_ORG_AMT_SUPPORT,accept,"","","","","","Same form line: the pre-2013 xpath (TY2009-12) and its post-2013 successor never overlap in a year. The check compares medians of per-year/schema-version q50 with zeros dropped, so zero-heavy eras and the small, larger-org TY2009-10 e-file population drive the ratio (old-xpath medians fall 2009->2012 toward the new-era level; yearly medians within one xpath swing as much). Same quantity. Evidence (990EZ): IRS990ScheduleA/SupportedOrgInformationGrp/SupportAmt [Line 12g Column (v)] TY13-24 n=50,309 yearly medians 0 to 1,000; IRS990ScheduleA/SupportedOrgInformation/Amount [Line 12g Column (v)] TY9-12 n= 9,621 yearly medians 0 to 500",high
V_POOLED_SCALE,SA_02_PUB_CONTR_SBST_TOT,SA_02_PUB_CONTR_SBST_TOT,accept,"","","","","","Same form line: the pre-2013 xpath (TY2009-12) and its post-2013 successor never overlap in a year. The check compares medians of per-year/schema-version q50 with zeros dropped, so zero-heavy eras and the small, larger-org TY2009-10 e-file population drive the ratio (old-xpath medians fall 2009->2012 toward the new-era level; yearly medians within one xpath swing as much). Same quantity. Evidence (990EZ): IRS990ScheduleA/SubstantialContributorsTotAmt [Section A Line 05 Column (F)] TY13-24 n=232,990 yearly medians 0 to 171.5; IRS990ScheduleA/AmountsSubstContributorsTotal [Section A Line 05 Column (F)] TY9-12 n= 29,718 yearly medians 0 to 19,156",high
V_POOLED_SCALE,SA_02_PUB_TAXREV_LEVIED_TOT,SA_02_PUB_TAXREV_LEVIED_TOT,accept,"","","","","","Same form line: the pre-2013 xpath (TY2009-12) and its post-2013 successor never overlap in a year. The check compares medians of per-year/schema-version q50 with zeros dropped, so zero-heavy eras and the small, larger-org TY2009-10 e-file population drive the ratio (old-xpath medians fall 2009->2012 toward the new-era level; yearly medians within one xpath swing as much). Same quantity. Evidence (990): IRS990ScheduleA/TaxRevLeviedOrgnztnlBnft170Grp/TotalAmt [Section A Line 02 Column (F)] TY13-24 n=300,238 yearly medians 0 to 0; IRS990ScheduleA/TaxRevLeviedForOrgBenefit170/Total [Section A Line 02 Column (F)] TY9-12 n= 33,846 yearly medians 0 to 0",high
V_POOLED_SCALE,SA_02_TOT_INCOME_GRO_CY_M2,SA_02_TOT_INCOME_GRO_CY_M2,accept,"","","","","","Same form line: the pre-2013 xpath (TY2009-12) and its post-2013 successor never overlap in a year. The check compares medians of per-year/schema-version q50 with zeros dropped, so zero-heavy eras and the small, larger-org TY2009-10 e-file population drive the ratio (old-xpath medians fall 2009->2012 toward the new-era level; yearly medians within one xpath swing as much). Same quantity. Evidence (990EZ): IRS990ScheduleA/GrossInvestmentIncome170Grp/CurrentTaxYearMinus2YearsAmt [Section B Line 08 Column (C)] TY13-24 n=174,803 yearly medians 4 to 148; IRS990ScheduleA/GrossInvestmentIncome170/CurrentTaxYearMinus2Years [Section B Line 08 Column (C)] TY9-12 n= 33,617 yearly medians 214 to 1,277",high
V_POOLED_SCALE,SA_02_TOT_INCOME_GRO_CY_M3,SA_02_TOT_INCOME_GRO_CY_M3,accept,"","","","","","Same form line: the pre-2013 xpath (TY2009-12) and its post-2013 successor never overlap in a year. The check compares medians of per-year/schema-version q50 with zeros dropped, so zero-heavy eras and the small, larger-org TY2009-10 e-file population drive the ratio (old-xpath medians fall 2009->2012 toward the new-era level; yearly medians within one xpath swing as much). Same quantity. Evidence (990EZ): IRS990ScheduleA/GrossInvestmentIncome170Grp/CurrentTaxYearMinus3YearsAmt [Section B Line 08 Column (B)] TY13-24 n=171,244 yearly medians 2 to 216; IRS990ScheduleA/GrossInvestmentIncome170/CurrentTaxYearMinus3Years [Section B Line 08 Column (B)] TY9-12 n= 32,291 yearly medians 344 to 1,485",high
V_POOLED_SCALE,SA_02_TOT_INCOME_GRO_CY_M4,SA_02_TOT_INCOME_GRO_CY_M4,accept,"","","","","","Same form line: the pre-2013 xpath (TY2009-12) and its post-2013 successor never overlap in a year. The check compares medians of per-year/schema-version q50 with zeros dropped, so zero-heavy eras and the small, larger-org TY2009-10 e-file population drive the ratio (old-xpath medians fall 2009->2012 toward the new-era level; yearly medians within one xpath swing as much). Same quantity. Evidence (990EZ): IRS990ScheduleA/GrossInvestmentIncome170Grp/CurrentTaxYearMinus4YearsAmt [Section B Line 08 Column (A)] TY13-24 n=167,684 yearly medians 2 to 336; IRS990ScheduleA/GrossInvestmentIncome170/CurrentTaxYearMinus4Years [Section B Line 08 Column (A)] TY9-12 n= 30,549 yearly medians 649 to 1,042",high
V_POOLED_SCALE,SA_02_TOT_INCOME_GRO_TOT,SA_02_TOT_INCOME_GRO_TOT,accept,"","","","","","Same form line: the pre-2013 xpath (TY2009-12) and its post-2013 successor never overlap in a year. The check compares medians of per-year/schema-version q50 with zeros dropped, so zero-heavy eras and the small, larger-org TY2009-10 e-file population drive the ratio (old-xpath medians fall 2009->2012 toward the new-era level; yearly medians within one xpath swing as much). Same quantity. Evidence (990EZ): IRS990ScheduleA/GrossInvestmentIncome170Grp/TotalAmt [Section B Line 08 Column (F)] TY13-24 n=354,755 yearly medians 0 to 27; IRS990ScheduleA/GrossInvestmentIncome170/Total [Section B Line 08 Column (F)] TY9-12 n= 66,658 yearly medians 0 to 2,862.5",high
V_POOLED_SCALE,SA_03_PCT_INVEST_INCOME_CY,SA_03_PCT_INVEST_INCOME_CY,accept,"","","","","","Old and new xpaths are both fractions on a 0-1 scale (q99 = 1.0 for each); no percent/fraction mix. Medians near zero (1e-4 to 0.5) make ratios unstable. Same quantity. Evidence (990): IRS990ScheduleA/InvestmentIncomeCYPct [Section D Line 17] TY13-24 n=1,063,073 yearly medians 0 to 0.0005; IRS990ScheduleA/InvestmentIncomePercentage [Section D Line 17] TY9-12 n=  152,410 yearly medians 0.0002 to 0.0069",high
V_POOLED_SCALE,SA_03_PCT_INVEST_INCOME_PY,SA_03_PCT_INVEST_INCOME_PY,accept,"","","","","","Old and new xpaths are both fractions on a 0-1 scale (q99 = 1.0 for each); no percent/fraction mix. Medians near zero (1e-4 to 0.5) make ratios unstable. Same quantity. Evidence (990): IRS990ScheduleA/InvestmentIncomePYPct [Section D Line 18] TY13-24 n=727,067 yearly medians 0 to 0.0079; IRS990ScheduleA/PriorYrInvestIncomePercentage [Section D Line 18] TY9-12 n= 88,836 yearly medians 0.0083 to 0.01",high
V_POOLED_SCALE,SA_03_PUB_ADD_L7AB_TOT,SA_03_PUB_ADD_L7AB_TOT,accept,"","","","","","Same form line: the pre-2013 xpath (TY2009-12) and its post-2013 successor never overlap in a year. The check compares medians of per-year/schema-version q50 with zeros dropped, so zero-heavy eras and the small, larger-org TY2009-10 e-file population drive the ratio (old-xpath medians fall 2009->2012 toward the new-era level; yearly medians within one xpath swing as much). Same quantity. Evidence (990): IRS990ScheduleA/SubstAndDsqlfyPrsnsTotGrp/TotalAmt [Section A Line 07c Column (F)] TY13-24 n=494,253 yearly medians 0 to 0; IRS990ScheduleA/SupportFromDQPsEtc/Total [Section A Line 07c Column (F)] TY9-12 n= 70,576 yearly medians 0 to 0",high
V_POOLED_SCALE,SA_03_PUB_TAXREV_LEVIED_CY_M4,SA_03_PUB_TAXREV_LEVIED_CY_M4,accept,"","","","","","Same form line: the pre-2013 xpath (TY2009-12) and its post-2013 successor never overlap in a year. The check compares medians of per-year/schema-version q50 with zeros dropped, so zero-heavy eras and the small, larger-org TY2009-10 e-file population drive the ratio (old-xpath medians fall 2009->2012 toward the new-era level; yearly medians within one xpath swing as much). Same quantity. Evidence (990EZ): IRS990ScheduleA/TaxRevLeviedOrgnztnlBnft509Grp/CurrentTaxYearMinus4YearsAmt [Section A Line 04 Column (A)] TY13-24 n=62,535 yearly medians 0 to 0; IRS990ScheduleA/TaxRevLeviedForOrgBenefit509/CurrentTaxYearMinus4Years [Section A Line 04 Column (A)] TY9-12 n= 4,697 yearly medians 0 to 0",high
V_POOLED_SCALE,SA_03_TOT_ADD_L10AB_CY_M1,SA_03_TOT_ADD_L10AB_CY_M1,accept,"","","","","","Same form line: the pre-2013 xpath (TY2009-12) and its post-2013 successor never overlap in a year. The check compares medians of per-year/schema-version q50 with zeros dropped, so zero-heavy eras and the small, larger-org TY2009-10 e-file population drive the ratio (old-xpath medians fall 2009->2012 toward the new-era level; yearly medians within one xpath swing as much). Same quantity. Evidence (990EZ): IRS990ScheduleA/InvestmentIncomeAndUBTIGrp/CurrentTaxYearMinus1YearAmt [Section B Line 10c Column (D)] TY13-24 n=311,901 yearly medians 0 to 62; IRS990ScheduleA/InvestmentIncomeAndUBTI/CurrentTaxYearMinus1Year [Section B Line 10c Column (D)] TY9-12 n= 50,539 yearly medians 48 to 455",high
V_POOLED_SCALE,SA_03_TOT_ADD_L10AB_CY_M2,SA_03_TOT_ADD_L10AB_CY_M2,accept,"","","","","","Same form line: the pre-2013 xpath (TY2009-12) and its post-2013 successor never overlap in a year. The check compares medians of per-year/schema-version q50 with zeros dropped, so zero-heavy eras and the small, larger-org TY2009-10 e-file population drive the ratio (old-xpath medians fall 2009->2012 toward the new-era level; yearly medians within one xpath swing as much). Same quantity. Evidence (990EZ): IRS990ScheduleA/InvestmentIncomeAndUBTIGrp/CurrentTaxYearMinus2YearsAmt [Section B Line 10c Column (C)] TY13-24 n=307,575 yearly medians 0 to 81; IRS990ScheduleA/InvestmentIncomeAndUBTI/CurrentTaxYearMinus2Years [Section B Line 10c Column (C)] TY9-12 n= 49,944 yearly medians 71 to 881",high
V_POOLED_SCALE,SA_03_TOT_ADD_L10AB_CY_M3,SA_03_TOT_ADD_L10AB_CY_M3,accept,"","","","","","Same form line: the pre-2013 xpath (TY2009-12) and its post-2013 successor never overlap in a year. The check compares medians of per-year/schema-version q50 with zeros dropped, so zero-heavy eras and the small, larger-org TY2009-10 e-file population drive the ratio (old-xpath medians fall 2009->2012 toward the new-era level; yearly medians within one xpath swing as much). Same quantity. Evidence (990EZ): IRS990ScheduleA/InvestmentIncomeAndUBTIGrp/CurrentTaxYearMinus3YearsAmt [Section B Line 10c Column (B)] TY13-24 n=303,511 yearly medians 0 to 121; IRS990ScheduleA/InvestmentIncomeAndUBTI/CurrentTaxYearMinus3Years [Section B Line 10c Column (B)] TY9-12 n= 48,273 yearly medians 107 to 964",high
V_POOLED_SCALE,SA_03_TOT_ADD_L10AB_CY_M4,SA_03_TOT_ADD_L10AB_CY_M4,accept,"","","","","","Same form line: the pre-2013 xpath (TY2009-12) and its post-2013 successor never overlap in a year. The check compares medians of per-year/schema-version q50 with zeros dropped, so zero-heavy eras and the small, larger-org TY2009-10 e-file population drive the ratio (old-xpath medians fall 2009->2012 toward the new-era level; yearly medians within one xpath swing as much). Same quantity. Evidence (990EZ): IRS990ScheduleA/InvestmentIncomeAndUBTIGrp/CurrentTaxYearMinus4YearsAmt [Section B Line 10c Column (A)] TY13-24 n=299,512 yearly medians 0 to 203; IRS990ScheduleA/InvestmentIncomeAndUBTI/CurrentTaxYearMinus4Years [Section B Line 10c Column (A)] TY9-12 n= 46,018 yearly medians 228 to 656",high
V_POOLED_SCALE,SA_03_TOT_ADD_L10AB_TOT,SA_03_TOT_ADD_L10AB_TOT,accept,"","","","","","Same form line: the pre-2013 xpath (TY2009-12) and its post-2013 successor never overlap in a year. The check compares medians of per-year/schema-version q50 with zeros dropped, so zero-heavy eras and the small, larger-org TY2009-10 e-file population drive the ratio (old-xpath medians fall 2009->2012 toward the new-era level; yearly medians within one xpath swing as much). Same quantity. Evidence (990EZ): IRS990ScheduleA/InvestmentIncomeAndUBTIGrp/TotalAmt [Section B Line 10c Column (F)] TY13-24 n=373,644 yearly medians 29 to 366; IRS990ScheduleA/InvestmentIncomeAndUBTI/Total [Section B Line 10c Column (F)] TY9-12 n= 59,626 yearly medians 422 to 2,800",high
V_POOLED_SCALE,SA_03_TOT_INCOME_GRO_CY_M2,SA_03_TOT_INCOME_GRO_CY_M2,accept,"","","","","","Same form line: the pre-2013 xpath (TY2009-12) and its post-2013 successor never overlap in a year. The check compares medians of per-year/schema-version q50 with zeros dropped, so zero-heavy eras and the small, larger-org TY2009-10 e-file population drive the ratio (old-xpath medians fall 2009->2012 toward the new-era level; yearly medians within one xpath swing as much). Same quantity. Evidence (990EZ): IRS990ScheduleA/GrossInvestmentIncome509Grp/CurrentTaxYearMinus2YearsAmt [Section B Line 10a Column (C)] TY13-24 n=285,609 yearly medians 5 to 84.5; IRS990ScheduleA/GrossInvestmentIncome509/CurrentTaxYearMinus2Years [Section B Line 10a Column (C)] TY9-12 n= 48,671 yearly medians 83 to 882",high
V_POOLED_SCALE,SA_03_TOT_INCOME_GRO_CY_M3,SA_03_TOT_INCOME_GRO_CY_M3,accept,"","","","","","Same form line: the pre-2013 xpath (TY2009-12) and its post-2013 successor never overlap in a year. The check compares medians of per-year/schema-version q50 with zeros dropped, so zero-heavy eras and the small, larger-org TY2009-10 e-file population drive the ratio (old-xpath medians fall 2009->2012 toward the new-era level; yearly medians within one xpath swing as much). Same quantity. Evidence (990EZ): IRS990ScheduleA/GrossInvestmentIncome509Grp/CurrentTaxYearMinus3YearsAmt [Section B Line 10a Column (B)] TY13-24 n=280,196 yearly medians 3 to 126; IRS990ScheduleA/GrossInvestmentIncome509/CurrentTaxYearMinus3Years [Section B Line 10a Column (B)] TY9-12 n= 46,755 yearly medians 130 to 962",high
V_POOLED_SCALE,SA_03_TOT_INCOME_GRO_CY_M4,SA_03_TOT_INCOME_GRO_CY_M4,accept,"","","","","","Same form line: the pre-2013 xpath (TY2009-12) and its post-2013 successor never overlap in a year. The check compares medians of per-year/schema-version q50 with zeros dropped, so zero-heavy eras and the small, larger-org TY2009-10 e-file population drive the ratio (old-xpath medians fall 2009->2012 toward the new-era level; yearly medians within one xpath swing as much). Same quantity. Evidence (990EZ): IRS990ScheduleA/GrossInvestmentIncome509Grp/CurrentTaxYearMinus4YearsAmt [Section B Line 10a Column (A)] TY13-24 n=275,081 yearly medians 3 to 211; IRS990ScheduleA/GrossInvestmentIncome509/CurrentTaxYearMinus4Years [Section B Line 10a Column (A)] TY9-12 n= 44,252 yearly medians 291.5 to 650",high
V_POOLED_SCALE,SA_03_TOT_INCOME_GRO_TOT,SA_03_TOT_INCOME_GRO_TOT,accept,"","","","","","Same form line: the pre-2013 xpath (TY2009-12) and its post-2013 successor never overlap in a year. The check compares medians of per-year/schema-version q50 with zeros dropped, so zero-heavy eras and the small, larger-org TY2009-10 e-file population drive the ratio (old-xpath medians fall 2009->2012 toward the new-era level; yearly medians within one xpath swing as much). Same quantity. Evidence (990EZ): IRS990ScheduleA/GrossInvestmentIncome509Grp/TotalAmt [Section B Line 10a Column (F)] TY13-24 n=486,442 yearly medians 4 to 121; IRS990ScheduleA/GrossInvestmentIncome509/Total [Section B Line 10a Column (F)] TY9-12 n= 71,640 yearly medians 96 to 1,949.5",high
V_POOLED_SCALE,SA_03_TOT_INCOME_NET_UBIZ_TOT,SA_03_TOT_INCOME_NET_UBIZ_TOT,accept,"","","","","","Same form line: the pre-2013 xpath (TY2009-12) and its post-2013 successor never overlap in a year. The check compares medians of per-year/schema-version q50 with zeros dropped, so zero-heavy eras and the small, larger-org TY2009-10 e-file population drive the ratio (old-xpath medians fall 2009->2012 toward the new-era level; yearly medians within one xpath swing as much). Same quantity. Evidence (990EZ): IRS990ScheduleA/NetIncomeFromOtherUBIGrp/TotalAmt [Section B Line 11 Column (F)] TY13-24 n=280,133 yearly medians 0 to 0; IRS990ScheduleA/NetIncomeFromOtherUBI/Total [Section B Line 11 Column (F)] TY9-12 n= 33,738 yearly medians 0 to 0",high
V_POOLED_SCALE,SA_03_TOT_INCOME_UBIZ_CY,SA_03_TOT_INCOME_UBIZ_CY,accept,"","","","","","Same form line: the pre-2013 xpath (TY2009-12) and its post-2013 successor never overlap in a year. The check compares medians of per-year/schema-version q50 with zeros dropped, so zero-heavy eras and the small, larger-org TY2009-10 e-file population drive the ratio (old-xpath medians fall 2009->2012 toward the new-era level; yearly medians within one xpath swing as much). Same quantity. Evidence (990): IRS990ScheduleA/Post1975UBTIGrp/CurrentTaxYearAmt [Section B Line 10b Column (E)] TY13-24 n=31,243 yearly medians 0 to 900; IRS990ScheduleA/Post1975UBTI/CurrentTaxYear [Section B Line 10b Column (E)] TY9-12 n= 2,829 yearly medians 0 to 24,290.5",high
V_POOLED_SCALE,SC_01_ORG_TOT_EXEMPT_FUNC_EXP,SC_01_ORG_TOT_EXEMPT_FUNC_EXP,accept,"","","","","","Same form line: the pre-2013 xpath (TY2009-12) and its post-2013 successor never overlap in a year. The check compares medians of per-year/schema-version q50 with zeros dropped, so zero-heavy eras and the small, larger-org TY2009-10 e-file population drive the ratio (old-xpath medians fall 2009->2012 toward the new-era level; yearly medians within one xpath swing as much). Same quantity. Evidence (990EZ): IRS990ScheduleC/TotalExemptFunctionExpendAmt [Line 03] TY13-24 n=2,722 yearly medians 0 to 3,260; IRS990ScheduleC/TotalExmptFunctionExpenditures [Line 03] TY9-12 n=  161 yearly medians 2,175 to 29,261.5",high
V_POOLED_SCALE,SC_02_EXP_OTH_EXEMPT_AFFGROUP,SC_02_EXP_OTH_EXEMPT_AFFGROUP,accept,"","","","","","Same form line: the pre-2013 xpath (TY2009-12) and its post-2013 successor never overlap in a year. The check compares medians of per-year/schema-version q50 with zeros dropped, so zero-heavy eras and the small, larger-org TY2009-10 e-file population drive the ratio (old-xpath medians fall 2009->2012 toward the new-era level; yearly medians within one xpath swing as much). Same quantity. Evidence (990): IRS990ScheduleC/OtherExemptPurposeExpendGrp/AffiliatedGroupTotalAmt [Line 01d Column (B)] TY13-24 n=3,813 yearly medians 21,192,676 to 145,970,476; IRS990ScheduleC/OtherExemptPurposeExpenditures/AffiliatedGroupTotals [Line 01d Column (B)] TY9-12 n=  877 yearly medians 54,572,894 to 531,600,193",medium
V_POOLED_SCALE,SC_02_EXP_OTH_EXEMPT_FILEORG,SC_02_EXP_OTH_EXEMPT_FILEORG,accept,"","","","","","Same form line: the pre-2013 xpath (TY2009-12) and its post-2013 successor never overlap in a year. The check compares medians of per-year/schema-version q50 with zeros dropped, so zero-heavy eras and the small, larger-org TY2009-10 e-file population drive the ratio (old-xpath medians fall 2009->2012 toward the new-era level; yearly medians within one xpath swing as much). Same quantity. Evidence (990): IRS990ScheduleC/OtherExemptPurposeExpendGrp/FilingOrganizationsTotalAmt [Line 01d Column (A)] TY13-24 n=51,638 yearly medians 2,110,374 to 7,325,124; IRS990ScheduleC/OtherExemptPurposeExpenditures/FilingOrganizationsTotals [Line 01d Column (A)] TY9-12 n= 8,660 yearly medians 2,537,490 to 13,403,000",medium
V_POOLED_SCALE,SC_02_EXP_TOT_EXEMPT_AFFGROUP,SC_02_EXP_TOT_EXEMPT_AFFGROUP,accept,"","","","","","Same form line: the pre-2013 xpath (TY2009-12) and its post-2013 successor never overlap in a year. The check compares medians of per-year/schema-version q50 with zeros dropped, so zero-heavy eras and the small, larger-org TY2009-10 e-file population drive the ratio (old-xpath medians fall 2009->2012 toward the new-era level; yearly medians within one xpath swing as much). Same quantity. Evidence (990): IRS990ScheduleC/TotalExemptPurposeExpendGrp/AffiliatedGroupTotalAmt [Line 01e Column (B)] TY13-24 n=3,950 yearly medians 17,780,454 to 146,051,156; IRS990ScheduleC/TotalExemptPurposeExpenditures/AffiliatedGroupTotals [Line 01e Column (B)] TY9-12 n=  937 yearly medians 25,084,151 to 519,767,245",medium
V_POOLED_SCALE,SC_02_LOB_ACT_PUBLICA_BCAST_AMT,SC_02_LOB_ACT_PUBLICA_BCAST_AMT,accept,"","","","","","Same form line: the pre-2013 xpath (TY2009-12) and its post-2013 successor never overlap in a year. The check compares medians of per-year/schema-version q50 with zeros dropped, so zero-heavy eras and the small, larger-org TY2009-10 e-file population drive the ratio (old-xpath medians fall 2009->2012 toward the new-era level; yearly medians within one xpath swing as much). Same quantity. Evidence (990): IRS990ScheduleC/PublicationsOrBroadcastAmt [Line 01e Column (B)] TY13-24 n=2,915 yearly medians 33 to 2,273; IRS990ScheduleC/PublicationsOrBroadcastAmount [Line 01e Column (B)] TY9-12 n=  663 yearly medians 676 to 2,100",medium
V_POOLED_SCALE,SD_07_INVEST_SEC_DERIVATIVE_BV,SD_07_INVEST_SEC_DERIVATIVE_BV,accept,"","","","","","Same form line: the pre-2013 xpath (TY2009-12) and its post-2013 successor never overlap in a year. The check compares medians of per-year/schema-version q50 with zeros dropped, so zero-heavy eras and the small, larger-org TY2009-10 e-file population drive the ratio (old-xpath medians fall 2009->2012 toward the new-era level; yearly medians within one xpath swing as much). Same quantity. Evidence (990): IRS990ScheduleD/FinancialDerivativesGrp/BookValueAmt [Line 01 Column (B)] TY13-24 n=6,690 yearly medians 0 to 77,602; IRS990ScheduleD/FinancialDerivatives/BookValue [Line 01 Column (B)] TY9-12 n=2,182 yearly medians 0 to 122,256.5",medium
V_POOLED_SCALE,SD_09_OTH_ASSET_DESC,SD_09_OTH_ASSET_DESC,retype,"","","",text,"","Column (A) description of other assets (DEPOSITS, SECURITY DEPOSITS, ...), typed numeric by mistake; the median comparison is meaningless.",high
V_POOLED_SCALE,SD_11_RECO_REV_OTH_NO_INCL,SD_11_RECO_REV_OTH_NO_INCL,accept,"","","","","","Same form line: the pre-2013 xpath (TY2009-12) and its post-2013 successor never overlap in a year. The check compares medians of per-year/schema-version q50 with zeros dropped, so zero-heavy eras and the small, larger-org TY2009-10 e-file population drive the ratio (old-xpath medians fall 2009->2012 toward the new-era level; yearly medians within one xpath swing as much). Same quantity. Evidence (990): IRS990ScheduleD/OtherRevenuesNotIncludedAmt [Line 04b] TY13-24 n=203,361 yearly medians 0 to 8,259.5; IRS990ScheduleD/OtherRevenuesNotIncluded [Line 04b] TY9-12 n= 46,540 yearly medians 0 to 25,104",high
V_POOLED_SCALE,SD_12_RECO_EXP_ADD_L4AB,SD_12_RECO_EXP_ADD_L4AB,remap,/Return/ReturnData/IRS990ScheduleD/RevenueNotRptdOnFinStmt,SD_11_RECO_REV_ADD_L4AB,"","","","A revenue reconciliation line was pooled with the expense reconciliation variable. Already applied in data-raw/fixes/03-mapping-errors.R; the current build maps it to SD_11_RECO_REV_ADD_L4AB and the remaining expense xpaths agree (median 0 every year). Evidence (990): IRS990ScheduleD/ExpensesNotRptFinclStmtAmt [Line 04c] TY13-24 n=718,020 yearly medians 0 to 0; IRS990ScheduleD/ExpensesNotRptdOnFinStmt [Line 04c] TY9-12 n=146,277 yearly medians 0 to 0",high
V_POOLED_SCALE,SF_01_FRGN_REG_TOT_EXP_CONTIN,SF_01_FRGN_REG_TOT_EXP_CONTIN,accept,"","","","","","Same form line: the pre-2013 xpath (TY2009-12) and its post-2013 successor never overlap in a year. The check compares medians of per-year/schema-version q50 with zeros dropped, so zero-heavy eras and the small, larger-org TY2009-10 e-file population drive the ratio (old-xpath medians fall 2009->2012 toward the new-era level; yearly medians within one xpath swing as much). Same quantity. Evidence (990): IRS990ScheduleF/ContinuationSpentAmt [Line 03b Column (F)] TY13-24 n=82,285 yearly medians 0 to 0; IRS990ScheduleF/ContAmountSpent [Line 03b Column (F)] TY10-12 n=10,502 yearly medians 0 to 0",high
V_POOLED_SCALE,SF_02_FRGN_ORG_GRANT_NC_AMT,SF_02_FRGN_ORG_GRANT_NC_AMT,accept,"","","","","","Same form line: the pre-2013 xpath (TY2009-12) and its post-2013 successor never overlap in a year. The check compares medians of per-year/schema-version q50 with zeros dropped, so zero-heavy eras and the small, larger-org TY2009-10 e-file population drive the ratio (old-xpath medians fall 2009->2012 toward the new-era level; yearly medians within one xpath swing as much). Same quantity. Evidence (990): IRS990ScheduleF/GrantsToOrgOutsideUSGrp/NonCashAssistanceAmt [Line 01 Column (G)] TY13-24 n=25,563 yearly medians 0 to 13,087; IRS990ScheduleF/GrantsToOrgsOutsideUS/AmountOfNonCashAssistance [Line 01 Column (G)] TY9-12 n= 1,692 yearly medians 0 to 14,099.5",high
V_POOLED_SCALE,SH_01_MEAN_PERS_SERVED,SH_01_MEAN_PERS_SERVED,accept,"","","","","","Same form line: the pre-2013 xpath (TY2009-12) and its post-2013 successor never overlap in a year. The check compares medians of per-year/schema-version q50 with zeros dropped, so zero-heavy eras and the small, larger-org TY2009-10 e-file population drive the ratio (old-xpath medians fall 2009->2012 toward the new-era level; yearly medians within one xpath swing as much). Same quantity. Evidence (990): IRS990ScheduleH/UnreimbursedCostsGrp/PersonsServedCnt [Line 07c Column (B)] TY13-24 n=1,118 yearly medians 0 to 413; IRS990ScheduleH/UnreimbursedCosts/PersonsServed [Line 07c Column (B)] TY9-12 n=  545 yearly medians 0 to 512.5",medium
V_POOLED_SCALE,SH_01_RSRCH_REV_DIRECT_OFFSET,SH_01_RSRCH_REV_DIRECT_OFFSET,accept,"","","","","","Same form line: the pre-2013 xpath (TY2009-12) and its post-2013 successor never overlap in a year. The check compares medians of per-year/schema-version q50 with zeros dropped, so zero-heavy eras and the small, larger-org TY2009-10 e-file population drive the ratio (old-xpath medians fall 2009->2012 toward the new-era level; yearly medians within one xpath swing as much). Same quantity. Evidence (990): IRS990ScheduleH/ResearchGrp/DirectOffsettingRevenueAmt [Line 07h Column (D)] TY13-24 n=5,354 yearly medians 0 to 65,411; IRS990ScheduleH/Research/DirectOffsettingRevenue [Line 07h Column (D)] TY9-12 n=1,734 yearly medians 0 to 1,000",medium
V_POOLED_SCALE,SH_02_ENVIR_EXP_NET_COM_BLDG,SH_02_ENVIR_EXP_NET_COM_BLDG,accept,"","","","","","Same form line: the pre-2013 xpath (TY2009-12) and its post-2013 successor never overlap in a year. The check compares medians of per-year/schema-version q50 with zeros dropped, so zero-heavy eras and the small, larger-org TY2009-10 e-file population drive the ratio (old-xpath medians fall 2009->2012 toward the new-era level; yearly medians within one xpath swing as much). Same quantity. Evidence (990): IRS990ScheduleH/EnvironmentalImprovementsGrp/NetCommunityBenefitExpnsAmt [Line 04 Column (E)] TY13-24 n=4,909 yearly medians 0 to 0; IRS990ScheduleH/EnvironmentalImprovements/NetCommunityBuildingExpense [Line 04 Column (E)] TY9-12 n=  981 yearly medians 0 to 2,209",medium
V_POOLED_SCALE,SH_02_TOT_REV_DIRECT_OFFSET,SH_02_TOT_REV_DIRECT_OFFSET,accept,"","","","","","Same form line: the pre-2013 xpath (TY2009-12) and its post-2013 successor never overlap in a year. The check compares medians of per-year/schema-version q50 with zeros dropped, so zero-heavy eras and the small, larger-org TY2009-10 e-file population drive the ratio (old-xpath medians fall 2009->2012 toward the new-era level; yearly medians within one xpath swing as much). Same quantity. Evidence (990): IRS990ScheduleH/TotalCommuntityBuildingActyGrp/DirectOffsettingRevenueAmt [Line 10 Column (D)] TY13-24 n=5,793 yearly medians 0 to 1,285; IRS990ScheduleH/Total/DirectOffsettingRevenue [Line 10 Column (D)] TY9-12 n=1,441 yearly medians 0 to 3,712",medium
V_POOLED_SCALE,SJ_02_COMP_DTK_BENFIT_RLTD,SJ_02_COMP_DTK_BENFIT_RLTD,accept,"","","","","","Same form line: the pre-2013 xpath (TY2009-12) and its post-2013 successor never overlap in a year. The check compares medians of per-year/schema-version q50 with zeros dropped, so zero-heavy eras and the small, larger-org TY2009-10 e-file population drive the ratio (old-xpath medians fall 2009->2012 toward the new-era level; yearly medians within one xpath swing as much). Same quantity. Evidence (990): IRS990ScheduleJ/RltdOrgOfficerTrstKeyEmplGrp/NontaxableBenefitsRltdOrgsAmt [Column (D) Line (ii)] TY13-24 n=571,893 yearly medians 0 to 0; IRS990ScheduleJ/Form990ScheduleJPartII/NontaxableBenefitsRelatedOrgs [Column (D) Line (ii)] TY9-12 n= 99,988 yearly medians 0 to 0",high
V_POOLED_SCALE,SJ_02_COMP_DTK_BONUS_ORG,SJ_02_COMP_DTK_BONUS_ORG,accept,"","","","","","Same form line: the pre-2013 xpath (TY2009-12) and its post-2013 successor never overlap in a year. The check compares medians of per-year/schema-version q50 with zeros dropped, so zero-heavy eras and the small, larger-org TY2009-10 e-file population drive the ratio (old-xpath medians fall 2009->2012 toward the new-era level; yearly medians within one xpath swing as much). Same quantity. Evidence (990): IRS990ScheduleJ/RltdOrgOfficerTrstKeyEmplGrp/BonusFilingOrganizationAmount [Column (B)(ii) Line (i)] TY13-24 n=568,768 yearly medians 0 to 0; IRS990ScheduleJ/Form990ScheduleJPartII/BonusFilingOrg [Column (B)(ii) Line (i)] TY9-12 n= 98,461 yearly medians 0 to 0",high
V_POOLED_SCALE,SJ_02_COMP_DTK_OTH_ORG,SJ_02_COMP_DTK_OTH_ORG,accept,"","","","","","Same form line: the pre-2013 xpath (TY2009-12) and its post-2013 successor never overlap in a year. The check compares medians of per-year/schema-version q50 with zeros dropped, so zero-heavy eras and the small, larger-org TY2009-10 e-file population drive the ratio (old-xpath medians fall 2009->2012 toward the new-era level; yearly medians within one xpath swing as much). Same quantity. Evidence (990): IRS990ScheduleJ/RltdOrgOfficerTrstKeyEmplGrp/OtherCompensationFilingOrgAmt [Column (B)(iii) Line (i)] TY13-24 n=562,084 yearly medians 0 to 0; IRS990ScheduleJ/Form990ScheduleJPartII/OtherCompensationFilingOrg [Column (B)(iii) Line (i)] TY9-12 n= 98,665 yearly medians 0 to 0",high
V_POOLED_SCALE,SK_02_BOND_PROCEED_INT_CAP,SK_02_BOND_PROCEED_INT_CAP,accept,"","","","","","Same form line: the pre-2013 xpath (TY2009-12) and its post-2013 successor never overlap in a year. The check compares medians of per-year/schema-version q50 with zeros dropped, so zero-heavy eras and the small, larger-org TY2009-10 e-file population drive the ratio (old-xpath medians fall 2009->2012 toward the new-era level; yearly medians within one xpath swing as much). Same quantity. Evidence (990): IRS990ScheduleK/TaxExemptBondsProceedsGrp/CapitalizedInterestAmt [Line 05] TY13-24 n=21,298 yearly medians 0 to 252,611; IRS990ScheduleK/Form990ScheduleKPartII/CapitalizedInterest [Line 05] TY10-12 n= 5,290 yearly medians 0 to 8,504",medium
V_POOLED_SCALE,SK_02_BOND_PROCEED_REFUND_ESCROW,SK_02_BOND_PROCEED_REFUND_ESCROW,accept,"","","","","","Same form line: the pre-2013 xpath (TY2009-12) and its post-2013 successor never overlap in a year. The check compares medians of per-year/schema-version q50 with zeros dropped, so zero-heavy eras and the small, larger-org TY2009-10 e-file population drive the ratio (old-xpath medians fall 2009->2012 toward the new-era level; yearly medians within one xpath swing as much). Same quantity. Evidence (990): IRS990ScheduleK/TaxExemptBondsProceedsGrp/RefundingEscrowAmt [Line 06] TY13-24 n=19,406 yearly medians 0 to 323,299; IRS990ScheduleK/Form990ScheduleKPartII/RefundingEscrow [Line 06] TY10-12 n= 5,892 yearly medians 0 to 2,008,000",medium
V_POOLED_SCALE,SM_01_ART_HIST_NONCSH_CONTR,SM_01_ART_HIST_NONCSH_CONTR,accept,"","","","","","Same form line: the pre-2013 xpath (TY2009-12) and its post-2013 successor never overlap in a year. The check compares medians of per-year/schema-version q50 with zeros dropped, so zero-heavy eras and the small, larger-org TY2009-10 e-file population drive the ratio (old-xpath medians fall 2009->2012 toward the new-era level; yearly medians within one xpath swing as much). Same quantity. Evidence (990): IRS990ScheduleM/ArtHistoricalTreasuresGrp/NoncashContributionsRptF990Amt [Line 02 Column (C)] TY13-24 n=1,144 yearly medians 1,740 to 14,480; IRS990ScheduleM/ArtHistoricalTreasures/NoncashContribsRptdF990 [Line 02 Column (C)] TY9-12 n=  292 yearly medians 177.5 to 19,050",high
V_POOLED_SCALE,SM_01_FOOD_INV_NONCSH_CONTR,SM_01_FOOD_INV_NONCSH_CONTR,accept,"","","","","","Same form line: the pre-2013 xpath (TY2009-12) and its post-2013 successor never overlap in a year. The check compares medians of per-year/schema-version q50 with zeros dropped, so zero-heavy eras and the small, larger-org TY2009-10 e-file population drive the ratio (old-xpath medians fall 2009->2012 toward the new-era level; yearly medians within one xpath swing as much). Same quantity. Evidence (990): IRS990ScheduleM/FoodInventoryGrp/NoncashContributionsRptF990Amt [Line 19 Column (C)] TY13-24 n=55,362 yearly medians 45,500 to 132,906.5; IRS990ScheduleM/FoodInventory/NoncashContribsRptdF990 [Line 19 Column (C)] TY9-12 n= 8,397 yearly medians 25,900 to 54,634",high
V_POOLED_SCALE,SR_03_RLTD_ORG_PTR_PCT_OWN,SR_03_RLTD_ORG_PTR_PCT_OWN,accept,"","","","","","Old and new xpaths are both fractions on a 0-1 scale (q99 = 1.0 for each); no percent/fraction mix. Medians near zero (1e-4 to 0.5) make ratios unstable. Same quantity. Evidence (990): IRS990ScheduleR/IdRelatedOrgTxblPartnershipGrp/OwnershipPct [Column (K)] TY13-24 n=45,739 yearly medians 0.0001 to 0.51; IRS990ScheduleR/Form990ScheduleRPartIII/PercentageOwnership [Column (K)] TY10-12 n= 8,225 yearly medians 0 to 0.5",high
V_POOLED_SCALE,SR_04_RLTD_ORG_CORP_TOT_INCOME,SR_04_RLTD_ORG_CORP_TOT_INCOME,accept,"","","","","","Same form line: the pre-2013 xpath (TY2009-12) and its post-2013 successor never overlap in a year. The check compares medians of per-year/schema-version q50 with zeros dropped, so zero-heavy eras and the small, larger-org TY2009-10 e-file population drive the ratio (old-xpath medians fall 2009->2012 toward the new-era level; yearly medians within one xpath swing as much). Same quantity. Evidence (990): IRS990ScheduleR/IdRelatedOrgTxblCorpTrGrp/ShareOfTotalIncomeAmt [Column (F)] TY13-24 n=57,921 yearly medians 0 to 5,067.5; IRS990ScheduleR/Form990ScheduleRPartIV/ShareOfTotalIncome [Column (F)] TY9-12 n=14,526 yearly medians 0 to 0",high
V_TEXT_NUMERIC,F9_00_IRS_TRUST_CUSTOMER_X,F9_00_IRS_TRUST_CUSTOMER_X,accept,"","","","","","TrustedCustomerCd holds codes 0/1/2/3, not a count or a checkbox; keep text. The _X suffix is misleading (renaming is out of scope here).",high
V_TEXT_NUMERIC,F9_00_IRS_TRUST_OOB_VERIFIED_X,F9_00_IRS_TRUST_OOB_VERIFIED_X,accept,"","","","","",OOBSecurityVerificationCd holds codes 00/11 (with leading zeros); keep text. The _X suffix is misleading.,high
V_TEXT_NUMERIC,F9_00_IRS_TRUST_RQR_OOB_X,F9_00_IRS_TRUST_RQR_OOB_X,accept,"","","","","","LastSubmissionRqrOOBCd holds codes 0/1 (a ...Cd element); keep text alongside the other trusted-customer codes. Could be a checkbox, but the IRS types it as a code. The _X suffix is misleading.",medium
V_TEXT_NUMERIC,SA_01_PCSTAT_ORG_TYPE,SA_01_PCSTAT_ORG_TYPE,accept,"","","","","","Schedule A line 12g column (iii), type of supported organization: codes 1-10 point to lines 1-10 (7, 10, 2, 3, ...), sometimes 03 or text. It is a code; keep text.",high
V_TEXT_NUMERIC,SH_05_HOSPITAL_STATE_LIC_NUM,SH_05_HOSPITAL_STATE_LIC_NUM,accept,"","","","","",State license numbers are identifiers (leading zeros such as 00000001; letters in some states); keep text.,high
V_TEXT_NUMERIC,SK_04_BOND_ARB_GIC_PROV_NAME_L1,SK_04_BOND_ARB_GIC_PROV_NAME_L1,accept,"","","","","",GIC provider name. Most numeric values are the placeholder 0 (no GIC provider). Keep text and treat 0 as missing downstream.,high
V_CODE_CASE,SR_02_RLTD_ORG_EXEMPT_CODE,SR_02_RLTD_ORG_EXEMPT_CODE,accept,"","","","","",Free-text IRC section (501(C)(3) vs 501(c)(3) vs 501C3); case and punctuation vary by filer. Keep text; normalise downstream.,high
V_CODE_FORMAT,F9_00_RETURN_TYPE,F9_00_RETURN_TYPE,accept,"","","","","",Values are 990 and 990EZ; two shapes by design.,high
V_CODE_FORMAT,F9_07_COMP_KONTR_ADDR_CITY,F9_07_COMP_KONTR_ADDR_CITY,accept,"","","","","","A free-text address/name field, not a code, so the format check does not apply. The mapping is correct.",high
V_CODE_FORMAT,F9_07_COMP_KONTR_ADDR_L1,F9_07_COMP_KONTR_ADDR_L1,accept,"","","","","","A free-text address/name field, not a code, so the format check does not apply. The mapping is correct.",high
V_CODE_FORMAT,F9_07_COMP_KONTR_ADDR_L2,F9_07_COMP_KONTR_ADDR_L2,accept,"","","","","","A free-text address/name field, not a code, so the format check does not apply. The mapping is correct.",high
V_CODE_FORMAT,F9_07_COMP_KONTR_NAME_ORG_L2,F9_07_COMP_KONTR_NAME_ORG_L2,accept,"","","","","","A free-text address/name field, not a code, so the format check does not apply. The mapping is correct.",high
V_CODE_FORMAT,SR_02_RLTD_ORG_EXEMPT_CODE,SR_02_RLTD_ORG_EXEMPT_CODE,accept,"","","","","","Free-text IRC section in many formats (501(C)(3), 501C3, 527). Keep text; normalise downstream.",high
V_CODE_FORMAT,SR_04_RLTD_ORG_CORP_ADDR_STATE,SR_04_RLTD_ORG_CORP_ADDR_STATE,accept,"","","","","",94% are two-letter US states; the rest are foreign provinces/regions pooled with the state. Acceptable.,high
V_CODE_LIST,F9_00_ORG_ADDR_STATE,F9_00_ORG_ADDR_STATE,accept,"","","","","",State/country field: over 100 distinct values come from lower-case or misspelled entries and foreign provinces mixed into the field. Keep text; normalise downstream.,high
V_CODE_LIST,F9_00_PRIN_OFF_ADDR_STATE,F9_00_PRIN_OFF_ADDR_STATE,accept,"","","","","",State/country field: over 100 distinct values come from lower-case or misspelled entries and foreign provinces mixed into the field. Keep text; normalise downstream.,high
V_CODE_LIST,F9_04_FRGN_OFFICE_CNTR,F9_04_FRGN_OFFICE_CNTR,accept,"","","","","",State/country field: over 100 distinct values come from lower-case or misspelled entries and foreign provinces mixed into the field. Keep text; normalise downstream.,high
V_CODE_LIST,F9_05_FRGN_FIN_ACC_CNTR,F9_05_FRGN_FIN_ACC_CNTR,accept,"","","","","",State/country field: over 100 distinct values come from lower-case or misspelled entries and foreign provinces mixed into the field. Keep text; normalise downstream.,high
V_CODE_LIST,F9_06_DISCLOSURE_BOOK_ADDR_STATE,F9_06_DISCLOSURE_BOOK_ADDR_STATE,accept,"","","","","",State/country field: over 100 distinct values come from lower-case or misspelled entries and foreign provinces mixed into the field. Keep text; normalise downstream.,high
V_CODE_LIST,F9_07_COMP_DTK_ADDR_CNTR,F9_07_COMP_DTK_ADDR_CNTR,accept,"","","","","",State/country field: over 100 distinct values come from lower-case or misspelled entries and foreign provinces mixed into the field. Keep text; normalise downstream.,high
V_CODE_LIST,F9_07_COMP_DTK_ADDR_STATE,F9_07_COMP_DTK_ADDR_STATE,accept,"","","","","",State/country field: over 100 distinct values come from lower-case or misspelled entries and foreign provinces mixed into the field. Keep text; normalise downstream.,high
V_CODE_LIST,F9_07_COMP_KONTR_ADDR_CITY,F9_07_COMP_KONTR_ADDR_CITY,accept,"","","","","","Free text (address, city, name or IRC section), not a code list; the check does not apply.",high
V_CODE_LIST,F9_07_COMP_KONTR_ADDR_CNTR,F9_07_COMP_KONTR_ADDR_CNTR,accept,"","","","","",State/country field: over 100 distinct values come from lower-case or misspelled entries and foreign provinces mixed into the field. Keep text; normalise downstream.,high
V_CODE_LIST,F9_07_COMP_KONTR_ADDR_L1,F9_07_COMP_KONTR_ADDR_L1,accept,"","","","","","Free text (address, city, name or IRC section), not a code list; the check does not apply.",high
V_CODE_LIST,F9_07_COMP_KONTR_ADDR_L2,F9_07_COMP_KONTR_ADDR_L2,accept,"","","","","","Free text (address, city, name or IRC section), not a code list; the check does not apply.",high
V_CODE_LIST,F9_07_COMP_KONTR_ADDR_STATE,F9_07_COMP_KONTR_ADDR_STATE,accept,"","","","","",State/country field: over 100 distinct values come from lower-case or misspelled entries and foreign provinces mixed into the field. Keep text; normalise downstream.,high
V_CODE_LIST,F9_07_COMP_KONTR_NAME_ORG_L2,F9_07_COMP_KONTR_NAME_ORG_L2,accept,"","","","","","Free text (address, city, name or IRC section), not a code list; the check does not apply.",high
V_CODE_LIST,SI_02_GRANT_US_ORG_ADDR_STATE,SI_02_GRANT_US_ORG_ADDR_STATE,accept,"","","","","",State/country field: over 100 distinct values come from lower-case or misspelled entries and foreign provinces mixed into the field. Keep text; normalise downstream.,high
V_CODE_LIST,SR_01_DISREG_ENTITY_ADDR_STATE,SR_01_DISREG_ENTITY_ADDR_STATE,accept,"","","","","",State/country field: over 100 distinct values come from lower-case or misspelled entries and foreign provinces mixed into the field. Keep text; normalise downstream.,high
V_CODE_LIST,SR_02_RLTD_ORG_ADDR_CNTR,SR_02_RLTD_ORG_ADDR_CNTR,accept,"","","","","",State/country field: over 100 distinct values come from lower-case or misspelled entries and foreign provinces mixed into the field. Keep text; normalise downstream.,high
V_CODE_LIST,SR_02_RLTD_ORG_ADDR_STATE,SR_02_RLTD_ORG_ADDR_STATE,accept,"","","","","",State/country field: over 100 distinct values come from lower-case or misspelled entries and foreign provinces mixed into the field. Keep text; normalise downstream.,high
V_CODE_LIST,SR_02_RLTD_ORG_DMCL_CNTR,SR_02_RLTD_ORG_DMCL_CNTR,accept,"","","","","",State/country field: over 100 distinct values come from lower-case or misspelled entries and foreign provinces mixed into the field. Keep text; normalise downstream.,high
V_CODE_LIST,SR_02_RLTD_ORG_EXEMPT_CODE,SR_02_RLTD_ORG_EXEMPT_CODE,accept,"","","","","","Free text (address, city, name or IRC section), not a code list; the check does not apply.",high
V_CODE_LIST,SR_04_RLTD_ORG_CORP_ADDR_CNTR,SR_04_RLTD_ORG_CORP_ADDR_CNTR,accept,"","","","","",State/country field: over 100 distinct values come from lower-case or misspelled entries and foreign provinces mixed into the field. Keep text; normalise downstream.,high
V_CODE_LIST,SR_04_RLTD_ORG_CORP_ADDR_STATE,SR_04_RLTD_ORG_CORP_ADDR_STATE,accept,"","","","","",State/country field: over 100 distinct values come from lower-case or misspelled entries and foreign provinces mixed into the field. Keep text; normalise downstream.,high
V_CODE_LIST,SR_04_RLTD_ORG_CORP_DMCL_CNTR,SR_04_RLTD_ORG_CORP_DMCL_CNTR,accept,"","","","","",State/country field: over 100 distinct values come from lower-case or misspelled entries and foreign provinces mixed into the field. Keep text; normalise downstream.,high
V_ID_PLACEHOLDER,F9_00_ORG_ADDR_ZIP,F9_00_ORG_ADDR_ZIP,accept,"","","","","",Placeholder values (11 filings use a placeholder such as 000000000). No file change; document that 000000000-style values mean missing.,high
V_ID_PLACEHOLDER,F9_00_ORG_PHONE,F9_00_ORG_PHONE,accept,"","","","","","Placeholder values (8,214 filings use a placeholder such as 000000000). No file change; document that 000000000-style values mean missing.",high
V_ID_PLACEHOLDER,F9_00_PRIN_OFF_ADDR_ZIP,F9_00_PRIN_OFF_ADDR_ZIP,accept,"","","","","",Placeholder values (14 filings use a placeholder such as 000000000). No file change; document that 000000000-style values mean missing.,high
V_ID_PLACEHOLDER,F9_02_SIGNING_OFF_PHONE,F9_02_SIGNING_OFF_PHONE,accept,"","","","","","Placeholder values (6,956 filings use a placeholder such as 000000000). No file change; document that 000000000-style values mean missing.",high
V_ID_PLACEHOLDER,F9_02_SIGNING_OFF_SSN,F9_02_SIGNING_OFF_SSN,accept,"","","","","","Placeholder values (5,426 filings use a placeholder such as 000000000). No file change; document that 000000000-style values mean missing.",high
V_ID_PLACEHOLDER,F9_06_DISCLOSURE_BOOK_ADDR_ZIP,F9_06_DISCLOSURE_BOOK_ADDR_ZIP,accept,"","","","","",Placeholder values (52 filings use a placeholder such as 000000000). No file change; document that 000000000-style values mean missing.,high
V_ID_PLACEHOLDER,F9_07_COMP_DTK_ADDR_ZIP,F9_07_COMP_DTK_ADDR_ZIP,accept,"","","","","",Placeholder values (10 filings use a placeholder such as 000000000). No file change; document that 000000000-style values mean missing.,high
V_ID_PLACEHOLDER,F9_07_COMP_KONTR_ADDR_ZIP,F9_07_COMP_KONTR_ADDR_ZIP,accept,"","","","","",Placeholder values (45 filings use a placeholder such as 000000000). No file change; document that 000000000-style values mean missing.,high
V_ID_PLACEHOLDER,SA_01_PCSTAT_ORG_EIN,SA_01_PCSTAT_ORG_EIN,accept,"","","","","","Placeholder values (2,432 filings use a placeholder such as 000000000). No file change; document that 000000000-style values mean missing.",high
V_ID_PLACEHOLDER,SC_01_POLI_ORG_EIN,SC_01_POLI_ORG_EIN,accept,"","","","","",Placeholder values (1 filings use a placeholder such as 000000000). No file change; document that 000000000-style values mean missing.,high
V_ID_PLACEHOLDER,SH_05_HOSPITAL_SUBORD_EIN,SH_05_HOSPITAL_SUBORD_EIN,accept,"","","","","",Placeholder values (2 filings use a placeholder such as 000000000). No file change; document that 000000000-style values mean missing.,high
V_ID_PLACEHOLDER,SI_02_GRANT_US_ORG_ADDR_ZIP,SI_02_GRANT_US_ORG_ADDR_ZIP,accept,"","","","","",Placeholder values (6 filings use a placeholder such as 000000000). No file change; document that 000000000-style values mean missing.,high
V_ID_PLACEHOLDER,SK_01_BOND_ISSUE_CUSIP_NUM,SK_01_BOND_ISSUE_CUSIP_NUM,accept,"","","","","","Placeholder values (5,583 filings use a placeholder such as 000000000). No file change; document that 000000000-style values mean missing.",high
V_ID_PLACEHOLDER,SN_01_LTD_RECIP_ADDR_ZIP,SN_01_LTD_RECIP_ADDR_ZIP,accept,"","","","","",Placeholder values (48 filings use a placeholder such as 000000000). No file change; document that 000000000-style values mean missing.,high
V_ID_PLACEHOLDER,SN_01_LTD_RECIP_EIN,SN_01_LTD_RECIP_EIN,accept,"","","","","",Placeholder values (186 filings use a placeholder such as 000000000). No file change; document that 000000000-style values mean missing.,high
V_ID_PLACEHOLDER,SN_02_DOA_RECIP_ADDR_ZIP,SN_02_DOA_RECIP_ADDR_ZIP,accept,"","","","","",Placeholder values (6 filings use a placeholder such as 000000000). No file change; document that 000000000-style values mean missing.,high
V_ID_PLACEHOLDER,SN_02_DOA_RECIP_EIN,SN_02_DOA_RECIP_EIN,accept,"","","","","",Placeholder values (128 filings use a placeholder such as 000000000). No file change; document that 000000000-style values mean missing.,high
V_ID_PLACEHOLDER,SR_01_DISREG_ENTITY_ADDR_ZIP,SR_01_DISREG_ENTITY_ADDR_ZIP,accept,"","","","","",Placeholder values (1 filings use a placeholder such as 000000000). No file change; document that 000000000-style values mean missing.,high
V_ID_PLACEHOLDER,SR_01_DISREG_ENTITY_EIN,SR_01_DISREG_ENTITY_EIN,accept,"","","","","",Placeholder values (134 filings use a placeholder such as 000000000). No file change; document that 000000000-style values mean missing.,high
V_ID_PLACEHOLDER,SR_02_RLTD_ORG_ADDR_ZIP,SR_02_RLTD_ORG_ADDR_ZIP,accept,"","","","","",Placeholder values (5 filings use a placeholder such as 000000000). No file change; document that 000000000-style values mean missing.,high
V_ID_PLACEHOLDER,SR_04_RLTD_ORG_CORP_EIN,SR_04_RLTD_ORG_CORP_EIN,accept,"","","","","",Placeholder values (135 filings use a placeholder such as 000000000). No file change; document that 000000000-style values mean missing.,high
