variable_name,v1_table,v1_scope,v1_type,v1_rel,v1_n,v2_table,v2_scope,v2_type,v2_rel,v2_n,v2_destination,xpaths_dropped,v1_sources,new_xpaths,status,scope_changed,type_changed,rel_changed,pooling_changed
F9_00_AFFIL_ADDR_CITY,,,,,,F9-P00-T01-AFFILIATE-LISTING,HD,text,MANY,3,,,"",3,new_in_v2,,,,
F9_00_AFFIL_ADDR_L1,,,,,,F9-P00-T01-AFFILIATE-LISTING,HD,text,MANY,3,,,"",3,new_in_v2,,,,
F9_00_AFFIL_ADDR_L2,,,,,,F9-P00-T01-AFFILIATE-LISTING,HD,text,MANY,3,,,"",3,new_in_v2,,,,
F9_00_AFFIL_ADDR_STATE,,,,,,F9-P00-T01-AFFILIATE-LISTING,HD,text,MANY,3,,,"",3,new_in_v2,,,,
F9_00_AFFIL_ADDR_ZIP,,,,,,F9-P00-T01-AFFILIATE-LISTING,HD,text,MANY,3,,,"",3,new_in_v2,,,,
F9_00_AFFIL_EIN,,,,,,F9-P00-T01-AFFILIATE-LISTING,HD,text,MANY,2,,,"",2,new_in_v2,,,,
F9_00_AFFIL_NAME_CTRL,,,,,,F9-P00-T01-AFFILIATE-LISTING,HD,text,MANY,2,,,"",2,new_in_v2,,,,
F9_00_AFFIL_NAME_L1,,,,,,F9-P00-T01-AFFILIATE-LISTING,HD,text,MANY,3,,,"",3,new_in_v2,,,,
F9_00_AFFIL_NAME_L2,,,,,,F9-P00-T01-AFFILIATE-LISTING,HD,text,MANY,3,,,"",3,new_in_v2,,,,
F9_00_ALL_AFFIL_INCL_X,F9-P00-T00-HEADER,HD,checkbox,ONE,3,F9-P00-T00-HEADER,HD,checkbox,ONE,3,F9_00_ALL_AFFIL_INCL_X,0,F9_00_ALL_AFFIL_INCL_X,0,kept,FALSE,FALSE,FALSE,FALSE
F9_00_BUILD_TIME_STAMP,F9-P00-T00-HEADER,HD,date,ONE,1,F9-P00-T00-HEADER,HD,date,ONE,1,F9_00_BUILD_TIME_STAMP,0,F9_00_BUILD_TIME_STAMP,0,kept,FALSE,FALSE,FALSE,FALSE
F9_00_DISASTER_RELIEF,F9-P00-T00-HEADER,HD,"",ONE,1,F9-P00-T00-HEADER,HD,text,ONE,2,F9_00_DISASTER_RELIEF,0,F9_00_DISASTER_RELIEF,1,kept,FALSE,TRUE,FALSE,TRUE
F9_00_EXEMPT_STAT_4947A1_X,F9-P00-T00-HEADER,HD,checkbox,ONE,5,F9-P00-T00-HEADER,HD,checkbox,ONE,5,F9_00_EXEMPT_STAT_4947A1_X,0,F9_00_EXEMPT_STAT_4947A1_X,0,kept,FALSE,FALSE,FALSE,FALSE
F9_00_EXEMPT_STAT_501C3_X,F9-P00-T00-HEADER,HD,checkbox,ONE,4,F9-P00-T00-HEADER,HD,checkbox,ONE,4,F9_00_EXEMPT_STAT_501C3_X,0,F9_00_EXEMPT_STAT_501C3_X,0,kept,FALSE,FALSE,FALSE,FALSE
F9_00_EXEMPT_STAT_501C_TYPE,,,,,,F9-P00-T00-HEADER,HD,text,ONE,4,,,"",4,new_in_v2,,,,
F9_00_EXEMPT_STAT_501C_X,F9-P00-T00-HEADER,HD,checkbox,ONE,5,F9-P00-T00-HEADER,HD,checkbox,ONE,5,F9_00_EXEMPT_STAT_501C_X,0,F9_00_EXEMPT_STAT_501C_X,0,kept,FALSE,FALSE,FALSE,FALSE
F9_00_EXEMPT_STAT_527_X,F9-P00-T00-HEADER,HD,checkbox,ONE,1,F9-P00-T00-HEADER,HD,checkbox,ONE,1,F9_00_EXEMPT_STAT_527_X,0,F9_00_EXEMPT_STAT_527_X,0,kept,FALSE,FALSE,FALSE,FALSE
F9_00_FORM_8822B_X,F9-P00-T00-HEADER,HD,"",ONE,1,F9-P00-T00-HEADER,HD,checkbox,ONE,1,F9_00_FORM_8822B_X,0,F9_00_FORM_8822B_X,0,kept,FALSE,TRUE,FALSE,FALSE
F9_00_GROUP_EXEMPT_NUM,F9-P00-T00-HEADER,HD,numeric,ONE,5,F9-P00-T00-HEADER,HD,numeric,ONE,5,F9_00_GROUP_EXEMPT_NUM,0,F9_00_GROUP_EXEMPT_NUM,0,kept,FALSE,FALSE,FALSE,FALSE
F9_00_GRO_RCPT,F9-P00-T00-HEADER,HD,numeric,ONE,5,F9-P00-T00-HEADER,HD,numeric,ONE,5,F9_00_GRO_RCPT,0,F9_00_GRO_RCPT,0,kept,FALSE,FALSE,FALSE,FALSE
F9_00_GRO_RCPT_LT50K_X,F9-P00-T00-HEADER,HD,checkbox,ONE,1,F9-P00-T00-HEADER,HD,checkbox,ONE,1,F9_00_GRO_RCPT_LT50K_X,0,F9_00_GRO_RCPT_LT50K_X,0,kept,FALSE,FALSE,FALSE,FALSE
F9_00_IRS_RESP_PARTY_INFO_CURR_X,F9-P00-T00-HEADER,HD,"",ONE,1,F9-P00-T00-HEADER,HD,checkbox,ONE,1,F9_00_IRS_RESP_PARTY_INFO_CURR_X,0,F9_00_IRS_RESP_PARTY_INFO_CURR_X,0,kept,FALSE,TRUE,FALSE,FALSE
F9_00_IRS_SEC_ACTIVE_PREP_TIME,,,,,,F9-P00-T00-HEADER,HD,text,ONE,1,,,"",1,new_in_v2,,,,
F9_00_IRS_SEC_AUTH_REVIEW_CD,,,,,,F9-P00-T00-HEADER,HD,text,ONE,1,,,"",1,new_in_v2,,,,
F9_00_IRS_SEC_AUTH_REVIEW_TXT,,,,,,F9-P00-T00-HEADER,HD,text,ONE,1,,,"",1,new_in_v2,,,,
F9_00_IRS_SEC_DEVICE_ID,F9-P00-T00-HEADER,HD,"",ONE,2,F9-P00-T00-HEADER,HD,text,ONE,1,F9_00_IRS_SEC_DEVICE_ID;F9_00_IRS_SEC_FILING_DEVICE_ID,0,F9_00_IRS_SEC_DEVICE_ID,0,kept,FALSE,TRUE,FALSE,TRUE
F9_00_IRS_SEC_FILING_DEVICE_ID,,,,,,F9-P00-T00-HEADER,HD,text,ONE,1,,,F9_00_IRS_SEC_DEVICE_ID,0,new_in_v2,,,,
F9_00_IRS_SEC_FILING_LIC_TYPE,F9-P00-T00-HEADER,HD,"",ONE,1,F9-P00-T00-HEADER,HD,text,ONE,1,F9_00_IRS_SEC_FILING_LIC_TYPE,0,F9_00_IRS_SEC_FILING_LIC_TYPE,0,kept,FALSE,TRUE,FALSE,FALSE
F9_00_IRS_SEC_IP_ADDR,F9-P00-T00-HEADER,HD,"",ONE,1,F9-P00-T00-HEADER,HD,text,ONE,2,F9_00_IRS_SEC_IP_ADDR,0,F9_00_IRS_SEC_IP_ADDR,1,kept,FALSE,TRUE,FALSE,TRUE
F9_00_IRS_SEC_IP_DATE,F9-P00-T00-HEADER,HD,"",ONE,1,F9-P00-T00-HEADER,HD,date,ONE,1,F9_00_IRS_SEC_IP_DATE,0,F9_00_IRS_SEC_IP_DATE,0,kept,FALSE,TRUE,FALSE,FALSE
F9_00_IRS_SEC_IP_TIME,F9-P00-T00-HEADER,HD,"",ONE,1,F9-P00-T00-HEADER,HD,text,ONE,1,F9_00_IRS_SEC_IP_TIME,0,F9_00_IRS_SEC_IP_TIME,0,kept,FALSE,TRUE,FALSE,FALSE
F9_00_IRS_SEC_IP_TIME_ZONE,F9-P00-T00-HEADER,HD,"",ONE,1,F9-P00-T00-HEADER,HD,text,ONE,1,F9_00_IRS_SEC_IP_TIME_ZONE,0,F9_00_IRS_SEC_IP_TIME_ZONE,0,kept,FALSE,TRUE,FALSE,FALSE
F9_00_IRS_SEC_PREP_SUBMIT_TIME,,,,,,F9-P00-T00-HEADER,HD,text,ONE,1,,,"",1,new_in_v2,,,,
F9_00_IRS_SEC_SUBMISSION_DATE,,,,,,F9-P00-T00-HEADER,HD,date,ONE,1,,,F9_00_IRS_SEC_SUBMISSION_ID,0,new_in_v2,,,,
F9_00_IRS_SEC_SUBMISSION_ID,F9-P00-T00-HEADER,HD,"",ONE,2,F9-P00-T00-HEADER,HD,text,ONE,1,F9_00_IRS_SEC_SUBMISSION_DATE;F9_00_IRS_SEC_SUBMISSION_ID,0,F9_00_IRS_SEC_SUBMISSION_ID,0,kept,FALSE,TRUE,FALSE,TRUE
F9_00_IRS_SEC_VENDOR_CTRL_NUM,,,,,,F9-P00-T00-HEADER,HD,text,ONE,1,,,"",1,new_in_v2,,,,
F9_00_IRS_TRUST_AUTENTICATED_X,F9-P00-T00-HEADER,HD,"",ONE,1,F9-P00-T00-HEADER,HD,text,ONE,1,F9_00_IRS_TRUST_AUTENTICATED_X,0,F9_00_IRS_TRUST_AUTENTICATED_X,0,kept,FALSE,TRUE,FALSE,FALSE
F9_00_IRS_TRUST_CELL_CHANGE_X,,,,,,F9-P00-T00-HEADER,HD,checkbox,ONE,1,,,"",1,new_in_v2,,,,
F9_00_IRS_TRUST_CUSTOMER_X,F9-P00-T00-HEADER,HD,"",ONE,1,F9-P00-T00-HEADER,HD,text,ONE,1,F9_00_IRS_TRUST_CUSTOMER_X,0,F9_00_IRS_TRUST_CUSTOMER_X,0,kept,FALSE,TRUE,FALSE,FALSE
F9_00_IRS_TRUST_FED_ASSURANCE_X,F9-P00-T00-HEADER,HD,"",ONE,1,F9-P00-T00-HEADER,HD,text,ONE,1,F9_00_IRS_TRUST_FED_ASSURANCE_X,0,F9_00_IRS_TRUST_FED_ASSURANCE_X,0,kept,FALSE,TRUE,FALSE,FALSE
F9_00_IRS_TRUST_IDENTITY_X,F9-P00-T00-HEADER,HD,"",ONE,1,F9-P00-T00-HEADER,HD,text,ONE,1,F9_00_IRS_TRUST_IDENTITY_X,0,F9_00_IRS_TRUST_IDENTITY_X,0,kept,FALSE,TRUE,FALSE,FALSE
F9_00_IRS_TRUST_OOB_VERIFIED_X,F9-P00-T00-HEADER,HD,"",ONE,1,F9-P00-T00-HEADER,HD,text,ONE,1,F9_00_IRS_TRUST_OOB_VERIFIED_X,0,F9_00_IRS_TRUST_OOB_VERIFIED_X,0,kept,FALSE,TRUE,FALSE,FALSE
F9_00_IRS_TRUST_PAY_DECLINED_CD,,,,,,F9-P00-T00-HEADER,HD,text,ONE,1,,,"",1,new_in_v2,,,,
F9_00_IRS_TRUST_PROFILE_CHANGE_X,F9-P00-T00-HEADER,HD,"",ONE,1,F9-P00-T00-HEADER,HD,checkbox,ONE,1,F9_00_IRS_TRUST_PROFILE_CHANGE_X,0,F9_00_IRS_TRUST_PROFILE_CHANGE_X,0,kept,FALSE,TRUE,FALSE,FALSE
F9_00_IRS_TRUST_PW_CHANGE_X,F9-P00-T00-HEADER,HD,"",ONE,1,F9-P00-T00-HEADER,HD,checkbox,ONE,1,F9_00_IRS_TRUST_PW_CHANGE_X,0,F9_00_IRS_TRUST_PW_CHANGE_X,0,kept,FALSE,TRUE,FALSE,FALSE
F9_00_IRS_TRUST_RQR_OOB_X,F9-P00-T00-HEADER,HD,"",ONE,1,F9-P00-T00-HEADER,HD,text,ONE,1,F9_00_IRS_TRUST_RQR_OOB_X,0,F9_00_IRS_TRUST_RQR_OOB_X,0,kept,FALSE,TRUE,FALSE,FALSE
F9_00_IRS_TRUST_USRNAME_CHANGE_X,F9-P00-T00-HEADER,HD,"",ONE,1,F9-P00-T00-HEADER,HD,checkbox,ONE,1,F9_00_IRS_TRUST_USRNAME_CHANGE_X,0,F9_00_IRS_TRUST_USRNAME_CHANGE_X,0,kept,FALSE,TRUE,FALSE,FALSE
F9_00_LEGAL_DMCL_CNTR,F9-P00-T00-HEADER,HD,text,ONE,3,F9-P00-T00-HEADER,HD,text,ONE,3,F9_00_LEGAL_DMCL_CNTR,0,F9_00_LEGAL_DMCL_CNTR,0,kept,FALSE,FALSE,FALSE,FALSE
F9_00_LEGAL_DMCL_STATE,F9-P00-T00-HEADER,HD,text,ONE,3,F9-P00-T00-HEADER,HD,text,ONE,3,F9_00_LEGAL_DMCL_STATE,0,F9_00_LEGAL_DMCL_STATE,0,kept,FALSE,FALSE,FALSE,FALSE
F9_00_NAME_ORG_CTRL,F9-P00-T00-HEADER,HD,text,ONE,2,F9-P00-T00-HEADER,HD,text,ONE,2,F9_00_NAME_ORG_CTRL,0,F9_00_NAME_ORG_CTRL,0,kept,FALSE,FALSE,FALSE,FALSE
F9_00_ORG_ADDR_CITY,F9-P00-T00-HEADER,HD,text,ONE,6,F9-P00-T00-HEADER,HD,text,ONE,6,F9_00_ORG_ADDR_CITY,0,F9_00_ORG_ADDR_CITY,0,kept,FALSE,FALSE,FALSE,FALSE
F9_00_ORG_ADDR_CNTR,F9-P00-T00-HEADER,HD,text,ONE,2,F9-P00-T00-HEADER,HD,text,ONE,2,F9_00_ORG_ADDR_CNTR,0,F9_00_ORG_ADDR_CNTR,0,kept,FALSE,FALSE,FALSE,FALSE
F9_00_ORG_ADDR_IN_CARE_OF,F9-P00-T00-HEADER,HD,text,ONE,2,F9-P00-T00-HEADER,HD,text,ONE,2,F9_00_ORG_ADDR_IN_CARE_OF,0,F9_00_ORG_ADDR_IN_CARE_OF,0,kept,FALSE,FALSE,FALSE,FALSE
F9_00_ORG_ADDR_L1,F9-P00-T00-HEADER,HD,text,ONE,6,F9-P00-T00-HEADER,HD,text,ONE,6,F9_00_ORG_ADDR_L1,0,F9_00_ORG_ADDR_L1,0,kept,FALSE,FALSE,FALSE,FALSE
F9_00_ORG_ADDR_L2,F9-P00-T00-HEADER,HD,text,ONE,4,F9-P00-T00-HEADER,HD,text,ONE,4,F9_00_ORG_ADDR_L2,0,F9_00_ORG_ADDR_L2,0,kept,FALSE,FALSE,FALSE,FALSE
F9_00_ORG_ADDR_STATE,F9-P00-T00-HEADER,HD,text,ONE,6,F9-P00-T00-HEADER,HD,text,ONE,6,F9_00_ORG_ADDR_STATE,0,F9_00_ORG_ADDR_STATE,0,kept,FALSE,FALSE,FALSE,FALSE
F9_00_ORG_ADDR_ZIP,F9-P00-T00-HEADER,HD,text,ONE,6,F9-P00-T00-HEADER,HD,text,ONE,6,F9_00_ORG_ADDR_ZIP,0,F9_00_ORG_ADDR_ZIP,0,kept,FALSE,FALSE,FALSE,FALSE
F9_00_ORG_EIN,F9-P00-T00-HEADER,HD,numeric,ONE,1,F9-P00-T00-HEADER,HD,text,ONE,1,F9_00_ORG_EIN,0,F9_00_ORG_EIN,0,kept,FALSE,TRUE,FALSE,FALSE
F9_00_ORG_NAME_CHANGE_X,F9-P00-T00-HEADER,HD,checkbox,ONE,2,F9-P00-T00-HEADER,HD,checkbox,ONE,2,F9_00_ORG_NAME_CHANGE_X,0,F9_00_ORG_NAME_CHANGE_X,0,kept,FALSE,FALSE,FALSE,FALSE
F9_00_ORG_NAME_DBA_L1,F9-P00-T00-HEADER,HD,text,ONE,3,F9-P00-T00-HEADER,HD,text,ONE,3,F9_00_ORG_NAME_DBA_L1,0,F9_00_ORG_NAME_DBA_L1,0,kept,FALSE,FALSE,FALSE,FALSE
F9_00_ORG_NAME_DBA_L2,F9-P00-T00-HEADER,HD,text,ONE,3,F9-P00-T00-HEADER,HD,text,ONE,3,F9_00_ORG_NAME_DBA_L2,0,F9_00_ORG_NAME_DBA_L2,0,kept,FALSE,FALSE,FALSE,FALSE
F9_00_ORG_NAME_L1,F9-P00-T00-HEADER,HD,text,ONE,3,F9-P00-T00-HEADER,HD,text,ONE,3,F9_00_ORG_NAME_L1,0,F9_00_ORG_NAME_L1,0,kept,FALSE,FALSE,FALSE,FALSE
F9_00_ORG_NAME_L2,F9-P00-T00-HEADER,HD,text,ONE,3,F9-P00-T00-HEADER,HD,text,ONE,3,F9_00_ORG_NAME_L2,0,F9_00_ORG_NAME_L2,0,kept,FALSE,FALSE,FALSE,FALSE
F9_00_ORG_PHONE,F9-P00-T00-HEADER,HD,numeric,ONE,3,F9-P00-T00-HEADER,HD,text,ONE,3,F9_00_ORG_PHONE,0,F9_00_ORG_PHONE,0,kept,FALSE,TRUE,FALSE,FALSE
F9_00_ORG_WEBSITE,F9-P00-T00-HEADER,HD,text,ONE,5,F9-P00-T00-HEADER,HD,text,ONE,5,F9_00_ORG_WEBSITE,0,F9_00_ORG_WEBSITE,0,kept,FALSE,FALSE,FALSE,FALSE
F9_00_PRIN_OFF_ADDR_CITY,F9-P00-T00-HEADER,HD,text,ONE,8,F9-P00-T00-HEADER,HD,text,ONE,8,F9_00_PRIN_OFF_ADDR_CITY,0,F9_00_PRIN_OFF_ADDR_CITY,0,kept,FALSE,FALSE,FALSE,FALSE
F9_00_PRIN_OFF_ADDR_CNTR,F9-P00-T00-HEADER,HD,text,ONE,4,F9-P00-T00-HEADER,HD,text,ONE,4,F9_00_PRIN_OFF_ADDR_CNTR,0,F9_00_PRIN_OFF_ADDR_CNTR,0,kept,FALSE,FALSE,FALSE,FALSE
F9_00_PRIN_OFF_ADDR_L1,F9-P00-T00-HEADER,HD,text,ONE,8,F9-P00-T00-HEADER,HD,text,ONE,8,F9_00_PRIN_OFF_ADDR_L1,0,F9_00_PRIN_OFF_ADDR_L1,0,kept,FALSE,FALSE,FALSE,FALSE
F9_00_PRIN_OFF_ADDR_L2,F9-P00-T00-HEADER,HD,text,ONE,8,F9-P00-T00-HEADER,HD,text,ONE,8,F9_00_PRIN_OFF_ADDR_L2,0,F9_00_PRIN_OFF_ADDR_L2,0,kept,FALSE,FALSE,FALSE,FALSE
F9_00_PRIN_OFF_ADDR_STATE,F9-P00-T00-HEADER,HD,text,ONE,8,F9-P00-T00-HEADER,HD,text,ONE,8,F9_00_PRIN_OFF_ADDR_STATE,0,F9_00_PRIN_OFF_ADDR_STATE,0,kept,FALSE,FALSE,FALSE,FALSE
F9_00_PRIN_OFF_ADDR_ZIP,F9-P00-T00-HEADER,HD,text,ONE,8,F9-P00-T00-HEADER,HD,text,ONE,8,F9_00_PRIN_OFF_ADDR_ZIP,0,F9_00_PRIN_OFF_ADDR_ZIP,0,kept,FALSE,FALSE,FALSE,FALSE
F9_00_PRIN_OFF_NAME_ORG_L1,F9-P00-T00-HEADER,HD,text,ONE,6,F9-P00-T00-HEADER,HD,text,ONE,6,F9_00_PRIN_OFF_NAME_ORG_L1,0,F9_00_PRIN_OFF_NAME_ORG_L1,0,kept,FALSE,FALSE,FALSE,FALSE
F9_00_PRIN_OFF_NAME_ORG_L2,F9-P00-T00-HEADER,HD,text,ONE,4,F9-P00-T00-HEADER,HD,text,ONE,4,F9_00_PRIN_OFF_NAME_ORG_L2,0,F9_00_PRIN_OFF_NAME_ORG_L2,0,kept,FALSE,FALSE,FALSE,FALSE
F9_00_PRIN_OFF_NAME_PERS,F9-P00-T00-HEADER,HD,text,ONE,3,F9-P00-T00-HEADER,HD,text,ONE,3,F9_00_PRIN_OFF_NAME_PERS,0,F9_00_PRIN_OFF_NAME_PERS,0,kept,FALSE,FALSE,FALSE,FALSE
F9_00_REASONABLE_CAUSE_TXT,F9-P00-T00-HEADER,HD,text,ONE,2,F9-P00-T00-HEADER,HD,text,ONE,2,F9_00_REASONABLE_CAUSE_TXT,0,F9_00_REASONABLE_CAUSE_TXT,0,kept,FALSE,FALSE,FALSE,FALSE
F9_00_RETURN_ADDR_CHANGE_X,F9-P00-T00-HEADER,HD,checkbox,ONE,5,F9-P00-T00-HEADER,HD,checkbox,ONE,5,F9_00_RETURN_ADDR_CHANGE_X,0,F9_00_RETURN_ADDR_CHANGE_X,0,kept,FALSE,FALSE,FALSE,FALSE
F9_00_RETURN_AMENDED_X,F9-P00-T00-HEADER,HD,checkbox,ONE,5,F9-P00-T00-HEADER,HD,checkbox,ONE,5,F9_00_RETURN_AMENDED_X,0,F9_00_RETURN_AMENDED_X,0,kept,FALSE,FALSE,FALSE,FALSE
F9_00_RETURN_APP_PENDING_X,F9-P00-T00-HEADER,HD;PZ,checkbox,ONE,2,F9-P00-T00-HEADER,HD;PZ,checkbox,ONE,2,F9_00_RETURN_APP_PENDING_X,0,F9_00_RETURN_APP_PENDING_X,0,kept,FALSE,FALSE,FALSE,FALSE
F9_00_RETURN_FINAL_X,F9-P00-T00-HEADER,HD,checkbox,ONE,9,F9-P00-T00-HEADER,HD,checkbox,ONE,9,F9_00_RETURN_FINAL_X,0,F9_00_RETURN_FINAL_X,0,kept,FALSE,FALSE,FALSE,FALSE
F9_00_RETURN_GROUP_X,F9-P00-T00-HEADER,HD,checkbox,ONE,4,F9-P00-T00-HEADER,HD,checkbox,ONE,4,F9_00_RETURN_GROUP_X,0,F9_00_RETURN_GROUP_X,0,kept,FALSE,FALSE,FALSE,FALSE
F9_00_RETURN_INITIAL_X,F9-P00-T00-HEADER,HD,checkbox,ONE,5,F9-P00-T00-HEADER,HD,checkbox,ONE,5,F9_00_RETURN_INITIAL_X,0,F9_00_RETURN_INITIAL_X,0,kept,FALSE,FALSE,FALSE,FALSE
F9_00_RETURN_TIME_STAMP,F9-P00-T00-HEADER,HD,date,ONE,2,F9-P00-T00-HEADER,HD,date,ONE,2,F9_00_RETURN_TIME_STAMP,0,F9_00_RETURN_TIME_STAMP,0,kept,FALSE,FALSE,FALSE,FALSE
F9_00_RETURN_TYPE,F9-P00-T00-HEADER,HD,text,ONE,2,F9-P00-T00-HEADER,HD,text,ONE,2,F9_00_RETURN_TYPE,0,F9_00_RETURN_TYPE,0,kept,FALSE,FALSE,FALSE,FALSE
F9_00_SPECIAL_COND_DESC,F9-P00-T00-HEADER,HD,text,ONE,4,F9-P00-T00-HEADER,HD,text,ONE,4,F9_00_SPECIAL_COND_DESC,0,F9_00_SPECIAL_COND_DESC,0,kept,FALSE,FALSE,FALSE,FALSE
F9_00_TAX_PERIOD_BEGIN_DATE,F9-P00-T00-HEADER,HD,date,ONE,2,F9-P00-T00-HEADER,HD,date,ONE,2,F9_00_TAX_PERIOD_BEGIN_DATE,0,F9_00_TAX_PERIOD_BEGIN_DATE,0,kept,FALSE,FALSE,FALSE,FALSE
F9_00_TAX_PERIOD_END_DATE,F9-P00-T00-HEADER,HD,date,ONE,2,F9-P00-T00-HEADER,HD,date,ONE,2,F9_00_TAX_PERIOD_END_DATE,0,F9_00_TAX_PERIOD_END_DATE,0,kept,FALSE,FALSE,FALSE,FALSE
F9_00_TAX_YEAR,F9-P00-T00-HEADER,HD,date,ONE,2,F9-P00-T00-HEADER,HD,date,ONE,2,F9_00_TAX_YEAR,0,F9_00_TAX_YEAR,0,kept,FALSE,FALSE,FALSE,FALSE
F9_00_TYPE_ORG_ASSOC_X,F9-P00-T00-HEADER,HD,checkbox,ONE,4,F9-P00-T00-HEADER,HD,checkbox,ONE,4,F9_00_TYPE_ORG_ASSOC_X,0,F9_00_TYPE_ORG_ASSOC_X,0,kept,FALSE,FALSE,FALSE,FALSE
F9_00_TYPE_ORG_CORP_X,F9-P00-T00-HEADER,HD,checkbox,ONE,5,F9-P00-T00-HEADER,HD,checkbox,ONE,5,F9_00_TYPE_ORG_CORP_X,0,F9_00_TYPE_ORG_CORP_X,0,kept,FALSE,FALSE,FALSE,FALSE
F9_00_TYPE_ORG_OTH_DESC,F9-P00-T00-HEADER,HD,checkbox;text,ONE,5,F9-P00-T00-HEADER,HD,text,ONE,4,F9_00_TYPE_ORG_OTH_DESC;F9_00_TYPE_ORG_OTH_X,0,F9_00_TYPE_ORG_OTH_DESC,0,kept,FALSE,TRUE,FALSE,TRUE
F9_00_TYPE_ORG_OTH_X,F9-P00-T00-HEADER,HD,checkbox,ONE,4,F9-P00-T00-HEADER,HD,checkbox,ONE,5,F9_00_TYPE_ORG_OTH_X,0,F9_00_TYPE_ORG_OTH_DESC;F9_00_TYPE_ORG_OTH_X,0,kept,FALSE,FALSE,FALSE,TRUE
F9_00_TYPE_ORG_TRUST_X,F9-P00-T00-HEADER,HD,checkbox,ONE,4,F9-P00-T00-HEADER,HD,checkbox,ONE,4,F9_00_TYPE_ORG_TRUST_X,0,F9_00_TYPE_ORG_TRUST_X,0,kept,FALSE,FALSE,FALSE,FALSE
F9_00_YEAR_FORMATION,F9-P00-T00-HEADER,HD,date,ONE,3,F9-P00-T00-HEADER,HD,date,ONE,3,F9_00_YEAR_FORMATION,0,F9_00_YEAR_FORMATION,0,kept,FALSE,FALSE,FALSE,FALSE
F9_01_ACT_GVRN_ACT_MISSION,F9-P01-T00-SUMMARY,PC,text,ONE,3,F9-P01-T00-SUMMARY,PC,text,ONE,3,F9_01_ACT_GVRN_ACT_MISSION,0,F9_01_ACT_GVRN_ACT_MISSION,0,kept,FALSE,FALSE,FALSE,FALSE
F9_01_ACT_GVRN_EMPL_TOT,F9-P01-T00-SUMMARY,PC,numeric,ONE,3,F9-P01-T00-SUMMARY,PC,numeric,ONE,3,F9_01_ACT_GVRN_EMPL_TOT,0,F9_01_ACT_GVRN_EMPL_TOT,0,kept,FALSE,FALSE,FALSE,FALSE
F9_01_ACT_GVRN_NUM_VOTE_MEMB,F9-P01-T00-SUMMARY,PC,numeric,ONE,3,F9-P01-T00-SUMMARY,PC,numeric,ONE,3,F9_01_ACT_GVRN_NUM_VOTE_MEMB,0,F9_01_ACT_GVRN_NUM_VOTE_MEMB,0,kept,FALSE,FALSE,FALSE,FALSE
F9_01_ACT_GVRN_NUM_VOTE_MEMB_IND,F9-P01-T00-SUMMARY,PC,numeric,ONE,3,F9-P01-T00-SUMMARY,PC,numeric,ONE,3,F9_01_ACT_GVRN_NUM_VOTE_MEMB_IND,0,F9_01_ACT_GVRN_NUM_VOTE_MEMB_IND,0,kept,FALSE,FALSE,FALSE,FALSE
F9_01_ACT_GVRN_TERMIN_KONTR_X,F9-P01-T00-SUMMARY,PC,checkbox,ONE,3,F9-P01-T00-SUMMARY,PC,checkbox,ONE,3,F9_01_ACT_GVRN_TERMIN_KONTR_X,0,F9_01_ACT_GVRN_TERMIN_KONTR_X,0,kept,FALSE,FALSE,FALSE,FALSE
F9_01_ACT_GVRN_UBIZ_REV_TOT,F9-P01-T00-SUMMARY,PC,numeric,ONE,3,F9-P01-T00-SUMMARY,PC,numeric,ONE,3,F9_01_ACT_GVRN_UBIZ_REV_TOT,0,F9_01_ACT_GVRN_UBIZ_REV_TOT,0,kept,FALSE,FALSE,FALSE,FALSE
F9_01_ACT_GVRN_UBIZ_TAXABLE_NET,F9-P01-T00-SUMMARY,PC,numeric,ONE,3,F9-P01-T00-SUMMARY,PC,numeric,ONE,3,F9_01_ACT_GVRN_UBIZ_TAXABLE_NET,0,F9_01_ACT_GVRN_UBIZ_TAXABLE_NET,0,kept,FALSE,FALSE,FALSE,FALSE
F9_01_ACT_GVRN_VOL_TOT,F9-P01-T00-SUMMARY,PC,numeric,ONE,3,F9-P01-T00-SUMMARY,PC,numeric,ONE,3,F9_01_ACT_GVRN_VOL_TOT,0,F9_01_ACT_GVRN_VOL_TOT,0,kept,FALSE,FALSE,FALSE,FALSE
F9_01_EXP_BEN_PAID_MEMB_CY,F9-P01-T00-SUMMARY,PZ,numeric,ONE,5,F9-P01-T00-SUMMARY,PZ,numeric,ONE,5,F9_01_EXP_BEN_PAID_MEMB_CY,0,F9_01_EXP_BEN_PAID_MEMB_CY,0,kept,FALSE,FALSE,FALSE,FALSE
F9_01_EXP_BEN_PAID_MEMB_PY,F9-P01-T00-SUMMARY,PC,numeric,ONE,3,F9-P01-T00-SUMMARY,PC,numeric,ONE,3,F9_01_EXP_BEN_PAID_MEMB_PY,0,F9_01_EXP_BEN_PAID_MEMB_PY,0,kept,FALSE,FALSE,FALSE,FALSE
F9_01_EXP_FEE_OTH_PAY_KONTR,F9-P01-T00-SUMMARY-EZ,EZ,numeric,ONE,3,F9-P01-T00-SUMMARY-EZ,EZ,numeric,ONE,3,F9_01_EXP_FEE_OTH_PAY_KONTR,0,F9_01_EXP_FEE_OTH_PAY_KONTR,0,kept,FALSE,FALSE,FALSE,FALSE
F9_01_EXP_FUNDR_TOT_CY,F9-P01-T00-SUMMARY,PC,numeric,ONE,3,F9-P01-T00-SUMMARY,PC,numeric,ONE,3,F9_01_EXP_FUNDR_TOT_CY,0,F9_01_EXP_FUNDR_TOT_CY,0,kept,FALSE,FALSE,FALSE,FALSE
F9_01_EXP_GRANT_SIMILAR_CY,F9-P01-T00-SUMMARY,PZ,numeric,ONE,6,F9-P01-T00-SUMMARY,PZ,numeric,ONE,6,F9_01_EXP_GRANT_SIMILAR_CY,0,F9_01_EXP_GRANT_SIMILAR_CY,0,kept,FALSE,FALSE,FALSE,FALSE
F9_01_EXP_GRANT_SIMILAR_PY,F9-P01-T00-SUMMARY,PC,numeric,ONE,3,F9-P01-T00-SUMMARY,PC,numeric,ONE,3,F9_01_EXP_GRANT_SIMILAR_PY,0,F9_01_EXP_GRANT_SIMILAR_PY,0,kept,FALSE,FALSE,FALSE,FALSE
F9_01_EXP_OTH_CY,F9-P01-T00-SUMMARY,PZ,numeric,ONE,3,F9-P01-T00-SUMMARY,PZ,numeric,ONE,3,F9_01_EXP_OTH_CY,0,F9_01_EXP_OTH_CY,0,kept,FALSE,FALSE,FALSE,FALSE
F9_01_EXP_OTH_CY_V2,F9-P01-T00-SUMMARY,PZ,numeric,ONE,4,F9-P01-T00-SUMMARY,PZ,numeric,ONE,4,F9_01_EXP_OTH_CY_V2,0,F9_01_EXP_OTH_CY_V2,0,kept,FALSE,FALSE,FALSE,FALSE
F9_01_EXP_OTH_PY,F9-P01-T00-SUMMARY,PC,numeric,ONE,3,F9-P01-T00-SUMMARY,PC,numeric,ONE,3,F9_01_EXP_OTH_PY,0,F9_01_EXP_OTH_PY,0,kept,FALSE,FALSE,FALSE,FALSE
F9_01_EXP_PROF_FUNDR_TOT_CY,F9-P01-T00-SUMMARY,PC,numeric,ONE,3,F9-P01-T00-SUMMARY,PC,numeric,ONE,3,F9_01_EXP_PROF_FUNDR_TOT_CY,0,F9_01_EXP_PROF_FUNDR_TOT_CY,0,kept,FALSE,FALSE,FALSE,FALSE
F9_01_EXP_PROF_FUNDR_TOT_PY,F9-P01-T00-SUMMARY,PC,numeric,ONE,3,F9-P01-T00-SUMMARY,PC,numeric,ONE,3,F9_01_EXP_PROF_FUNDR_TOT_PY,0,F9_01_EXP_PROF_FUNDR_TOT_PY,0,kept,FALSE,FALSE,FALSE,FALSE
F9_01_EXP_REV_LESS_EXP_CY,F9-P01-T00-SUMMARY,PZ,numeric,ONE,5,F9-P01-T00-SUMMARY,PZ,numeric,ONE,5,F9_01_EXP_REV_LESS_EXP_CY,0,F9_01_EXP_REV_LESS_EXP_CY,0,kept,FALSE,FALSE,FALSE,FALSE
F9_01_EXP_REV_LESS_EXP_PY,F9-P01-T00-SUMMARY,PC,numeric,ONE,3,F9-P01-T00-SUMMARY,PC,numeric,ONE,3,F9_01_EXP_REV_LESS_EXP_PY,0,F9_01_EXP_REV_LESS_EXP_PY,0,kept,FALSE,FALSE,FALSE,FALSE
F9_01_EXP_SAL_ETC_CY,F9-P01-T00-SUMMARY,PZ,numeric,ONE,6,F9-P01-T00-SUMMARY,PZ,numeric,ONE,6,F9_01_EXP_SAL_ETC_CY,0,F9_01_EXP_SAL_ETC_CY,0,kept,FALSE,FALSE,FALSE,FALSE
F9_01_EXP_SAL_ETC_PY,F9-P01-T00-SUMMARY,PC,numeric,ONE,3,F9-P01-T00-SUMMARY,PC,numeric,ONE,3,F9_01_EXP_SAL_ETC_PY,0,F9_01_EXP_SAL_ETC_PY,0,kept,FALSE,FALSE,FALSE,FALSE
F9_01_EXP_TOT_CY,F9-P01-T00-SUMMARY,PZ,numeric,ONE,6,F9-P01-T00-SUMMARY,PZ,numeric,ONE,6,F9_01_EXP_TOT_CY,0,F9_01_EXP_TOT_CY,0,kept,FALSE,FALSE,FALSE,FALSE
F9_01_EXP_TOT_PY,F9-P01-T00-SUMMARY,PC,numeric,ONE,3,F9-P01-T00-SUMMARY,PC,numeric,ONE,3,F9_01_EXP_TOT_PY,0,F9_01_EXP_TOT_PY,0,kept,FALSE,FALSE,FALSE,FALSE
F9_01_INFO_SCHED_O_X,F9-P01-T00-SUMMARY-EZ,EZ,checkbox,ONE,2,F9-P01-T00-SUMMARY-EZ,EZ,checkbox,ONE,2,F9_01_INFO_SCHED_O_X,0,F9_01_INFO_SCHED_O_X,0,kept,FALSE,FALSE,FALSE,FALSE
F9_01_NAFB_ASSET_TOT_BOY,F9-P01-T00-SUMMARY,PZ,numeric,ONE,5,F9-P01-T00-SUMMARY,PZ,numeric,ONE,5,F9_01_NAFB_ASSET_TOT_BOY,0,F9_01_NAFB_ASSET_TOT_BOY,0,kept,FALSE,FALSE,FALSE,FALSE
F9_01_NAFB_ASSET_TOT_EOY,F9-P01-T00-SUMMARY,PZ,numeric,ONE,3,F9-P01-T00-SUMMARY,PZ,numeric,ONE,3,F9_01_NAFB_ASSET_TOT_EOY,0,F9_01_NAFB_ASSET_TOT_EOY,0,kept,FALSE,FALSE,FALSE,FALSE
F9_01_NAFB_LIAB_TOT_BOY,F9-P01-T00-SUMMARY,PZ,numeric,ONE,5,F9-P01-T00-SUMMARY,PZ,numeric,ONE,5,F9_01_NAFB_LIAB_TOT_BOY,0,F9_01_NAFB_LIAB_TOT_BOY,0,kept,FALSE,FALSE,FALSE,FALSE
F9_01_NAFB_LIAB_TOT_EOY,F9-P01-T00-SUMMARY,PZ,numeric,ONE,3,F9-P01-T00-SUMMARY,PZ,numeric,ONE,3,F9_01_NAFB_LIAB_TOT_EOY,0,F9_01_NAFB_LIAB_TOT_EOY,0,kept,FALSE,FALSE,FALSE,FALSE
F9_01_NAFB_TOT_BOY,F9-P01-T00-SUMMARY,PZ,numeric,ONE,5,F9-P01-T00-SUMMARY,PZ,numeric,ONE,5,F9_01_NAFB_TOT_BOY,0,F9_01_NAFB_TOT_BOY,0,kept,FALSE,FALSE,FALSE,FALSE
F9_01_NAFB_TOT_EOY,F9-P01-T00-SUMMARY,PZ,numeric,ONE,5,F9-P01-T00-SUMMARY,PZ,numeric,ONE,5,F9_01_NAFB_TOT_EOY,0,F9_01_NAFB_TOT_EOY,0,kept,FALSE,FALSE,FALSE,FALSE
F9_01_REV_CONTR_TOT_CY,F9-P01-T00-SUMMARY,PZ,numeric,ONE,3,F9-P01-T00-SUMMARY,PZ,numeric,ONE,3,F9_01_REV_CONTR_TOT_CY,0,F9_01_REV_CONTR_TOT_CY,0,kept,FALSE,FALSE,FALSE,FALSE
F9_01_REV_CONTR_TOT_CY_V2,F9-P01-T00-SUMMARY,PZ,numeric,ONE,2,F9-P01-T00-SUMMARY,PZ,numeric,ONE,2,F9_01_REV_CONTR_TOT_CY_V2,0,F9_01_REV_CONTR_TOT_CY_V2,0,kept,FALSE,FALSE,FALSE,FALSE
F9_01_REV_CONTR_TOT_PY,F9-P01-T00-SUMMARY,PC,numeric,ONE,3,F9-P01-T00-SUMMARY,PC,numeric,ONE,3,F9_01_REV_CONTR_TOT_PY,0,F9_01_REV_CONTR_TOT_PY,0,kept,FALSE,FALSE,FALSE,FALSE
F9_01_REV_INVEST_TOT_CY,F9-P01-T00-SUMMARY,PZ,numeric,ONE,4,F9-P01-T00-SUMMARY,PZ,numeric,ONE,4,F9_01_REV_INVEST_TOT_CY,0,F9_01_REV_INVEST_TOT_CY,0,kept,FALSE,FALSE,FALSE,FALSE
F9_01_REV_INVEST_TOT_PY,F9-P01-T00-SUMMARY,PC,numeric,ONE,3,F9-P01-T00-SUMMARY,PC,numeric,ONE,3,F9_01_REV_INVEST_TOT_PY,0,F9_01_REV_INVEST_TOT_PY,0,kept,FALSE,FALSE,FALSE,FALSE
F9_01_REV_OTH_CY,F9-P01-T00-SUMMARY,PZ,numeric,ONE,3,F9-P01-T00-SUMMARY,PZ,numeric,ONE,3,F9_01_REV_OTH_CY,0,F9_01_REV_OTH_CY,0,kept,FALSE,FALSE,FALSE,FALSE
F9_01_REV_OTH_PY,F9-P01-T00-SUMMARY,PC,numeric,ONE,3,F9-P01-T00-SUMMARY,PC,numeric,ONE,3,F9_01_REV_OTH_PY,0,F9_01_REV_OTH_PY,0,kept,FALSE,FALSE,FALSE,FALSE
F9_01_REV_PROG_TOT_CY,F9-P01-T00-SUMMARY,PZ,numeric,ONE,6,F9-P01-T00-SUMMARY,PZ,numeric,ONE,6,F9_01_REV_PROG_TOT_CY,0,F9_01_REV_PROG_TOT_CY,0,kept,FALSE,FALSE,FALSE,FALSE
F9_01_REV_PROG_TOT_PY,F9-P01-T00-SUMMARY,PC,numeric,ONE,3,F9-P01-T00-SUMMARY,PC,numeric,ONE,3,F9_01_REV_PROG_TOT_PY,0,F9_01_REV_PROG_TOT_PY,0,kept,FALSE,FALSE,FALSE,FALSE
F9_01_REV_TOT_CY,F9-P01-T00-SUMMARY,PZ,numeric,ONE,6,F9-P01-T00-SUMMARY,PZ,numeric,ONE,6,F9_01_REV_TOT_CY,0,F9_01_REV_TOT_CY,0,kept,FALSE,FALSE,FALSE,FALSE
F9_01_REV_TOT_PY,F9-P01-T00-SUMMARY,PC,numeric,ONE,3,F9-P01-T00-SUMMARY,PC,numeric,ONE,3,F9_01_REV_TOT_PY,0,F9_01_REV_TOT_PY,0,kept,FALSE,FALSE,FALSE,FALSE
F9_02_DISC_PREP_THIRD_PARTY_X,F9-P02-T00-SIGNATURE,SG,checkbox,ONE,2,F9-P02-T00-SIGNATURE,SG,checkbox,ONE,2,F9_02_DISC_PREP_THIRD_PARTY_X,0,F9_02_DISC_PREP_THIRD_PARTY_X,0,kept,FALSE,FALSE,FALSE,FALSE
F9_02_PREP_FIRM_ADDR_CITY,F9-P02-T00-SIGNATURE,SG,text,ONE,6,F9-P02-T00-SIGNATURE,SG,text,ONE,6,F9_02_PREP_FIRM_ADDR_CITY,0,F9_02_PREP_FIRM_ADDR_CITY,0,kept,FALSE,FALSE,FALSE,FALSE
F9_02_PREP_FIRM_ADDR_CNTR,F9-P02-T00-SIGNATURE,SG,text,ONE,3,F9-P02-T00-SIGNATURE,SG,text,ONE,3,F9_02_PREP_FIRM_ADDR_CNTR,0,F9_02_PREP_FIRM_ADDR_CNTR,0,kept,FALSE,FALSE,FALSE,FALSE
F9_02_PREP_FIRM_ADDR_L1,F9-P02-T00-SIGNATURE,SG,text,ONE,6,F9-P02-T00-SIGNATURE,SG,text,ONE,6,F9_02_PREP_FIRM_ADDR_L1,0,F9_02_PREP_FIRM_ADDR_L1,0,kept,FALSE,FALSE,FALSE,FALSE
F9_02_PREP_FIRM_ADDR_L2,F9-P02-T00-SIGNATURE,SG,text,ONE,6,F9-P02-T00-SIGNATURE,SG,text,ONE,6,F9_02_PREP_FIRM_ADDR_L2,0,F9_02_PREP_FIRM_ADDR_L2,0,kept,FALSE,FALSE,FALSE,FALSE
F9_02_PREP_FIRM_ADDR_STATE,F9-P02-T00-SIGNATURE,SG,text,ONE,6,F9-P02-T00-SIGNATURE,SG,text,ONE,6,F9_02_PREP_FIRM_ADDR_STATE,0,F9_02_PREP_FIRM_ADDR_STATE,0,kept,FALSE,FALSE,FALSE,FALSE
F9_02_PREP_FIRM_ADDR_ZIP,F9-P02-T00-SIGNATURE,SG,text,ONE,6,F9-P02-T00-SIGNATURE,SG,text,ONE,6,F9_02_PREP_FIRM_ADDR_ZIP,0,F9_02_PREP_FIRM_ADDR_ZIP,0,kept,FALSE,FALSE,FALSE,FALSE
F9_02_PREP_FIRM_EIN,F9-P02-T00-SIGNATURE,SG,numeric,ONE,2,F9-P02-T00-SIGNATURE,SG,text,ONE,2,F9_02_PREP_FIRM_EIN,0,F9_02_PREP_FIRM_EIN,0,kept,FALSE,TRUE,FALSE,FALSE
F9_02_PREP_FIRM_NAME_L1,F9-P02-T00-SIGNATURE,SG,text,ONE,3,F9-P02-T00-SIGNATURE,SG,text,ONE,3,F9_02_PREP_FIRM_NAME_L1,0,F9_02_PREP_FIRM_NAME_L1,0,kept,FALSE,FALSE,FALSE,FALSE
F9_02_PREP_FIRM_NAME_L2,F9-P02-T00-SIGNATURE,SG,text,ONE,3,F9-P02-T00-SIGNATURE,SG,text,ONE,3,F9_02_PREP_FIRM_NAME_L2,0,F9_02_PREP_FIRM_NAME_L2,0,kept,FALSE,FALSE,FALSE,FALSE
F9_02_PREP_PERS_NAME,F9-P02-T00-SIGNATURE,SG,text,ONE,2,F9-P02-T00-SIGNATURE,SG,text,ONE,2,F9_02_PREP_PERS_NAME,0,F9_02_PREP_PERS_NAME,0,kept,FALSE,FALSE,FALSE,FALSE
F9_02_PREP_PERS_PHONE,F9-P02-T00-SIGNATURE,SG,numeric,ONE,3,F9-P02-T00-SIGNATURE,SG,text,ONE,3,F9_02_PREP_PERS_PHONE,0,F9_02_PREP_PERS_PHONE,0,kept,FALSE,TRUE,FALSE,FALSE
F9_02_PREP_PERS_PTIN,F9-P02-T00-SIGNATURE,SG,numeric,ONE,2,F9-P02-T00-SIGNATURE,SG,text,ONE,2,F9_02_PREP_PERS_PTIN,0,F9_02_PREP_PERS_PTIN,0,kept,FALSE,TRUE,FALSE,FALSE
F9_02_PREP_PERS_SELF_EMPL_X,F9-P02-T00-SIGNATURE,SG,checkbox,ONE,1,F9-P02-T00-SIGNATURE,SG,checkbox,ONE,1,F9_02_PREP_PERS_SELF_EMPL_X,0,F9_02_PREP_PERS_SELF_EMPL_X,0,kept,FALSE,FALSE,FALSE,FALSE
F9_02_PREP_PERS_SIGNTR_DATE,F9-P02-T00-SIGNATURE,SG,date,ONE,2,F9-P02-T00-SIGNATURE,SG,date,ONE,2,F9_02_PREP_PERS_SIGNTR_DATE,0,F9_02_PREP_PERS_SIGNTR_DATE,0,kept,FALSE,FALSE,FALSE,FALSE
F9_02_PREP_PERS_SSN,F9-P02-T00-SIGNATURE,PC,"",ONE,1,F9-P02-T00-SIGNATURE,PC,text,ONE,1,F9_02_PREP_PERS_SSN,0,F9_02_PREP_PERS_SSN,0,kept,FALSE,TRUE,FALSE,FALSE
F9_02_PREP_SELF_EMPL_X,F9-P02-T00-SIGNATURE,SG,checkbox,ONE,1,F9-P02-T00-SIGNATURE,SG,checkbox,ONE,1,F9_02_PREP_SELF_EMPL_X,0,F9_02_PREP_SELF_EMPL_X,0,kept,FALSE,FALSE,FALSE,FALSE
F9_02_SIGNING_OFF_NAME,F9-P02-T00-SIGNATURE,SG,text,ONE,2,F9-P02-T00-SIGNATURE,SG,text,ONE,2,F9_02_SIGNING_OFF_NAME,0,F9_02_SIGNING_OFF_NAME,0,kept,FALSE,FALSE,FALSE,FALSE
F9_02_SIGNING_OFF_NAME_FIRST,F9-P02-T00-SIGNATURE,SG,text,ONE,1,F9-P02-T00-SIGNATURE,SG,text,ONE,1,F9_02_SIGNING_OFF_NAME_FIRST,0,F9_02_SIGNING_OFF_NAME_FIRST,0,kept,FALSE,FALSE,FALSE,FALSE
F9_02_SIGNING_OFF_NAME_LAST,F9-P02-T00-SIGNATURE,SG,text,ONE,1,F9-P02-T00-SIGNATURE,SG,text,ONE,1,F9_02_SIGNING_OFF_NAME_LAST,0,F9_02_SIGNING_OFF_NAME_LAST,0,kept,FALSE,FALSE,FALSE,FALSE
F9_02_SIGNING_OFF_PHONE,F9-P02-T00-SIGNATURE,SG,numeric,ONE,3,F9-P02-T00-SIGNATURE,SG,text,ONE,3,F9_02_SIGNING_OFF_PHONE,0,F9_02_SIGNING_OFF_PHONE,0,kept,FALSE,TRUE,FALSE,FALSE
F9_02_SIGNING_OFF_SIGNTR_DATE,F9-P02-T00-SIGNATURE,SG,date,ONE,2,F9-P02-T00-SIGNATURE,SG,date,ONE,2,F9_02_SIGNING_OFF_SIGNTR_DATE,0,F9_02_SIGNING_OFF_SIGNTR_DATE,0,kept,FALSE,FALSE,FALSE,FALSE
F9_02_SIGNING_OFF_SSN,F9-P02-T00-SIGNATURE,SG,"",ONE,1,F9-P02-T00-SIGNATURE,SG,text,ONE,1,F9_02_SIGNING_OFF_SSN,0,F9_02_SIGNING_OFF_SSN,0,kept,FALSE,TRUE,FALSE,FALSE
F9_02_SIGNING_OFF_TITLE,F9-P02-T00-SIGNATURE,SG,text,ONE,2,F9-P02-T00-SIGNATURE,SG,text,ONE,2,F9_02_SIGNING_OFF_TITLE,0,F9_02_SIGNING_OFF_TITLE,0,kept,FALSE,FALSE,FALSE,FALSE
F9_03_INFO_SCHED_O_X,F9-P03-T00-PROGRAMS,PZ,checkbox,ONE,4,F9-P03-T00-PROGRAMS,PZ,checkbox,ONE,4,F9_03_INFO_SCHED_O_X,0,F9_03_INFO_SCHED_O_X,0,kept,FALSE,FALSE,FALSE,FALSE
F9_03_ORG_MISSION_PURPOSE,F9-P03-T00-MISSION,PZ,text,ONE,8,F9-P03-T00-MISSION,PZ,text,ONE,8,F9_03_ORG_MISSION_PURPOSE,0,F9_03_ORG_MISSION_PURPOSE,0,kept,FALSE,FALSE,FALSE,FALSE
F9_03_PROG_CHANGE_X,F9-P03-T00-MISSION,PC,checkbox,ONE,3,F9-P03-T00-MISSION,PC,checkbox,ONE,3,F9_03_PROG_CHANGE_X,0,F9_03_PROG_CHANGE_X,0,kept,FALSE,FALSE,FALSE,FALSE
F9_03_PROG_CODE,F9-P03-T00-PROGRAM-ONE;F9-P03-T00-PROGRAM-THREE;F9-P03-T00-PROGRAM-TWO;F9-P03-T01-PROGRAMS-OTHER,PC,numeric,MANY;ONE,12,F9-P03-T00-PROGRAM-ONE;F9-P03-T00-PROGRAM-THREE;F9-P03-T00-PROGRAM-TWO;F9-P03-T01-PROGRAMS-OTHER,PC,text,MANY;ONE,12,F9_03_PROG_CODE,0,F9_03_PROG_CODE,0,kept,FALSE,TRUE,FALSE,FALSE
F9_03_PROG_DESC,F9-P03-T00-PROGRAM-ONE;F9-P03-T00-PROGRAM-THREE;F9-P03-T00-PROGRAM-TWO;F9-P03-T01-PROGRAMS-OTHER;F9-P03-T02-PROGRAMS-EZ,PZ,text,MANY;ONE,18,F9-P03-T00-PROGRAM-ONE;F9-P03-T00-PROGRAM-THREE;F9-P03-T00-PROGRAM-TWO;F9-P03-T01-PROGRAMS-OTHER;F9-P03-T02-PROGRAMS-EZ,PZ,text,MANY;ONE,18,F9_03_PROG_DESC,0,F9_03_PROG_DESC,0,kept,FALSE,FALSE,FALSE,FALSE
F9_03_PROG_EXP,F9-P03-T00-PROGRAM-ONE;F9-P03-T00-PROGRAM-THREE;F9-P03-T00-PROGRAM-TWO;F9-P03-T01-PROGRAMS-OTHER;F9-P03-T02-PROGRAMS-EZ,PZ,numeric,MANY;ONE,15,F9-P03-T00-PROGRAM-ONE;F9-P03-T00-PROGRAM-THREE;F9-P03-T00-PROGRAM-TWO;F9-P03-T01-PROGRAMS-OTHER;F9-P03-T02-PROGRAMS-EZ,PZ,numeric,MANY;ONE,15,F9_03_PROG_EXP,0,F9_03_PROG_EXP,0,kept,FALSE,FALSE,FALSE,FALSE
F9_03_PROG_EXP_OTH_TOT,F9-P03-T00-PROGRAMS,PZ,numeric,ONE,3,F9-P03-T00-PROGRAMS,PZ,numeric,ONE,3,F9_03_PROG_EXP_OTH_TOT,0,F9_03_PROG_EXP_OTH_TOT,0,kept,FALSE,FALSE,FALSE,FALSE
F9_03_PROG_EXP_TOT,F9-P03-T00-PROGRAMS,PZ,numeric,ONE,6,F9-P03-T00-PROGRAMS,PZ,numeric,ONE,6,F9_03_PROG_EXP_TOT,0,F9_03_PROG_EXP_TOT,0,kept,FALSE,FALSE,FALSE,FALSE
F9_03_PROG_GRANT,F9-P03-T00-PROGRAM-ONE;F9-P03-T00-PROGRAM-THREE;F9-P03-T00-PROGRAM-TWO;F9-P03-T01-PROGRAMS-OTHER;F9-P03-T02-PROGRAMS-EZ,PZ,numeric,MANY;ONE,20,F9-P03-T00-PROGRAM-ONE;F9-P03-T00-PROGRAM-THREE;F9-P03-T00-PROGRAM-TWO;F9-P03-T01-PROGRAMS-OTHER;F9-P03-T02-PROGRAMS-EZ,PZ,numeric,MANY;ONE,20,F9_03_PROG_GRANT,0,F9_03_PROG_GRANT,0,kept,FALSE,FALSE,FALSE,FALSE
F9_03_PROG_GRANT_FRGN_X,F9-P03-T02-PROGRAMS-EZ,EZ,checkbox,MANY,2,F9-P03-T02-PROGRAMS-EZ,EZ,checkbox,MANY,2,F9_03_PROG_GRANT_FRGN_X,0,F9_03_PROG_GRANT_FRGN_X,0,kept,FALSE,FALSE,FALSE,FALSE
F9_03_PROG_GRANT_OTH_TOT,F9-P03-T00-PROGRAMS,PZ,numeric,ONE,3,F9-P03-T00-PROGRAMS,PZ,numeric,ONE,3,F9_03_PROG_GRANT_OTH_TOT,0,F9_03_PROG_GRANT_OTH_TOT,0,kept,FALSE,FALSE,FALSE,FALSE
F9_03_PROG_NEW_X,F9-P03-T00-MISSION,PC;PZ,checkbox,ONE,3,F9-P03-T00-MISSION,PC;PZ,checkbox,ONE,3,F9_03_PROG_NEW_X,0,F9_03_PROG_NEW_X,0,kept,FALSE,FALSE,FALSE,FALSE
F9_03_PROG_REV,F9-P03-T00-PROGRAM-ONE;F9-P03-T00-PROGRAM-THREE;F9-P03-T00-PROGRAM-TWO;F9-P03-T01-PROGRAMS-OTHER,PC,numeric,MANY;ONE,12,F9-P03-T00-PROGRAM-ONE;F9-P03-T00-PROGRAM-THREE;F9-P03-T00-PROGRAM-TWO;F9-P03-T01-PROGRAMS-OTHER,PC,numeric,MANY;ONE,12,F9_03_PROG_REV,0,F9_03_PROG_REV,0,kept,FALSE,FALSE,FALSE,FALSE
F9_03_PROG_REV_OTH_TOT,F9-P03-T00-PROGRAMS,PC,numeric,ONE,3,F9-P03-T00-PROGRAMS,PC,numeric,ONE,3,F9_03_PROG_REV_OTH_TOT,0,F9_03_PROG_REV_OTH_TOT,0,kept,FALSE,FALSE,FALSE,FALSE
F9_04_AFS_CONSOL_X,F9-P04-T00-REQUIRED-SCHEDULES,PC,checkbox,ONE,2,F9-P04-T00-REQUIRED-SCHEDULES,PC,checkbox,ONE,2,F9_04_AFS_CONSOL_X,0,F9_04_AFS_CONSOL_X,0,kept,FALSE,FALSE,FALSE,FALSE
F9_04_AFS_IND_X,F9-P04-T00-REQUIRED-SCHEDULES,PC,checkbox,ONE,2,F9-P04-T00-REQUIRED-SCHEDULES,PC,checkbox,ONE,2,F9_04_AFS_IND_X,0,F9_04_AFS_IND_X,0,kept,FALSE,FALSE,FALSE,FALSE
F9_04_BIZ_TRANSAC_DTK_ENTITY_X,F9-P04-T00-REQUIRED-SCHEDULES,PC,checkbox,ONE,4,F9-P04-T00-REQUIRED-SCHEDULES,PC,checkbox,ONE,4,F9_04_BIZ_TRANSAC_DTK_ENTITY_X,0,F9_04_BIZ_TRANSAC_DTK_ENTITY_X,0,kept,FALSE,FALSE,FALSE,FALSE
F9_04_BIZ_TRANSAC_DTK_FAM_X,F9-P04-T00-REQUIRED-SCHEDULES,PC,checkbox,ONE,3,F9-P04-T00-REQUIRED-SCHEDULES,PC,checkbox,ONE,3,F9_04_BIZ_TRANSAC_DTK_FAM_X,0,F9_04_BIZ_TRANSAC_DTK_FAM_X,0,kept,FALSE,FALSE,FALSE,FALSE
F9_04_BIZ_TRANSAC_DTK_X,F9-P04-T00-REQUIRED-SCHEDULES,PC,checkbox,ONE,3,F9-P04-T00-REQUIRED-SCHEDULES,PC,checkbox,ONE,3,F9_04_BIZ_TRANSAC_DTK_X,0,F9_04_BIZ_TRANSAC_DTK_X,0,kept,FALSE,FALSE,FALSE,FALSE
F9_04_COLLEC_ART_X,F9-P04-T00-REQUIRED-SCHEDULES,PC,checkbox,ONE,3,F9-P04-T00-REQUIRED-SCHEDULES,PC,checkbox,ONE,3,F9_04_COLLEC_ART_X,0,F9_04_COLLEC_ART_X,0,kept,FALSE,FALSE,FALSE,FALSE
F9_04_COMP_DTK_YES_X,F9-P04-T00-REQUIRED-SCHEDULES,PC,checkbox,ONE,3,F9-P04-T00-REQUIRED-SCHEDULES,PC,checkbox,ONE,3,F9_04_COMP_DTK_YES_X,0,F9_04_COMP_DTK_YES_X,0,kept,FALSE,FALSE,FALSE,FALSE
F9_04_CONSERV_EMT_X,F9-P04-T00-REQUIRED-SCHEDULES,PC,checkbox,ONE,3,F9-P04-T00-REQUIRED-SCHEDULES,PC,checkbox,ONE,3,F9_04_CONSERV_EMT_X,0,F9_04_CONSERV_EMT_X,0,kept,FALSE,FALSE,FALSE,FALSE
F9_04_CONTR_ART_HIST_X,F9-P04-T00-REQUIRED-SCHEDULES,PC,checkbox,ONE,3,F9-P04-T00-REQUIRED-SCHEDULES,PC,checkbox,ONE,3,F9_04_CONTR_ART_HIST_X,0,F9_04_CONTR_ART_HIST_X,0,kept,FALSE,FALSE,FALSE,FALSE
F9_04_CONTR_NONCSH_MT_25K_X,F9-P04-T00-REQUIRED-SCHEDULES,PC,checkbox,ONE,3,F9-P04-T00-REQUIRED-SCHEDULES,PC,checkbox,ONE,3,F9_04_CONTR_NONCSH_MT_25K_X,0,F9_04_CONTR_NONCSH_MT_25K_X,0,kept,FALSE,FALSE,FALSE,FALSE
F9_04_CREDIT_COUNS_X,F9-P04-T00-REQUIRED-SCHEDULES,PC,checkbox,ONE,3,F9-P04-T00-REQUIRED-SCHEDULES,PC,checkbox,ONE,3,F9_04_CREDIT_COUNS_X,0,F9_04_CREDIT_COUNS_X,0,kept,FALSE,FALSE,FALSE,FALSE
F9_04_DAF_X,F9-P04-T00-REQUIRED-SCHEDULES,PZ,checkbox,ONE,5,F9-P04-T00-REQUIRED-SCHEDULES,PZ,checkbox,ONE,5,F9_04_DAF_X,0,F9_04_DAF_X,0,kept,FALSE,FALSE,FALSE,FALSE
F9_04_DESC_IN_501C3_X,F9-P04-T00-REQUIRED-SCHEDULES,PC,checkbox,ONE,3,F9-P04-T00-REQUIRED-SCHEDULES,PC,checkbox,ONE,3,F9_04_DESC_IN_501C3_X,0,F9_04_DESC_IN_501C3_X,0,kept,FALSE,FALSE,FALSE,FALSE
F9_04_DOA_X,F9-P04-T00-REQUIRED-SCHEDULES,PZ,checkbox,ONE,3,F9-P04-T00-REQUIRED-SCHEDULES,PZ,checkbox,ONE,3,F9_04_DOA_X,0,F9_04_DOA_X,0,kept,FALSE,FALSE,FALSE,FALSE
F9_04_ENDOW_X,F9-P04-T00-REQUIRED-SCHEDULES,PC,checkbox,ONE,4,F9-P04-T00-REQUIRED-SCHEDULES,PC,checkbox,ONE,4,F9_04_ENDOW_X,0,F9_04_ENDOW_X,0,kept,FALSE,FALSE,FALSE,FALSE
F9_04_ENTITY_CTRL_TRANSAC_X,F9-P04-T00-REQUIRED-SCHEDULES,PZ,checkbox,ONE,5,F9-P04-T00-REQUIRED-SCHEDULES,PZ,checkbox,ONE,5,F9_04_ENTITY_CTRL_TRANSAC_X,0,F9_04_ENTITY_CTRL_TRANSAC_X,0,kept,FALSE,FALSE,FALSE,FALSE
F9_04_ENTITY_CTRL_X,F9-P04-T00-REQUIRED-SCHEDULES,PZ,checkbox,ONE,5,F9-P04-T00-REQUIRED-SCHEDULES,PZ,checkbox,ONE,5,F9_04_ENTITY_CTRL_X,0,F9_04_ENTITY_CTRL_X,0,kept,FALSE,FALSE,FALSE,FALSE
F9_04_ENTITY_DISREG_X,F9-P04-T00-REQUIRED-SCHEDULES,PC,checkbox,ONE,3,F9-P04-T00-REQUIRED-SCHEDULES,PC,checkbox,ONE,3,F9_04_ENTITY_DISREG_X,0,F9_04_ENTITY_DISREG_X,0,kept,FALSE,FALSE,FALSE,FALSE
F9_04_ENTITY_RLTD_X,F9-P04-T00-REQUIRED-SCHEDULES,PC,checkbox,ONE,3,F9-P04-T00-REQUIRED-SCHEDULES,PC,checkbox,ONE,3,F9_04_ENTITY_RLTD_X,0,F9_04_ENTITY_RLTD_X,0,kept,FALSE,FALSE,FALSE,FALSE
F9_04_FRGN_ACT_X,F9-P04-T00-REQUIRED-SCHEDULES,PC;PZ,checkbox,ONE,3,F9-P04-T00-REQUIRED-SCHEDULES,PC;PZ,checkbox,ONE,3,F9_04_FRGN_ACT_X,0,F9_04_FRGN_ACT_X,0,kept,FALSE,FALSE,FALSE,FALSE
F9_04_FRGN_OFFICE_CNTR,F9-P04-T00-REQUIRED-SCHEDULES-EZ,EZ,text,ONE,2,F9-P04-T00-REQUIRED-SCHEDULES-EZ,EZ,text,ONE,2,F9_04_FRGN_OFFICE_CNTR,0,F9_04_FRGN_OFFICE_CNTR,0,kept,FALSE,FALSE,FALSE,FALSE
F9_04_FRGN_OFFICE_X,F9-P04-T00-REQUIRED-SCHEDULES,PZ,checkbox,ONE,5,F9-P04-T00-REQUIRED-SCHEDULES,PZ,checkbox,ONE,5,F9_04_FRGN_OFFICE_X,0,F9_04_FRGN_OFFICE_X,0,kept,FALSE,FALSE,FALSE,FALSE
F9_04_FUNDR_ACT_X,F9-P04-T00-REQUIRED-SCHEDULES,PC,checkbox,ONE,3,F9-P04-T00-REQUIRED-SCHEDULES,PC,checkbox,ONE,3,F9_04_FUNDR_ACT_X,0,F9_04_FUNDR_ACT_X,0,kept,FALSE,FALSE,FALSE,FALSE
F9_04_GAMING_X,F9-P04-T00-REQUIRED-SCHEDULES,PZ,checkbox,ONE,5,F9-P04-T00-REQUIRED-SCHEDULES,PZ,checkbox,ONE,5,F9_04_GAMING_X,0,F9_04_GAMING_X,0,kept,FALSE,FALSE,FALSE,FALSE
F9_04_GRANT_MT_5K_FRGN_INDIV_X,F9-P04-T00-REQUIRED-SCHEDULES,PC,checkbox,ONE,3,F9-P04-T00-REQUIRED-SCHEDULES,PC,checkbox,ONE,3,F9_04_GRANT_MT_5K_FRGN_INDIV_X,0,F9_04_GRANT_MT_5K_FRGN_INDIV_X,0,kept,FALSE,FALSE,FALSE,FALSE
F9_04_GRANT_MT_5K_FRGN_ORG_X,F9-P04-T00-REQUIRED-SCHEDULES,PC,checkbox,ONE,3,F9-P04-T00-REQUIRED-SCHEDULES,PC,checkbox,ONE,3,F9_04_GRANT_MT_5K_FRGN_ORG_X,0,F9_04_GRANT_MT_5K_FRGN_ORG_X,0,kept,FALSE,FALSE,FALSE,FALSE
F9_04_GRANT_MT_5K_US_INDIV_X,F9-P04-T00-REQUIRED-SCHEDULES,PC,checkbox,ONE,3,F9-P04-T00-REQUIRED-SCHEDULES,PC,checkbox,ONE,3,F9_04_GRANT_MT_5K_US_INDIV_X,0,F9_04_GRANT_MT_5K_US_INDIV_X,0,kept,FALSE,FALSE,FALSE,FALSE
F9_04_GRANT_MT_5K_US_ORG_X,F9-P04-T00-REQUIRED-SCHEDULES,PC,checkbox,ONE,3,F9-P04-T00-REQUIRED-SCHEDULES,PC,checkbox,ONE,3,F9_04_GRANT_MT_5K_US_ORG_X,0,F9_04_GRANT_MT_5K_US_ORG_X,0,kept,FALSE,FALSE,FALSE,FALSE
F9_04_GRANT_RLTD_PERS_X,F9-P04-T00-REQUIRED-SCHEDULES,PC,checkbox,ONE,3,F9-P04-T00-REQUIRED-SCHEDULES,PC,checkbox,ONE,3,F9_04_GRANT_RLTD_PERS_X,0,F9_04_GRANT_RLTD_PERS_X,0,kept,FALSE,FALSE,FALSE,FALSE
F9_04_HOSPITAL_AFS_X,F9-P04-T00-REQUIRED-SCHEDULES,PC,checkbox,ONE,4,F9-P04-T00-REQUIRED-SCHEDULES,PC,checkbox,ONE,4,F9_04_HOSPITAL_AFS_X,0,F9_04_HOSPITAL_AFS_X,0,kept,FALSE,FALSE,FALSE,FALSE
F9_04_HOSPITAL_X,F9-P04-T00-REQUIRED-SCHEDULES,PC;PZ,checkbox,ONE,5,F9-P04-T00-REQUIRED-SCHEDULES,PC;PZ,checkbox,ONE,5,F9_04_HOSPITAL_X,0,F9_04_HOSPITAL_X,0,kept,FALSE,FALSE,FALSE,FALSE
F9_04_LOAN_DTK_AMT,F9-P04-T00-REQUIRED-SCHEDULES-EZ,EZ,numeric,ONE,2,F9-P04-T00-REQUIRED-SCHEDULES-EZ,EZ,numeric,ONE,2,F9_04_LOAN_DTK_AMT,0,F9_04_LOAN_DTK_AMT,0,kept,FALSE,FALSE,FALSE,FALSE
F9_04_LOAN_DTK_X,F9-P04-T00-REQUIRED-SCHEDULES,PZ,checkbox,ONE,5,F9-P04-T00-REQUIRED-SCHEDULES,PZ,checkbox,ONE,5,F9_04_LOAN_DTK_X,0,F9_04_LOAN_DTK_X,0,kept,FALSE,FALSE,FALSE,FALSE
F9_04_LOB_ACT_X,F9-P04-T00-REQUIRED-SCHEDULES,PZ,checkbox,ONE,5,F9-P04-T00-REQUIRED-SCHEDULES,PZ,checkbox,ONE,5,F9_04_LOB_ACT_X,0,F9_04_LOB_ACT_X,0,kept,FALSE,FALSE,FALSE,FALSE
F9_04_LTD_DOA_X,F9-P04-T00-REQUIRED-SCHEDULES,PZ,checkbox,ONE,2,F9-P04-T00-REQUIRED-SCHEDULES,PZ,checkbox,ONE,2,F9_04_LTD_DOA_X,0,F9_04_LTD_DOA_X,0,kept,FALSE,FALSE,FALSE,FALSE
F9_04_LTD_X,F9-P04-T00-REQUIRED-SCHEDULES,PZ,checkbox,ONE,3,F9-P04-T00-REQUIRED-SCHEDULES,PZ,checkbox,ONE,3,F9_04_LTD_X,0,F9_04_LTD_X,0,kept,FALSE,FALSE,FALSE,FALSE
F9_04_POLI_ACT_X,F9-P04-T00-REQUIRED-SCHEDULES,PZ,checkbox,ONE,5,F9-P04-T00-REQUIRED-SCHEDULES,PZ,checkbox,ONE,5,F9_04_POLI_ACT_X,0,F9_04_POLI_ACT_X,0,kept,FALSE,FALSE,FALSE,FALSE
F9_04_PROF_FUNDR_X,F9-P04-T00-REQUIRED-SCHEDULES,PC,checkbox,ONE,3,F9-P04-T00-REQUIRED-SCHEDULES,PC,checkbox,ONE,3,F9_04_PROF_FUNDR_X,0,F9_04_PROF_FUNDR_X,0,kept,FALSE,FALSE,FALSE,FALSE
F9_04_PROXY_TAX_X,F9-P04-T00-REQUIRED-SCHEDULES,PZ,checkbox,ONE,5,F9-P04-T00-REQUIRED-SCHEDULES,PZ,checkbox,ONE,5,F9_04_PROXY_TAX_X,0,F9_04_PROXY_TAX_X,0,kept,FALSE,FALSE,FALSE,FALSE
F9_04_PTR_ACT_X,F9-P04-T00-REQUIRED-SCHEDULES,PC,checkbox,ONE,3,F9-P04-T00-REQUIRED-SCHEDULES,PC,checkbox,ONE,3,F9_04_PTR_ACT_X,0,F9_04_PTR_ACT_X,0,kept,FALSE,FALSE,FALSE,FALSE
F9_04_REP_BALANCE_SHEET_AMT_X,F9-P04-T00-REQUIRED-SCHEDULES,PC,checkbox,ONE,2,F9-P04-T00-REQUIRED-SCHEDULES,PC,checkbox,ONE,2,F9_04_REP_BALANCE_SHEET_AMT_X,0,F9_04_REP_BALANCE_SHEET_AMT_X,0,kept,FALSE,FALSE,FALSE,FALSE
F9_04_REP_FOOTNOTE_FIN48_X,F9-P04-T00-REQUIRED-SCHEDULES,PC,checkbox,ONE,2,F9-P04-T00-REQUIRED-SCHEDULES,PC,checkbox,ONE,2,F9_04_REP_FOOTNOTE_FIN48_X,0,F9_04_REP_FOOTNOTE_FIN48_X,0,kept,FALSE,FALSE,FALSE,FALSE
F9_04_REP_INVEST_OTH_SEC_X,F9-P04-T00-REQUIRED-SCHEDULES,PC,checkbox,ONE,2,F9-P04-T00-REQUIRED-SCHEDULES,PC,checkbox,ONE,2,F9_04_REP_INVEST_OTH_SEC_X,0,F9_04_REP_INVEST_OTH_SEC_X,0,kept,FALSE,FALSE,FALSE,FALSE
F9_04_REP_LAND_BLDG_EQUIP_X,F9-P04-T00-REQUIRED-SCHEDULES,PC,checkbox,ONE,2,F9-P04-T00-REQUIRED-SCHEDULES,PC,checkbox,ONE,2,F9_04_REP_LAND_BLDG_EQUIP_X,0,F9_04_REP_LAND_BLDG_EQUIP_X,0,kept,FALSE,FALSE,FALSE,FALSE
F9_04_REP_OTH_ASSET_X,F9-P04-T00-REQUIRED-SCHEDULES,PC,checkbox,ONE,2,F9-P04-T00-REQUIRED-SCHEDULES,PC,checkbox,ONE,2,F9_04_REP_OTH_ASSET_X,0,F9_04_REP_OTH_ASSET_X,0,kept,FALSE,FALSE,FALSE,FALSE
F9_04_REP_OTH_LIAB_X,F9-P04-T00-REQUIRED-SCHEDULES,PC,checkbox,ONE,2,F9-P04-T00-REQUIRED-SCHEDULES,PC,checkbox,ONE,2,F9_04_REP_OTH_LIAB_X,0,F9_04_REP_OTH_LIAB_X,0,kept,FALSE,FALSE,FALSE,FALSE
F9_04_REP_PROG_RLTD_X,F9-P04-T00-REQUIRED-SCHEDULES,PC,checkbox,ONE,2,F9-P04-T00-REQUIRED-SCHEDULES,PC,checkbox,ONE,2,F9_04_REP_PROG_RLTD_X,0,F9_04_REP_PROG_RLTD_X,0,kept,FALSE,FALSE,FALSE,FALSE
F9_04_RLTD_ORG_527_X,F9-P04-T00-REQUIRED-SCHEDULES-EZ,EZ,checkbox,ONE,2,F9-P04-T00-REQUIRED-SCHEDULES-EZ,EZ,checkbox,ONE,2,F9_04_RLTD_ORG_527_X,0,F9_04_RLTD_ORG_527_X,0,kept,FALSE,FALSE,FALSE,FALSE
F9_04_SCHED_B_NOT_REQ_X,,,,,,F9-P04-T00-REQUIRED-SCHEDULES,PZ,checkbox,ONE,3,,,F9_04_SCHED_B_REQ_X,0,new_in_v2,,,,
F9_04_SCHED_B_REQ_X,F9-P04-T00-REQUIRED-SCHEDULES,PZ,checkbox,ONE,6,F9-P04-T00-REQUIRED-SCHEDULES,PZ,checkbox,ONE,3,F9_04_SCHED_B_NOT_REQ_X;F9_04_SCHED_B_REQ_X,0,F9_04_SCHED_B_REQ_X,0,kept,FALSE,FALSE,FALSE,TRUE
F9_04_SCHED_O_REQ_X,F9-P04-T00-REQUIRED-SCHEDULES,PC,checkbox,ONE,2,F9-P04-T00-REQUIRED-SCHEDULES,PC,checkbox,ONE,2,F9_04_SCHED_O_REQ_X,0,F9_04_SCHED_O_REQ_X,0,kept,FALSE,FALSE,FALSE,FALSE
F9_04_SCHOOL_X,F9-P04-T00-REQUIRED-SCHEDULES,PZ,checkbox,ONE,5,F9-P04-T00-REQUIRED-SCHEDULES,PZ,checkbox,ONE,5,F9_04_SCHOOL_X,0,F9_04_SCHOOL_X,0,kept,FALSE,FALSE,FALSE,FALSE
F9_04_TAX_EXEMPT_BOND_ESCROW_X,F9-P04-T00-REQUIRED-SCHEDULES,PC,checkbox,ONE,3,F9-P04-T00-REQUIRED-SCHEDULES,PC,checkbox,ONE,3,F9_04_TAX_EXEMPT_BOND_ESCROW_X,0,F9_04_TAX_EXEMPT_BOND_ESCROW_X,0,kept,FALSE,FALSE,FALSE,FALSE
F9_04_TAX_EXEMPT_BOND_INVEST_X,F9-P04-T00-REQUIRED-SCHEDULES,PC,checkbox,ONE,3,F9-P04-T00-REQUIRED-SCHEDULES,PC,checkbox,ONE,3,F9_04_TAX_EXEMPT_BOND_INVEST_X,0,F9_04_TAX_EXEMPT_BOND_INVEST_X,0,kept,FALSE,FALSE,FALSE,FALSE
F9_04_TAX_EXEMPT_BOND_ISSUER_X,F9-P04-T00-REQUIRED-SCHEDULES,PC,checkbox,ONE,3,F9-P04-T00-REQUIRED-SCHEDULES,PC,checkbox,ONE,3,F9_04_TAX_EXEMPT_BOND_ISSUER_X,0,F9_04_TAX_EXEMPT_BOND_ISSUER_X,0,kept,FALSE,FALSE,FALSE,FALSE
F9_04_TAX_EXEMPT_BOND_X,F9-P04-T00-REQUIRED-SCHEDULES,PC,checkbox,ONE,3,F9-P04-T00-REQUIRED-SCHEDULES,PC,checkbox,ONE,3,F9_04_TAX_EXEMPT_BOND_X,0,F9_04_TAX_EXEMPT_BOND_X,0,kept,FALSE,FALSE,FALSE,FALSE
F9_04_TRANSAC_ENGAGED_X,F9-P04-T00-REQUIRED-SCHEDULES,PZ,checkbox,ONE,6,F9-P04-T00-REQUIRED-SCHEDULES,PZ,checkbox,ONE,6,F9_04_TRANSAC_ENGAGED_X,0,F9_04_TRANSAC_ENGAGED_X,0,kept,FALSE,FALSE,FALSE,FALSE
F9_04_TRANSAC_PY_X,F9-P04-T00-REQUIRED-SCHEDULES,PC;PZ,checkbox,ONE,3,F9-P04-T00-REQUIRED-SCHEDULES,PC;PZ,checkbox,ONE,3,F9_04_TRANSAC_PY_X,0,F9_04_TRANSAC_PY_X,0,kept,FALSE,FALSE,FALSE,FALSE
F9_04_TRANSFER_EXEMPT_ORG_X,F9-P04-T00-REQUIRED-SCHEDULES,PZ,checkbox,ONE,5,F9-P04-T00-REQUIRED-SCHEDULES,PZ,checkbox,ONE,5,F9_04_TRANSFER_EXEMPT_ORG_X,0,F9_04_TRANSFER_EXEMPT_ORG_X,0,kept,FALSE,FALSE,FALSE,FALSE
F9_05_170C_FORM_1098C_FILED_X,F9-P05-T00-OTHER-IRS-FILING,PC,checkbox,ONE,3,F9-P05-T00-OTHER-IRS-FILING,PC,checkbox,ONE,3,F9_05_170C_FORM_1098C_FILED_X,0,F9_05_170C_FORM_1098C_FILED_X,0,kept,FALSE,FALSE,FALSE,FALSE
F9_05_170C_FORM_8282_REQ_X,F9-P05-T00-OTHER-IRS-FILING,PC,checkbox,ONE,3,F9-P05-T00-OTHER-IRS-FILING,PC,checkbox,ONE,3,F9_05_170C_FORM_8282_REQ_X,0,F9_05_170C_FORM_8282_REQ_X,0,kept,FALSE,FALSE,FALSE,FALSE
F9_05_170C_FORM_8899_FILED_X,F9-P05-T00-OTHER-IRS-FILING,PC,checkbox,ONE,3,F9-P05-T00-OTHER-IRS-FILING,PC,checkbox,ONE,3,F9_05_170C_FORM_8899_FILED_X,0,F9_05_170C_FORM_8899_FILED_X,0,kept,FALSE,FALSE,FALSE,FALSE
F9_05_170C_FUNDS_FOR_PREMIUM_X,F9-P05-T00-OTHER-IRS-FILING,PC;PZ,checkbox,ONE,5,F9-P05-T00-OTHER-IRS-FILING,PC,checkbox,ONE,3,F9_05_170C_FUNDS_FOR_PREMIUM_X;F9_05_170C_PREMIUM_DECL_TEXT,0,F9_05_170C_FUNDS_FOR_PREMIUM_X,0,kept,TRUE,FALSE,FALSE,TRUE
F9_05_170C_NUM_FORM_8282_FILED_X,F9-P05-T00-OTHER-IRS-FILING,PC,numeric,ONE,3,F9-P05-T00-OTHER-IRS-FILING,PC,numeric,ONE,3,F9_05_170C_NUM_FORM_8282_FILED_X,0,F9_05_170C_NUM_FORM_8282_FILED_X,0,kept,FALSE,FALSE,FALSE,FALSE
F9_05_170C_PREMIUM_DECL_TEXT,,,,,,F9-P05-T00-OTHER-IRS-FILING,PZ,text,ONE,2,,,F9_05_170C_FUNDS_FOR_PREMIUM_X,0,new_in_v2,,,,
F9_05_170C_PREMIUM_PAID_X,F9-P05-T00-OTHER-IRS-FILING,PC,checkbox,ONE,3,F9-P05-T00-OTHER-IRS-FILING,PC,checkbox,ONE,3,F9_05_170C_PREMIUM_PAID_X,0,F9_05_170C_PREMIUM_PAID_X,0,kept,FALSE,FALSE,FALSE,FALSE
F9_05_170C_QUID_PRO_QUO_CONTR_X,F9-P05-T00-OTHER-IRS-FILING,PC,checkbox,ONE,3,F9-P05-T00-OTHER-IRS-FILING,PC,checkbox,ONE,3,F9_05_170C_QUID_PRO_QUO_CONTR_X,0,F9_05_170C_QUID_PRO_QUO_CONTR_X,0,kept,FALSE,FALSE,FALSE,FALSE
F9_05_170C_QUID_PRO_QUO_NOTIFY_X,F9-P05-T00-OTHER-IRS-FILING,PC,checkbox,ONE,3,F9-P05-T00-OTHER-IRS-FILING,PC,checkbox,ONE,3,F9_05_170C_QUID_PRO_QUO_NOTIFY_X,0,F9_05_170C_QUID_PRO_QUO_NOTIFY_X,0,kept,FALSE,FALSE,FALSE,FALSE
F9_05_4947_FORM_990_FILED_1041_X,F9-P05-T00-OTHER-IRS-FILING,PZ,checkbox,ONE,7,F9-P05-T00-OTHER-IRS-FILING,PZ,checkbox,ONE,7,F9_05_4947_FORM_990_FILED_1041_X,0,F9_05_4947_FORM_990_FILED_1041_X,0,kept,FALSE,FALSE,FALSE,FALSE
F9_05_4947_TAX_EXEMPT_INT_AMT,F9-P05-T00-OTHER-IRS-FILING,PZ,numeric,ONE,4,F9-P05-T00-OTHER-IRS-FILING,PZ,numeric,ONE,4,F9_05_4947_TAX_EXEMPT_INT_AMT,0,F9_05_4947_TAX_EXEMPT_INT_AMT,0,kept,FALSE,FALSE,FALSE,FALSE
F9_05_501C12_GRO_INCOME_MEMB,F9-P05-T00-OTHER-IRS-FILING,PC,numeric,ONE,3,F9-P05-T00-OTHER-IRS-FILING,PC,numeric,ONE,3,F9_05_501C12_GRO_INCOME_MEMB,0,F9_05_501C12_GRO_INCOME_MEMB,0,kept,FALSE,FALSE,FALSE,FALSE
F9_05_501C12_GRO_INCOME_OTH,F9-P05-T00-OTHER-IRS-FILING,PC,numeric,ONE,3,F9-P05-T00-OTHER-IRS-FILING,PC,numeric,ONE,3,F9_05_501C12_GRO_INCOME_OTH,0,F9_05_501C12_GRO_INCOME_OTH,0,kept,FALSE,FALSE,FALSE,FALSE
F9_05_501C29_LIC_HEALTH_PLAN_X,F9-P05-T00-OTHER-IRS-FILING,PC,checkbox,ONE,2,F9-P05-T00-OTHER-IRS-FILING,PC,checkbox,ONE,2,F9_05_501C29_LIC_HEALTH_PLAN_X,0,F9_05_501C29_LIC_HEALTH_PLAN_X,0,kept,FALSE,FALSE,FALSE,FALSE
F9_05_501C29_RESERVE_MAINT_AMT,F9-P05-T00-OTHER-IRS-FILING,PC,numeric,ONE,2,F9-P05-T00-OTHER-IRS-FILING,PC,numeric,ONE,2,F9_05_501C29_RESERVE_MAINT_AMT,0,F9_05_501C29_RESERVE_MAINT_AMT,0,kept,FALSE,FALSE,FALSE,FALSE
F9_05_501C29_STATE_RESERVE_AMT,F9-P05-T00-OTHER-IRS-FILING,PC,numeric,ONE,2,F9-P05-T00-OTHER-IRS-FILING,PC,numeric,ONE,2,F9_05_501C29_STATE_RESERVE_AMT,0,F9_05_501C29_STATE_RESERVE_AMT,0,kept,FALSE,FALSE,FALSE,FALSE
F9_05_501C7_GRO_RCPT_PUB_USE,F9-P05-T00-OTHER-IRS-FILING,PZ,numeric,ONE,6,F9-P05-T00-OTHER-IRS-FILING,PZ,numeric,ONE,6,F9_05_501C7_GRO_RCPT_PUB_USE,0,F9_05_501C7_GRO_RCPT_PUB_USE,0,kept,FALSE,FALSE,FALSE,FALSE
F9_05_501C7_INITIATION_FEES,F9-P05-T00-OTHER-IRS-FILING,PZ,numeric,ONE,6,F9-P05-T00-OTHER-IRS-FILING,PZ,numeric,ONE,6,F9_05_501C7_INITIATION_FEES,0,F9_05_501C7_INITIATION_FEES,0,kept,FALSE,FALSE,FALSE,FALSE
F9_05_COMPLY_BACKUP_WITHHOLD_X,F9-P05-T00-OTHER-IRS-FILING,PC,checkbox,ONE,3,F9-P05-T00-OTHER-IRS-FILING,PC,checkbox,ONE,3,F9_05_COMPLY_BACKUP_WITHHOLD_X,0,F9_05_COMPLY_BACKUP_WITHHOLD_X,0,kept,FALSE,FALSE,FALSE,FALSE
F9_05_DAF_DIST_DONOR_X,F9-P05-T00-OTHER-IRS-FILING,PC,checkbox,ONE,3,F9-P05-T00-OTHER-IRS-FILING,PC,checkbox,ONE,3,F9_05_DAF_DIST_DONOR_X,0,F9_05_DAF_DIST_DONOR_X,0,kept,FALSE,FALSE,FALSE,FALSE
F9_05_DAF_EXCESS_BIZ_HOLDING_X,F9-P05-T00-OTHER-IRS-FILING,PC,checkbox,ONE,4,F9-P05-T00-OTHER-IRS-FILING,PC,checkbox,ONE,4,F9_05_DAF_EXCESS_BIZ_HOLDING_X,0,F9_05_DAF_EXCESS_BIZ_HOLDING_X,0,kept,FALSE,FALSE,FALSE,FALSE
F9_05_DAF_TAXABLE_DIST_X,F9-P05-T00-OTHER-IRS-FILING,PC,checkbox,ONE,3,F9-P05-T00-OTHER-IRS-FILING,PC,checkbox,ONE,3,F9_05_DAF_TAXABLE_DIST_X,0,F9_05_DAF_TAXABLE_DIST_X,0,kept,FALSE,FALSE,FALSE,FALSE
F9_05_EMPL_TAX_RETURN_FILED_X,F9-P05-T00-OTHER-IRS-FILING,PC,checkbox,ONE,3,F9-P05-T00-OTHER-IRS-FILING,PC,checkbox,ONE,3,F9_05_EMPL_TAX_RETURN_FILED_X,0,F9_05_EMPL_TAX_RETURN_FILED_X,0,kept,FALSE,FALSE,FALSE,FALSE
F9_05_EXCISE_TAX_INVEST_X,F9-P05-T00-OTHER-IRS-FILING,PC,checkbox,ONE,1,F9-P05-T00-OTHER-IRS-FILING,PC,checkbox,ONE,1,F9_05_EXCISE_TAX_INVEST_X,0,F9_05_EXCISE_TAX_INVEST_X,0,kept,FALSE,FALSE,FALSE,FALSE
F9_05_EXCISE_TAX_X,F9-P05-T00-OTHER-IRS-FILING,PC,checkbox,ONE,1,F9-P05-T00-OTHER-IRS-FILING,PC,checkbox,ONE,1,F9_05_EXCISE_TAX_X,0,F9_05_EXCISE_TAX_X,0,kept,FALSE,FALSE,FALSE,FALSE
F9_05_FRGN_FIN_ACC_CNTR,F9-P05-T00-OTHER-IRS-FILING,PZ,text,ONE,7,F9-P05-T00-OTHER-IRS-FILING,PZ,text,ONE,7,F9_05_FRGN_FIN_ACC_CNTR,0,F9_05_FRGN_FIN_ACC_CNTR,0,kept,FALSE,FALSE,FALSE,FALSE
F9_05_FRGN_FIN_ACC_X,F9-P05-T00-OTHER-IRS-FILING,PZ,checkbox,ONE,5,F9-P05-T00-OTHER-IRS-FILING,PZ,checkbox,ONE,5,F9_05_FRGN_FIN_ACC_X,0,F9_05_FRGN_FIN_ACC_X,0,kept,FALSE,FALSE,FALSE,FALSE
F9_05_HIGH_RENUM_TAX_X,F9-P05-T00-OTHER-IRS-FILING,PC,checkbox,ONE,1,F9-P05-T00-OTHER-IRS-FILING,PC,checkbox,ONE,1,F9_05_HIGH_RENUM_TAX_X,0,F9_05_HIGH_RENUM_TAX_X,0,kept,FALSE,FALSE,FALSE,FALSE
F9_05_INFO_SCHED_O_X,F9-P05-T00-OTHER-IRS-FILING,PZ,checkbox,ONE,4,F9-P05-T00-OTHER-IRS-FILING,PZ,checkbox,ONE,4,F9_05_INFO_SCHED_O_X,0,F9_05_INFO_SCHED_O_X,0,kept,FALSE,FALSE,FALSE,FALSE
F9_05_NONDEDUCT_CONTR_NOTIFY_X,F9-P05-T00-OTHER-IRS-FILING,PC,checkbox,ONE,3,F9-P05-T00-OTHER-IRS-FILING,PC,checkbox,ONE,3,F9_05_NONDEDUCT_CONTR_NOTIFY_X,0,F9_05_NONDEDUCT_CONTR_NOTIFY_X,0,kept,FALSE,FALSE,FALSE,FALSE
F9_05_NONDEDUCT_CONTR_X,F9-P05-T00-OTHER-IRS-FILING,PC,checkbox,ONE,3,F9-P05-T00-OTHER-IRS-FILING,PC,checkbox,ONE,3,F9_05_NONDEDUCT_CONTR_X,0,F9_05_NONDEDUCT_CONTR_X,0,kept,FALSE,FALSE,FALSE,FALSE
F9_05_NUM_EMPL,F9-P05-T00-OTHER-IRS-FILING,PC,numeric,ONE,3,F9-P05-T00-OTHER-IRS-FILING,PC,numeric,ONE,3,F9_05_NUM_EMPL,0,F9_05_NUM_EMPL,0,kept,FALSE,FALSE,FALSE,FALSE
F9_05_NUM_FORM_1096_BOX_3,F9-P05-T00-OTHER-IRS-FILING,PC,numeric,ONE,2,F9-P05-T00-OTHER-IRS-FILING,PC,numeric,ONE,2,F9_05_NUM_FORM_1096_BOX_3,0,F9_05_NUM_FORM_1096_BOX_3,0,kept,FALSE,FALSE,FALSE,FALSE
F9_05_NUM_FORM_W2G,F9-P05-T00-OTHER-IRS-FILING,PC,numeric,ONE,3,F9-P05-T00-OTHER-IRS-FILING,PC,numeric,ONE,3,F9_05_NUM_FORM_W2G,0,F9_05_NUM_FORM_W2G,0,kept,FALSE,FALSE,FALSE,FALSE
F9_05_PTST_FORM_8886T_FILED_X,F9-P05-T00-OTHER-IRS-FILING,PC,checkbox,ONE,3,F9-P05-T00-OTHER-IRS-FILING,PC,checkbox,ONE,3,F9_05_PTST_FORM_8886T_FILED_X,0,F9_05_PTST_FORM_8886T_FILED_X,0,kept,FALSE,FALSE,FALSE,FALSE
F9_05_PTST_PARTY_NOTIFY_X,F9-P05-T00-OTHER-IRS-FILING,PC,checkbox,ONE,3,F9-P05-T00-OTHER-IRS-FILING,PC,checkbox,ONE,3,F9_05_PTST_PARTY_NOTIFY_X,0,F9_05_PTST_PARTY_NOTIFY_X,0,kept,FALSE,FALSE,FALSE,FALSE
F9_05_PTST_X,F9-P05-T00-OTHER-IRS-FILING,PZ,checkbox,ONE,5,F9-P05-T00-OTHER-IRS-FILING,PZ,checkbox,ONE,5,F9_05_PTST_X,0,F9_05_PTST_X,0,kept,FALSE,FALSE,FALSE,FALSE
F9_05_TANNING_FORM_720_FILED_X,F9-P05-T00-OTHER-IRS-FILING,PZ,checkbox,ONE,4,F9-P05-T00-OTHER-IRS-FILING,PZ,checkbox,ONE,4,F9_05_TANNING_FORM_720_FILED_X,0,F9_05_TANNING_FORM_720_FILED_X,0,kept,FALSE,FALSE,FALSE,FALSE
F9_05_TANNING_SVC_PROV_X,F9-P05-T00-OTHER-IRS-FILING,PZ,checkbox,ONE,6,F9-P05-T00-OTHER-IRS-FILING,PZ,checkbox,ONE,6,F9_05_TANNING_SVC_PROV_X,0,F9_05_TANNING_SVC_PROV_X,0,kept,FALSE,FALSE,FALSE,FALSE
F9_05_UBIZ_FORM_990T_FILED_X,F9-P05-T00-OTHER-IRS-FILING,PC;PZ,checkbox,ONE,7,F9-P05-T00-OTHER-IRS-FILING,PC;PZ,checkbox,ONE,7,F9_05_UBIZ_FORM_990T_FILED_X,0,F9_05_UBIZ_FORM_990T_FILED_X,0,kept,FALSE,FALSE,FALSE,FALSE
F9_05_UBIZ_IMCOME_OVER_LIMIT_X,F9-P05-T00-OTHER-IRS-FILING,PC;PZ,checkbox,ONE,7,F9-P05-T00-OTHER-IRS-FILING,PC;PZ,checkbox,ONE,7,F9_05_UBIZ_IMCOME_OVER_LIMIT_X,0,F9_05_UBIZ_IMCOME_OVER_LIMIT_X,0,kept,FALSE,FALSE,FALSE,FALSE
F9_06_ACT_NOT_PREVIOUSLY_REP_X,F9-P06-T00-GOVERNANCE-EZ,EZ,checkbox,ONE,2,F9-P06-T00-GOVERNANCE-EZ,EZ,checkbox,ONE,2,F9_06_ACT_NOT_PREVIOUSLY_REP_X,0,F9_06_ACT_NOT_PREVIOUSLY_REP_X,0,kept,FALSE,FALSE,FALSE,FALSE
F9_06_DISCLOSURE_AVBL_OTH_WEB_X,F9-P06-T00-GOVERNANCE,PC,checkbox,ONE,3,F9-P06-T00-GOVERNANCE,PC,checkbox,ONE,3,F9_06_DISCLOSURE_AVBL_OTH_WEB_X,0,F9_06_DISCLOSURE_AVBL_OTH_WEB_X,0,kept,FALSE,FALSE,FALSE,FALSE
F9_06_DISCLOSURE_AVBL_OTH_X,F9-P06-T00-GOVERNANCE,PC,checkbox,ONE,1,F9-P06-T00-GOVERNANCE,PC,checkbox,ONE,2,F9_06_DISCLOSURE_AVBL_OTH_X,0,F9_06_DISCLOSURE_AVBL_OTH_X,1,kept,FALSE,FALSE,FALSE,TRUE
F9_06_DISCLOSURE_AVBL_OWN_WEB_X,F9-P06-T00-GOVERNANCE,PC,checkbox,ONE,3,F9-P06-T00-GOVERNANCE,PC,checkbox,ONE,3,F9_06_DISCLOSURE_AVBL_OWN_WEB_X,0,F9_06_DISCLOSURE_AVBL_OWN_WEB_X,0,kept,FALSE,FALSE,FALSE,FALSE
F9_06_DISCLOSURE_AVBL_REQUEST_X,F9-P06-T00-GOVERNANCE,PC,checkbox,ONE,3,F9-P06-T00-GOVERNANCE,PC,checkbox,ONE,3,F9_06_DISCLOSURE_AVBL_REQUEST_X,0,F9_06_DISCLOSURE_AVBL_REQUEST_X,0,kept,FALSE,FALSE,FALSE,FALSE
F9_06_DISCLOSURE_BOOK_ADDR_CITY,F9-P06-T00-GOVERNANCE,PZ,text,ONE,14,F9-P06-T00-GOVERNANCE,PZ,text,ONE,14,F9_06_DISCLOSURE_BOOK_ADDR_CITY,0,F9_06_DISCLOSURE_BOOK_ADDR_CITY,0,kept,FALSE,FALSE,FALSE,FALSE
F9_06_DISCLOSURE_BOOK_ADDR_CNTR,F9-P06-T00-GOVERNANCE,PZ,text,ONE,6,F9-P06-T00-GOVERNANCE,PZ,text,ONE,7,F9_06_DISCLOSURE_BOOK_ADDR_CNTR,0,F9_06_DISCLOSURE_BOOK_ADDR_CNTR;F9_06_DISCLOSURE_BOOK_ADDR_STATE,0,kept,FALSE,FALSE,FALSE,TRUE
F9_06_DISCLOSURE_BOOK_ADDR_L1,F9-P06-T00-GOVERNANCE,PZ,text,ONE,14,F9-P06-T00-GOVERNANCE,PZ,text,ONE,14,F9_06_DISCLOSURE_BOOK_ADDR_L1,0,F9_06_DISCLOSURE_BOOK_ADDR_L1,0,kept,FALSE,FALSE,FALSE,FALSE
F9_06_DISCLOSURE_BOOK_ADDR_L2,F9-P06-T00-GOVERNANCE,PZ,text,ONE,14,F9-P06-T00-GOVERNANCE,PZ,text,ONE,14,F9_06_DISCLOSURE_BOOK_ADDR_L2,0,F9_06_DISCLOSURE_BOOK_ADDR_L2,0,kept,FALSE,FALSE,FALSE,FALSE
F9_06_DISCLOSURE_BOOK_ADDR_STATE,F9-P06-T00-GOVERNANCE,PZ,text,ONE,15,F9-P06-T00-GOVERNANCE,PZ,text,ONE,14,F9_06_DISCLOSURE_BOOK_ADDR_CNTR;F9_06_DISCLOSURE_BOOK_ADDR_STATE,0,F9_06_DISCLOSURE_BOOK_ADDR_STATE,0,kept,FALSE,FALSE,FALSE,TRUE
F9_06_DISCLOSURE_BOOK_ADDR_ZIP,F9-P06-T00-GOVERNANCE,PZ,text,ONE,14,F9-P06-T00-GOVERNANCE,PZ,text,ONE,14,F9_06_DISCLOSURE_BOOK_ADDR_ZIP,0,F9_06_DISCLOSURE_BOOK_ADDR_ZIP,0,kept,FALSE,FALSE,FALSE,FALSE
F9_06_DISCLOSURE_BOOK_NAME_L1,F9-P06-T00-GOVERNANCE,PZ,text,ONE,7,F9-P06-T00-GOVERNANCE,PZ,text,ONE,7,F9_06_DISCLOSURE_BOOK_NAME_L1,0,F9_06_DISCLOSURE_BOOK_NAME_L1,0,kept,FALSE,FALSE,FALSE,FALSE
F9_06_DISCLOSURE_BOOK_NAME_L2,F9-P06-T00-GOVERNANCE,PZ,text,ONE,7,F9-P06-T00-GOVERNANCE,PZ,text,ONE,7,F9_06_DISCLOSURE_BOOK_NAME_L2,0,F9_06_DISCLOSURE_BOOK_NAME_L2,0,kept,FALSE,FALSE,FALSE,FALSE
F9_06_DISCLOSURE_BOOK_NAME_PERS,F9-P06-T00-GOVERNANCE,PZ,text,ONE,5,F9-P06-T00-GOVERNANCE,PZ,text,ONE,5,F9_06_DISCLOSURE_BOOK_NAME_PERS,0,F9_06_DISCLOSURE_BOOK_NAME_PERS,0,kept,FALSE,FALSE,FALSE,FALSE
F9_06_DISCLOSURE_BOOK_PHONE,F9-P06-T00-GOVERNANCE,PZ,numeric,ONE,5,F9-P06-T00-GOVERNANCE,PZ,text,ONE,5,F9_06_DISCLOSURE_BOOK_PHONE,0,F9_06_DISCLOSURE_BOOK_PHONE,0,kept,FALSE,TRUE,FALSE,FALSE
F9_06_DISCLOSURE_STATES_FILED,F9-P06-T00-GOVERNANCE,PZ,text,ONE,5,F9-P06-T00-GOVERNANCE,PZ,text,ONE,5,F9_06_DISCLOSURE_STATES_FILED,0,F9_06_DISCLOSURE_STATES_FILED,0,kept,FALSE,FALSE,FALSE,FALSE
F9_06_GVRN_ASSET_DIVERSION_X,F9-P06-T00-GOVERNANCE,PC,checkbox,ONE,3,F9-P06-T00-GOVERNANCE,PC,checkbox,ONE,3,F9_06_GVRN_ASSET_DIVERSION_X,0,F9_06_GVRN_ASSET_DIVERSION_X,0,kept,FALSE,FALSE,FALSE,FALSE
F9_06_GVRN_CHANGE_DOC_X,F9-P06-T00-GOVERNANCE,PZ,checkbox,ONE,5,F9-P06-T00-GOVERNANCE,PZ,checkbox,ONE,5,F9_06_GVRN_CHANGE_DOC_X,0,F9_06_GVRN_CHANGE_DOC_X,0,kept,FALSE,FALSE,FALSE,FALSE
F9_06_GVRN_DECISION_APPROV_X,F9-P06-T00-GOVERNANCE,PC,checkbox,ONE,3,F9-P06-T00-GOVERNANCE,PC,checkbox,ONE,3,F9_06_GVRN_DECISION_APPROV_X,0,F9_06_GVRN_DECISION_APPROV_X,0,kept,FALSE,FALSE,FALSE,FALSE
F9_06_GVRN_DELEGATE_MGMT_DUTY_X,F9-P06-T00-GOVERNANCE,PC,checkbox,ONE,3,F9-P06-T00-GOVERNANCE,PC,checkbox,ONE,3,F9_06_GVRN_DELEGATE_MGMT_DUTY_X,0,F9_06_GVRN_DELEGATE_MGMT_DUTY_X,0,kept,FALSE,FALSE,FALSE,FALSE
F9_06_GVRN_DOC_COMMITTEE_X,F9-P06-T00-GOVERNANCE,PC,checkbox,ONE,3,F9-P06-T00-GOVERNANCE,PC,checkbox,ONE,3,F9_06_GVRN_DOC_COMMITTEE_X,0,F9_06_GVRN_DOC_COMMITTEE_X,0,kept,FALSE,FALSE,FALSE,FALSE
F9_06_GVRN_DOC_GVRN_BODY_X,F9-P06-T00-GOVERNANCE,PC,checkbox,ONE,3,F9-P06-T00-GOVERNANCE,PC,checkbox,ONE,3,F9_06_GVRN_DOC_GVRN_BODY_X,0,F9_06_GVRN_DOC_GVRN_BODY_X,0,kept,FALSE,FALSE,FALSE,FALSE
F9_06_GVRN_DTK_FAMBIZ_RELATION_X,F9-P06-T00-GOVERNANCE,PC,checkbox,ONE,3,F9-P06-T00-GOVERNANCE,PC,checkbox,ONE,3,F9_06_GVRN_DTK_FAMBIZ_RELATION_X,0,F9_06_GVRN_DTK_FAMBIZ_RELATION_X,0,kept,FALSE,FALSE,FALSE,FALSE
F9_06_GVRN_DTK_NO_MAILING_ADDR_X,F9-P06-T00-GOVERNANCE,PC,checkbox,ONE,3,F9-P06-T00-GOVERNANCE,PC,checkbox,ONE,3,F9_06_GVRN_DTK_NO_MAILING_ADDR_X,0,F9_06_GVRN_DTK_NO_MAILING_ADDR_X,0,kept,FALSE,FALSE,FALSE,FALSE
F9_06_GVRN_MEMB_STCKHLDR_X,F9-P06-T00-GOVERNANCE,PC,checkbox,ONE,3,F9-P06-T00-GOVERNANCE,PC,checkbox,ONE,3,F9_06_GVRN_MEMB_STCKHLDR_X,0,F9_06_GVRN_MEMB_STCKHLDR_X,0,kept,FALSE,FALSE,FALSE,FALSE
F9_06_GVRN_NUM_VOTING_MEMB,F9-P06-T00-GOVERNANCE,PC,numeric,ONE,3,F9-P06-T00-GOVERNANCE,PC,numeric,ONE,3,F9_06_GVRN_NUM_VOTING_MEMB,0,F9_06_GVRN_NUM_VOTING_MEMB,0,kept,FALSE,FALSE,FALSE,FALSE
F9_06_GVRN_NUM_VOTING_MEMB_IND,F9-P06-T00-GOVERNANCE,PC,numeric,ONE,3,F9-P06-T00-GOVERNANCE,PC,numeric,ONE,3,F9_06_GVRN_NUM_VOTING_MEMB_IND,0,F9_06_GVRN_NUM_VOTING_MEMB_IND,0,kept,FALSE,FALSE,FALSE,FALSE
F9_06_GVRN_PERS_ELECT_MEMB_X,F9-P06-T00-GOVERNANCE,PC,checkbox,ONE,3,F9-P06-T00-GOVERNANCE,PC,checkbox,ONE,3,F9_06_GVRN_PERS_ELECT_MEMB_X,0,F9_06_GVRN_PERS_ELECT_MEMB_X,0,kept,FALSE,FALSE,FALSE,FALSE
F9_06_INFO_SCHED_O_X,F9-P06-T00-GOVERNANCE,PZ,checkbox,ONE,4,F9-P06-T00-GOVERNANCE,PZ,checkbox,ONE,4,F9_06_INFO_SCHED_O_X,0,F9_06_INFO_SCHED_O_X,0,kept,FALSE,FALSE,FALSE,FALSE
F9_06_POLICY_CHPTR_AFFIL_X,F9-P06-T00-GOVERNANCE,PC,checkbox,ONE,3,F9-P06-T00-GOVERNANCE,PC,checkbox,ONE,3,F9_06_POLICY_CHPTR_AFFIL_X,0,F9_06_POLICY_CHPTR_AFFIL_X,0,kept,FALSE,FALSE,FALSE,FALSE
F9_06_POLICY_CHPTR_REFERENCE_X,F9-P06-T00-GOVERNANCE,PC,checkbox,ONE,3,F9-P06-T00-GOVERNANCE,PC,checkbox,ONE,3,F9_06_POLICY_CHPTR_REFERENCE_X,0,F9_06_POLICY_CHPTR_REFERENCE_X,0,kept,FALSE,FALSE,FALSE,FALSE
F9_06_POLICY_COI_DISCLOSURE_X,F9-P06-T00-GOVERNANCE,PC,checkbox,ONE,3,F9-P06-T00-GOVERNANCE,PC,checkbox,ONE,3,F9_06_POLICY_COI_DISCLOSURE_X,0,F9_06_POLICY_COI_DISCLOSURE_X,0,kept,FALSE,FALSE,FALSE,FALSE
F9_06_POLICY_COI_MONITOR_X,F9-P06-T00-GOVERNANCE,PC,checkbox,ONE,3,F9-P06-T00-GOVERNANCE,PC,checkbox,ONE,3,F9_06_POLICY_COI_MONITOR_X,0,F9_06_POLICY_COI_MONITOR_X,0,kept,FALSE,FALSE,FALSE,FALSE
F9_06_POLICY_COI_X,F9-P06-T00-GOVERNANCE,PC,checkbox,ONE,3,F9-P06-T00-GOVERNANCE,PC,checkbox,ONE,3,F9_06_POLICY_COI_X,0,F9_06_POLICY_COI_X,0,kept,FALSE,FALSE,FALSE,FALSE
F9_06_POLICY_COMP_PROCESS_CEO_X,F9-P06-T00-GOVERNANCE,PC,checkbox,ONE,3,F9-P06-T00-GOVERNANCE,PC,checkbox,ONE,3,F9_06_POLICY_COMP_PROCESS_CEO_X,0,F9_06_POLICY_COMP_PROCESS_CEO_X,0,kept,FALSE,FALSE,FALSE,FALSE
F9_06_POLICY_COMP_PROCESS_OTH_X,F9-P06-T00-GOVERNANCE,PC,checkbox,ONE,3,F9-P06-T00-GOVERNANCE,PC,checkbox,ONE,3,F9_06_POLICY_COMP_PROCESS_OTH_X,0,F9_06_POLICY_COMP_PROCESS_OTH_X,0,kept,FALSE,FALSE,FALSE,FALSE
F9_06_POLICY_DOC_RETENTION_X,F9-P06-T00-GOVERNANCE,PC,checkbox,ONE,3,F9-P06-T00-GOVERNANCE,PC,checkbox,ONE,3,F9_06_POLICY_DOC_RETENTION_X,0,F9_06_POLICY_DOC_RETENTION_X,0,kept,FALSE,FALSE,FALSE,FALSE
F9_06_POLICY_FORM990_GVRN_BODY_X,F9-P06-T00-GOVERNANCE,PC,checkbox,ONE,3,F9-P06-T00-GOVERNANCE,PC,checkbox,ONE,3,F9_06_POLICY_FORM990_GVRN_BODY_X,0,F9_06_POLICY_FORM990_GVRN_BODY_X,0,kept,FALSE,FALSE,FALSE,FALSE
F9_06_POLICY_JV_PROC_X,F9-P06-T00-GOVERNANCE,PC,checkbox,ONE,3,F9-P06-T00-GOVERNANCE,PC,checkbox,ONE,3,F9_06_POLICY_JV_PROC_X,0,F9_06_POLICY_JV_PROC_X,0,kept,FALSE,FALSE,FALSE,FALSE
F9_06_POLICY_JV_X,F9-P06-T00-GOVERNANCE,PC,checkbox,ONE,3,F9-P06-T00-GOVERNANCE,PC,checkbox,ONE,3,F9_06_POLICY_JV_X,0,F9_06_POLICY_JV_X,0,kept,FALSE,FALSE,FALSE,FALSE
F9_06_POLICY_WHSTLBLWR_X,F9-P06-T00-GOVERNANCE,PC,checkbox,ONE,3,F9-P06-T00-GOVERNANCE,PC,checkbox,ONE,3,F9_06_POLICY_WHSTLBLWR_X,0,F9_06_POLICY_WHSTLBLWR_X,0,kept,FALSE,FALSE,FALSE,FALSE
F9_06_POLI_EXP,F9-P06-T00-GOVERNANCE-EZ,EZ,numeric,ONE,2,F9-P06-T00-GOVERNANCE-EZ,EZ,numeric,ONE,2,F9_06_POLI_EXP,0,F9_06_POLI_EXP,0,kept,FALSE,FALSE,FALSE,FALSE
F9_06_POLI_FORM1120_POL_FILED_X,F9-P06-T00-GOVERNANCE-EZ,EZ,checkbox,ONE,2,F9-P06-T00-GOVERNANCE-EZ,EZ,checkbox,ONE,2,F9_06_POLI_FORM1120_POL_FILED_X,0,F9_06_POLI_FORM1120_POL_FILED_X,0,kept,FALSE,FALSE,FALSE,FALSE
F9_06_TAX_IMPOSED_IRC_4911,F9-P06-T00-GOVERNANCE-EZ,EZ,numeric,ONE,2,F9-P06-T00-GOVERNANCE-EZ,EZ,numeric,ONE,2,F9_06_TAX_IMPOSED_IRC_4911,0,F9_06_TAX_IMPOSED_IRC_4911,0,kept,FALSE,FALSE,FALSE,FALSE
F9_06_TAX_IMPOSED_IRC_4912,F9-P06-T00-GOVERNANCE-EZ,EZ,numeric,ONE,2,F9-P06-T00-GOVERNANCE-EZ,EZ,numeric,ONE,2,F9_06_TAX_IMPOSED_IRC_4912,0,F9_06_TAX_IMPOSED_IRC_4912,0,kept,FALSE,FALSE,FALSE,FALSE
F9_06_TAX_IMPOSED_IRC_4955,F9-P06-T00-GOVERNANCE-EZ,EZ,numeric,ONE,2,F9-P06-T00-GOVERNANCE-EZ,EZ,numeric,ONE,2,F9_06_TAX_IMPOSED_IRC_4955,0,F9_06_TAX_IMPOSED_IRC_4955,0,kept,FALSE,FALSE,FALSE,FALSE
F9_06_TAX_IMPOSED_ORG_MGR,F9-P06-T00-GOVERNANCE-EZ,EZ,numeric,ONE,2,F9-P06-T00-GOVERNANCE-EZ,EZ,numeric,ONE,2,F9_06_TAX_IMPOSED_ORG_MGR,0,F9_06_TAX_IMPOSED_ORG_MGR,0,kept,FALSE,FALSE,FALSE,FALSE
F9_06_TAX_REIMBURSED_ORG,F9-P06-T00-GOVERNANCE-EZ,EZ,numeric,ONE,2,F9-P06-T00-GOVERNANCE-EZ,EZ,numeric,ONE,2,F9_06_TAX_REIMBURSED_ORG,0,F9_06_TAX_REIMBURSED_ORG,0,kept,FALSE,FALSE,FALSE,FALSE
F9_07_COMP_DTK_ADDR_CITY,F9-P07-T01-COMPENSATION,EZ;PZ,text,MANY,2,F9-P07-T01-COMPENSATION,EZ;PZ,text,MANY,2,F9_07_COMP_DTK_ADDR_CITY,0,F9_07_COMP_DTK_ADDR_CITY,0,kept,FALSE,FALSE,FALSE,FALSE
F9_07_COMP_DTK_ADDR_CITY_HCE,F9-P07-T01-COMPENSATION-HCE-EZ,PZ,text,MANY,2,F9-P07-T01-COMPENSATION-HCE-EZ,PZ,text,MANY,2,F9_07_COMP_DTK_ADDR_CITY_HCE,0,F9_07_COMP_DTK_ADDR_CITY_HCE,0,kept,FALSE,FALSE,FALSE,FALSE
F9_07_COMP_DTK_ADDR_CNTR,F9-P07-T01-COMPENSATION,PZ,text,MANY,1,F9-P07-T01-COMPENSATION,PZ,text,MANY,1,F9_07_COMP_DTK_ADDR_CNTR,0,F9_07_COMP_DTK_ADDR_CNTR,0,kept,FALSE,FALSE,FALSE,FALSE
F9_07_COMP_DTK_ADDR_CNTR_HCE,F9-P07-T01-COMPENSATION-HCE-EZ,PZ,text,MANY,1,F9-P07-T01-COMPENSATION-HCE-EZ,PZ,text,MANY,1,F9_07_COMP_DTK_ADDR_CNTR_HCE,0,F9_07_COMP_DTK_ADDR_CNTR_HCE,0,kept,FALSE,FALSE,FALSE,FALSE
F9_07_COMP_DTK_ADDR_L1,F9-P07-T01-COMPENSATION,EZ;PZ,text,MANY,2,F9-P07-T01-COMPENSATION,EZ;PZ,text,MANY,2,F9_07_COMP_DTK_ADDR_L1,0,F9_07_COMP_DTK_ADDR_L1,0,kept,FALSE,FALSE,FALSE,FALSE
F9_07_COMP_DTK_ADDR_L1_HCE,F9-P07-T01-COMPENSATION-HCE-EZ,PZ,text,MANY,2,F9-P07-T01-COMPENSATION-HCE-EZ,PZ,text,MANY,2,F9_07_COMP_DTK_ADDR_L1_HCE,0,F9_07_COMP_DTK_ADDR_L1_HCE,0,kept,FALSE,FALSE,FALSE,FALSE
F9_07_COMP_DTK_ADDR_L2,F9-P07-T01-COMPENSATION,EZ;PZ,text,MANY,2,F9-P07-T01-COMPENSATION,EZ;PZ,text,MANY,2,F9_07_COMP_DTK_ADDR_L2,0,F9_07_COMP_DTK_ADDR_L2,0,kept,FALSE,FALSE,FALSE,FALSE
F9_07_COMP_DTK_ADDR_L2_HCE,F9-P07-T01-COMPENSATION-HCE-EZ,PZ,text,MANY,2,F9-P07-T01-COMPENSATION-HCE-EZ,PZ,text,MANY,2,F9_07_COMP_DTK_ADDR_L2_HCE,0,F9_07_COMP_DTK_ADDR_L2_HCE,0,kept,FALSE,FALSE,FALSE,FALSE
F9_07_COMP_DTK_ADDR_STATE,F9-P07-T01-COMPENSATION,EZ;PZ,text,MANY,2,F9-P07-T01-COMPENSATION,EZ;PZ,text,MANY,2,F9_07_COMP_DTK_ADDR_STATE,0,F9_07_COMP_DTK_ADDR_STATE,0,kept,FALSE,FALSE,FALSE,FALSE
F9_07_COMP_DTK_ADDR_STATE_HCE,F9-P07-T01-COMPENSATION-HCE-EZ,PZ,text,MANY,2,F9-P07-T01-COMPENSATION-HCE-EZ,PZ,text,MANY,2,F9_07_COMP_DTK_ADDR_STATE_HCE,0,F9_07_COMP_DTK_ADDR_STATE_HCE,0,kept,FALSE,FALSE,FALSE,FALSE
F9_07_COMP_DTK_ADDR_ZIP,F9-P07-T01-COMPENSATION,EZ;PZ,text,MANY,2,F9-P07-T01-COMPENSATION,EZ;PZ,text,MANY,2,F9_07_COMP_DTK_ADDR_ZIP,0,F9_07_COMP_DTK_ADDR_ZIP,0,kept,FALSE,FALSE,FALSE,FALSE
F9_07_COMP_DTK_ADDR_ZIP_HCE,F9-P07-T01-COMPENSATION-HCE-EZ,PZ,text,MANY,2,F9-P07-T01-COMPENSATION-HCE-EZ,PZ,text,MANY,2,F9_07_COMP_DTK_ADDR_ZIP_HCE,0,F9_07_COMP_DTK_ADDR_ZIP_HCE,0,kept,FALSE,FALSE,FALSE,FALSE
F9_07_COMP_DTK_AVE_HOUR_WEEK,F9-P07-T01-COMPENSATION,PZ,numeric,MANY,6,F9-P07-T01-COMPENSATION,PZ,numeric,MANY,6,F9_07_COMP_DTK_AVE_HOUR_WEEK,0,F9_07_COMP_DTK_AVE_HOUR_WEEK,0,kept,FALSE,FALSE,FALSE,FALSE
F9_07_COMP_DTK_AVE_HOUR_WEEK_HCE,F9-P07-T01-COMPENSATION-HCE-EZ,PZ,numeric,MANY,2,F9-P07-T01-COMPENSATION-HCE-EZ,PZ,numeric,MANY,2,F9_07_COMP_DTK_AVE_HOUR_WEEK_HCE,0,F9_07_COMP_DTK_AVE_HOUR_WEEK_HCE,0,kept,FALSE,FALSE,FALSE,FALSE
F9_07_COMP_DTK_AVE_HOUR_WEEK_RL,F9-P07-T01-COMPENSATION,PZ,numeric,MANY,2,F9-P07-T01-COMPENSATION,PZ,numeric,MANY,2,F9_07_COMP_DTK_AVE_HOUR_WEEK_RL,0,F9_07_COMP_DTK_AVE_HOUR_WEEK_RL,0,kept,FALSE,FALSE,FALSE,FALSE
F9_07_COMP_DTK_COMP_GT_150K_X,F9-P07-T00-DIR-TRUST-KEY,PC,checkbox,ONE,3,F9-P07-T00-DIR-TRUST-KEY,PC,checkbox,ONE,3,F9_07_COMP_DTK_COMP_GT_150K_X,0,F9_07_COMP_DTK_COMP_GT_150K_X,0,kept,FALSE,FALSE,FALSE,FALSE
F9_07_COMP_DTK_COMP_ORG,F9-P07-T01-COMPENSATION,PZ,numeric,MANY,6,F9-P07-T01-COMPENSATION,PZ,numeric,MANY,6,F9_07_COMP_DTK_COMP_ORG,0,F9_07_COMP_DTK_COMP_ORG,0,kept,FALSE,FALSE,FALSE,FALSE
F9_07_COMP_DTK_COMP_ORG_HCE,F9-P07-T01-COMPENSATION-HCE-EZ,PZ,numeric,MANY,2,F9-P07-T01-COMPENSATION-HCE-EZ,PZ,numeric,MANY,2,F9_07_COMP_DTK_COMP_ORG_HCE,0,F9_07_COMP_DTK_COMP_ORG_HCE,0,kept,FALSE,FALSE,FALSE,FALSE
F9_07_COMP_DTK_COMP_ORG_SUBTOT,F9-P07-T00-DIR-TRUST-KEY,PC,numeric,ONE,1,F9-P07-T00-DIR-TRUST-KEY,PC,numeric,ONE,1,F9_07_COMP_DTK_COMP_ORG_SUBTOT,0,F9_07_COMP_DTK_COMP_ORG_SUBTOT,0,kept,FALSE,FALSE,FALSE,FALSE
F9_07_COMP_DTK_COMP_ORG_TOT,F9-P07-T00-DIR-TRUST-KEY,PC,numeric,ONE,2,F9-P07-T00-DIR-TRUST-KEY,PC,numeric,ONE,2,F9_07_COMP_DTK_COMP_ORG_TOT,0,F9_07_COMP_DTK_COMP_ORG_TOT,0,kept,FALSE,FALSE,FALSE,FALSE
F9_07_COMP_DTK_COMP_OTH,F9-P07-T01-COMPENSATION,PZ,numeric,MANY,6,F9-P07-T01-COMPENSATION,PZ,numeric,MANY,6,F9_07_COMP_DTK_COMP_OTH,0,F9_07_COMP_DTK_COMP_OTH,0,kept,FALSE,FALSE,FALSE,FALSE
F9_07_COMP_DTK_COMP_OTH_SOURCE_X,F9-P07-T00-DIR-TRUST-KEY,PC,checkbox,ONE,3,F9-P07-T00-DIR-TRUST-KEY,PC,checkbox,ONE,3,F9_07_COMP_DTK_COMP_OTH_SOURCE_X,0,F9_07_COMP_DTK_COMP_OTH_SOURCE_X,0,kept,FALSE,FALSE,FALSE,FALSE
F9_07_COMP_DTK_COMP_OTH_SUBTOT,F9-P07-T00-DIR-TRUST-KEY,PC,numeric,ONE,1,F9-P07-T00-DIR-TRUST-KEY,PC,numeric,ONE,1,F9_07_COMP_DTK_COMP_OTH_SUBTOT,0,F9_07_COMP_DTK_COMP_OTH_SUBTOT,0,kept,FALSE,FALSE,FALSE,FALSE
F9_07_COMP_DTK_COMP_OTH_TOT,F9-P07-T00-DIR-TRUST-KEY,PC,numeric,ONE,2,F9-P07-T00-DIR-TRUST-KEY,PC,numeric,ONE,2,F9_07_COMP_DTK_COMP_OTH_TOT,0,F9_07_COMP_DTK_COMP_OTH_TOT,0,kept,FALSE,FALSE,FALSE,FALSE
F9_07_COMP_DTK_COMP_RLTD,F9-P07-T01-COMPENSATION,PZ,numeric,MANY,4,F9-P07-T01-COMPENSATION,PZ,numeric,MANY,4,F9_07_COMP_DTK_COMP_RLTD,0,F9_07_COMP_DTK_COMP_RLTD,0,kept,FALSE,FALSE,FALSE,FALSE
F9_07_COMP_DTK_COMP_RLTD_SUBTOT,F9-P07-T00-DIR-TRUST-KEY,PC,numeric,ONE,1,F9-P07-T00-DIR-TRUST-KEY,PC,numeric,ONE,1,F9_07_COMP_DTK_COMP_RLTD_SUBTOT,0,F9_07_COMP_DTK_COMP_RLTD_SUBTOT,0,kept,FALSE,FALSE,FALSE,FALSE
F9_07_COMP_DTK_COMP_RLTD_TOT,F9-P07-T00-DIR-TRUST-KEY,PC,numeric,ONE,2,F9-P07-T00-DIR-TRUST-KEY,PC,numeric,ONE,2,F9_07_COMP_DTK_COMP_RLTD_TOT,0,F9_07_COMP_DTK_COMP_RLTD_TOT,0,kept,FALSE,FALSE,FALSE,FALSE
F9_07_COMP_DTK_EMPL_BEN,F9-P07-T01-COMPENSATION,EZ,numeric,MANY,2,F9-P07-T01-COMPENSATION,EZ,numeric,MANY,2,F9_07_COMP_DTK_EMPL_BEN,0,F9_07_COMP_DTK_EMPL_BEN,0,kept,FALSE,FALSE,FALSE,FALSE
F9_07_COMP_DTK_EMPL_BEN_HCE,F9-P07-T01-COMPENSATION-HCE-EZ,EZ,numeric,MANY,2,F9-P07-T01-COMPENSATION-HCE-EZ,EZ,numeric,MANY,2,F9_07_COMP_DTK_EMPL_BEN_HCE,0,F9_07_COMP_DTK_EMPL_BEN_HCE,0,kept,FALSE,FALSE,FALSE,FALSE
F9_07_COMP_DTK_EXPL_NAME_ORG_L1,F9-P07-T01-COMPENSATION,PZ,text,MANY,2,F9-P07-T01-COMPENSATION,PZ,text,MANY,3,F9_07_COMP_DTK_EXPL_NAME_ORG_L1,0,F9_07_COMP_DTK_EXPL_NAME_ORG_L1,1,kept,FALSE,FALSE,FALSE,TRUE
F9_07_COMP_DTK_EXPL_NAME_ORG_L2,F9-P07-T01-COMPENSATION,PZ,text,MANY,2,F9-P07-T01-COMPENSATION,PZ,text,MANY,3,F9_07_COMP_DTK_EXPL_NAME_ORG_L2,0,F9_07_COMP_DTK_EXPL_NAME_ORG_L2,1,kept,FALSE,FALSE,FALSE,TRUE
F9_07_COMP_DTK_EXPL_NAME_PERS,F9-P07-T01-COMPENSATION,PZ,text,MANY,2,F9-P07-T01-COMPENSATION,PZ,text,MANY,4,F9_07_COMP_DTK_EXPL_NAME_PERS,0,F9_07_COMP_DTK_EXPL_NAME_PERS,2,kept,FALSE,FALSE,FALSE,TRUE
F9_07_COMP_DTK_EXPL_TXT,F9-P07-T01-COMPENSATION,PZ,text,MANY,3,F9-P07-T01-COMPENSATION,PZ,text,MANY,4,F9_07_COMP_DTK_EXPL_TXT,1,F9_07_COMP_DTK_EXPL_TXT,2,kept,FALSE,FALSE,FALSE,TRUE
F9_07_COMP_DTK_EXP_ACCT_HCE,F9-P07-T01-COMPENSATION-HCE-EZ,EZ,numeric,MANY,2,F9-P07-T01-COMPENSATION-HCE-EZ,EZ,numeric,MANY,2,F9_07_COMP_DTK_EXP_ACCT_HCE,0,F9_07_COMP_DTK_EXP_ACCT_HCE,0,kept,FALSE,FALSE,FALSE,FALSE
F9_07_COMP_DTK_FORMER_LISTED_X,F9-P07-T00-DIR-TRUST-KEY,PC,checkbox,ONE,3,F9-P07-T00-DIR-TRUST-KEY,PC,checkbox,ONE,3,F9_07_COMP_DTK_FORMER_LISTED_X,0,F9_07_COMP_DTK_FORMER_LISTED_X,0,kept,FALSE,FALSE,FALSE,FALSE
F9_07_COMP_DTK_NAME_ORG_L1,F9-P07-T01-COMPENSATION,PZ,text,MANY,8,F9-P07-T01-COMPENSATION,PZ,text,MANY,8,F9_07_COMP_DTK_NAME_ORG_L1,0,F9_07_COMP_DTK_NAME_ORG_L1,0,kept,FALSE,FALSE,FALSE,FALSE
F9_07_COMP_DTK_NAME_ORG_L2,F9-P07-T01-COMPENSATION,PZ,text,MANY,9,F9-P07-T01-COMPENSATION,PZ,text,MANY,9,F9_07_COMP_DTK_NAME_ORG_L2,0,F9_07_COMP_DTK_NAME_ORG_L2,0,kept,FALSE,FALSE,FALSE,FALSE
F9_07_COMP_DTK_NAME_PERS,F9-P07-T01-COMPENSATION,PZ,text,MANY,8,F9-P07-T01-COMPENSATION,PZ,text,MANY,8,F9_07_COMP_DTK_NAME_PERS,0,F9_07_COMP_DTK_NAME_PERS,0,kept,FALSE,FALSE,FALSE,FALSE
F9_07_COMP_DTK_NAME_PERS_HCE,F9-P07-T01-COMPENSATION-HCE-EZ,PZ,text,MANY,2,F9-P07-T01-COMPENSATION-HCE-EZ,PZ,text,MANY,2,F9_07_COMP_DTK_NAME_PERS_HCE,0,F9_07_COMP_DTK_NAME_PERS_HCE,0,kept,FALSE,FALSE,FALSE,FALSE
F9_07_COMP_DTK_NONE_HCE,F9-P07-T01-COMPENSATION-HCE-EZ,EZ,text,MANY,2,F9-P07-T00-DIR-TRUST-KEY,EZ,text,ONE,2,F9_07_COMP_DTK_NONE_HCE,0,F9_07_COMP_DTK_NONE_HCE,0,moved_table,,,,
F9_07_COMP_DTK_NO_LISTED_X,F9-P07-T00-DIR-TRUST-KEY,PC,checkbox,ONE,3,F9-P07-T00-DIR-TRUST-KEY,PC,checkbox,ONE,3,F9_07_COMP_DTK_NO_LISTED_X,0,F9_07_COMP_DTK_NO_LISTED_X,0,kept,FALSE,FALSE,FALSE,FALSE
F9_07_COMP_DTK_NUM_GT_100K,F9-P07-T00-DIR-TRUST-KEY,PC,numeric,ONE,3,F9-P07-T00-DIR-TRUST-KEY,PC,numeric,ONE,3,F9_07_COMP_DTK_NUM_GT_100K,0,F9_07_COMP_DTK_NUM_GT_100K,0,kept,FALSE,FALSE,FALSE,FALSE
F9_07_COMP_DTK_NUM_GT_100K_HCE,F9-P07-T00-DIR-TRUST-KEY,EZ,numeric,ONE,2,F9-P07-T00-DIR-TRUST-KEY,EZ,numeric,ONE,2,F9_07_COMP_DTK_NUM_GT_100K_HCE,0,F9_07_COMP_DTK_NUM_GT_100K_HCE,0,kept,FALSE,FALSE,FALSE,FALSE
F9_07_COMP_DTK_POS_FORMER_X,F9-P07-T01-COMPENSATION,PC,checkbox,MANY,2,F9-P07-T01-COMPENSATION,PC,checkbox,MANY,2,F9_07_COMP_DTK_POS_FORMER_X,0,F9_07_COMP_DTK_POS_FORMER_X,0,kept,FALSE,FALSE,FALSE,FALSE
F9_07_COMP_DTK_POS_HIGH_COMP_X,F9-P07-T01-COMPENSATION,PC,checkbox,MANY,2,F9-P07-T01-COMPENSATION,PC,checkbox,MANY,2,F9_07_COMP_DTK_POS_HIGH_COMP_X,0,F9_07_COMP_DTK_POS_HIGH_COMP_X,0,kept,FALSE,FALSE,FALSE,FALSE
F9_07_COMP_DTK_POS_INDIV_TRUST_X,F9-P07-T01-COMPENSATION,PC,checkbox,MANY,2,F9-P07-T01-COMPENSATION,PC,checkbox,MANY,2,F9_07_COMP_DTK_POS_INDIV_TRUST_X,0,F9_07_COMP_DTK_POS_INDIV_TRUST_X,0,kept,FALSE,FALSE,FALSE,FALSE
F9_07_COMP_DTK_POS_INST_TRUST_X,F9-P07-T01-COMPENSATION,PC,checkbox,MANY,2,F9-P07-T01-COMPENSATION,PC,checkbox,MANY,2,F9_07_COMP_DTK_POS_INST_TRUST_X,0,F9_07_COMP_DTK_POS_INST_TRUST_X,0,kept,FALSE,FALSE,FALSE,FALSE
F9_07_COMP_DTK_POS_KEY_EMPL_X,F9-P07-T01-COMPENSATION,PC,checkbox,MANY,2,F9-P07-T01-COMPENSATION,PC,checkbox,MANY,2,F9_07_COMP_DTK_POS_KEY_EMPL_X,0,F9_07_COMP_DTK_POS_KEY_EMPL_X,0,kept,FALSE,FALSE,FALSE,FALSE
F9_07_COMP_DTK_POS_OFF_X,F9-P07-T01-COMPENSATION,PC,checkbox,MANY,2,F9-P07-T01-COMPENSATION,PC,checkbox,MANY,2,F9_07_COMP_DTK_POS_OFF_X,0,F9_07_COMP_DTK_POS_OFF_X,0,kept,FALSE,FALSE,FALSE,FALSE
F9_07_COMP_DTK_TITLE,F9-P07-T01-COMPENSATION,PZ,text,MANY,6,F9-P07-T01-COMPENSATION,PZ,text,MANY,6,F9_07_COMP_DTK_TITLE,0,F9_07_COMP_DTK_TITLE,0,kept,FALSE,FALSE,FALSE,FALSE
F9_07_COMP_DTK_TITLE_HCE,F9-P07-T01-COMPENSATION-HCE-EZ,PZ,text,MANY,2,F9-P07-T01-COMPENSATION-HCE-EZ,PZ,text,MANY,2,F9_07_COMP_DTK_TITLE_HCE,0,F9_07_COMP_DTK_TITLE_HCE,0,kept,FALSE,FALSE,FALSE,FALSE
F9_07_COMP_KONTR_ADDR_CITY,F9-P07-T02-CONTRACTORS,PZ,text,MANY,14,F9-P07-T02-CONTRACTORS,PZ,text,MANY,14,F9_07_COMP_KONTR_ADDR_CITY,0,F9_07_COMP_KONTR_ADDR_CITY,0,kept,FALSE,FALSE,FALSE,FALSE
F9_07_COMP_KONTR_ADDR_CNTR,F9-P07-T02-CONTRACTORS,PZ,text,MANY,7,F9-P07-T02-CONTRACTORS,PZ,text,MANY,7,F9_07_COMP_KONTR_ADDR_CNTR,0,F9_07_COMP_KONTR_ADDR_CNTR,0,kept,FALSE,FALSE,FALSE,FALSE
F9_07_COMP_KONTR_ADDR_L1,F9-P07-T02-CONTRACTORS,PZ,text,MANY,14,F9-P07-T02-CONTRACTORS,PZ,text,MANY,14,F9_07_COMP_KONTR_ADDR_L1,0,F9_07_COMP_KONTR_ADDR_L1,0,kept,FALSE,FALSE,FALSE,FALSE
F9_07_COMP_KONTR_ADDR_L2,F9-P07-T02-CONTRACTORS,PZ,text,MANY,14,F9-P07-T02-CONTRACTORS,PZ,text,MANY,14,F9_07_COMP_KONTR_ADDR_L2,0,F9_07_COMP_KONTR_ADDR_L2,0,kept,FALSE,FALSE,FALSE,FALSE
F9_07_COMP_KONTR_ADDR_STATE,F9-P07-T02-CONTRACTORS,PZ,text,MANY,14,F9-P07-T02-CONTRACTORS,PZ,text,MANY,14,F9_07_COMP_KONTR_ADDR_STATE,0,F9_07_COMP_KONTR_ADDR_STATE,0,kept,FALSE,FALSE,FALSE,FALSE
F9_07_COMP_KONTR_ADDR_ZIP,F9-P07-T02-CONTRACTORS,PZ,text,MANY,14,F9-P07-T02-CONTRACTORS,PZ,text,MANY,14,F9_07_COMP_KONTR_ADDR_ZIP,0,F9_07_COMP_KONTR_ADDR_ZIP,0,kept,FALSE,FALSE,FALSE,FALSE
F9_07_COMP_KONTR_COMP,F9-P07-T02-CONTRACTORS,PZ,numeric,MANY,5,F9-P07-T02-CONTRACTORS,PZ,numeric,MANY,5,F9_07_COMP_KONTR_COMP,0,F9_07_COMP_KONTR_COMP,0,kept,FALSE,FALSE,FALSE,FALSE
F9_07_COMP_KONTR_DESC_SVC,F9-P07-T02-CONTRACTORS,PZ,text,MANY,5,F9-P07-T02-CONTRACTORS,PZ,text,MANY,5,F9_07_COMP_KONTR_DESC_SVC,0,F9_07_COMP_KONTR_DESC_SVC,0,kept,FALSE,FALSE,FALSE,FALSE
F9_07_COMP_KONTR_NAME_ORG_L1,F9-P07-T02-CONTRACTORS,PZ,text,MANY,7,F9-P07-T02-CONTRACTORS,PZ,text,MANY,7,F9_07_COMP_KONTR_NAME_ORG_L1,0,F9_07_COMP_KONTR_NAME_ORG_L1,0,kept,FALSE,FALSE,FALSE,FALSE
F9_07_COMP_KONTR_NAME_ORG_L2,F9-P07-T02-CONTRACTORS,PZ,text,MANY,7,F9-P07-T02-CONTRACTORS,PZ,text,MANY,7,F9_07_COMP_KONTR_NAME_ORG_L2,0,F9_07_COMP_KONTR_NAME_ORG_L2,0,kept,FALSE,FALSE,FALSE,FALSE
F9_07_COMP_KONTR_NAME_PERS,F9-P07-T02-CONTRACTORS,PZ,text,MANY,5,F9-P07-T02-CONTRACTORS,PZ,text,MANY,5,F9_07_COMP_KONTR_NAME_PERS,0,F9_07_COMP_KONTR_NAME_PERS,0,kept,FALSE,FALSE,FALSE,FALSE
F9_07_COMP_KONTR_NONE,F9-P07-T02-CONTRACTORS,PZ,text,MANY,2,F9-P07-T00-DIR-TRUST-KEY,PZ,text,ONE,2,F9_07_COMP_KONTR_NONE,0,F9_07_COMP_KONTR_NONE,0,moved_table,,,,
F9_07_COMP_KONTR_NUM_GT_100K,F9-P07-T00-DIR-TRUST-KEY,PZ,numeric,ONE,5,F9-P07-T00-DIR-TRUST-KEY,PZ,numeric,ONE,5,F9_07_COMP_KONTR_NUM_GT_100K,0,F9_07_COMP_KONTR_NUM_GT_100K,0,kept,FALSE,FALSE,FALSE,FALSE
F9_07_INFO_SCHED_O_X,F9-P07-T00-DIR-TRUST-KEY,PZ,checkbox,ONE,6,F9-P07-T00-DIR-TRUST-KEY,PZ,checkbox,ONE,6,F9_07_INFO_SCHED_O_X,0,F9_07_INFO_SCHED_O_X,0,kept,FALSE,FALSE,FALSE,FALSE
F9_07_SCHED_A_FILED_X,F9-P07-T00-DIR-TRUST-KEY,EZ,checkbox,ONE,2,F9-P07-T00-DIR-TRUST-KEY,EZ,checkbox,ONE,2,F9_07_SCHED_A_FILED_X,0,F9_07_SCHED_A_FILED_X,0,kept,FALSE,FALSE,FALSE,FALSE
F9_08_INFO_SCHED_O_X,F9-P08-T00-REVENUE,PC,checkbox,ONE,2,F9-P08-T00-REVENUE,PC,checkbox,ONE,2,F9_08_INFO_SCHED_O_X,0,F9_08_INFO_SCHED_O_X,0,kept,FALSE,FALSE,FALSE,FALSE
F9_08_REV_CONTR_FED_CAMP,F9-P08-T00-REVENUE,PC,numeric,ONE,3,F9-P08-T00-REVENUE,PC,numeric,ONE,3,F9_08_REV_CONTR_FED_CAMP,0,F9_08_REV_CONTR_FED_CAMP,0,kept,FALSE,FALSE,FALSE,FALSE
F9_08_REV_CONTR_FUNDR_EVNT,F9-P08-T00-REVENUE,PC,numeric,ONE,3,F9-P08-T00-REVENUE,PC,numeric,ONE,3,F9_08_REV_CONTR_FUNDR_EVNT,0,F9_08_REV_CONTR_FUNDR_EVNT,0,kept,FALSE,FALSE,FALSE,FALSE
F9_08_REV_CONTR_GOVT_GRANT,F9-P08-T00-REVENUE,PC,numeric,ONE,3,F9-P08-T00-REVENUE,PC,numeric,ONE,3,F9_08_REV_CONTR_GOVT_GRANT,0,F9_08_REV_CONTR_GOVT_GRANT,0,kept,FALSE,FALSE,FALSE,FALSE
F9_08_REV_CONTR_MEMBSHIP_DUE,F9-P08-T00-REVENUE,PZ,numeric,ONE,4,F9-P08-T00-REVENUE,PZ,numeric,ONE,4,F9_08_REV_CONTR_MEMBSHIP_DUE,0,F9_08_REV_CONTR_MEMBSHIP_DUE,0,kept,FALSE,FALSE,FALSE,FALSE
F9_08_REV_CONTR_NONCSH,F9-P08-T00-REVENUE,PC,numeric,ONE,3,F9-P08-T00-REVENUE,PC,numeric,ONE,3,F9_08_REV_CONTR_NONCSH,0,F9_08_REV_CONTR_NONCSH,0,kept,FALSE,FALSE,FALSE,FALSE
F9_08_REV_CONTR_OTH,F9-P08-T00-REVENUE,PC,numeric,ONE,3,F9-P08-T00-REVENUE,PC,numeric,ONE,3,F9_08_REV_CONTR_OTH,0,F9_08_REV_CONTR_OTH,0,kept,FALSE,FALSE,FALSE,FALSE
F9_08_REV_CONTR_RLTD_ORG,F9-P08-T00-REVENUE,PC,numeric,ONE,3,F9-P08-T00-REVENUE,PC,numeric,ONE,3,F9_08_REV_CONTR_RLTD_ORG,0,F9_08_REV_CONTR_RLTD_ORG,0,kept,FALSE,FALSE,FALSE,FALSE
F9_08_REV_CONTR_TOT,F9-P08-T00-REVENUE,PC,numeric,ONE,3,F9-P08-T00-REVENUE,PC,numeric,ONE,3,F9_08_REV_CONTR_TOT,0,F9_08_REV_CONTR_TOT,0,kept,FALSE,FALSE,FALSE,FALSE
F9_08_REV_MISC_BIZCODE,F9-P08-T02-REVENUE-MISC,PC,numeric,MANY,3,F9-P08-T02-REVENUE-MISC,PC,numeric,MANY,3,F9_08_REV_MISC_BIZCODE,0,F9_08_REV_MISC_BIZCODE,0,kept,FALSE,FALSE,FALSE,FALSE
F9_08_REV_MISC_DESC,F9-P08-T02-REVENUE-MISC,PC,text,MANY,3,F9-P08-T02-REVENUE-MISC,PC,text,MANY,3,F9_08_REV_MISC_DESC,0,F9_08_REV_MISC_DESC,0,kept,FALSE,FALSE,FALSE,FALSE
F9_08_REV_MISC_EXCL,F9-P08-T02-REVENUE-MISC,PC,numeric,MANY,3,F9-P08-T02-REVENUE-MISC,PC,numeric,MANY,3,F9_08_REV_MISC_EXCL,0,F9_08_REV_MISC_EXCL,0,kept,FALSE,FALSE,FALSE,FALSE
F9_08_REV_MISC_OTH_EXCL,F9-P08-T00-REVENUE,PC,numeric,ONE,3,F9-P08-T00-REVENUE,PC,numeric,ONE,3,F9_08_REV_MISC_OTH_EXCL,0,F9_08_REV_MISC_OTH_EXCL,0,kept,FALSE,FALSE,FALSE,FALSE
F9_08_REV_MISC_OTH_RLTD,F9-P08-T00-REVENUE,PC,numeric,ONE,3,F9-P08-T00-REVENUE,PC,numeric,ONE,3,F9_08_REV_MISC_OTH_RLTD,0,F9_08_REV_MISC_OTH_RLTD,0,kept,FALSE,FALSE,FALSE,FALSE
F9_08_REV_MISC_OTH_TOT,F9-P08-T00-REVENUE,PC,numeric,ONE,3,F9-P08-T00-REVENUE,PC,numeric,ONE,3,F9_08_REV_MISC_OTH_TOT,0,F9_08_REV_MISC_OTH_TOT,0,kept,FALSE,FALSE,FALSE,FALSE
F9_08_REV_MISC_OTH_UBIZ,F9-P08-T00-REVENUE,PC,numeric,ONE,3,F9-P08-T00-REVENUE,PC,numeric,ONE,3,F9_08_REV_MISC_OTH_UBIZ,0,F9_08_REV_MISC_OTH_UBIZ,0,kept,FALSE,FALSE,FALSE,FALSE
F9_08_REV_MISC_RLTD,F9-P08-T02-REVENUE-MISC,PC,numeric,MANY,3,F9-P08-T02-REVENUE-MISC,PC,numeric,MANY,3,F9_08_REV_MISC_RLTD,0,F9_08_REV_MISC_RLTD,0,kept,FALSE,FALSE,FALSE,FALSE
F9_08_REV_MISC_TOT,F9-P08-T02-REVENUE-MISC,PC,numeric,MANY,3,F9-P08-T02-REVENUE-MISC,PC,numeric,MANY,3,F9_08_REV_MISC_TOT,0,F9_08_REV_MISC_TOT,0,kept,FALSE,FALSE,FALSE,FALSE
F9_08_REV_MISC_TOT_TOT,F9-P08-T00-REVENUE,PZ,numeric,ONE,7,F9-P08-T00-REVENUE,PZ,numeric,ONE,7,F9_08_REV_MISC_TOT_TOT,0,F9_08_REV_MISC_TOT_TOT,0,kept,FALSE,FALSE,FALSE,FALSE
F9_08_REV_MISC_UBIZ,F9-P08-T02-REVENUE-MISC,PC,numeric,MANY,3,F9-P08-T02-REVENUE-MISC,PC,numeric,MANY,3,F9_08_REV_MISC_UBIZ,0,F9_08_REV_MISC_UBIZ,0,kept,FALSE,FALSE,FALSE,FALSE
F9_08_REV_OTH_EVNT_DIRECT_EXP,F9-P08-T00-REVENUE,PZ,numeric,ONE,2,F9-P08-T00-REVENUE,PZ,numeric,ONE,2,F9_08_REV_OTH_EVNT_DIRECT_EXP,0,F9_08_REV_OTH_EVNT_DIRECT_EXP,0,kept,FALSE,FALSE,FALSE,FALSE
F9_08_REV_OTH_EVNT_GRO,,,,,,F9-P08-T00-REVENUE,PZ,numeric,ONE,2,,,F9_08_REV_OTH_GAMING,0,new_in_v2,,,,
F9_08_REV_OTH_EVNT_NET_TOT,F9-P08-T00-REVENUE,PZ,numeric,ONE,2,F9-P08-T00-REVENUE,PZ,numeric,ONE,2,F9_08_REV_OTH_EVNT_NET_TOT,0,F9_08_REV_OTH_EVNT_NET_TOT,0,kept,FALSE,FALSE,FALSE,FALSE
F9_08_REV_OTH_FUNDR_DIRECT_EXP,F9-P08-T00-REVENUE,PZ,numeric,ONE,3,F9-P08-T00-REVENUE,PZ,numeric,ONE,3,F9_08_REV_OTH_FUNDR_DIRECT_EXP,0,F9_08_REV_OTH_FUNDR_DIRECT_EXP,0,kept,FALSE,FALSE,FALSE,FALSE
F9_08_REV_OTH_FUNDR_EVNT_0,F9-P08-T00-REVENUE,PZ,numeric,ONE,3,F9-P08-T00-REVENUE,PZ,numeric,ONE,3,F9_08_REV_OTH_FUNDR_EVNT_0,0,F9_08_REV_OTH_FUNDR_EVNT_0,0,kept,FALSE,FALSE,FALSE,FALSE
F9_08_REV_OTH_FUNDR_EVNT_1,F9-P08-T00-REVENUE,PZ,numeric,ONE,5,F9-P08-T00-REVENUE,PZ,numeric,ONE,5,F9_08_REV_OTH_FUNDR_EVNT_1,0,F9_08_REV_OTH_FUNDR_EVNT_1,0,kept,FALSE,FALSE,FALSE,FALSE
F9_08_REV_OTH_FUNDR_NET_EXCL,F9-P08-T00-REVENUE,PC,numeric,ONE,3,F9-P08-T00-REVENUE,PC,numeric,ONE,3,F9_08_REV_OTH_FUNDR_NET_EXCL,0,F9_08_REV_OTH_FUNDR_NET_EXCL,0,kept,FALSE,FALSE,FALSE,FALSE
F9_08_REV_OTH_FUNDR_NET_RLTD,F9-P08-T00-REVENUE,PC,numeric,ONE,2,F9-P08-T00-REVENUE,PC,numeric,ONE,2,F9_08_REV_OTH_FUNDR_NET_RLTD,0,F9_08_REV_OTH_FUNDR_NET_RLTD,0,kept,FALSE,FALSE,FALSE,FALSE
F9_08_REV_OTH_FUNDR_NET_TOT,F9-P08-T00-REVENUE,PZ,numeric,ONE,3,F9-P08-T00-REVENUE,PZ,numeric,ONE,3,F9_08_REV_OTH_FUNDR_NET_TOT,0,F9_08_REV_OTH_FUNDR_NET_TOT,0,kept,FALSE,FALSE,FALSE,FALSE
F9_08_REV_OTH_FUNDR_NET_UBIZ,F9-P08-T00-REVENUE,PC,numeric,ONE,3,F9-P08-T00-REVENUE,PC,numeric,ONE,3,F9_08_REV_OTH_FUNDR_NET_UBIZ,0,F9_08_REV_OTH_FUNDR_NET_UBIZ,0,kept,FALSE,FALSE,FALSE,FALSE
F9_08_REV_OTH_GAMING,F9-P08-T00-REVENUE,PZ,numeric,ONE,8,F9-P08-T00-REVENUE,PZ,numeric,ONE,6,F9_08_REV_OTH_EVNT_GRO;F9_08_REV_OTH_GAMING,0,F9_08_REV_OTH_GAMING,0,kept,FALSE,FALSE,FALSE,TRUE
F9_08_REV_OTH_GAMING_DIRECT_EXP,F9-P08-T00-REVENUE,PZ,numeric,ONE,3,F9-P08-T00-REVENUE,PZ,numeric,ONE,3,F9_08_REV_OTH_GAMING_DIRECT_EXP,0,F9_08_REV_OTH_GAMING_DIRECT_EXP,0,kept,FALSE,FALSE,FALSE,FALSE
F9_08_REV_OTH_GAMING_NET_EXCL,F9-P08-T00-REVENUE,PC,numeric,ONE,3,F9-P08-T00-REVENUE,PC,numeric,ONE,3,F9_08_REV_OTH_GAMING_NET_EXCL,0,F9_08_REV_OTH_GAMING_NET_EXCL,0,kept,FALSE,FALSE,FALSE,FALSE
F9_08_REV_OTH_GAMING_NET_RLTD,F9-P08-T00-REVENUE,PC,numeric,ONE,3,F9-P08-T00-REVENUE,PC,numeric,ONE,3,F9_08_REV_OTH_GAMING_NET_RLTD,0,F9_08_REV_OTH_GAMING_NET_RLTD,0,kept,FALSE,FALSE,FALSE,FALSE
F9_08_REV_OTH_GAMING_NET_TOT,F9-P08-T00-REVENUE,PZ,numeric,ONE,3,F9-P08-T00-REVENUE,PZ,numeric,ONE,3,F9_08_REV_OTH_GAMING_NET_TOT,0,F9_08_REV_OTH_GAMING_NET_TOT,0,kept,FALSE,FALSE,FALSE,FALSE
F9_08_REV_OTH_GAMING_NET_UBIZ,F9-P08-T00-REVENUE,PC,numeric,ONE,3,F9-P08-T00-REVENUE,PC,numeric,ONE,3,F9_08_REV_OTH_GAMING_NET_UBIZ,0,F9_08_REV_OTH_GAMING_NET_UBIZ,0,kept,FALSE,FALSE,FALSE,FALSE
F9_08_REV_OTH_INVEST_BOND_EXCL,F9-P08-T00-REVENUE,PC,numeric,ONE,3,F9-P08-T00-REVENUE,PC,numeric,ONE,3,F9_08_REV_OTH_INVEST_BOND_EXCL,0,F9_08_REV_OTH_INVEST_BOND_EXCL,0,kept,FALSE,FALSE,FALSE,FALSE
F9_08_REV_OTH_INVEST_BOND_RLTD,F9-P08-T00-REVENUE,PC,numeric,ONE,3,F9-P08-T00-REVENUE,PC,numeric,ONE,3,F9_08_REV_OTH_INVEST_BOND_RLTD,0,F9_08_REV_OTH_INVEST_BOND_RLTD,0,kept,FALSE,FALSE,FALSE,FALSE
F9_08_REV_OTH_INVEST_BOND_TOT,F9-P08-T00-REVENUE,PC,numeric,ONE,3,F9-P08-T00-REVENUE,PC,numeric,ONE,3,F9_08_REV_OTH_INVEST_BOND_TOT,0,F9_08_REV_OTH_INVEST_BOND_TOT,0,kept,FALSE,FALSE,FALSE,FALSE
F9_08_REV_OTH_INVEST_BOND_UBIZ,F9-P08-T00-REVENUE,PC,numeric,ONE,3,F9-P08-T00-REVENUE,PC,numeric,ONE,3,F9_08_REV_OTH_INVEST_BOND_UBIZ,0,F9_08_REV_OTH_INVEST_BOND_UBIZ,0,kept,FALSE,FALSE,FALSE,FALSE
F9_08_REV_OTH_INVEST_INCOME_EXCL,F9-P08-T00-REVENUE,PC,numeric,ONE,3,F9-P08-T00-REVENUE,PC,numeric,ONE,3,F9_08_REV_OTH_INVEST_INCOME_EXCL,0,F9_08_REV_OTH_INVEST_INCOME_EXCL,0,kept,FALSE,FALSE,FALSE,FALSE
F9_08_REV_OTH_INVEST_INCOME_RLTD,F9-P08-T00-REVENUE,PC,numeric,ONE,3,F9-P08-T00-REVENUE,PC,numeric,ONE,3,F9_08_REV_OTH_INVEST_INCOME_RLTD,0,F9_08_REV_OTH_INVEST_INCOME_RLTD,0,kept,FALSE,FALSE,FALSE,FALSE
F9_08_REV_OTH_INVEST_INCOME_TOT,F9-P08-T00-REVENUE,PZ,numeric,ONE,7,F9-P08-T00-REVENUE,PZ,numeric,ONE,7,F9_08_REV_OTH_INVEST_INCOME_TOT,0,F9_08_REV_OTH_INVEST_INCOME_TOT,0,kept,FALSE,FALSE,FALSE,FALSE
F9_08_REV_OTH_INVEST_INCOME_UBIZ,F9-P08-T00-REVENUE,PC,numeric,ONE,3,F9-P08-T00-REVENUE,PC,numeric,ONE,3,F9_08_REV_OTH_INVEST_INCOME_UBIZ,0,F9_08_REV_OTH_INVEST_INCOME_UBIZ,0,kept,FALSE,FALSE,FALSE,FALSE
F9_08_REV_OTH_INV_COST_GOODS,F9-P08-T00-REVENUE,PZ,numeric,ONE,5,F9-P08-T00-REVENUE,PZ,numeric,ONE,5,F9_08_REV_OTH_INV_COST_GOODS,0,F9_08_REV_OTH_INV_COST_GOODS,0,kept,FALSE,FALSE,FALSE,FALSE
F9_08_REV_OTH_INV_GRO_SALE,F9-P08-T00-REVENUE,PZ,numeric,ONE,5,F9-P08-T00-REVENUE,PZ,numeric,ONE,5,F9_08_REV_OTH_INV_GRO_SALE,0,F9_08_REV_OTH_INV_GRO_SALE,0,kept,FALSE,FALSE,FALSE,FALSE
F9_08_REV_OTH_INV_NET_EXCL,F9-P08-T00-REVENUE,PC,numeric,ONE,3,F9-P08-T00-REVENUE,PC,numeric,ONE,3,F9_08_REV_OTH_INV_NET_EXCL,0,F9_08_REV_OTH_INV_NET_EXCL,0,kept,FALSE,FALSE,FALSE,FALSE
F9_08_REV_OTH_INV_NET_RLTD,F9-P08-T00-REVENUE,PC,numeric,ONE,3,F9-P08-T00-REVENUE,PC,numeric,ONE,3,F9_08_REV_OTH_INV_NET_RLTD,0,F9_08_REV_OTH_INV_NET_RLTD,0,kept,FALSE,FALSE,FALSE,FALSE
F9_08_REV_OTH_INV_NET_TOT,F9-P08-T00-REVENUE,PZ,numeric,ONE,5,F9-P08-T00-REVENUE,PZ,numeric,ONE,5,F9_08_REV_OTH_INV_NET_TOT,0,F9_08_REV_OTH_INV_NET_TOT,0,kept,FALSE,FALSE,FALSE,FALSE
F9_08_REV_OTH_INV_NET_UBIZ,F9-P08-T00-REVENUE,PC,numeric,ONE,3,F9-P08-T00-REVENUE,PC,numeric,ONE,3,F9_08_REV_OTH_INV_NET_UBIZ,0,F9_08_REV_OTH_INV_NET_UBIZ,0,kept,FALSE,FALSE,FALSE,FALSE
F9_08_REV_OTH_RENT_GRO_PERS,F9-P08-T00-REVENUE,PC,numeric,ONE,3,F9-P08-T00-REVENUE,PC,numeric,ONE,3,F9_08_REV_OTH_RENT_GRO_PERS,0,F9_08_REV_OTH_RENT_GRO_PERS,0,kept,FALSE,FALSE,FALSE,FALSE
F9_08_REV_OTH_RENT_GRO_REAL,F9-P08-T00-REVENUE,PC,numeric,ONE,3,F9-P08-T00-REVENUE,PC,numeric,ONE,3,F9_08_REV_OTH_RENT_GRO_REAL,0,F9_08_REV_OTH_RENT_GRO_REAL,0,kept,FALSE,FALSE,FALSE,FALSE
F9_08_REV_OTH_RENT_INCOME_PERS,F9-P08-T00-REVENUE,PC,numeric,ONE,3,F9-P08-T00-REVENUE,PC,numeric,ONE,3,F9_08_REV_OTH_RENT_INCOME_PERS,0,F9_08_REV_OTH_RENT_INCOME_PERS,0,kept,FALSE,FALSE,FALSE,FALSE
F9_08_REV_OTH_RENT_INCOME_REAL,F9-P08-T00-REVENUE,PC,numeric,ONE,3,F9-P08-T00-REVENUE,PC,numeric,ONE,3,F9_08_REV_OTH_RENT_INCOME_REAL,0,F9_08_REV_OTH_RENT_INCOME_REAL,0,kept,FALSE,FALSE,FALSE,FALSE
F9_08_REV_OTH_RENT_LESS_EXP_PERS,F9-P08-T00-REVENUE,PC,numeric,ONE,3,F9-P08-T00-REVENUE,PC,numeric,ONE,3,F9_08_REV_OTH_RENT_LESS_EXP_PERS,0,F9_08_REV_OTH_RENT_LESS_EXP_PERS,0,kept,FALSE,FALSE,FALSE,FALSE
F9_08_REV_OTH_RENT_LESS_EXP_REAL,F9-P08-T00-REVENUE,PC,numeric,ONE,3,F9-P08-T00-REVENUE,PC,numeric,ONE,3,F9_08_REV_OTH_RENT_LESS_EXP_REAL,0,F9_08_REV_OTH_RENT_LESS_EXP_REAL,0,kept,FALSE,FALSE,FALSE,FALSE
F9_08_REV_OTH_RENT_NET_EXCL,F9-P08-T00-REVENUE,PC,numeric,ONE,3,F9-P08-T00-REVENUE,PC,numeric,ONE,3,F9_08_REV_OTH_RENT_NET_EXCL,0,F9_08_REV_OTH_RENT_NET_EXCL,0,kept,FALSE,FALSE,FALSE,FALSE
F9_08_REV_OTH_RENT_NET_RLTD,F9-P08-T00-REVENUE,PC,numeric,ONE,3,F9-P08-T00-REVENUE,PC,numeric,ONE,3,F9_08_REV_OTH_RENT_NET_RLTD,0,F9_08_REV_OTH_RENT_NET_RLTD,0,kept,FALSE,FALSE,FALSE,FALSE
F9_08_REV_OTH_RENT_NET_TOT,F9-P08-T00-REVENUE,PC,numeric,ONE,3,F9-P08-T00-REVENUE,PC,numeric,ONE,3,F9_08_REV_OTH_RENT_NET_TOT,0,F9_08_REV_OTH_RENT_NET_TOT,0,kept,FALSE,FALSE,FALSE,FALSE
F9_08_REV_OTH_RENT_NET_UBIZ,F9-P08-T00-REVENUE,PC,numeric,ONE,3,F9-P08-T00-REVENUE,PC,numeric,ONE,3,F9_08_REV_OTH_RENT_NET_UBIZ,0,F9_08_REV_OTH_RENT_NET_UBIZ,0,kept,FALSE,FALSE,FALSE,FALSE
F9_08_REV_OTH_ROY_EXCL,F9-P08-T00-REVENUE,PC,numeric,ONE,3,F9-P08-T00-REVENUE,PC,numeric,ONE,3,F9_08_REV_OTH_ROY_EXCL,0,F9_08_REV_OTH_ROY_EXCL,0,kept,FALSE,FALSE,FALSE,FALSE
F9_08_REV_OTH_ROY_RLTD,F9-P08-T00-REVENUE,PC,numeric,ONE,3,F9-P08-T00-REVENUE,PC,numeric,ONE,3,F9_08_REV_OTH_ROY_RLTD,0,F9_08_REV_OTH_ROY_RLTD,0,kept,FALSE,FALSE,FALSE,FALSE
F9_08_REV_OTH_ROY_TOT,F9-P08-T00-REVENUE,PC,numeric,ONE,3,F9-P08-T00-REVENUE,PC,numeric,ONE,3,F9_08_REV_OTH_ROY_TOT,0,F9_08_REV_OTH_ROY_TOT,0,kept,FALSE,FALSE,FALSE,FALSE
F9_08_REV_OTH_ROY_UBIZ,F9-P08-T00-REVENUE,PC,numeric,ONE,3,F9-P08-T00-REVENUE,PC,numeric,ONE,3,F9_08_REV_OTH_ROY_UBIZ,0,F9_08_REV_OTH_ROY_UBIZ,0,kept,FALSE,FALSE,FALSE,FALSE
F9_08_REV_OTH_SALE_ASSET,F9-P08-T00-REVENUE,PZ,numeric,ONE,2,F9-P08-T00-REVENUE,PZ,numeric,ONE,2,F9_08_REV_OTH_SALE_ASSET,0,F9_08_REV_OTH_SALE_ASSET,0,kept,FALSE,FALSE,FALSE,FALSE
F9_08_REV_OTH_SALE_ASSET_OTH,F9-P08-T00-REVENUE,PZ,numeric,ONE,3,F9-P08-T00-REVENUE,PZ,numeric,ONE,3,F9_08_REV_OTH_SALE_ASSET_OTH,0,F9_08_REV_OTH_SALE_ASSET_OTH,0,kept,FALSE,FALSE,FALSE,FALSE
F9_08_REV_OTH_SALE_ASSET_SEC,F9-P08-T00-REVENUE,PC;PZ,numeric,ONE,3,F9-P08-T00-REVENUE,PC;PZ,numeric,ONE,3,F9_08_REV_OTH_SALE_ASSET_SEC,0,F9_08_REV_OTH_SALE_ASSET_SEC,0,kept,FALSE,FALSE,FALSE,FALSE
F9_08_REV_OTH_SALE_GAIN_NET_EXCL,F9-P08-T00-REVENUE,PC,numeric,ONE,3,F9-P08-T00-REVENUE,PC,numeric,ONE,3,F9_08_REV_OTH_SALE_GAIN_NET_EXCL,0,F9_08_REV_OTH_SALE_GAIN_NET_EXCL,0,kept,FALSE,FALSE,FALSE,FALSE
F9_08_REV_OTH_SALE_GAIN_NET_RLTD,F9-P08-T00-REVENUE,PC,numeric,ONE,3,F9-P08-T00-REVENUE,PC,numeric,ONE,3,F9_08_REV_OTH_SALE_GAIN_NET_RLTD,0,F9_08_REV_OTH_SALE_GAIN_NET_RLTD,0,kept,FALSE,FALSE,FALSE,FALSE
F9_08_REV_OTH_SALE_GAIN_NET_TOT,F9-P08-T00-REVENUE,PZ,numeric,ONE,5,F9-P08-T00-REVENUE,PZ,numeric,ONE,5,F9_08_REV_OTH_SALE_GAIN_NET_TOT,0,F9_08_REV_OTH_SALE_GAIN_NET_TOT,0,kept,FALSE,FALSE,FALSE,FALSE
F9_08_REV_OTH_SALE_GAIN_NET_UBIZ,F9-P08-T00-REVENUE,PC,numeric,ONE,3,F9-P08-T00-REVENUE,PC,numeric,ONE,3,F9_08_REV_OTH_SALE_GAIN_NET_UBIZ,0,F9_08_REV_OTH_SALE_GAIN_NET_UBIZ,0,kept,FALSE,FALSE,FALSE,FALSE
F9_08_REV_OTH_SALE_GAIN_OTH,F9-P08-T00-REVENUE,PC,numeric,ONE,3,F9-P08-T00-REVENUE,PC,numeric,ONE,3,F9_08_REV_OTH_SALE_GAIN_OTH,0,F9_08_REV_OTH_SALE_GAIN_OTH,0,kept,FALSE,FALSE,FALSE,FALSE
F9_08_REV_OTH_SALE_GAIN_SEC,F9-P08-T00-REVENUE,PC,numeric,ONE,3,F9-P08-T00-REVENUE,PC,numeric,ONE,3,F9_08_REV_OTH_SALE_GAIN_SEC,0,F9_08_REV_OTH_SALE_GAIN_SEC,0,kept,FALSE,FALSE,FALSE,FALSE
F9_08_REV_OTH_SALE_LESS_COST,F9-P08-T00-REVENUE,PZ,numeric,ONE,2,F9-P08-T00-REVENUE,PZ,numeric,ONE,2,F9_08_REV_OTH_SALE_LESS_COST,0,F9_08_REV_OTH_SALE_LESS_COST,0,kept,FALSE,FALSE,FALSE,FALSE
F9_08_REV_OTH_SALE_LESS_COST_OTH,F9-P08-T00-REVENUE,PZ,numeric,ONE,3,F9-P08-T00-REVENUE,PZ,numeric,ONE,3,F9_08_REV_OTH_SALE_LESS_COST_OTH,0,F9_08_REV_OTH_SALE_LESS_COST_OTH,0,kept,FALSE,FALSE,FALSE,FALSE
F9_08_REV_OTH_SALE_LESS_COST_SEC,F9-P08-T00-REVENUE,PZ,numeric,ONE,3,F9-P08-T00-REVENUE,PZ,numeric,ONE,3,F9_08_REV_OTH_SALE_LESS_COST_SEC,0,F9_08_REV_OTH_SALE_LESS_COST_SEC,0,kept,FALSE,FALSE,FALSE,FALSE
F9_08_REV_PROG_BIZCODE,F9-P08-T01-REVENUE-PROGRAMS,PC,numeric,MANY,3,F9-P08-T01-REVENUE-PROGRAMS,PC,numeric,MANY,3,F9_08_REV_PROG_BIZCODE,0,F9_08_REV_PROG_BIZCODE,0,kept,FALSE,FALSE,FALSE,FALSE
F9_08_REV_PROG_DESC,F9-P08-T01-REVENUE-PROGRAMS,PC,text,MANY,3,F9-P08-T01-REVENUE-PROGRAMS,PC,text,MANY,3,F9_08_REV_PROG_DESC,0,F9_08_REV_PROG_DESC,0,kept,FALSE,FALSE,FALSE,FALSE
F9_08_REV_PROG_EXCL,F9-P08-T01-REVENUE-PROGRAMS,PC,numeric,MANY,3,F9-P08-T01-REVENUE-PROGRAMS,PC,numeric,MANY,3,F9_08_REV_PROG_EXCL,0,F9_08_REV_PROG_EXCL,0,kept,FALSE,FALSE,FALSE,FALSE
F9_08_REV_PROG_OTH_EXCL,F9-P08-T00-REVENUE,PC,numeric,ONE,3,F9-P08-T00-REVENUE,PC,numeric,ONE,3,F9_08_REV_PROG_OTH_EXCL,0,F9_08_REV_PROG_OTH_EXCL,0,kept,FALSE,FALSE,FALSE,FALSE
F9_08_REV_PROG_OTH_RLTD,F9-P08-T00-REVENUE,PC,numeric,ONE,3,F9-P08-T00-REVENUE,PC,numeric,ONE,3,F9_08_REV_PROG_OTH_RLTD,0,F9_08_REV_PROG_OTH_RLTD,0,kept,FALSE,FALSE,FALSE,FALSE
F9_08_REV_PROG_OTH_TOT,F9-P08-T00-REVENUE,PC,numeric,ONE,3,F9-P08-T00-REVENUE,PC,numeric,ONE,3,F9_08_REV_PROG_OTH_TOT,0,F9_08_REV_PROG_OTH_TOT,0,kept,FALSE,FALSE,FALSE,FALSE
F9_08_REV_PROG_OTH_UBIZ,F9-P08-T00-REVENUE,PC,numeric,ONE,3,F9-P08-T00-REVENUE,PC,numeric,ONE,3,F9_08_REV_PROG_OTH_UBIZ,0,F9_08_REV_PROG_OTH_UBIZ,0,kept,FALSE,FALSE,FALSE,FALSE
F9_08_REV_PROG_RLTD,F9-P08-T01-REVENUE-PROGRAMS,PC,numeric,MANY,3,F9-P08-T01-REVENUE-PROGRAMS,PC,numeric,MANY,3,F9_08_REV_PROG_RLTD,0,F9_08_REV_PROG_RLTD,0,kept,FALSE,FALSE,FALSE,FALSE
F9_08_REV_PROG_TOT,F9-P08-T01-REVENUE-PROGRAMS,PC,numeric,MANY,3,F9-P08-T01-REVENUE-PROGRAMS,PC,numeric,MANY,3,F9_08_REV_PROG_TOT,0,F9_08_REV_PROG_TOT,0,kept,FALSE,FALSE,FALSE,FALSE
F9_08_REV_PROG_TOT_TOT,F9-P08-T00-REVENUE,PC,numeric,ONE,3,F9-P08-T00-REVENUE,PC,numeric,ONE,3,F9_08_REV_PROG_TOT_TOT,0,F9_08_REV_PROG_TOT_TOT,0,kept,FALSE,FALSE,FALSE,FALSE
F9_08_REV_PROG_UBIZ,F9-P08-T01-REVENUE-PROGRAMS,PC,numeric,MANY,3,F9-P08-T01-REVENUE-PROGRAMS,PC,numeric,MANY,3,F9_08_REV_PROG_UBIZ,0,F9_08_REV_PROG_UBIZ,0,kept,FALSE,FALSE,FALSE,FALSE
F9_08_REV_TOT_EXCL,F9-P08-T00-REVENUE,PC,numeric,ONE,3,F9-P08-T00-REVENUE,PC,numeric,ONE,3,F9_08_REV_TOT_EXCL,0,F9_08_REV_TOT_EXCL,0,kept,FALSE,FALSE,FALSE,FALSE
F9_08_REV_TOT_RLTD,F9-P08-T00-REVENUE,PC,numeric,ONE,3,F9-P08-T00-REVENUE,PC,numeric,ONE,3,F9_08_REV_TOT_RLTD,0,F9_08_REV_TOT_RLTD,0,kept,FALSE,FALSE,FALSE,FALSE
F9_08_REV_TOT_TOT,F9-P08-T00-REVENUE,PC,numeric,ONE,3,F9-P08-T00-REVENUE,PC,numeric,ONE,3,F9_08_REV_TOT_TOT,0,F9_08_REV_TOT_TOT,0,kept,FALSE,FALSE,FALSE,FALSE
F9_08_REV_TOT_UBIZ,F9-P08-T00-REVENUE,PC,numeric,ONE,3,F9-P08-T00-REVENUE,PC,numeric,ONE,3,F9_08_REV_TOT_UBIZ,0,F9_08_REV_TOT_UBIZ,0,kept,FALSE,FALSE,FALSE,FALSE
F9_09_EXP_AD_PROMO_FUNDR,F9-P09-T00-EXPENSES,PC,numeric,ONE,3,F9-P09-T00-EXPENSES,PC,numeric,ONE,3,F9_09_EXP_AD_PROMO_FUNDR,0,F9_09_EXP_AD_PROMO_FUNDR,0,kept,FALSE,FALSE,FALSE,FALSE
F9_09_EXP_AD_PROMO_MGMT,F9-P09-T00-EXPENSES,PC,numeric,ONE,3,F9-P09-T00-EXPENSES,PC,numeric,ONE,3,F9_09_EXP_AD_PROMO_MGMT,0,F9_09_EXP_AD_PROMO_MGMT,0,kept,FALSE,FALSE,FALSE,FALSE
F9_09_EXP_AD_PROMO_PROG,F9-P09-T00-EXPENSES,PC,numeric,ONE,3,F9-P09-T00-EXPENSES,PC,numeric,ONE,3,F9_09_EXP_AD_PROMO_PROG,0,F9_09_EXP_AD_PROMO_PROG,0,kept,FALSE,FALSE,FALSE,FALSE
F9_09_EXP_AD_PROMO_TOT,F9-P09-T00-EXPENSES,PC,numeric,ONE,3,F9-P09-T00-EXPENSES,PC,numeric,ONE,3,F9_09_EXP_AD_PROMO_TOT,0,F9_09_EXP_AD_PROMO_TOT,0,kept,FALSE,FALSE,FALSE,FALSE
F9_09_EXP_BEN_PAID_MEMB_PROG,F9-P09-T00-EXPENSES,PC,numeric,ONE,4,F9-P09-T00-EXPENSES,PC,numeric,ONE,4,F9_09_EXP_BEN_PAID_MEMB_PROG,0,F9_09_EXP_BEN_PAID_MEMB_PROG,0,kept,FALSE,FALSE,FALSE,FALSE
F9_09_EXP_BEN_PAID_MEMB_TOT,F9-P09-T00-EXPENSES,PZ,numeric,ONE,4,F9-P09-T00-EXPENSES,PZ,numeric,ONE,4,F9_09_EXP_BEN_PAID_MEMB_TOT,0,F9_09_EXP_BEN_PAID_MEMB_TOT,0,kept,FALSE,FALSE,FALSE,FALSE
F9_09_EXP_COMP_DSQ_PERS_FUNDR,F9-P09-T00-EXPENSES,PC,numeric,ONE,3,F9-P09-T00-EXPENSES,PC,numeric,ONE,3,F9_09_EXP_COMP_DSQ_PERS_FUNDR,0,F9_09_EXP_COMP_DSQ_PERS_FUNDR,0,kept,FALSE,FALSE,FALSE,FALSE
F9_09_EXP_COMP_DSQ_PERS_MGMT,F9-P09-T00-EXPENSES,PC,numeric,ONE,3,F9-P09-T00-EXPENSES,PC,numeric,ONE,3,F9_09_EXP_COMP_DSQ_PERS_MGMT,0,F9_09_EXP_COMP_DSQ_PERS_MGMT,0,kept,FALSE,FALSE,FALSE,FALSE
F9_09_EXP_COMP_DSQ_PERS_PROG,F9-P09-T00-EXPENSES,PC,numeric,ONE,3,F9-P09-T00-EXPENSES,PC,numeric,ONE,3,F9_09_EXP_COMP_DSQ_PERS_PROG,0,F9_09_EXP_COMP_DSQ_PERS_PROG,0,kept,FALSE,FALSE,FALSE,FALSE
F9_09_EXP_COMP_DSQ_PERS_TOT,F9-P09-T00-EXPENSES,PC,numeric,ONE,3,F9-P09-T00-EXPENSES,PC,numeric,ONE,3,F9_09_EXP_COMP_DSQ_PERS_TOT,0,F9_09_EXP_COMP_DSQ_PERS_TOT,0,kept,FALSE,FALSE,FALSE,FALSE
F9_09_EXP_COMP_DTK_FUNDR,F9-P09-T00-EXPENSES,PC,numeric,ONE,3,F9-P09-T00-EXPENSES,PC,numeric,ONE,3,F9_09_EXP_COMP_DTK_FUNDR,0,F9_09_EXP_COMP_DTK_FUNDR,0,kept,FALSE,FALSE,FALSE,FALSE
F9_09_EXP_COMP_DTK_MGMT,F9-P09-T00-EXPENSES,PC,numeric,ONE,3,F9-P09-T00-EXPENSES,PC,numeric,ONE,3,F9_09_EXP_COMP_DTK_MGMT,0,F9_09_EXP_COMP_DTK_MGMT,0,kept,FALSE,FALSE,FALSE,FALSE
F9_09_EXP_COMP_DTK_PROG,F9-P09-T00-EXPENSES,PC,numeric,ONE,3,F9-P09-T00-EXPENSES,PC,numeric,ONE,3,F9_09_EXP_COMP_DTK_PROG,0,F9_09_EXP_COMP_DTK_PROG,0,kept,FALSE,FALSE,FALSE,FALSE
F9_09_EXP_COMP_DTK_TOT,F9-P09-T00-EXPENSES,PC,numeric,ONE,3,F9-P09-T00-EXPENSES,PC,numeric,ONE,3,F9_09_EXP_COMP_DTK_TOT,0,F9_09_EXP_COMP_DTK_TOT,0,kept,FALSE,FALSE,FALSE,FALSE
F9_09_EXP_CONF_MEETING_FUNDR,F9-P09-T00-EXPENSES,PC,numeric,ONE,4,F9-P09-T00-EXPENSES,PC,numeric,ONE,4,F9_09_EXP_CONF_MEETING_FUNDR,0,F9_09_EXP_CONF_MEETING_FUNDR,0,kept,FALSE,FALSE,FALSE,FALSE
F9_09_EXP_CONF_MEETING_MGMT,F9-P09-T00-EXPENSES,PC,numeric,ONE,4,F9-P09-T00-EXPENSES,PC,numeric,ONE,4,F9_09_EXP_CONF_MEETING_MGMT,0,F9_09_EXP_CONF_MEETING_MGMT,0,kept,FALSE,FALSE,FALSE,FALSE
F9_09_EXP_CONF_MEETING_PROG,F9-P09-T00-EXPENSES,PC,numeric,ONE,4,F9-P09-T00-EXPENSES,PC,numeric,ONE,4,F9_09_EXP_CONF_MEETING_PROG,0,F9_09_EXP_CONF_MEETING_PROG,0,kept,FALSE,FALSE,FALSE,FALSE
F9_09_EXP_CONF_MEETING_TOT,F9-P09-T00-EXPENSES,PC,numeric,ONE,4,F9-P09-T00-EXPENSES,PC,numeric,ONE,4,F9_09_EXP_CONF_MEETING_TOT,0,F9_09_EXP_CONF_MEETING_TOT,0,kept,FALSE,FALSE,FALSE,FALSE
F9_09_EXP_DEPREC_FUNDR,F9-P09-T00-EXPENSES,PC,numeric,ONE,4,F9-P09-T00-EXPENSES,PC,numeric,ONE,4,F9_09_EXP_DEPREC_FUNDR,0,F9_09_EXP_DEPREC_FUNDR,0,kept,FALSE,FALSE,FALSE,FALSE
F9_09_EXP_DEPREC_MGMT,F9-P09-T00-EXPENSES,PC,numeric,ONE,4,F9-P09-T00-EXPENSES,PC,numeric,ONE,4,F9_09_EXP_DEPREC_MGMT,0,F9_09_EXP_DEPREC_MGMT,0,kept,FALSE,FALSE,FALSE,FALSE
F9_09_EXP_DEPREC_PROG,F9-P09-T00-EXPENSES,PC,numeric,ONE,4,F9-P09-T00-EXPENSES,PC,numeric,ONE,4,F9_09_EXP_DEPREC_PROG,0,F9_09_EXP_DEPREC_PROG,0,kept,FALSE,FALSE,FALSE,FALSE
F9_09_EXP_DEPREC_TOT,F9-P09-T00-EXPENSES,PC,numeric,ONE,4,F9-P09-T00-EXPENSES,PC,numeric,ONE,4,F9_09_EXP_DEPREC_TOT,0,F9_09_EXP_DEPREC_TOT,0,kept,FALSE,FALSE,FALSE,FALSE
F9_09_EXP_FEE_SVC_ACC_FUNDR,F9-P09-T00-EXPENSES,PC,numeric,ONE,4,F9-P09-T00-EXPENSES,PC,numeric,ONE,4,F9_09_EXP_FEE_SVC_ACC_FUNDR,0,F9_09_EXP_FEE_SVC_ACC_FUNDR,0,kept,FALSE,FALSE,FALSE,FALSE
F9_09_EXP_FEE_SVC_ACC_MGMT,F9-P09-T00-EXPENSES,PC,numeric,ONE,4,F9-P09-T00-EXPENSES,PC,numeric,ONE,4,F9_09_EXP_FEE_SVC_ACC_MGMT,0,F9_09_EXP_FEE_SVC_ACC_MGMT,0,kept,FALSE,FALSE,FALSE,FALSE
F9_09_EXP_FEE_SVC_ACC_PROG,F9-P09-T00-EXPENSES,PC,numeric,ONE,4,F9-P09-T00-EXPENSES,PC,numeric,ONE,4,F9_09_EXP_FEE_SVC_ACC_PROG,0,F9_09_EXP_FEE_SVC_ACC_PROG,0,kept,FALSE,FALSE,FALSE,FALSE
F9_09_EXP_FEE_SVC_ACC_TOT,F9-P09-T00-EXPENSES,PC,numeric,ONE,4,F9-P09-T00-EXPENSES,PC,numeric,ONE,4,F9_09_EXP_FEE_SVC_ACC_TOT,0,F9_09_EXP_FEE_SVC_ACC_TOT,0,kept,FALSE,FALSE,FALSE,FALSE
F9_09_EXP_FEE_SVC_FUNDR_FUNDR,F9-P09-T00-EXPENSES,PC,numeric,ONE,3,F9-P09-T00-EXPENSES,PC,numeric,ONE,3,F9_09_EXP_FEE_SVC_FUNDR_FUNDR,0,F9_09_EXP_FEE_SVC_FUNDR_FUNDR,0,kept,FALSE,FALSE,FALSE,FALSE
F9_09_EXP_FEE_SVC_FUNDR_MGMT,F9-P09-T00-EXPENSES,PC,numeric,ONE,2,F9-P09-T00-EXPENSES,PC,numeric,ONE,2,F9_09_EXP_FEE_SVC_FUNDR_MGMT,0,F9_09_EXP_FEE_SVC_FUNDR_MGMT,0,kept,FALSE,FALSE,FALSE,FALSE
F9_09_EXP_FEE_SVC_FUNDR_PROG,F9-P09-T00-EXPENSES,PC,numeric,ONE,2,F9-P09-T00-EXPENSES,PC,numeric,ONE,2,F9_09_EXP_FEE_SVC_FUNDR_PROG,0,F9_09_EXP_FEE_SVC_FUNDR_PROG,0,kept,FALSE,FALSE,FALSE,FALSE
F9_09_EXP_FEE_SVC_FUNDR_TOT,F9-P09-T00-EXPENSES,PC,numeric,ONE,3,F9-P09-T00-EXPENSES,PC,numeric,ONE,3,F9_09_EXP_FEE_SVC_FUNDR_TOT,0,F9_09_EXP_FEE_SVC_FUNDR_TOT,0,kept,FALSE,FALSE,FALSE,FALSE
F9_09_EXP_FEE_SVC_INVEST_FUNDR,F9-P09-T00-EXPENSES,PC,numeric,ONE,3,F9-P09-T00-EXPENSES,PC,numeric,ONE,3,F9_09_EXP_FEE_SVC_INVEST_FUNDR,0,F9_09_EXP_FEE_SVC_INVEST_FUNDR,0,kept,FALSE,FALSE,FALSE,FALSE
F9_09_EXP_FEE_SVC_INVEST_MGMT,F9-P09-T00-EXPENSES,PC,numeric,ONE,3,F9-P09-T00-EXPENSES,PC,numeric,ONE,3,F9_09_EXP_FEE_SVC_INVEST_MGMT,0,F9_09_EXP_FEE_SVC_INVEST_MGMT,0,kept,FALSE,FALSE,FALSE,FALSE
F9_09_EXP_FEE_SVC_INVEST_PROG,F9-P09-T00-EXPENSES,PC,numeric,ONE,3,F9-P09-T00-EXPENSES,PC,numeric,ONE,3,F9_09_EXP_FEE_SVC_INVEST_PROG,0,F9_09_EXP_FEE_SVC_INVEST_PROG,0,kept,FALSE,FALSE,FALSE,FALSE
F9_09_EXP_FEE_SVC_INVEST_TOT,F9-P09-T00-EXPENSES,PC,numeric,ONE,3,F9-P09-T00-EXPENSES,PC,numeric,ONE,3,F9_09_EXP_FEE_SVC_INVEST_TOT,0,F9_09_EXP_FEE_SVC_INVEST_TOT,0,kept,FALSE,FALSE,FALSE,FALSE
F9_09_EXP_FEE_SVC_LEGAL_FUNDR,F9-P09-T00-EXPENSES,PC,numeric,ONE,4,F9-P09-T00-EXPENSES,PC,numeric,ONE,4,F9_09_EXP_FEE_SVC_LEGAL_FUNDR,0,F9_09_EXP_FEE_SVC_LEGAL_FUNDR,0,kept,FALSE,FALSE,FALSE,FALSE
F9_09_EXP_FEE_SVC_LEGAL_MGMT,F9-P09-T00-EXPENSES,PC,numeric,ONE,3,F9-P09-T00-EXPENSES,PC,numeric,ONE,3,F9_09_EXP_FEE_SVC_LEGAL_MGMT,0,F9_09_EXP_FEE_SVC_LEGAL_MGMT,0,kept,FALSE,FALSE,FALSE,FALSE
F9_09_EXP_FEE_SVC_LEGAL_PROG,F9-P09-T00-EXPENSES,PC,numeric,ONE,4,F9-P09-T00-EXPENSES,PC,numeric,ONE,4,F9_09_EXP_FEE_SVC_LEGAL_PROG,0,F9_09_EXP_FEE_SVC_LEGAL_PROG,0,kept,FALSE,FALSE,FALSE,FALSE
F9_09_EXP_FEE_SVC_LEGAL_TOT,F9-P09-T00-EXPENSES,PC,numeric,ONE,3,F9-P09-T00-EXPENSES,PC,numeric,ONE,3,F9_09_EXP_FEE_SVC_LEGAL_TOT,0,F9_09_EXP_FEE_SVC_LEGAL_TOT,0,kept,FALSE,FALSE,FALSE,FALSE
F9_09_EXP_FEE_SVC_LOB_FUNDR,F9-P09-T00-EXPENSES,PC,numeric,ONE,3,F9-P09-T00-EXPENSES,PC,numeric,ONE,3,F9_09_EXP_FEE_SVC_LOB_FUNDR,0,F9_09_EXP_FEE_SVC_LOB_FUNDR,0,kept,FALSE,FALSE,FALSE,FALSE
F9_09_EXP_FEE_SVC_LOB_MGMT,F9-P09-T00-EXPENSES,PC,numeric,ONE,3,F9-P09-T00-EXPENSES,PC,numeric,ONE,3,F9_09_EXP_FEE_SVC_LOB_MGMT,0,F9_09_EXP_FEE_SVC_LOB_MGMT,0,kept,FALSE,FALSE,FALSE,FALSE
F9_09_EXP_FEE_SVC_LOB_PROG,F9-P09-T00-EXPENSES,PC,numeric,ONE,3,F9-P09-T00-EXPENSES,PC,numeric,ONE,3,F9_09_EXP_FEE_SVC_LOB_PROG,0,F9_09_EXP_FEE_SVC_LOB_PROG,0,kept,FALSE,FALSE,FALSE,FALSE
F9_09_EXP_FEE_SVC_LOB_TOT,F9-P09-T00-EXPENSES,PC,numeric,ONE,3,F9-P09-T00-EXPENSES,PC,numeric,ONE,3,F9_09_EXP_FEE_SVC_LOB_TOT,0,F9_09_EXP_FEE_SVC_LOB_TOT,0,kept,FALSE,FALSE,FALSE,FALSE
F9_09_EXP_FEE_SVC_MGMT_FUNDR,F9-P09-T00-EXPENSES,PC,numeric,ONE,3,F9-P09-T00-EXPENSES,PC,numeric,ONE,3,F9_09_EXP_FEE_SVC_MGMT_FUNDR,0,F9_09_EXP_FEE_SVC_MGMT_FUNDR,0,kept,FALSE,FALSE,FALSE,FALSE
F9_09_EXP_FEE_SVC_MGMT_MGMT,F9-P09-T00-EXPENSES,PC,numeric,ONE,3,F9-P09-T00-EXPENSES,PC,numeric,ONE,3,F9_09_EXP_FEE_SVC_MGMT_MGMT,0,F9_09_EXP_FEE_SVC_MGMT_MGMT,0,kept,FALSE,FALSE,FALSE,FALSE
F9_09_EXP_FEE_SVC_MGMT_PROG,F9-P09-T00-EXPENSES,PC,numeric,ONE,3,F9-P09-T00-EXPENSES,PC,numeric,ONE,3,F9_09_EXP_FEE_SVC_MGMT_PROG,0,F9_09_EXP_FEE_SVC_MGMT_PROG,0,kept,FALSE,FALSE,FALSE,FALSE
F9_09_EXP_FEE_SVC_MGMT_TOT,F9-P09-T00-EXPENSES,PC,numeric,ONE,3,F9-P09-T00-EXPENSES,PC,numeric,ONE,3,F9_09_EXP_FEE_SVC_MGMT_TOT,0,F9_09_EXP_FEE_SVC_MGMT_TOT,0,kept,FALSE,FALSE,FALSE,FALSE
F9_09_EXP_FEE_SVC_OTH_FUNDR,F9-P09-T00-EXPENSES,PC,numeric,ONE,3,F9-P09-T00-EXPENSES,PC,numeric,ONE,3,F9_09_EXP_FEE_SVC_OTH_FUNDR,0,F9_09_EXP_FEE_SVC_OTH_FUNDR,0,kept,FALSE,FALSE,FALSE,FALSE
F9_09_EXP_FEE_SVC_OTH_MGMT,F9-P09-T00-EXPENSES,PC,numeric,ONE,3,F9-P09-T00-EXPENSES,PC,numeric,ONE,3,F9_09_EXP_FEE_SVC_OTH_MGMT,0,F9_09_EXP_FEE_SVC_OTH_MGMT,0,kept,FALSE,FALSE,FALSE,FALSE
F9_09_EXP_FEE_SVC_OTH_PROG,F9-P09-T00-EXPENSES,PC,numeric,ONE,3,F9-P09-T00-EXPENSES,PC,numeric,ONE,3,F9_09_EXP_FEE_SVC_OTH_PROG,0,F9_09_EXP_FEE_SVC_OTH_PROG,0,kept,FALSE,FALSE,FALSE,FALSE
F9_09_EXP_FEE_SVC_OTH_TOT,F9-P09-T00-EXPENSES,PC,numeric,ONE,3,F9-P09-T00-EXPENSES,PC,numeric,ONE,3,F9_09_EXP_FEE_SVC_OTH_TOT,0,F9_09_EXP_FEE_SVC_OTH_TOT,0,kept,FALSE,FALSE,FALSE,FALSE
F9_09_EXP_GRANT_FRGN_PROG,F9-P09-T00-EXPENSES,PC,numeric,ONE,3,F9-P09-T00-EXPENSES,PC,numeric,ONE,3,F9_09_EXP_GRANT_FRGN_PROG,0,F9_09_EXP_GRANT_FRGN_PROG,0,kept,FALSE,FALSE,FALSE,FALSE
F9_09_EXP_GRANT_FRGN_TOT,F9-P09-T00-EXPENSES,PC,numeric,ONE,3,F9-P09-T00-EXPENSES,PC,numeric,ONE,3,F9_09_EXP_GRANT_FRGN_TOT,0,F9_09_EXP_GRANT_FRGN_TOT,0,kept,FALSE,FALSE,FALSE,FALSE
F9_09_EXP_GRANT_US_INDIV_PROG,F9-P09-T00-EXPENSES,PC,numeric,ONE,3,F9-P09-T00-EXPENSES,PC,numeric,ONE,3,F9_09_EXP_GRANT_US_INDIV_PROG,0,F9_09_EXP_GRANT_US_INDIV_PROG,0,kept,FALSE,FALSE,FALSE,FALSE
F9_09_EXP_GRANT_US_INDIV_TOT,F9-P09-T00-EXPENSES,PC,numeric,ONE,3,F9-P09-T00-EXPENSES,PC,numeric,ONE,3,F9_09_EXP_GRANT_US_INDIV_TOT,0,F9_09_EXP_GRANT_US_INDIV_TOT,0,kept,FALSE,FALSE,FALSE,FALSE
F9_09_EXP_GRANT_US_ORG_PROG,F9-P09-T00-EXPENSES,PC,numeric,ONE,3,F9-P09-T00-EXPENSES,PC,numeric,ONE,3,F9_09_EXP_GRANT_US_ORG_PROG,0,F9_09_EXP_GRANT_US_ORG_PROG,0,kept,FALSE,FALSE,FALSE,FALSE
F9_09_EXP_GRANT_US_ORG_TOT,F9-P09-T00-EXPENSES,PZ,numeric,ONE,3,F9-P09-T00-EXPENSES,PZ,numeric,ONE,3,F9_09_EXP_GRANT_US_ORG_TOT,0,F9_09_EXP_GRANT_US_ORG_TOT,0,kept,FALSE,FALSE,FALSE,FALSE
F9_09_EXP_INFO_TECH_FUNDR,F9-P09-T00-EXPENSES,PC,numeric,ONE,3,F9-P09-T00-EXPENSES,PC,numeric,ONE,3,F9_09_EXP_INFO_TECH_FUNDR,0,F9_09_EXP_INFO_TECH_FUNDR,0,kept,FALSE,FALSE,FALSE,FALSE
F9_09_EXP_INFO_TECH_MGMT,F9-P09-T00-EXPENSES,PC,numeric,ONE,3,F9-P09-T00-EXPENSES,PC,numeric,ONE,3,F9_09_EXP_INFO_TECH_MGMT,0,F9_09_EXP_INFO_TECH_MGMT,0,kept,FALSE,FALSE,FALSE,FALSE
F9_09_EXP_INFO_TECH_PROG,F9-P09-T00-EXPENSES,PC,numeric,ONE,3,F9-P09-T00-EXPENSES,PC,numeric,ONE,3,F9_09_EXP_INFO_TECH_PROG,0,F9_09_EXP_INFO_TECH_PROG,0,kept,FALSE,FALSE,FALSE,FALSE
F9_09_EXP_INFO_TECH_TOT,F9-P09-T00-EXPENSES,PC,numeric,ONE,3,F9-P09-T00-EXPENSES,PC,numeric,ONE,3,F9_09_EXP_INFO_TECH_TOT,0,F9_09_EXP_INFO_TECH_TOT,0,kept,FALSE,FALSE,FALSE,FALSE
F9_09_EXP_INSURANCE_FUNDR,F9-P09-T00-EXPENSES,PC,numeric,ONE,3,F9-P09-T00-EXPENSES,PC,numeric,ONE,3,F9_09_EXP_INSURANCE_FUNDR,0,F9_09_EXP_INSURANCE_FUNDR,0,kept,FALSE,FALSE,FALSE,FALSE
F9_09_EXP_INSURANCE_MGMT,F9-P09-T00-EXPENSES,PC,numeric,ONE,3,F9-P09-T00-EXPENSES,PC,numeric,ONE,3,F9_09_EXP_INSURANCE_MGMT,0,F9_09_EXP_INSURANCE_MGMT,0,kept,FALSE,FALSE,FALSE,FALSE
F9_09_EXP_INSURANCE_PROG,F9-P09-T00-EXPENSES,PC,numeric,ONE,3,F9-P09-T00-EXPENSES,PC,numeric,ONE,3,F9_09_EXP_INSURANCE_PROG,0,F9_09_EXP_INSURANCE_PROG,0,kept,FALSE,FALSE,FALSE,FALSE
F9_09_EXP_INSURANCE_TOT,F9-P09-T00-EXPENSES,PC,numeric,ONE,3,F9-P09-T00-EXPENSES,PC,numeric,ONE,3,F9_09_EXP_INSURANCE_TOT,0,F9_09_EXP_INSURANCE_TOT,0,kept,FALSE,FALSE,FALSE,FALSE
F9_09_EXP_INT_FUNDR,F9-P09-T00-EXPENSES,PC,numeric,ONE,3,F9-P09-T00-EXPENSES,PC,numeric,ONE,3,F9_09_EXP_INT_FUNDR,0,F9_09_EXP_INT_FUNDR,0,kept,FALSE,FALSE,FALSE,FALSE
F9_09_EXP_INT_MGMT,F9-P09-T00-EXPENSES,PC,numeric,ONE,3,F9-P09-T00-EXPENSES,PC,numeric,ONE,3,F9_09_EXP_INT_MGMT,0,F9_09_EXP_INT_MGMT,0,kept,FALSE,FALSE,FALSE,FALSE
F9_09_EXP_INT_PROG,F9-P09-T00-EXPENSES,PC,numeric,ONE,3,F9-P09-T00-EXPENSES,PC,numeric,ONE,3,F9_09_EXP_INT_PROG,0,F9_09_EXP_INT_PROG,0,kept,FALSE,FALSE,FALSE,FALSE
F9_09_EXP_INT_TOT,F9-P09-T00-EXPENSES,PC,numeric,ONE,3,F9-P09-T00-EXPENSES,PC,numeric,ONE,3,F9_09_EXP_INT_TOT,0,F9_09_EXP_INT_TOT,0,kept,FALSE,FALSE,FALSE,FALSE
F9_09_EXP_JOINT_COST_FUNDR,F9-P09-T00-EXPENSES,PC,numeric,ONE,3,F9-P09-T00-EXPENSES,PC,numeric,ONE,3,F9_09_EXP_JOINT_COST_FUNDR,0,F9_09_EXP_JOINT_COST_FUNDR,0,kept,FALSE,FALSE,FALSE,FALSE
F9_09_EXP_JOINT_COST_MGMT,F9-P09-T00-EXPENSES,PC,numeric,ONE,3,F9-P09-T00-EXPENSES,PC,numeric,ONE,3,F9_09_EXP_JOINT_COST_MGMT,0,F9_09_EXP_JOINT_COST_MGMT,0,kept,FALSE,FALSE,FALSE,FALSE
F9_09_EXP_JOINT_COST_PROG,F9-P09-T00-EXPENSES,PC,numeric,ONE,3,F9-P09-T00-EXPENSES,PC,numeric,ONE,3,F9_09_EXP_JOINT_COST_PROG,0,F9_09_EXP_JOINT_COST_PROG,0,kept,FALSE,FALSE,FALSE,FALSE
F9_09_EXP_JOINT_COST_TOT,F9-P09-T00-EXPENSES,PC,numeric,ONE,3,F9-P09-T00-EXPENSES,PC,numeric,ONE,3,F9_09_EXP_JOINT_COST_TOT,0,F9_09_EXP_JOINT_COST_TOT,0,kept,FALSE,FALSE,FALSE,FALSE
F9_09_EXP_JOINT_COST_X,F9-P09-T00-EXPENSES,PC,checkbox,ONE,3,F9-P09-T00-EXPENSES,PC,checkbox,ONE,3,F9_09_EXP_JOINT_COST_X,0,F9_09_EXP_JOINT_COST_X,0,kept,FALSE,FALSE,FALSE,FALSE
F9_09_EXP_OCCUPANCY_FUNDR,F9-P09-T00-EXPENSES,PC,numeric,ONE,3,F9-P09-T00-EXPENSES,PC,numeric,ONE,3,F9_09_EXP_OCCUPANCY_FUNDR,0,F9_09_EXP_OCCUPANCY_FUNDR,0,kept,FALSE,FALSE,FALSE,FALSE
F9_09_EXP_OCCUPANCY_MGMT,F9-P09-T00-EXPENSES,PC,numeric,ONE,3,F9-P09-T00-EXPENSES,PC,numeric,ONE,3,F9_09_EXP_OCCUPANCY_MGMT,0,F9_09_EXP_OCCUPANCY_MGMT,0,kept,FALSE,FALSE,FALSE,FALSE
F9_09_EXP_OCCUPANCY_PROG,F9-P09-T00-EXPENSES,PC,numeric,ONE,3,F9-P09-T00-EXPENSES,PC,numeric,ONE,3,F9_09_EXP_OCCUPANCY_PROG,0,F9_09_EXP_OCCUPANCY_PROG,0,kept,FALSE,FALSE,FALSE,FALSE
F9_09_EXP_OCCUPANCY_TOT,F9-P09-T00-EXPENSES,PZ,numeric,ONE,5,F9-P09-T00-EXPENSES,PZ,numeric,ONE,5,F9_09_EXP_OCCUPANCY_TOT,0,F9_09_EXP_OCCUPANCY_TOT,0,kept,FALSE,FALSE,FALSE,FALSE
F9_09_EXP_OFFICE_FUNDR,F9-P09-T00-EXPENSES,PC,numeric,ONE,3,F9-P09-T00-EXPENSES,PC,numeric,ONE,3,F9_09_EXP_OFFICE_FUNDR,0,F9_09_EXP_OFFICE_FUNDR,0,kept,FALSE,FALSE,FALSE,FALSE
F9_09_EXP_OFFICE_MGMT,F9-P09-T00-EXPENSES,PC,numeric,ONE,3,F9-P09-T00-EXPENSES,PC,numeric,ONE,3,F9_09_EXP_OFFICE_MGMT,0,F9_09_EXP_OFFICE_MGMT,0,kept,FALSE,FALSE,FALSE,FALSE
F9_09_EXP_OFFICE_PROG,F9-P09-T00-EXPENSES,PC,numeric,ONE,4,F9-P09-T00-EXPENSES,PC,numeric,ONE,4,F9_09_EXP_OFFICE_PROG,0,F9_09_EXP_OFFICE_PROG,0,kept,FALSE,FALSE,FALSE,FALSE
F9_09_EXP_OFFICE_TOT,F9-P09-T00-EXPENSES,PZ,numeric,ONE,3,F9-P09-T00-EXPENSES,PZ,numeric,ONE,3,F9_09_EXP_OFFICE_TOT,0,F9_09_EXP_OFFICE_TOT,0,kept,FALSE,FALSE,FALSE,FALSE
F9_09_EXP_OFFICE_TOT_V2,F9-P09-T00-EXPENSES,PZ,numeric,ONE,2,F9-P09-T00-EXPENSES,PZ,numeric,ONE,2,F9_09_EXP_OFFICE_TOT_V2,0,F9_09_EXP_OFFICE_TOT_V2,0,kept,FALSE,FALSE,FALSE,FALSE
F9_09_EXP_OTH_DESC,F9-P09-T01-EXPENSES-OTHER,PC,text,MANY,3,F9-P09-T01-EXPENSES-OTHER,PC,text,MANY,3,F9_09_EXP_OTH_DESC,0,F9_09_EXP_OTH_DESC,0,kept,FALSE,FALSE,FALSE,FALSE
F9_09_EXP_OTH_EMPL_BEN_FUNDR,F9-P09-T00-EXPENSES,PC,numeric,ONE,3,F9-P09-T00-EXPENSES,PC,numeric,ONE,3,F9_09_EXP_OTH_EMPL_BEN_FUNDR,0,F9_09_EXP_OTH_EMPL_BEN_FUNDR,0,kept,FALSE,FALSE,FALSE,FALSE
F9_09_EXP_OTH_EMPL_BEN_MGMT,F9-P09-T00-EXPENSES,PC,numeric,ONE,3,F9-P09-T00-EXPENSES,PC,numeric,ONE,3,F9_09_EXP_OTH_EMPL_BEN_MGMT,0,F9_09_EXP_OTH_EMPL_BEN_MGMT,0,kept,FALSE,FALSE,FALSE,FALSE
F9_09_EXP_OTH_EMPL_BEN_PROG,F9-P09-T00-EXPENSES,PC,numeric,ONE,3,F9-P09-T00-EXPENSES,PC,numeric,ONE,3,F9_09_EXP_OTH_EMPL_BEN_PROG,0,F9_09_EXP_OTH_EMPL_BEN_PROG,0,kept,FALSE,FALSE,FALSE,FALSE
F9_09_EXP_OTH_EMPL_BEN_TOT,F9-P09-T00-EXPENSES,PC,numeric,ONE,3,F9-P09-T00-EXPENSES,PC,numeric,ONE,3,F9_09_EXP_OTH_EMPL_BEN_TOT,0,F9_09_EXP_OTH_EMPL_BEN_TOT,0,kept,FALSE,FALSE,FALSE,FALSE
F9_09_EXP_OTH_FUNDR,F9-P09-T01-EXPENSES-OTHER,PC,numeric,MANY,3,F9-P09-T01-EXPENSES-OTHER,PC,numeric,MANY,3,F9_09_EXP_OTH_FUNDR,0,F9_09_EXP_OTH_FUNDR,0,kept,FALSE,FALSE,FALSE,FALSE
F9_09_EXP_OTH_MGMT,F9-P09-T01-EXPENSES-OTHER,PC,numeric,MANY,3,F9-P09-T01-EXPENSES-OTHER,PC,numeric,MANY,3,F9_09_EXP_OTH_MGMT,0,F9_09_EXP_OTH_MGMT,0,kept,FALSE,FALSE,FALSE,FALSE
F9_09_EXP_OTH_OTH_FUNDR,F9-P09-T00-EXPENSES,PC,numeric,ONE,3,F9-P09-T00-EXPENSES,PC,numeric,ONE,3,F9_09_EXP_OTH_OTH_FUNDR,0,F9_09_EXP_OTH_OTH_FUNDR,0,kept,FALSE,FALSE,FALSE,FALSE
F9_09_EXP_OTH_OTH_MGMT,F9-P09-T00-EXPENSES,PC,numeric,ONE,3,F9-P09-T00-EXPENSES,PC,numeric,ONE,3,F9_09_EXP_OTH_OTH_MGMT,0,F9_09_EXP_OTH_OTH_MGMT,0,kept,FALSE,FALSE,FALSE,FALSE
F9_09_EXP_OTH_OTH_PROG,F9-P09-T00-EXPENSES,PC,numeric,ONE,3,F9-P09-T00-EXPENSES,PC,numeric,ONE,3,F9_09_EXP_OTH_OTH_PROG,0,F9_09_EXP_OTH_OTH_PROG,0,kept,FALSE,FALSE,FALSE,FALSE
F9_09_EXP_OTH_OTH_TOT,F9-P09-T00-EXPENSES,PC,numeric,ONE,3,F9-P09-T00-EXPENSES,PC,numeric,ONE,3,F9_09_EXP_OTH_OTH_TOT,0,F9_09_EXP_OTH_OTH_TOT,0,kept,FALSE,FALSE,FALSE,FALSE
F9_09_EXP_OTH_PROG,F9-P09-T01-EXPENSES-OTHER,PC,numeric,MANY,3,F9-P09-T01-EXPENSES-OTHER,PC,numeric,MANY,3,F9_09_EXP_OTH_PROG,0,F9_09_EXP_OTH_PROG,0,kept,FALSE,FALSE,FALSE,FALSE
F9_09_EXP_OTH_SAL_WAGE_FUNDR,F9-P09-T00-EXPENSES,PC,numeric,ONE,3,F9-P09-T00-EXPENSES,PC,numeric,ONE,3,F9_09_EXP_OTH_SAL_WAGE_FUNDR,0,F9_09_EXP_OTH_SAL_WAGE_FUNDR,0,kept,FALSE,FALSE,FALSE,FALSE
F9_09_EXP_OTH_SAL_WAGE_MGMT,F9-P09-T00-EXPENSES,PC,numeric,ONE,3,F9-P09-T00-EXPENSES,PC,numeric,ONE,3,F9_09_EXP_OTH_SAL_WAGE_MGMT,0,F9_09_EXP_OTH_SAL_WAGE_MGMT,0,kept,FALSE,FALSE,FALSE,FALSE
F9_09_EXP_OTH_SAL_WAGE_PROG,F9-P09-T00-EXPENSES,PC,numeric,ONE,3,F9-P09-T00-EXPENSES,PC,numeric,ONE,3,F9_09_EXP_OTH_SAL_WAGE_PROG,0,F9_09_EXP_OTH_SAL_WAGE_PROG,0,kept,FALSE,FALSE,FALSE,FALSE
F9_09_EXP_OTH_SAL_WAGE_TOT,F9-P09-T00-EXPENSES,PC,numeric,ONE,3,F9-P09-T00-EXPENSES,PC,numeric,ONE,3,F9_09_EXP_OTH_SAL_WAGE_TOT,0,F9_09_EXP_OTH_SAL_WAGE_TOT,0,kept,FALSE,FALSE,FALSE,FALSE
F9_09_EXP_OTH_TOT,F9-P09-T01-EXPENSES-OTHER,PC,numeric,MANY,3,F9-P09-T01-EXPENSES-OTHER,PC,numeric,MANY,3,F9_09_EXP_OTH_TOT,0,F9_09_EXP_OTH_TOT,0,kept,FALSE,FALSE,FALSE,FALSE
F9_09_EXP_PAYROLL_TAX_FUNDR,F9-P09-T00-EXPENSES,PC,numeric,ONE,3,F9-P09-T00-EXPENSES,PC,numeric,ONE,3,F9_09_EXP_PAYROLL_TAX_FUNDR,0,F9_09_EXP_PAYROLL_TAX_FUNDR,0,kept,FALSE,FALSE,FALSE,FALSE
F9_09_EXP_PAYROLL_TAX_MGMT,F9-P09-T00-EXPENSES,PC,numeric,ONE,3,F9-P09-T00-EXPENSES,PC,numeric,ONE,3,F9_09_EXP_PAYROLL_TAX_MGMT,0,F9_09_EXP_PAYROLL_TAX_MGMT,0,kept,FALSE,FALSE,FALSE,FALSE
F9_09_EXP_PAYROLL_TAX_PROG,F9-P09-T00-EXPENSES,PC,numeric,ONE,3,F9-P09-T00-EXPENSES,PC,numeric,ONE,3,F9_09_EXP_PAYROLL_TAX_PROG,0,F9_09_EXP_PAYROLL_TAX_PROG,0,kept,FALSE,FALSE,FALSE,FALSE
F9_09_EXP_PAYROLL_TAX_TOT,F9-P09-T00-EXPENSES,PC,numeric,ONE,3,F9-P09-T00-EXPENSES,PC,numeric,ONE,3,F9_09_EXP_PAYROLL_TAX_TOT,0,F9_09_EXP_PAYROLL_TAX_TOT,0,kept,FALSE,FALSE,FALSE,FALSE
F9_09_EXP_PAY_AFFIL_FUNDR,F9-P09-T00-EXPENSES,PC,numeric,ONE,3,F9-P09-T00-EXPENSES,PC,numeric,ONE,3,F9_09_EXP_PAY_AFFIL_FUNDR,0,F9_09_EXP_PAY_AFFIL_FUNDR,0,kept,FALSE,FALSE,FALSE,FALSE
F9_09_EXP_PAY_AFFIL_MGMT,F9-P09-T00-EXPENSES,PC,numeric,ONE,3,F9-P09-T00-EXPENSES,PC,numeric,ONE,3,F9_09_EXP_PAY_AFFIL_MGMT,0,F9_09_EXP_PAY_AFFIL_MGMT,0,kept,FALSE,FALSE,FALSE,FALSE
F9_09_EXP_PAY_AFFIL_PROG,F9-P09-T00-EXPENSES,PC,numeric,ONE,3,F9-P09-T00-EXPENSES,PC,numeric,ONE,3,F9_09_EXP_PAY_AFFIL_PROG,0,F9_09_EXP_PAY_AFFIL_PROG,0,kept,FALSE,FALSE,FALSE,FALSE
F9_09_EXP_PAY_AFFIL_TOT,F9-P09-T00-EXPENSES,PC,numeric,ONE,3,F9-P09-T00-EXPENSES,PC,numeric,ONE,3,F9_09_EXP_PAY_AFFIL_TOT,0,F9_09_EXP_PAY_AFFIL_TOT,0,kept,FALSE,FALSE,FALSE,FALSE
F9_09_EXP_PENSION_CONTR_FUNDR,F9-P09-T00-EXPENSES,PC,numeric,ONE,3,F9-P09-T00-EXPENSES,PC,numeric,ONE,3,F9_09_EXP_PENSION_CONTR_FUNDR,0,F9_09_EXP_PENSION_CONTR_FUNDR,0,kept,FALSE,FALSE,FALSE,FALSE
F9_09_EXP_PENSION_CONTR_MGMT,F9-P09-T00-EXPENSES,PC,numeric,ONE,3,F9-P09-T00-EXPENSES,PC,numeric,ONE,3,F9_09_EXP_PENSION_CONTR_MGMT,0,F9_09_EXP_PENSION_CONTR_MGMT,0,kept,FALSE,FALSE,FALSE,FALSE
F9_09_EXP_PENSION_CONTR_PROG,F9-P09-T00-EXPENSES,PC,numeric,ONE,3,F9-P09-T00-EXPENSES,PC,numeric,ONE,3,F9_09_EXP_PENSION_CONTR_PROG,0,F9_09_EXP_PENSION_CONTR_PROG,0,kept,FALSE,FALSE,FALSE,FALSE
F9_09_EXP_PENSION_CONTR_TOT,F9-P09-T00-EXPENSES,PC,numeric,ONE,3,F9-P09-T00-EXPENSES,PC,numeric,ONE,3,F9_09_EXP_PENSION_CONTR_TOT,0,F9_09_EXP_PENSION_CONTR_TOT,0,kept,FALSE,FALSE,FALSE,FALSE
F9_09_EXP_ROY_FUNDR,F9-P09-T00-EXPENSES,PC,numeric,ONE,3,F9-P09-T00-EXPENSES,PC,numeric,ONE,3,F9_09_EXP_ROY_FUNDR,0,F9_09_EXP_ROY_FUNDR,0,kept,FALSE,FALSE,FALSE,FALSE
F9_09_EXP_ROY_MGMT,F9-P09-T00-EXPENSES,PC,numeric,ONE,3,F9-P09-T00-EXPENSES,PC,numeric,ONE,3,F9_09_EXP_ROY_MGMT,0,F9_09_EXP_ROY_MGMT,0,kept,FALSE,FALSE,FALSE,FALSE
F9_09_EXP_ROY_PROG,F9-P09-T00-EXPENSES,PC,numeric,ONE,3,F9-P09-T00-EXPENSES,PC,numeric,ONE,3,F9_09_EXP_ROY_PROG,0,F9_09_EXP_ROY_PROG,0,kept,FALSE,FALSE,FALSE,FALSE
F9_09_EXP_ROY_TOT,F9-P09-T00-EXPENSES,PC,numeric,ONE,3,F9-P09-T00-EXPENSES,PC,numeric,ONE,3,F9_09_EXP_ROY_TOT,0,F9_09_EXP_ROY_TOT,0,kept,FALSE,FALSE,FALSE,FALSE
F9_09_EXP_TOT_FUNDR,F9-P09-T00-EXPENSES,PC,numeric,ONE,3,F9-P09-T00-EXPENSES,PC,numeric,ONE,3,F9_09_EXP_TOT_FUNDR,0,F9_09_EXP_TOT_FUNDR,0,kept,FALSE,FALSE,FALSE,FALSE
F9_09_EXP_TOT_MGMT,F9-P09-T00-EXPENSES,PC,numeric,ONE,3,F9-P09-T00-EXPENSES,PC,numeric,ONE,3,F9_09_EXP_TOT_MGMT,0,F9_09_EXP_TOT_MGMT,0,kept,FALSE,FALSE,FALSE,FALSE
F9_09_EXP_TOT_PROG,F9-P09-T00-EXPENSES,PC,numeric,ONE,3,F9-P09-T00-EXPENSES,PC,numeric,ONE,3,F9_09_EXP_TOT_PROG,0,F9_09_EXP_TOT_PROG,0,kept,FALSE,FALSE,FALSE,FALSE
F9_09_EXP_TOT_TOT,F9-P09-T00-EXPENSES,PC,numeric,ONE,3,F9-P09-T00-EXPENSES,PC,numeric,ONE,3,F9_09_EXP_TOT_TOT,0,F9_09_EXP_TOT_TOT,0,kept,FALSE,FALSE,FALSE,FALSE
F9_09_EXP_TRAVEL_ENTMT_FUNDR,F9-P09-T00-EXPENSES,PC,numeric,ONE,3,F9-P09-T00-EXPENSES,PC,numeric,ONE,3,F9_09_EXP_TRAVEL_ENTMT_FUNDR,0,F9_09_EXP_TRAVEL_ENTMT_FUNDR,0,kept,FALSE,FALSE,FALSE,FALSE
F9_09_EXP_TRAVEL_ENTMT_MGMT,F9-P09-T00-EXPENSES,PC,numeric,ONE,3,F9-P09-T00-EXPENSES,PC,numeric,ONE,3,F9_09_EXP_TRAVEL_ENTMT_MGMT,0,F9_09_EXP_TRAVEL_ENTMT_MGMT,0,kept,FALSE,FALSE,FALSE,FALSE
F9_09_EXP_TRAVEL_ENTMT_PROG,F9-P09-T00-EXPENSES,PC,numeric,ONE,3,F9-P09-T00-EXPENSES,PC,numeric,ONE,3,F9_09_EXP_TRAVEL_ENTMT_PROG,0,F9_09_EXP_TRAVEL_ENTMT_PROG,0,kept,FALSE,FALSE,FALSE,FALSE
F9_09_EXP_TRAVEL_ENTMT_TOT,F9-P09-T00-EXPENSES,PC,numeric,ONE,3,F9-P09-T00-EXPENSES,PC,numeric,ONE,3,F9_09_EXP_TRAVEL_ENTMT_TOT,0,F9_09_EXP_TRAVEL_ENTMT_TOT,0,kept,FALSE,FALSE,FALSE,FALSE
F9_09_EXP_TRAVEL_FUNDR,F9-P09-T00-EXPENSES,PC,numeric,ONE,3,F9-P09-T00-EXPENSES,PC,numeric,ONE,3,F9_09_EXP_TRAVEL_FUNDR,0,F9_09_EXP_TRAVEL_FUNDR,0,kept,FALSE,FALSE,FALSE,FALSE
F9_09_EXP_TRAVEL_MGMT,F9-P09-T00-EXPENSES,PC,numeric,ONE,3,F9-P09-T00-EXPENSES,PC,numeric,ONE,3,F9_09_EXP_TRAVEL_MGMT,0,F9_09_EXP_TRAVEL_MGMT,0,kept,FALSE,FALSE,FALSE,FALSE
F9_09_EXP_TRAVEL_PROG,F9-P09-T00-EXPENSES,PC,numeric,ONE,3,F9-P09-T00-EXPENSES,PC,numeric,ONE,3,F9_09_EXP_TRAVEL_PROG,0,F9_09_EXP_TRAVEL_PROG,0,kept,FALSE,FALSE,FALSE,FALSE
F9_09_EXP_TRAVEL_TOT,F9-P09-T00-EXPENSES,PC,numeric,ONE,3,F9-P09-T00-EXPENSES,PC,numeric,ONE,3,F9_09_EXP_TRAVEL_TOT,0,F9_09_EXP_TRAVEL_TOT,0,kept,FALSE,FALSE,FALSE,FALSE
F9_09_INFO_SCHED_O_X,F9-P09-T00-EXPENSES,PC,checkbox,ONE,2,F9-P09-T00-EXPENSES,PC,checkbox,ONE,2,F9_09_INFO_SCHED_O_X,0,F9_09_INFO_SCHED_O_X,0,kept,FALSE,FALSE,FALSE,FALSE
F9_10_ASSET_ACC_NET_BOY,F9-P10-T00-BALANCE-SHEET,PC,numeric,ONE,3,F9-P10-T00-BALANCE-SHEET,PC,numeric,ONE,3,F9_10_ASSET_ACC_NET_BOY,0,F9_10_ASSET_ACC_NET_BOY,0,kept,FALSE,FALSE,FALSE,FALSE
F9_10_ASSET_ACC_NET_EOY,F9-P10-T00-BALANCE-SHEET,PC,numeric,ONE,3,F9-P10-T00-BALANCE-SHEET,PC,numeric,ONE,3,F9_10_ASSET_ACC_NET_EOY,0,F9_10_ASSET_ACC_NET_EOY,0,kept,FALSE,FALSE,FALSE,FALSE
F9_10_ASSET_CASH_BOY,F9-P10-T00-BALANCE-SHEET,PZ,numeric,ONE,3,F9-P10-T00-BALANCE-SHEET,PZ,numeric,ONE,3,F9_10_ASSET_CASH_BOY,0,F9_10_ASSET_CASH_BOY,0,kept,FALSE,FALSE,FALSE,FALSE
F9_10_ASSET_CASH_EOY,F9-P10-T00-BALANCE-SHEET,PZ,numeric,ONE,3,F9-P10-T00-BALANCE-SHEET,PZ,numeric,ONE,3,F9_10_ASSET_CASH_EOY,0,F9_10_ASSET_CASH_EOY,0,kept,FALSE,FALSE,FALSE,FALSE
F9_10_ASSET_CASH_SAVING_BOY,F9-P10-T00-BALANCE-SHEET,PZ,numeric,ONE,2,F9-P10-T00-BALANCE-SHEET,PZ,numeric,ONE,2,F9_10_ASSET_CASH_SAVING_BOY,0,F9_10_ASSET_CASH_SAVING_BOY,0,kept,FALSE,FALSE,FALSE,FALSE
F9_10_ASSET_CASH_SAVING_EOY,F9-P10-T00-BALANCE-SHEET,PZ,numeric,ONE,2,F9-P10-T00-BALANCE-SHEET,PZ,numeric,ONE,2,F9_10_ASSET_CASH_SAVING_EOY,0,F9_10_ASSET_CASH_SAVING_EOY,0,kept,FALSE,FALSE,FALSE,FALSE
F9_10_ASSET_EXP_PREPAID_BOY,F9-P10-T00-BALANCE-SHEET,PC,numeric,ONE,3,F9-P10-T00-BALANCE-SHEET,PC,numeric,ONE,3,F9_10_ASSET_EXP_PREPAID_BOY,0,F9_10_ASSET_EXP_PREPAID_BOY,0,kept,FALSE,FALSE,FALSE,FALSE
F9_10_ASSET_EXP_PREPAID_EOY,F9-P10-T00-BALANCE-SHEET,PC,numeric,ONE,3,F9-P10-T00-BALANCE-SHEET,PC,numeric,ONE,3,F9_10_ASSET_EXP_PREPAID_EOY,0,F9_10_ASSET_EXP_PREPAID_EOY,0,kept,FALSE,FALSE,FALSE,FALSE
F9_10_ASSET_INTANGIBLE_BOY,F9-P10-T00-BALANCE-SHEET,PC,numeric,ONE,3,F9-P10-T00-BALANCE-SHEET,PC,numeric,ONE,3,F9_10_ASSET_INTANGIBLE_BOY,0,F9_10_ASSET_INTANGIBLE_BOY,0,kept,FALSE,FALSE,FALSE,FALSE
F9_10_ASSET_INTANGIBLE_EOY,F9-P10-T00-BALANCE-SHEET,PC,numeric,ONE,3,F9-P10-T00-BALANCE-SHEET,PC,numeric,ONE,3,F9_10_ASSET_INTANGIBLE_EOY,0,F9_10_ASSET_INTANGIBLE_EOY,0,kept,FALSE,FALSE,FALSE,FALSE
F9_10_ASSET_INVEST_PROG_RLTD_BOY,F9-P10-T00-BALANCE-SHEET,PZ,numeric,ONE,3,F9-P10-T00-BALANCE-SHEET,PZ,numeric,ONE,3,F9_10_ASSET_INVEST_PROG_RLTD_BOY,0,F9_10_ASSET_INVEST_PROG_RLTD_BOY,0,kept,FALSE,FALSE,FALSE,FALSE
F9_10_ASSET_INVEST_PROG_RLTD_EOY,F9-P10-T00-BALANCE-SHEET,PZ,numeric,ONE,3,F9-P10-T00-BALANCE-SHEET,PZ,numeric,ONE,3,F9_10_ASSET_INVEST_PROG_RLTD_EOY,0,F9_10_ASSET_INVEST_PROG_RLTD_EOY,0,kept,FALSE,FALSE,FALSE,FALSE
F9_10_ASSET_INVEST_SEC_BOY,F9-P10-T00-BALANCE-SHEET,PZ,numeric,ONE,3,F9-P10-T00-BALANCE-SHEET,PZ,numeric,ONE,3,F9_10_ASSET_INVEST_SEC_BOY,0,F9_10_ASSET_INVEST_SEC_BOY,0,kept,FALSE,FALSE,FALSE,FALSE
F9_10_ASSET_INVEST_SEC_EOY,F9-P10-T00-BALANCE-SHEET,PZ,numeric,ONE,3,F9-P10-T00-BALANCE-SHEET,PZ,numeric,ONE,3,F9_10_ASSET_INVEST_SEC_EOY,0,F9_10_ASSET_INVEST_SEC_EOY,0,kept,FALSE,FALSE,FALSE,FALSE
F9_10_ASSET_INVEST_SEC_OTH_BOY,F9-P10-T00-BALANCE-SHEET,PZ,numeric,ONE,3,F9-P10-T00-BALANCE-SHEET,PZ,numeric,ONE,3,F9_10_ASSET_INVEST_SEC_OTH_BOY,0,F9_10_ASSET_INVEST_SEC_OTH_BOY,0,kept,FALSE,FALSE,FALSE,FALSE
F9_10_ASSET_INVEST_SEC_OTH_EOY,F9-P10-T00-BALANCE-SHEET,PZ,numeric,ONE,3,F9-P10-T00-BALANCE-SHEET,PZ,numeric,ONE,3,F9_10_ASSET_INVEST_SEC_OTH_EOY,0,F9_10_ASSET_INVEST_SEC_OTH_EOY,0,kept,FALSE,FALSE,FALSE,FALSE
F9_10_ASSET_INV_SALE_BOY,F9-P10-T00-BALANCE-SHEET,PC,numeric,ONE,3,F9-P10-T00-BALANCE-SHEET,PC,numeric,ONE,3,F9_10_ASSET_INV_SALE_BOY,0,F9_10_ASSET_INV_SALE_BOY,0,kept,FALSE,FALSE,FALSE,FALSE
F9_10_ASSET_INV_SALE_EOY,F9-P10-T00-BALANCE-SHEET,PC,numeric,ONE,3,F9-P10-T00-BALANCE-SHEET,PC,numeric,ONE,3,F9_10_ASSET_INV_SALE_EOY,0,F9_10_ASSET_INV_SALE_EOY,0,kept,FALSE,FALSE,FALSE,FALSE
F9_10_ASSET_LAND_BLDG,F9-P10-T00-BALANCE-SHEET,PC;PZ,numeric,ONE,3,F9-P10-T00-BALANCE-SHEET,PC;PZ,numeric,ONE,3,F9_10_ASSET_LAND_BLDG,0,F9_10_ASSET_LAND_BLDG,0,kept,FALSE,FALSE,FALSE,FALSE
F9_10_ASSET_LAND_BLDG_BOY,F9-P10-T00-BALANCE-SHEET,PZ,numeric,ONE,2,F9-P10-T00-BALANCE-SHEET,PZ,numeric,ONE,2,F9_10_ASSET_LAND_BLDG_BOY,0,F9_10_ASSET_LAND_BLDG_BOY,0,kept,FALSE,FALSE,FALSE,FALSE
F9_10_ASSET_LAND_BLDG_DEPREC,F9-P10-T00-BALANCE-SHEET,PC,numeric,ONE,3,F9-P10-T00-BALANCE-SHEET,PC,numeric,ONE,3,F9_10_ASSET_LAND_BLDG_DEPREC,0,F9_10_ASSET_LAND_BLDG_DEPREC,0,kept,FALSE,FALSE,FALSE,FALSE
F9_10_ASSET_LAND_BLDG_EOY,F9-P10-T00-BALANCE-SHEET,PZ,numeric,ONE,2,F9-P10-T00-BALANCE-SHEET,PZ,numeric,ONE,2,F9_10_ASSET_LAND_BLDG_EOY,0,F9_10_ASSET_LAND_BLDG_EOY,0,kept,FALSE,FALSE,FALSE,FALSE
F9_10_ASSET_LAND_BLDG_NET_BOY,F9-P10-T00-BALANCE-SHEET,PZ,numeric,ONE,5,F9-P10-T00-BALANCE-SHEET,PZ,numeric,ONE,5,F9_10_ASSET_LAND_BLDG_NET_BOY,0,F9_10_ASSET_LAND_BLDG_NET_BOY,0,kept,FALSE,FALSE,FALSE,FALSE
F9_10_ASSET_LAND_BLDG_NET_EOY,F9-P10-T00-BALANCE-SHEET,PZ,numeric,ONE,5,F9-P10-T00-BALANCE-SHEET,PZ,numeric,ONE,5,F9_10_ASSET_LAND_BLDG_NET_EOY,0,F9_10_ASSET_LAND_BLDG_NET_EOY,0,kept,FALSE,FALSE,FALSE,FALSE
F9_10_ASSET_LOAN_DSQ_PERS_BOY,F9-P10-T00-BALANCE-SHEET,PC,numeric,ONE,3,F9-P10-T00-BALANCE-SHEET,PC,numeric,ONE,3,F9_10_ASSET_LOAN_DSQ_PERS_BOY,0,F9_10_ASSET_LOAN_DSQ_PERS_BOY,0,kept,FALSE,FALSE,FALSE,FALSE
F9_10_ASSET_LOAN_DSQ_PERS_EOY,F9-P10-T00-BALANCE-SHEET,PC,numeric,ONE,3,F9-P10-T00-BALANCE-SHEET,PC,numeric,ONE,3,F9_10_ASSET_LOAN_DSQ_PERS_EOY,0,F9_10_ASSET_LOAN_DSQ_PERS_EOY,0,kept,FALSE,FALSE,FALSE,FALSE
F9_10_ASSET_LOAN_OFF_BOY,F9-P10-T00-BALANCE-SHEET,PC,numeric,ONE,3,F9-P10-T00-BALANCE-SHEET,PC,numeric,ONE,3,F9_10_ASSET_LOAN_OFF_BOY,0,F9_10_ASSET_LOAN_OFF_BOY,0,kept,FALSE,FALSE,FALSE,FALSE
F9_10_ASSET_LOAN_OFF_EOY,F9-P10-T00-BALANCE-SHEET,PC,numeric,ONE,3,F9-P10-T00-BALANCE-SHEET,PC,numeric,ONE,3,F9_10_ASSET_LOAN_OFF_EOY,0,F9_10_ASSET_LOAN_OFF_EOY,0,kept,FALSE,FALSE,FALSE,FALSE
F9_10_ASSET_NOTE_LOAN_NET_BOY,F9-P10-T00-BALANCE-SHEET,PC,numeric,ONE,3,F9-P10-T00-BALANCE-SHEET,PC,numeric,ONE,3,F9_10_ASSET_NOTE_LOAN_NET_BOY,0,F9_10_ASSET_NOTE_LOAN_NET_BOY,0,kept,FALSE,FALSE,FALSE,FALSE
F9_10_ASSET_NOTE_LOAN_NET_EOY,F9-P10-T00-BALANCE-SHEET,PC,numeric,ONE,3,F9-P10-T00-BALANCE-SHEET,PC,numeric,ONE,3,F9_10_ASSET_NOTE_LOAN_NET_EOY,0,F9_10_ASSET_NOTE_LOAN_NET_EOY,0,kept,FALSE,FALSE,FALSE,FALSE
F9_10_ASSET_OTH_BOY,F9-P10-T00-BALANCE-SHEET,PZ,numeric,ONE,3,F9-P10-T00-BALANCE-SHEET,PZ,numeric,ONE,3,F9_10_ASSET_OTH_BOY,0,F9_10_ASSET_OTH_BOY,0,kept,FALSE,FALSE,FALSE,FALSE
F9_10_ASSET_OTH_BOY_V2,F9-P10-T00-BALANCE-SHEET,PZ,numeric,ONE,4,F9-P10-T00-BALANCE-SHEET,PZ,numeric,ONE,4,F9_10_ASSET_OTH_BOY_V2,0,F9_10_ASSET_OTH_BOY_V2,0,kept,FALSE,FALSE,FALSE,FALSE
F9_10_ASSET_OTH_EOY,F9-P10-T00-BALANCE-SHEET,PZ,numeric,ONE,3,F9-P10-T00-BALANCE-SHEET,PZ,numeric,ONE,3,F9_10_ASSET_OTH_EOY,0,F9_10_ASSET_OTH_EOY,0,kept,FALSE,FALSE,FALSE,FALSE
F9_10_ASSET_OTH_EOY_V2,F9-P10-T00-BALANCE-SHEET,PZ,numeric,ONE,4,F9-P10-T00-BALANCE-SHEET,PZ,numeric,ONE,4,F9_10_ASSET_OTH_EOY_V2,0,F9_10_ASSET_OTH_EOY_V2,0,kept,FALSE,FALSE,FALSE,FALSE
F9_10_ASSET_PLEDGE_NET_BOY,F9-P10-T00-BALANCE-SHEET,PC,numeric,ONE,3,F9-P10-T00-BALANCE-SHEET,PC,numeric,ONE,3,F9_10_ASSET_PLEDGE_NET_BOY,0,F9_10_ASSET_PLEDGE_NET_BOY,0,kept,FALSE,FALSE,FALSE,FALSE
F9_10_ASSET_PLEDGE_NET_EOY,F9-P10-T00-BALANCE-SHEET,PC,numeric,ONE,3,F9-P10-T00-BALANCE-SHEET,PC,numeric,ONE,3,F9_10_ASSET_PLEDGE_NET_EOY,0,F9_10_ASSET_PLEDGE_NET_EOY,0,kept,FALSE,FALSE,FALSE,FALSE
F9_10_ASSET_SAVING_BOY,F9-P10-T00-BALANCE-SHEET,PZ,numeric,ONE,3,F9-P10-T00-BALANCE-SHEET,PZ,numeric,ONE,3,F9_10_ASSET_SAVING_BOY,0,F9_10_ASSET_SAVING_BOY,0,kept,FALSE,FALSE,FALSE,FALSE
F9_10_ASSET_SAVING_EOY,F9-P10-T00-BALANCE-SHEET,PZ,numeric,ONE,3,F9-P10-T00-BALANCE-SHEET,PZ,numeric,ONE,3,F9_10_ASSET_SAVING_EOY,0,F9_10_ASSET_SAVING_EOY,0,kept,FALSE,FALSE,FALSE,FALSE
F9_10_ASSET_TOT_BOY,F9-P10-T00-BALANCE-SHEET,PZ,numeric,ONE,6,F9-P10-T00-BALANCE-SHEET,PZ,numeric,ONE,6,F9_10_ASSET_TOT_BOY,0,F9_10_ASSET_TOT_BOY,0,kept,FALSE,FALSE,FALSE,FALSE
F9_10_ASSET_TOT_EOY,F9-P10-T00-BALANCE-SHEET,PZ,numeric,ONE,6,F9-P10-T00-BALANCE-SHEET,PZ,numeric,ONE,6,F9_10_ASSET_TOT_EOY,0,F9_10_ASSET_TOT_EOY,0,kept,FALSE,FALSE,FALSE,FALSE
F9_10_INFO_SCHED_O_X,F9-P10-T00-BALANCE-SHEET,PZ,checkbox,ONE,5,F9-P10-T00-BALANCE-SHEET,PZ,checkbox,ONE,5,F9_10_INFO_SCHED_O_X,0,F9_10_INFO_SCHED_O_X,0,kept,FALSE,FALSE,FALSE,FALSE
F9_10_LIAB_ACC_PAYABLE_BOY,F9-P10-T00-BALANCE-SHEET,PC,numeric,ONE,3,F9-P10-T00-BALANCE-SHEET,PC,numeric,ONE,3,F9_10_LIAB_ACC_PAYABLE_BOY,0,F9_10_LIAB_ACC_PAYABLE_BOY,0,kept,FALSE,FALSE,FALSE,FALSE
F9_10_LIAB_ACC_PAYABLE_EOY,F9-P10-T00-BALANCE-SHEET,PC,numeric,ONE,3,F9-P10-T00-BALANCE-SHEET,PC,numeric,ONE,3,F9_10_LIAB_ACC_PAYABLE_EOY,0,F9_10_LIAB_ACC_PAYABLE_EOY,0,kept,FALSE,FALSE,FALSE,FALSE
F9_10_LIAB_ESCROW_ACC_BOY,F9-P10-T00-BALANCE-SHEET,PC,numeric,ONE,3,F9-P10-T00-BALANCE-SHEET,PC,numeric,ONE,3,F9_10_LIAB_ESCROW_ACC_BOY,0,F9_10_LIAB_ESCROW_ACC_BOY,0,kept,FALSE,FALSE,FALSE,FALSE
F9_10_LIAB_ESCROW_ACC_EOY,F9-P10-T00-BALANCE-SHEET,PC,numeric,ONE,3,F9-P10-T00-BALANCE-SHEET,PC,numeric,ONE,3,F9_10_LIAB_ESCROW_ACC_EOY,0,F9_10_LIAB_ESCROW_ACC_EOY,0,kept,FALSE,FALSE,FALSE,FALSE
F9_10_LIAB_GRANT_PAYABLE_BOY,F9-P10-T00-BALANCE-SHEET,PC,numeric,ONE,3,F9-P10-T00-BALANCE-SHEET,PC,numeric,ONE,3,F9_10_LIAB_GRANT_PAYABLE_BOY,0,F9_10_LIAB_GRANT_PAYABLE_BOY,0,kept,FALSE,FALSE,FALSE,FALSE
F9_10_LIAB_GRANT_PAYABLE_EOY,F9-P10-T00-BALANCE-SHEET,PC,numeric,ONE,3,F9-P10-T00-BALANCE-SHEET,PC,numeric,ONE,3,F9_10_LIAB_GRANT_PAYABLE_EOY,0,F9_10_LIAB_GRANT_PAYABLE_EOY,0,kept,FALSE,FALSE,FALSE,FALSE
F9_10_LIAB_LOAN_OFF_BOY,F9-P10-T00-BALANCE-SHEET,PC,numeric,ONE,3,F9-P10-T00-BALANCE-SHEET,PC,numeric,ONE,3,F9_10_LIAB_LOAN_OFF_BOY,0,F9_10_LIAB_LOAN_OFF_BOY,0,kept,FALSE,FALSE,FALSE,FALSE
F9_10_LIAB_LOAN_OFF_EOY,F9-P10-T00-BALANCE-SHEET,PC,numeric,ONE,3,F9-P10-T00-BALANCE-SHEET,PC,numeric,ONE,3,F9_10_LIAB_LOAN_OFF_EOY,0,F9_10_LIAB_LOAN_OFF_EOY,0,kept,FALSE,FALSE,FALSE,FALSE
F9_10_LIAB_MTG_NOTE_BOY,F9-P10-T00-BALANCE-SHEET,PC,numeric,ONE,3,F9-P10-T00-BALANCE-SHEET,PC,numeric,ONE,3,F9_10_LIAB_MTG_NOTE_BOY,0,F9_10_LIAB_MTG_NOTE_BOY,0,kept,FALSE,FALSE,FALSE,FALSE
F9_10_LIAB_MTG_NOTE_EOY,F9-P10-T00-BALANCE-SHEET,PC,numeric,ONE,3,F9-P10-T00-BALANCE-SHEET,PC,numeric,ONE,3,F9_10_LIAB_MTG_NOTE_EOY,0,F9_10_LIAB_MTG_NOTE_EOY,0,kept,FALSE,FALSE,FALSE,FALSE
F9_10_LIAB_NOTE_UNSEC_BOY,F9-P10-T00-BALANCE-SHEET,PC,numeric,ONE,3,F9-P10-T00-BALANCE-SHEET,PC,numeric,ONE,3,F9_10_LIAB_NOTE_UNSEC_BOY,0,F9_10_LIAB_NOTE_UNSEC_BOY,0,kept,FALSE,FALSE,FALSE,FALSE
F9_10_LIAB_NOTE_UNSEC_EOY,F9-P10-T00-BALANCE-SHEET,PC,numeric,ONE,3,F9-P10-T00-BALANCE-SHEET,PC,numeric,ONE,3,F9_10_LIAB_NOTE_UNSEC_EOY,0,F9_10_LIAB_NOTE_UNSEC_EOY,0,kept,FALSE,FALSE,FALSE,FALSE
F9_10_LIAB_OTH_BOY,F9-P10-T00-BALANCE-SHEET,PC,numeric,ONE,3,F9-P10-T00-BALANCE-SHEET,PC,numeric,ONE,3,F9_10_LIAB_OTH_BOY,0,F9_10_LIAB_OTH_BOY,0,kept,FALSE,FALSE,FALSE,FALSE
F9_10_LIAB_OTH_EOY,F9-P10-T00-BALANCE-SHEET,PC,numeric,ONE,3,F9-P10-T00-BALANCE-SHEET,PC,numeric,ONE,3,F9_10_LIAB_OTH_EOY,0,F9_10_LIAB_OTH_EOY,0,kept,FALSE,FALSE,FALSE,FALSE
F9_10_LIAB_REV_DEFERRED_BOY,F9-P10-T00-BALANCE-SHEET,PC,numeric,ONE,3,F9-P10-T00-BALANCE-SHEET,PC,numeric,ONE,3,F9_10_LIAB_REV_DEFERRED_BOY,0,F9_10_LIAB_REV_DEFERRED_BOY,0,kept,FALSE,FALSE,FALSE,FALSE
F9_10_LIAB_REV_DEFERRED_EOY,F9-P10-T00-BALANCE-SHEET,PC,numeric,ONE,3,F9-P10-T00-BALANCE-SHEET,PC,numeric,ONE,3,F9_10_LIAB_REV_DEFERRED_EOY,0,F9_10_LIAB_REV_DEFERRED_EOY,0,kept,FALSE,FALSE,FALSE,FALSE
F9_10_LIAB_TAX_EXEMPT_BOND_BOY,F9-P10-T00-BALANCE-SHEET,PC,numeric,ONE,3,F9-P10-T00-BALANCE-SHEET,PC,numeric,ONE,3,F9_10_LIAB_TAX_EXEMPT_BOND_BOY,0,F9_10_LIAB_TAX_EXEMPT_BOND_BOY,0,kept,FALSE,FALSE,FALSE,FALSE
F9_10_LIAB_TAX_EXEMPT_BOND_EOY,F9-P10-T00-BALANCE-SHEET,PC,numeric,ONE,3,F9-P10-T00-BALANCE-SHEET,PC,numeric,ONE,3,F9_10_LIAB_TAX_EXEMPT_BOND_EOY,0,F9_10_LIAB_TAX_EXEMPT_BOND_EOY,0,kept,FALSE,FALSE,FALSE,FALSE
F9_10_LIAB_TOT_BOY,F9-P10-T00-BALANCE-SHEET,PZ,numeric,ONE,7,F9-P10-T00-BALANCE-SHEET,PZ,numeric,ONE,7,F9_10_LIAB_TOT_BOY,0,F9_10_LIAB_TOT_BOY,0,kept,FALSE,FALSE,FALSE,FALSE
F9_10_LIAB_TOT_EOY,F9-P10-T00-BALANCE-SHEET,PZ,numeric,ONE,7,F9-P10-T00-BALANCE-SHEET,PZ,numeric,ONE,7,F9_10_LIAB_TOT_EOY,0,F9_10_LIAB_TOT_EOY,0,kept,FALSE,FALSE,FALSE,FALSE
F9_10_NAFB_CAP_STCK_BOY,F9-P10-T00-BALANCE-SHEET,PC,numeric,ONE,3,F9-P10-T00-BALANCE-SHEET,PC,numeric,ONE,3,F9_10_NAFB_CAP_STCK_BOY,0,F9_10_NAFB_CAP_STCK_BOY,0,kept,FALSE,FALSE,FALSE,FALSE
F9_10_NAFB_CAP_STCK_EOY,F9-P10-T00-BALANCE-SHEET,PC,numeric,ONE,3,F9-P10-T00-BALANCE-SHEET,PC,numeric,ONE,3,F9_10_NAFB_CAP_STCK_EOY,0,F9_10_NAFB_CAP_STCK_EOY,0,kept,FALSE,FALSE,FALSE,FALSE
F9_10_NAFB_CAP_SURPLUS_BOY,F9-P10-T00-BALANCE-SHEET,PC,numeric,ONE,3,F9-P10-T00-BALANCE-SHEET,PC,numeric,ONE,3,F9_10_NAFB_CAP_SURPLUS_BOY,0,F9_10_NAFB_CAP_SURPLUS_BOY,0,kept,FALSE,FALSE,FALSE,FALSE
F9_10_NAFB_CAP_SURPLUS_EOY,F9-P10-T00-BALANCE-SHEET,PC,numeric,ONE,3,F9-P10-T00-BALANCE-SHEET,PC,numeric,ONE,3,F9_10_NAFB_CAP_SURPLUS_EOY,0,F9_10_NAFB_CAP_SURPLUS_EOY,0,kept,FALSE,FALSE,FALSE,FALSE
F9_10_NAFB_EARNING_RETAINED_BOY,F9-P10-T00-BALANCE-SHEET,PC,numeric,ONE,3,F9-P10-T00-BALANCE-SHEET,PC,numeric,ONE,3,F9_10_NAFB_EARNING_RETAINED_BOY,0,F9_10_NAFB_EARNING_RETAINED_BOY,0,kept,FALSE,FALSE,FALSE,FALSE
F9_10_NAFB_EARNING_RETAINED_EOY,F9-P10-T00-BALANCE-SHEET,PC,numeric,ONE,3,F9-P10-T00-BALANCE-SHEET,PC,numeric,ONE,3,F9_10_NAFB_EARNING_RETAINED_EOY,0,F9_10_NAFB_EARNING_RETAINED_EOY,0,kept,FALSE,FALSE,FALSE,FALSE
F9_10_NAFB_FOLLOW_SFAS117_X,F9-P10-T00-BALANCE-SHEET,PC,checkbox,ONE,4,F9-P10-T00-BALANCE-SHEET,PC,checkbox,ONE,4,F9_10_NAFB_FOLLOW_SFAS117_X,0,F9_10_NAFB_FOLLOW_SFAS117_X,0,kept,FALSE,FALSE,FALSE,FALSE
F9_10_NAFB_NO_FOLLOW_SFAS117_X,F9-P10-T00-BALANCE-SHEET,PC,checkbox,ONE,5,F9-P10-T00-BALANCE-SHEET,PC,checkbox,ONE,5,F9_10_NAFB_NO_FOLLOW_SFAS117_X,0,F9_10_NAFB_NO_FOLLOW_SFAS117_X,0,kept,FALSE,FALSE,FALSE,FALSE
F9_10_NAFB_RESTRICT_BOY,F9-P10-T00-BALANCE-SHEET,PC,numeric,ONE,1,F9-P10-T00-BALANCE-SHEET,PC,numeric,ONE,1,F9_10_NAFB_RESTRICT_BOY,0,F9_10_NAFB_RESTRICT_BOY,0,kept,FALSE,FALSE,FALSE,FALSE
F9_10_NAFB_RESTRICT_EOY,F9-P10-T00-BALANCE-SHEET,PC,numeric,ONE,1,F9-P10-T00-BALANCE-SHEET,PC,numeric,ONE,1,F9_10_NAFB_RESTRICT_EOY,0,F9_10_NAFB_RESTRICT_EOY,0,kept,FALSE,FALSE,FALSE,FALSE
F9_10_NAFB_RESTRICT_PERM_BOY,F9-P10-T00-BALANCE-SHEET,PC,numeric,ONE,3,F9-P10-T00-BALANCE-SHEET,PC,numeric,ONE,3,F9_10_NAFB_RESTRICT_PERM_BOY,0,F9_10_NAFB_RESTRICT_PERM_BOY,0,kept,FALSE,FALSE,FALSE,FALSE
F9_10_NAFB_RESTRICT_PERM_EOY,F9-P10-T00-BALANCE-SHEET,PC,numeric,ONE,3,F9-P10-T00-BALANCE-SHEET,PC,numeric,ONE,3,F9_10_NAFB_RESTRICT_PERM_EOY,0,F9_10_NAFB_RESTRICT_PERM_EOY,0,kept,FALSE,FALSE,FALSE,FALSE
F9_10_NAFB_RESTRICT_TEMP_BOY,F9-P10-T00-BALANCE-SHEET,PC,numeric,ONE,3,F9-P10-T00-BALANCE-SHEET,PC,numeric,ONE,3,F9_10_NAFB_RESTRICT_TEMP_BOY,0,F9_10_NAFB_RESTRICT_TEMP_BOY,0,kept,FALSE,FALSE,FALSE,FALSE
F9_10_NAFB_RESTRICT_TEMP_EOY,F9-P10-T00-BALANCE-SHEET,PC,numeric,ONE,3,F9-P10-T00-BALANCE-SHEET,PC,numeric,ONE,3,F9_10_NAFB_RESTRICT_TEMP_EOY,0,F9_10_NAFB_RESTRICT_TEMP_EOY,0,kept,FALSE,FALSE,FALSE,FALSE
F9_10_NAFB_TOT_BOY,F9-P10-T00-BALANCE-SHEET,PZ,numeric,ONE,7,F9-P10-T00-BALANCE-SHEET,PZ,numeric,ONE,7,F9_10_NAFB_TOT_BOY,0,F9_10_NAFB_TOT_BOY,0,kept,FALSE,FALSE,FALSE,FALSE
F9_10_NAFB_TOT_EOY,F9-P10-T00-BALANCE-SHEET,PZ,numeric,ONE,7,F9-P10-T00-BALANCE-SHEET,PZ,numeric,ONE,7,F9_10_NAFB_TOT_EOY,0,F9_10_NAFB_TOT_EOY,0,kept,FALSE,FALSE,FALSE,FALSE
F9_10_NAFB_TOT_LIAB_NAFB_BOY,F9-P10-T00-BALANCE-SHEET,PC,numeric,ONE,3,F9-P10-T00-BALANCE-SHEET,PC,numeric,ONE,3,F9_10_NAFB_TOT_LIAB_NAFB_BOY,0,F9_10_NAFB_TOT_LIAB_NAFB_BOY,0,kept,FALSE,FALSE,FALSE,FALSE
F9_10_NAFB_TOT_LIAB_NAFB_EOY,F9-P10-T00-BALANCE-SHEET,PC,numeric,ONE,3,F9-P10-T00-BALANCE-SHEET,PC,numeric,ONE,3,F9_10_NAFB_TOT_LIAB_NAFB_EOY,0,F9_10_NAFB_TOT_LIAB_NAFB_EOY,0,kept,FALSE,FALSE,FALSE,FALSE
F9_10_NAFB_UNRESTRICT_BOY,F9-P10-T00-BALANCE-SHEET,PC,numeric,ONE,4,F9-P10-T00-BALANCE-SHEET,PC,numeric,ONE,4,F9_10_NAFB_UNRESTRICT_BOY,0,F9_10_NAFB_UNRESTRICT_BOY,0,kept,FALSE,FALSE,FALSE,FALSE
F9_10_NAFB_UNRESTRICT_EOY,F9-P10-T00-BALANCE-SHEET,PC,numeric,ONE,4,F9-P10-T00-BALANCE-SHEET,PC,numeric,ONE,4,F9_10_NAFB_UNRESTRICT_EOY,0,F9_10_NAFB_UNRESTRICT_EOY,0,kept,FALSE,FALSE,FALSE,FALSE
F9_11_INFO_SCHED_O_X,F9-P11-T00-ASSETS,PC,checkbox,ONE,2,F9-P11-T00-ASSETS,PC,checkbox,ONE,2,F9_11_INFO_SCHED_O_X,0,F9_11_INFO_SCHED_O_X,0,kept,FALSE,FALSE,FALSE,FALSE
F9_11_RECO_ADJ_PRIOR,F9-P11-T00-ASSETS,PC,numeric,ONE,2,F9-P11-T00-ASSETS,PC,numeric,ONE,2,F9_11_RECO_ADJ_PRIOR,0,F9_11_RECO_ADJ_PRIOR,0,kept,FALSE,FALSE,FALSE,FALSE
F9_11_RECO_GAIN_INVEST_NET,F9-P11-T00-ASSETS,PC,numeric,ONE,2,F9-P11-T00-ASSETS,PC,numeric,ONE,2,F9_11_RECO_GAIN_INVEST_NET,0,F9_11_RECO_GAIN_INVEST_NET,0,kept,FALSE,FALSE,FALSE,FALSE
F9_11_RECO_INVEST_EXP,F9-P11-T00-ASSETS,PC,numeric,ONE,2,F9-P11-T00-ASSETS,PC,numeric,ONE,2,F9_11_RECO_INVEST_EXP,0,F9_11_RECO_INVEST_EXP,0,kept,FALSE,FALSE,FALSE,FALSE
F9_11_RECO_OTH_CHANGE_NAFB,F9-P11-T00-ASSETS,PZ,numeric,ONE,4,F9-P11-T00-ASSETS,PZ,numeric,ONE,4,F9_11_RECO_OTH_CHANGE_NAFB,0,F9_11_RECO_OTH_CHANGE_NAFB,0,kept,FALSE,FALSE,FALSE,FALSE
F9_11_RECO_REV_LESS_EXP,F9-P11-T00-ASSETS,PC,numeric,ONE,2,F9-P11-T00-ASSETS,PC,numeric,ONE,2,F9_11_RECO_REV_LESS_EXP,0,F9_11_RECO_REV_LESS_EXP,0,kept,FALSE,FALSE,FALSE,FALSE
F9_11_RECO_SVC_DONATED,F9-P11-T00-ASSETS,PC,numeric,ONE,2,F9-P11-T00-ASSETS,PC,numeric,ONE,2,F9_11_RECO_SVC_DONATED,0,F9_11_RECO_SVC_DONATED,0,kept,FALSE,FALSE,FALSE,FALSE
F9_12_FINSTAT_AUDIT_BOTH_X,F9-P12-T00-FINANCIAL-REPORTING,PC,checkbox,ONE,3,F9-P12-T00-FINANCIAL-REPORTING,PC,checkbox,ONE,3,F9_12_FINSTAT_AUDIT_BOTH_X,0,F9_12_FINSTAT_AUDIT_BOTH_X,0,kept,FALSE,FALSE,FALSE,FALSE
F9_12_FINSTAT_AUDIT_COMMITTEE_X,F9-P12-T00-FINANCIAL-REPORTING,PC,checkbox,ONE,3,F9-P12-T00-FINANCIAL-REPORTING,PC,checkbox,ONE,3,F9_12_FINSTAT_AUDIT_COMMITTEE_X,0,F9_12_FINSTAT_AUDIT_COMMITTEE_X,0,kept,FALSE,FALSE,FALSE,FALSE
F9_12_FINSTAT_AUDIT_CONSOL_X,F9-P12-T00-FINANCIAL-REPORTING,PC,checkbox,ONE,3,F9-P12-T00-FINANCIAL-REPORTING,PC,checkbox,ONE,3,F9_12_FINSTAT_AUDIT_CONSOL_X,0,F9_12_FINSTAT_AUDIT_CONSOL_X,0,kept,FALSE,FALSE,FALSE,FALSE
F9_12_FINSTAT_AUDIT_SEP_X,F9-P12-T00-FINANCIAL-REPORTING,PC,checkbox,ONE,3,F9-P12-T00-FINANCIAL-REPORTING,PC,checkbox,ONE,3,F9_12_FINSTAT_AUDIT_SEP_X,0,F9_12_FINSTAT_AUDIT_SEP_X,0,kept,FALSE,FALSE,FALSE,FALSE
F9_12_FINSTAT_AUDIT_X,F9-P12-T00-FINANCIAL-REPORTING,PC,checkbox,ONE,3,F9-P12-T00-FINANCIAL-REPORTING,PC,checkbox,ONE,3,F9_12_FINSTAT_AUDIT_X,0,F9_12_FINSTAT_AUDIT_X,0,kept,FALSE,FALSE,FALSE,FALSE
F9_12_FINSTAT_COMPILE_BOTH_X,F9-P12-T00-FINANCIAL-REPORTING,PC,checkbox,ONE,2,F9-P12-T00-FINANCIAL-REPORTING,PC,checkbox,ONE,2,F9_12_FINSTAT_COMPILE_BOTH_X,0,F9_12_FINSTAT_COMPILE_BOTH_X,0,kept,FALSE,FALSE,FALSE,FALSE
F9_12_FINSTAT_COMPILE_CONSOL_X,F9-P12-T00-FINANCIAL-REPORTING,PC,checkbox,ONE,2,F9-P12-T00-FINANCIAL-REPORTING,PC,checkbox,ONE,2,F9_12_FINSTAT_COMPILE_CONSOL_X,0,F9_12_FINSTAT_COMPILE_CONSOL_X,0,kept,FALSE,FALSE,FALSE,FALSE
F9_12_FINSTAT_COMPILE_SEP_X,F9-P12-T00-FINANCIAL-REPORTING,PC,checkbox,ONE,2,F9-P12-T00-FINANCIAL-REPORTING,PC,checkbox,ONE,2,F9_12_FINSTAT_COMPILE_SEP_X,0,F9_12_FINSTAT_COMPILE_SEP_X,0,kept,FALSE,FALSE,FALSE,FALSE
F9_12_FINSTAT_COMPILE_X,F9-P12-T00-FINANCIAL-REPORTING,PC,checkbox,ONE,3,F9-P12-T00-FINANCIAL-REPORTING,PC,checkbox,ONE,3,F9_12_FINSTAT_COMPILE_X,0,F9_12_FINSTAT_COMPILE_X,0,kept,FALSE,FALSE,FALSE,FALSE
F9_12_FINSTAT_FED_AUDIT_PERF_X,F9-P12-T00-FINANCIAL-REPORTING,PC,checkbox,ONE,3,F9-P12-T00-FINANCIAL-REPORTING,PC,checkbox,ONE,3,F9_12_FINSTAT_FED_AUDIT_PERF_X,0,F9_12_FINSTAT_FED_AUDIT_PERF_X,0,kept,FALSE,FALSE,FALSE,FALSE
F9_12_FINSTAT_FED_AUDIT_REQ_X,F9-P12-T00-FINANCIAL-REPORTING,PC,checkbox,ONE,3,F9-P12-T00-FINANCIAL-REPORTING,PC,checkbox,ONE,3,F9_12_FINSTAT_FED_AUDIT_REQ_X,0,F9_12_FINSTAT_FED_AUDIT_REQ_X,0,kept,FALSE,FALSE,FALSE,FALSE
F9_12_FINSTAT_METHOD_ACC_ACCRU_X,F9-P12-T00-FINANCIAL-REPORTING,PZ,checkbox,ONE,5,F9-P12-T00-FINANCIAL-REPORTING,PZ,checkbox,ONE,5,F9_12_FINSTAT_METHOD_ACC_ACCRU_X,0,F9_12_FINSTAT_METHOD_ACC_ACCRU_X,0,kept,FALSE,FALSE,FALSE,FALSE
F9_12_FINSTAT_METHOD_ACC_CASH_X,F9-P12-T00-FINANCIAL-REPORTING,PZ,checkbox,ONE,5,F9-P12-T00-FINANCIAL-REPORTING,PZ,checkbox,ONE,5,F9_12_FINSTAT_METHOD_ACC_CASH_X,0,F9_12_FINSTAT_METHOD_ACC_CASH_X,0,kept,FALSE,FALSE,FALSE,FALSE
F9_12_FINSTAT_METHOD_ACC_OTH,F9-P12-T00-FINANCIAL-REPORTING,PZ,text,ONE,2,F9-P12-T00-FINANCIAL-REPORTING,PZ,text,ONE,2,F9_12_FINSTAT_METHOD_ACC_OTH,0,F9_12_FINSTAT_METHOD_ACC_OTH,0,kept,FALSE,FALSE,FALSE,FALSE
F9_12_FINSTAT_METHOD_ACC_OTH_X,F9-P12-T00-FINANCIAL-REPORTING,PZ,checkbox,ONE,3,F9-P12-T00-FINANCIAL-REPORTING,PZ,checkbox,ONE,3,F9_12_FINSTAT_METHOD_ACC_OTH_X,0,F9_12_FINSTAT_METHOD_ACC_OTH_X,0,kept,FALSE,FALSE,FALSE,FALSE
F9_12_INFO_SCHED_O_X,F9-P12-T00-FINANCIAL-REPORTING,PC,checkbox,ONE,2,F9-P12-T00-FINANCIAL-REPORTING,PC,checkbox,ONE,2,F9_12_INFO_SCHED_O_X,0,F9_12_INFO_SCHED_O_X,0,kept,FALSE,FALSE,FALSE,FALSE
SA_00_NAME_ORG_L1,SA-P00-T00-HEADER,HD,text,ONE,1,SA-P00-T00-HEADER,HD,text,ONE,1,SA_00_NAME_ORG_L1,0,SA_00_NAME_ORG_L1,0,kept,FALSE,FALSE,FALSE,FALSE
SA_01_PCSTAT_AGRI_RSRCH_X,,,,,,SA-P01-T00-PUBLIC-CHARITY-STATUS,PZ,checkbox,ONE,1,,,"",1,new_in_v2,,,,
SA_01_PCSTAT_AGRI_UNIV_CITY,,,,,,SA-P01-T03-AGRI-RESEARCH-UNIV,PZ,text,MANY,1,,,"",1,new_in_v2,,,,
SA_01_PCSTAT_AGRI_UNIV_CNTR,,,,,,SA-P01-T03-AGRI-RESEARCH-UNIV,PZ,text,MANY,1,,,"",1,new_in_v2,,,,
SA_01_PCSTAT_AGRI_UNIV_NAME_L1,,,,,,SA-P01-T03-AGRI-RESEARCH-UNIV,PZ,text,MANY,1,,,"",1,new_in_v2,,,,
SA_01_PCSTAT_AGRI_UNIV_NAME_L2,,,,,,SA-P01-T03-AGRI-RESEARCH-UNIV,PZ,text,MANY,1,,,"",1,new_in_v2,,,,
SA_01_PCSTAT_AGRI_UNIV_STATE,,,,,,SA-P01-T03-AGRI-RESEARCH-UNIV,PZ,text,MANY,1,,,"",1,new_in_v2,,,,
SA_01_PCSTAT_CERTIFICATION_X,SA-P01-T00-PUBLIC-CHARITY-STATUS,PZ,checkbox,ONE,3,SA-P01-T00-PUBLIC-CHARITY-STATUS,PZ,checkbox,ONE,3,SA_01_PCSTAT_CERTIFICATION_X,0,SA_01_PCSTAT_CERTIFICATION_X,0,kept,FALSE,FALSE,FALSE,FALSE
SA_01_PCSTAT_CHURCH_X,SA-P01-T00-PUBLIC-CHARITY-STATUS,PZ,checkbox,ONE,3,SA-P01-T00-PUBLIC-CHARITY-STATUS,PZ,checkbox,ONE,3,SA_01_PCSTAT_CHURCH_X,0,SA_01_PCSTAT_CHURCH_X,0,kept,FALSE,FALSE,FALSE,FALSE
SA_01_PCSTAT_COLLEGE_BEN_X,SA-P01-T00-PUBLIC-CHARITY-STATUS,PZ,checkbox,ONE,3,SA-P01-T00-PUBLIC-CHARITY-STATUS,PZ,checkbox,ONE,3,SA_01_PCSTAT_COLLEGE_BEN_X,0,SA_01_PCSTAT_COLLEGE_BEN_X,0,kept,FALSE,FALSE,FALSE,FALSE
SA_01_PCSTAT_COM_TRUST_X,SA-P01-T00-PUBLIC-CHARITY-STATUS,PZ,checkbox,ONE,3,SA-P01-T00-PUBLIC-CHARITY-STATUS,PZ,checkbox,ONE,3,SA_01_PCSTAT_COM_TRUST_X,0,SA_01_PCSTAT_COM_TRUST_X,0,kept,FALSE,FALSE,FALSE,FALSE
SA_01_PCSTAT_CONTR_35PCT_CE_X,SA-P01-T00-PUBLIC-CHARITY-STATUS,PZ,checkbox,ONE,3,SA-P01-T00-PUBLIC-CHARITY-STATUS,PZ,checkbox,ONE,3,SA_01_PCSTAT_CONTR_35PCT_CE_X,0,SA_01_PCSTAT_CONTR_35PCT_CE_X,0,kept,FALSE,FALSE,FALSE,FALSE
SA_01_PCSTAT_CONTR_FAM_PARTY_X,SA-P01-T00-PUBLIC-CHARITY-STATUS,PZ,checkbox,ONE,3,SA-P01-T00-PUBLIC-CHARITY-STATUS,PZ,checkbox,ONE,3,SA_01_PCSTAT_CONTR_FAM_PARTY_X,0,SA_01_PCSTAT_CONTR_FAM_PARTY_X,0,kept,FALSE,FALSE,FALSE,FALSE
SA_01_PCSTAT_CONTR_PERS_X,SA-P01-T00-PUBLIC-CHARITY-STATUS,PZ,checkbox,ONE,3,SA-P01-T00-PUBLIC-CHARITY-STATUS,PZ,checkbox,ONE,3,SA_01_PCSTAT_CONTR_PERS_X,0,SA_01_PCSTAT_CONTR_PERS_X,0,kept,FALSE,FALSE,FALSE,FALSE
SA_01_PCSTAT_DETERMIN_IRS_X,SA-P01-T00-PUBLIC-CHARITY-STATUS,PZ,checkbox,ONE,3,SA-P01-T00-PUBLIC-CHARITY-STATUS,PZ,checkbox,ONE,3,SA_01_PCSTAT_DETERMIN_IRS_X,0,SA_01_PCSTAT_DETERMIN_IRS_X,0,kept,FALSE,FALSE,FALSE,FALSE
SA_01_PCSTAT_GOVT_PUB_SUPPORT_X,SA-P01-T00-PUBLIC-CHARITY-STATUS,PZ,checkbox,ONE,3,SA-P01-T00-PUBLIC-CHARITY-STATUS,PZ,checkbox,ONE,3,SA_01_PCSTAT_GOVT_PUB_SUPPORT_X,0,SA_01_PCSTAT_GOVT_PUB_SUPPORT_X,0,kept,FALSE,FALSE,FALSE,FALSE
SA_01_PCSTAT_GOVT_X,SA-P01-T00-PUBLIC-CHARITY-STATUS,PZ,checkbox,ONE,3,SA-P01-T00-PUBLIC-CHARITY-STATUS,PZ,checkbox,ONE,3,SA_01_PCSTAT_GOVT_X,0,SA_01_PCSTAT_GOVT_X,0,kept,FALSE,FALSE,FALSE,FALSE
SA_01_PCSTAT_HOSPITAL_ADDR_CITY,SA-P01-T00-PUBLIC-CHARITY-STATUS,PZ,text,ONE,4,SA-P01-T02-HOSPITAL-NAME-ADDRESS,PZ,text,MANY,4,SA_01_PCSTAT_HOSPITAL_ADDR_CITY,0,SA_01_PCSTAT_HOSPITAL_ADDR_CITY,0,moved_table,,,,
SA_01_PCSTAT_HOSPITAL_ADDR_CNTR,SA-P01-T00-PUBLIC-CHARITY-STATUS,PZ,text,ONE,3,SA-P01-T02-HOSPITAL-NAME-ADDRESS,PZ,text,MANY,3,SA_01_PCSTAT_HOSPITAL_ADDR_CNTR,0,SA_01_PCSTAT_HOSPITAL_ADDR_CNTR,0,moved_table,,,,
SA_01_PCSTAT_HOSPITAL_ADDR_STATE,SA-P01-T00-PUBLIC-CHARITY-STATUS,PZ,text,ONE,4,SA-P01-T02-HOSPITAL-NAME-ADDRESS,PZ,text,MANY,4,SA_01_PCSTAT_HOSPITAL_ADDR_STATE,0,SA_01_PCSTAT_HOSPITAL_ADDR_STATE,0,moved_table,,,,
SA_01_PCSTAT_HOSPITAL_NAME_L1,SA-P01-T00-PUBLIC-CHARITY-STATUS,PZ,text,ONE,4,SA-P01-T02-HOSPITAL-NAME-ADDRESS,PZ,text,MANY,4,SA_01_PCSTAT_HOSPITAL_NAME_L1,0,SA_01_PCSTAT_HOSPITAL_NAME_L1,0,moved_table,,,,
SA_01_PCSTAT_HOSPITAL_NAME_L2,SA-P01-T00-PUBLIC-CHARITY-STATUS,PZ,text,ONE,4,SA-P01-T02-HOSPITAL-NAME-ADDRESS,PZ,text,MANY,4,SA_01_PCSTAT_HOSPITAL_NAME_L2,0,SA_01_PCSTAT_HOSPITAL_NAME_L2,0,moved_table,,,,
SA_01_PCSTAT_HOSPITAL_X,SA-P01-T00-PUBLIC-CHARITY-STATUS,PZ,checkbox,ONE,3,SA-P01-T00-PUBLIC-CHARITY-STATUS,PZ,checkbox,ONE,3,SA_01_PCSTAT_HOSPITAL_X,0,SA_01_PCSTAT_HOSPITAL_X,0,kept,FALSE,FALSE,FALSE,FALSE
SA_01_PCSTAT_MEDICAL_RSRCH_X,SA-P01-T00-PUBLIC-CHARITY-STATUS,PZ,checkbox,ONE,3,SA-P01-T00-PUBLIC-CHARITY-STATUS,PZ,checkbox,ONE,3,SA_01_PCSTAT_MEDICAL_RSRCH_X,0,SA_01_PCSTAT_MEDICAL_RSRCH_X,0,kept,FALSE,FALSE,FALSE,FALSE
SA_01_PCSTAT_ORG_AMT_OTH,SA-P01-T01-PUBLIC-CHARITY-STATUS,PZ,numeric,MANY,1,SA-P01-T01-PUBLIC-CHARITY-STATUS,PZ,numeric,MANY,1,SA_01_PCSTAT_ORG_AMT_OTH,0,SA_01_PCSTAT_ORG_AMT_OTH,0,kept,FALSE,FALSE,FALSE,FALSE
SA_01_PCSTAT_ORG_AMT_OTH_TOT,SA-P01-T00-PUBLIC-CHARITY-STATUS,PZ,numeric,ONE,1,SA-P01-T00-PUBLIC-CHARITY-STATUS,PZ,numeric,ONE,1,SA_01_PCSTAT_ORG_AMT_OTH_TOT,0,SA_01_PCSTAT_ORG_AMT_OTH_TOT,0,kept,FALSE,FALSE,FALSE,FALSE
SA_01_PCSTAT_ORG_AMT_SUPPORT,SA-P01-T01-PUBLIC-CHARITY-STATUS,PZ,numeric,MANY,3,SA-P01-T01-PUBLIC-CHARITY-STATUS,PZ,numeric,MANY,3,SA_01_PCSTAT_ORG_AMT_SUPPORT,0,SA_01_PCSTAT_ORG_AMT_SUPPORT,0,kept,FALSE,FALSE,FALSE,FALSE
SA_01_PCSTAT_ORG_AMT_SUPPORT_TOT,SA-P01-T00-PUBLIC-CHARITY-STATUS,PZ,numeric,ONE,3,SA-P01-T00-PUBLIC-CHARITY-STATUS,PZ,numeric,ONE,3,SA_01_PCSTAT_ORG_AMT_SUPPORT_TOT,0,SA_01_PCSTAT_ORG_AMT_SUPPORT_TOT,0,kept,FALSE,FALSE,FALSE,FALSE
SA_01_PCSTAT_ORG_DOC_LISTED_X,SA-P01-T01-PUBLIC-CHARITY-STATUS,PZ,checkbox,MANY,3,SA-P01-T01-PUBLIC-CHARITY-STATUS,PZ,checkbox,MANY,3,SA_01_PCSTAT_ORG_DOC_LISTED_X,0,SA_01_PCSTAT_ORG_DOC_LISTED_X,0,kept,FALSE,FALSE,FALSE,FALSE
SA_01_PCSTAT_ORG_EIN,SA-P01-T01-PUBLIC-CHARITY-STATUS,PZ,numeric,MANY,3,SA-P01-T01-PUBLIC-CHARITY-STATUS,PZ,text,MANY,3,SA_01_PCSTAT_ORG_EIN,0,SA_01_PCSTAT_ORG_EIN,0,kept,FALSE,TRUE,FALSE,FALSE
SA_01_PCSTAT_ORG_NAME_L1,SA-P01-T01-PUBLIC-CHARITY-STATUS,PZ,text,MANY,4,SA-P01-T01-PUBLIC-CHARITY-STATUS,PZ,text,MANY,4,SA_01_PCSTAT_ORG_NAME_L1,0,SA_01_PCSTAT_ORG_NAME_L1,0,kept,FALSE,FALSE,FALSE,FALSE
SA_01_PCSTAT_ORG_NAME_L2,SA-P01-T01-PUBLIC-CHARITY-STATUS,PZ,text,MANY,4,SA-P01-T01-PUBLIC-CHARITY-STATUS,PZ,text,MANY,4,SA_01_PCSTAT_ORG_NAME_L2,0,SA_01_PCSTAT_ORG_NAME_L2,0,kept,FALSE,FALSE,FALSE,FALSE
SA_01_PCSTAT_ORG_NOTIFIED_X,SA-P01-T01-PUBLIC-CHARITY-STATUS,PZ,checkbox,MANY,3,SA-P01-T01-PUBLIC-CHARITY-STATUS,PZ,checkbox,MANY,3,SA_01_PCSTAT_ORG_NOTIFIED_X,0,SA_01_PCSTAT_ORG_NOTIFIED_X,0,kept,FALSE,FALSE,FALSE,FALSE
SA_01_PCSTAT_ORG_ORGANIZED_US_X,SA-P01-T01-PUBLIC-CHARITY-STATUS,PZ,checkbox,MANY,3,SA-P01-T01-PUBLIC-CHARITY-STATUS,PZ,checkbox,MANY,3,SA_01_PCSTAT_ORG_ORGANIZED_US_X,0,SA_01_PCSTAT_ORG_ORGANIZED_US_X,0,kept,FALSE,FALSE,FALSE,FALSE
SA_01_PCSTAT_ORG_TYPE,SA-P01-T01-PUBLIC-CHARITY-STATUS,PZ,text,MANY,4,SA-P01-T01-PUBLIC-CHARITY-STATUS,PZ,text,MANY,4,SA_01_PCSTAT_ORG_TYPE,0,SA_01_PCSTAT_ORG_TYPE,0,kept,FALSE,FALSE,FALSE,FALSE
SA_01_PCSTAT_PUB_SAFETY_TEST_X,SA-P01-T00-PUBLIC-CHARITY-STATUS,PZ,checkbox,ONE,3,SA-P01-T00-PUBLIC-CHARITY-STATUS,PZ,checkbox,ONE,3,SA_01_PCSTAT_PUB_SAFETY_TEST_X,0,SA_01_PCSTAT_PUB_SAFETY_TEST_X,0,kept,FALSE,FALSE,FALSE,FALSE
SA_01_PCSTAT_PUB_SUPPORT_X,SA-P01-T00-PUBLIC-CHARITY-STATUS,PZ,checkbox,ONE,3,SA-P01-T00-PUBLIC-CHARITY-STATUS,PZ,checkbox,ONE,3,SA_01_PCSTAT_PUB_SUPPORT_X,0,SA_01_PCSTAT_PUB_SUPPORT_X,0,kept,FALSE,FALSE,FALSE,FALSE
SA_01_PCSTAT_SCHOOL_X,SA-P01-T00-PUBLIC-CHARITY-STATUS,PZ,checkbox,ONE,3,SA-P01-T00-PUBLIC-CHARITY-STATUS,PZ,checkbox,ONE,3,SA_01_PCSTAT_SCHOOL_X,0,SA_01_PCSTAT_SCHOOL_X,0,kept,FALSE,FALSE,FALSE,FALSE
SA_01_PCSTAT_SUPPORT_ORG_NUM,SA-P01-T00-PUBLIC-CHARITY-STATUS,PZ,numeric,ONE,3,SA-P01-T00-PUBLIC-CHARITY-STATUS,PZ,numeric,ONE,3,SA_01_PCSTAT_SUPPORT_ORG_NUM,0,SA_01_PCSTAT_SUPPORT_ORG_NUM,0,kept,FALSE,FALSE,FALSE,FALSE
SA_01_PCSTAT_SUPPORT_ORG_X,SA-P01-T00-PUBLIC-CHARITY-STATUS,PZ,checkbox,ONE,3,SA-P01-T00-PUBLIC-CHARITY-STATUS,PZ,checkbox,ONE,3,SA_01_PCSTAT_SUPPORT_ORG_X,0,SA_01_PCSTAT_SUPPORT_ORG_X,0,kept,FALSE,FALSE,FALSE,FALSE
SA_01_PCSTAT_SUPPORT_T1_X,SA-P01-T00-PUBLIC-CHARITY-STATUS,PZ,checkbox,ONE,3,SA-P01-T00-PUBLIC-CHARITY-STATUS,PZ,checkbox,ONE,3,SA_01_PCSTAT_SUPPORT_T1_X,0,SA_01_PCSTAT_SUPPORT_T1_X,0,kept,FALSE,FALSE,FALSE,FALSE
SA_01_PCSTAT_SUPPORT_T2_X,SA-P01-T00-PUBLIC-CHARITY-STATUS,PZ,checkbox,ONE,3,SA-P01-T00-PUBLIC-CHARITY-STATUS,PZ,checkbox,ONE,3,SA_01_PCSTAT_SUPPORT_T2_X,0,SA_01_PCSTAT_SUPPORT_T2_X,0,kept,FALSE,FALSE,FALSE,FALSE
SA_01_PCSTAT_SUPPORT_T3_FUNC_X,SA-P01-T00-PUBLIC-CHARITY-STATUS,PZ,checkbox,ONE,3,SA-P01-T00-PUBLIC-CHARITY-STATUS,PZ,checkbox,ONE,3,SA_01_PCSTAT_SUPPORT_T3_FUNC_X,0,SA_01_PCSTAT_SUPPORT_T3_FUNC_X,0,kept,FALSE,FALSE,FALSE,FALSE
SA_01_PCSTAT_SUPPORT_T3_NOFUNC_X,SA-P01-T00-PUBLIC-CHARITY-STATUS,PZ,checkbox,ONE,2,SA-P01-T00-PUBLIC-CHARITY-STATUS,PZ,checkbox,ONE,2,SA_01_PCSTAT_SUPPORT_T3_NOFUNC_X,0,SA_01_PCSTAT_SUPPORT_T3_NOFUNC_X,0,kept,FALSE,FALSE,FALSE,FALSE
SA_01_PCSTAT_SUPPORT_T3_OTH_X,SA-P01-T00-PUBLIC-CHARITY-STATUS,PZ,checkbox,ONE,2,SA-P01-T00-PUBLIC-CHARITY-STATUS,PZ,checkbox,ONE,2,SA_01_PCSTAT_SUPPORT_T3_OTH_X,0,SA_01_PCSTAT_SUPPORT_T3_OTH_X,0,kept,FALSE,FALSE,FALSE,FALSE
SA_02_PCT_10_FACTS_CIRC_EXPL,,,,,,SA-P02-T00-SUPPORT_SCHEDULE_170,PZ,text,ONE,2,,,"",2,new_in_v2,,,,
SA_02_PCT_10_SUPPORT_TEST_CY_X,SA-P02-T00-SUPPORT_SCHEDULE_170,PZ,checkbox,ONE,3,SA-P02-T00-SUPPORT_SCHEDULE_170,PZ,checkbox,ONE,3,SA_02_PCT_10_SUPPORT_TEST_CY_X,0,SA_02_PCT_10_SUPPORT_TEST_CY_X,0,kept,FALSE,FALSE,FALSE,FALSE
SA_02_PCT_10_SUPPORT_TEST_PY_X,SA-P02-T00-SUPPORT_SCHEDULE_170,PZ,checkbox,ONE,3,SA-P02-T00-SUPPORT_SCHEDULE_170,PZ,checkbox,ONE,3,SA_02_PCT_10_SUPPORT_TEST_PY_X,0,SA_02_PCT_10_SUPPORT_TEST_PY_X,0,kept,FALSE,FALSE,FALSE,FALSE
SA_02_PCT_33_SUPPORT_TEST_CY_X,SA-P02-T00-SUPPORT_SCHEDULE_170,PZ,checkbox,ONE,3,SA-P02-T00-SUPPORT_SCHEDULE_170,PZ,checkbox,ONE,3,SA_02_PCT_33_SUPPORT_TEST_CY_X,0,SA_02_PCT_33_SUPPORT_TEST_CY_X,0,kept,FALSE,FALSE,FALSE,FALSE
SA_02_PCT_33_SUPPORT_TEST_PY_X,SA-P02-T00-SUPPORT_SCHEDULE_170,PZ,checkbox,ONE,3,SA-P02-T00-SUPPORT_SCHEDULE_170,PZ,checkbox,ONE,3,SA_02_PCT_33_SUPPORT_TEST_PY_X,0,SA_02_PCT_33_SUPPORT_TEST_PY_X,0,kept,FALSE,FALSE,FALSE,FALSE
SA_02_PCT_PRIVATE_FOUNDATION_X,SA-P02-T00-SUPPORT_SCHEDULE_170,PZ,checkbox,ONE,3,SA-P02-T00-SUPPORT_SCHEDULE_170,PZ,checkbox,ONE,3,SA_02_PCT_PRIVATE_FOUNDATION_X,0,SA_02_PCT_PRIVATE_FOUNDATION_X,0,kept,FALSE,FALSE,FALSE,FALSE
SA_02_PCT_PUB_SUPPORT_CY,SA-P02-T00-SUPPORT_SCHEDULE_170,PZ,numeric,ONE,3,SA-P02-T00-SUPPORT_SCHEDULE_170,PZ,numeric,ONE,3,SA_02_PCT_PUB_SUPPORT_CY,0,SA_02_PCT_PUB_SUPPORT_CY,0,kept,FALSE,FALSE,FALSE,FALSE
SA_02_PCT_PUB_SUPPORT_PY,SA-P02-T00-SUPPORT_SCHEDULE_170,PZ,numeric,ONE,3,SA-P02-T00-SUPPORT_SCHEDULE_170,PZ,numeric,ONE,3,SA_02_PCT_PUB_SUPPORT_PY,0,SA_02_PCT_PUB_SUPPORT_PY,0,kept,FALSE,FALSE,FALSE,FALSE
SA_02_PUB_CONTR_SBST_TOT,SA-P02-T00-SUPPORT_SCHEDULE_170,PZ,numeric,ONE,3,SA-P02-T00-SUPPORT_SCHEDULE_170,PZ,numeric,ONE,3,SA_02_PUB_CONTR_SBST_TOT,0,SA_02_PUB_CONTR_SBST_TOT,0,kept,FALSE,FALSE,FALSE,FALSE
SA_02_PUB_GIFT_GRANT_CONTR_CY,SA-P02-T00-SUPPORT_SCHEDULE_170,PZ,numeric,ONE,3,SA-P02-T00-SUPPORT_SCHEDULE_170,PZ,numeric,ONE,3,SA_02_PUB_GIFT_GRANT_CONTR_CY,0,SA_02_PUB_GIFT_GRANT_CONTR_CY,0,kept,FALSE,FALSE,FALSE,FALSE
SA_02_PUB_GIFT_GRANT_CONTR_CY_M1,SA-P02-T00-SUPPORT_SCHEDULE_170,PZ,numeric,ONE,3,SA-P02-T00-SUPPORT_SCHEDULE_170,PZ,numeric,ONE,3,SA_02_PUB_GIFT_GRANT_CONTR_CY_M1,0,SA_02_PUB_GIFT_GRANT_CONTR_CY_M1,0,kept,FALSE,FALSE,FALSE,FALSE
SA_02_PUB_GIFT_GRANT_CONTR_CY_M2,SA-P02-T00-SUPPORT_SCHEDULE_170,PZ,numeric,ONE,3,SA-P02-T00-SUPPORT_SCHEDULE_170,PZ,numeric,ONE,3,SA_02_PUB_GIFT_GRANT_CONTR_CY_M2,0,SA_02_PUB_GIFT_GRANT_CONTR_CY_M2,0,kept,FALSE,FALSE,FALSE,FALSE
SA_02_PUB_GIFT_GRANT_CONTR_CY_M3,SA-P02-T00-SUPPORT_SCHEDULE_170,PZ,numeric,ONE,3,SA-P02-T00-SUPPORT_SCHEDULE_170,PZ,numeric,ONE,3,SA_02_PUB_GIFT_GRANT_CONTR_CY_M3,0,SA_02_PUB_GIFT_GRANT_CONTR_CY_M3,0,kept,FALSE,FALSE,FALSE,FALSE
SA_02_PUB_GIFT_GRANT_CONTR_CY_M4,SA-P02-T00-SUPPORT_SCHEDULE_170,PZ,numeric,ONE,3,SA-P02-T00-SUPPORT_SCHEDULE_170,PZ,numeric,ONE,3,SA_02_PUB_GIFT_GRANT_CONTR_CY_M4,0,SA_02_PUB_GIFT_GRANT_CONTR_CY_M4,0,kept,FALSE,FALSE,FALSE,FALSE
SA_02_PUB_GIFT_GRANT_CONTR_TOT,SA-P02-T00-SUPPORT_SCHEDULE_170,PZ,numeric,ONE,3,SA-P02-T00-SUPPORT_SCHEDULE_170,PZ,numeric,ONE,3,SA_02_PUB_GIFT_GRANT_CONTR_TOT,0,SA_02_PUB_GIFT_GRANT_CONTR_TOT,0,kept,FALSE,FALSE,FALSE,FALSE
SA_02_PUB_SUPPORT_TOT,SA-P02-T00-SUPPORT_SCHEDULE_170,PZ,numeric,ONE,3,SA-P02-T00-SUPPORT_SCHEDULE_170,PZ,numeric,ONE,3,SA_02_PUB_SUPPORT_TOT,0,SA_02_PUB_SUPPORT_TOT,0,kept,FALSE,FALSE,FALSE,FALSE
SA_02_PUB_TAXREV_LEVIED_CY,SA-P02-T00-SUPPORT_SCHEDULE_170,PZ,numeric,ONE,3,SA-P02-T00-SUPPORT_SCHEDULE_170,PZ,numeric,ONE,3,SA_02_PUB_TAXREV_LEVIED_CY,0,SA_02_PUB_TAXREV_LEVIED_CY,0,kept,FALSE,FALSE,FALSE,FALSE
SA_02_PUB_TAXREV_LEVIED_CY_M1,SA-P02-T00-SUPPORT_SCHEDULE_170,PZ,numeric,ONE,3,SA-P02-T00-SUPPORT_SCHEDULE_170,PZ,numeric,ONE,3,SA_02_PUB_TAXREV_LEVIED_CY_M1,0,SA_02_PUB_TAXREV_LEVIED_CY_M1,0,kept,FALSE,FALSE,FALSE,FALSE
SA_02_PUB_TAXREV_LEVIED_CY_M2,SA-P02-T00-SUPPORT_SCHEDULE_170,PZ,numeric,ONE,3,SA-P02-T00-SUPPORT_SCHEDULE_170,PZ,numeric,ONE,3,SA_02_PUB_TAXREV_LEVIED_CY_M2,0,SA_02_PUB_TAXREV_LEVIED_CY_M2,0,kept,FALSE,FALSE,FALSE,FALSE
SA_02_PUB_TAXREV_LEVIED_CY_M3,SA-P02-T00-SUPPORT_SCHEDULE_170,PZ,numeric,ONE,3,SA-P02-T00-SUPPORT_SCHEDULE_170,PZ,numeric,ONE,3,SA_02_PUB_TAXREV_LEVIED_CY_M3,0,SA_02_PUB_TAXREV_LEVIED_CY_M3,0,kept,FALSE,FALSE,FALSE,FALSE
SA_02_PUB_TAXREV_LEVIED_CY_M4,SA-P02-T00-SUPPORT_SCHEDULE_170,PZ,numeric,ONE,3,SA-P02-T00-SUPPORT_SCHEDULE_170,PZ,numeric,ONE,3,SA_02_PUB_TAXREV_LEVIED_CY_M4,0,SA_02_PUB_TAXREV_LEVIED_CY_M4,0,kept,FALSE,FALSE,FALSE,FALSE
SA_02_PUB_TAXREV_LEVIED_TOT,SA-P02-T00-SUPPORT_SCHEDULE_170,PZ,numeric,ONE,3,SA-P02-T00-SUPPORT_SCHEDULE_170,PZ,numeric,ONE,3,SA_02_PUB_TAXREV_LEVIED_TOT,0,SA_02_PUB_TAXREV_LEVIED_TOT,0,kept,FALSE,FALSE,FALSE,FALSE
SA_02_PUB_TOT_L123_CY,SA-P02-T00-SUPPORT_SCHEDULE_170,PZ,numeric,ONE,3,SA-P02-T00-SUPPORT_SCHEDULE_170,PZ,numeric,ONE,3,SA_02_PUB_TOT_L123_CY,0,SA_02_PUB_TOT_L123_CY,0,kept,FALSE,FALSE,FALSE,FALSE
SA_02_PUB_TOT_L123_CY_M1,SA-P02-T00-SUPPORT_SCHEDULE_170,PZ,numeric,ONE,3,SA-P02-T00-SUPPORT_SCHEDULE_170,PZ,numeric,ONE,3,SA_02_PUB_TOT_L123_CY_M1,0,SA_02_PUB_TOT_L123_CY_M1,0,kept,FALSE,FALSE,FALSE,FALSE
SA_02_PUB_TOT_L123_CY_M2,SA-P02-T00-SUPPORT_SCHEDULE_170,PZ,numeric,ONE,3,SA-P02-T00-SUPPORT_SCHEDULE_170,PZ,numeric,ONE,3,SA_02_PUB_TOT_L123_CY_M2,0,SA_02_PUB_TOT_L123_CY_M2,0,kept,FALSE,FALSE,FALSE,FALSE
SA_02_PUB_TOT_L123_CY_M3,SA-P02-T00-SUPPORT_SCHEDULE_170,PZ,numeric,ONE,3,SA-P02-T00-SUPPORT_SCHEDULE_170,PZ,numeric,ONE,3,SA_02_PUB_TOT_L123_CY_M3,0,SA_02_PUB_TOT_L123_CY_M3,0,kept,FALSE,FALSE,FALSE,FALSE
SA_02_PUB_TOT_L123_CY_M4,SA-P02-T00-SUPPORT_SCHEDULE_170,PZ,numeric,ONE,3,SA-P02-T00-SUPPORT_SCHEDULE_170,PZ,numeric,ONE,3,SA_02_PUB_TOT_L123_CY_M4,0,SA_02_PUB_TOT_L123_CY_M4,0,kept,FALSE,FALSE,FALSE,FALSE
SA_02_PUB_TOT_L123_TOT,SA-P02-T00-SUPPORT_SCHEDULE_170,PZ,numeric,ONE,3,SA-P02-T00-SUPPORT_SCHEDULE_170,PZ,numeric,ONE,3,SA_02_PUB_TOT_L123_TOT,0,SA_02_PUB_TOT_L123_TOT,0,kept,FALSE,FALSE,FALSE,FALSE
SA_02_PUB_VALUE_SVC_GOVT_CY,SA-P02-T00-SUPPORT_SCHEDULE_170,PZ,numeric,ONE,3,SA-P02-T00-SUPPORT_SCHEDULE_170,PZ,numeric,ONE,3,SA_02_PUB_VALUE_SVC_GOVT_CY,0,SA_02_PUB_VALUE_SVC_GOVT_CY,0,kept,FALSE,FALSE,FALSE,FALSE
SA_02_PUB_VALUE_SVC_GOVT_CY_M1,SA-P02-T00-SUPPORT_SCHEDULE_170,PZ,numeric,ONE,3,SA-P02-T00-SUPPORT_SCHEDULE_170,PZ,numeric,ONE,3,SA_02_PUB_VALUE_SVC_GOVT_CY_M1,0,SA_02_PUB_VALUE_SVC_GOVT_CY_M1,0,kept,FALSE,FALSE,FALSE,FALSE
SA_02_PUB_VALUE_SVC_GOVT_CY_M2,SA-P02-T00-SUPPORT_SCHEDULE_170,PZ,numeric,ONE,3,SA-P02-T00-SUPPORT_SCHEDULE_170,PZ,numeric,ONE,3,SA_02_PUB_VALUE_SVC_GOVT_CY_M2,0,SA_02_PUB_VALUE_SVC_GOVT_CY_M2,0,kept,FALSE,FALSE,FALSE,FALSE
SA_02_PUB_VALUE_SVC_GOVT_CY_M3,SA-P02-T00-SUPPORT_SCHEDULE_170,PZ,numeric,ONE,3,SA-P02-T00-SUPPORT_SCHEDULE_170,PZ,numeric,ONE,3,SA_02_PUB_VALUE_SVC_GOVT_CY_M3,0,SA_02_PUB_VALUE_SVC_GOVT_CY_M3,0,kept,FALSE,FALSE,FALSE,FALSE
SA_02_PUB_VALUE_SVC_GOVT_CY_M4,SA-P02-T00-SUPPORT_SCHEDULE_170,PZ,numeric,ONE,3,SA-P02-T00-SUPPORT_SCHEDULE_170,PZ,numeric,ONE,3,SA_02_PUB_VALUE_SVC_GOVT_CY_M4,0,SA_02_PUB_VALUE_SVC_GOVT_CY_M4,0,kept,FALSE,FALSE,FALSE,FALSE
SA_02_PUB_VALUE_SVC_GOVT_TOT,SA-P02-T00-SUPPORT_SCHEDULE_170,PZ,numeric,ONE,3,SA-P02-T00-SUPPORT_SCHEDULE_170,PZ,numeric,ONE,3,SA_02_PUB_VALUE_SVC_GOVT_TOT,0,SA_02_PUB_VALUE_SVC_GOVT_TOT,0,kept,FALSE,FALSE,FALSE,FALSE
SA_02_TOT_AMT_L4_CY,SA-P02-T00-SUPPORT_SCHEDULE_170,PZ,numeric,ONE,1,SA-P02-T00-SUPPORT_SCHEDULE_170,PZ,numeric,ONE,1,SA_02_TOT_AMT_L4_CY,0,SA_02_TOT_AMT_L4_CY,0,kept,FALSE,FALSE,FALSE,FALSE
SA_02_TOT_AMT_L4_CY_M1,SA-P02-T00-SUPPORT_SCHEDULE_170,PZ,numeric,ONE,1,SA-P02-T00-SUPPORT_SCHEDULE_170,PZ,numeric,ONE,1,SA_02_TOT_AMT_L4_CY_M1,0,SA_02_TOT_AMT_L4_CY_M1,0,kept,FALSE,FALSE,FALSE,FALSE
SA_02_TOT_AMT_L4_CY_M2,SA-P02-T00-SUPPORT_SCHEDULE_170,PZ,numeric,ONE,1,SA-P02-T00-SUPPORT_SCHEDULE_170,PZ,numeric,ONE,1,SA_02_TOT_AMT_L4_CY_M2,0,SA_02_TOT_AMT_L4_CY_M2,0,kept,FALSE,FALSE,FALSE,FALSE
SA_02_TOT_AMT_L4_CY_M3,SA-P02-T00-SUPPORT_SCHEDULE_170,PZ,numeric,ONE,1,SA-P02-T00-SUPPORT_SCHEDULE_170,PZ,numeric,ONE,1,SA_02_TOT_AMT_L4_CY_M3,0,SA_02_TOT_AMT_L4_CY_M3,0,kept,FALSE,FALSE,FALSE,FALSE
SA_02_TOT_AMT_L4_CY_M4,SA-P02-T00-SUPPORT_SCHEDULE_170,PZ,numeric,ONE,1,SA-P02-T00-SUPPORT_SCHEDULE_170,PZ,numeric,ONE,1,SA_02_TOT_AMT_L4_CY_M4,0,SA_02_TOT_AMT_L4_CY_M4,0,kept,FALSE,FALSE,FALSE,FALSE
SA_02_TOT_AMT_L4_CY_TOT,SA-P02-T00-SUPPORT_SCHEDULE_170,PZ,numeric,ONE,1,SA-P02-T00-SUPPORT_SCHEDULE_170,PZ,numeric,ONE,1,SA_02_TOT_AMT_L4_CY_TOT,0,SA_02_TOT_AMT_L4_CY_TOT,0,kept,FALSE,FALSE,FALSE,FALSE
SA_02_TOT_FIRST_5Y_X,SA-P02-T00-SUPPORT_SCHEDULE_170,PZ,checkbox,ONE,3,SA-P02-T00-SUPPORT_SCHEDULE_170,PZ,checkbox,ONE,3,SA_02_TOT_FIRST_5Y_X,0,SA_02_TOT_FIRST_5Y_X,0,kept,FALSE,FALSE,FALSE,FALSE
SA_02_TOT_GRO_RCPT_RLTD_ACTS,SA-P02-T00-SUPPORT_SCHEDULE_170,PZ,numeric,ONE,3,SA-P02-T00-SUPPORT_SCHEDULE_170,PZ,numeric,ONE,3,SA_02_TOT_GRO_RCPT_RLTD_ACTS,0,SA_02_TOT_GRO_RCPT_RLTD_ACTS,0,kept,FALSE,FALSE,FALSE,FALSE
SA_02_TOT_INCOME_GRO_CY,SA-P02-T00-SUPPORT_SCHEDULE_170,PZ,numeric,ONE,3,SA-P02-T00-SUPPORT_SCHEDULE_170,PZ,numeric,ONE,3,SA_02_TOT_INCOME_GRO_CY,0,SA_02_TOT_INCOME_GRO_CY,0,kept,FALSE,FALSE,FALSE,FALSE
SA_02_TOT_INCOME_GRO_CY_M1,SA-P02-T00-SUPPORT_SCHEDULE_170,PZ,numeric,ONE,3,SA-P02-T00-SUPPORT_SCHEDULE_170,PZ,numeric,ONE,3,SA_02_TOT_INCOME_GRO_CY_M1,0,SA_02_TOT_INCOME_GRO_CY_M1,0,kept,FALSE,FALSE,FALSE,FALSE
SA_02_TOT_INCOME_GRO_CY_M2,SA-P02-T00-SUPPORT_SCHEDULE_170,PZ,numeric,ONE,3,SA-P02-T00-SUPPORT_SCHEDULE_170,PZ,numeric,ONE,3,SA_02_TOT_INCOME_GRO_CY_M2,0,SA_02_TOT_INCOME_GRO_CY_M2,0,kept,FALSE,FALSE,FALSE,FALSE
SA_02_TOT_INCOME_GRO_CY_M3,SA-P02-T00-SUPPORT_SCHEDULE_170,PZ,numeric,ONE,3,SA-P02-T00-SUPPORT_SCHEDULE_170,PZ,numeric,ONE,3,SA_02_TOT_INCOME_GRO_CY_M3,0,SA_02_TOT_INCOME_GRO_CY_M3,0,kept,FALSE,FALSE,FALSE,FALSE
SA_02_TOT_INCOME_GRO_CY_M4,SA-P02-T00-SUPPORT_SCHEDULE_170,PZ,numeric,ONE,3,SA-P02-T00-SUPPORT_SCHEDULE_170,PZ,numeric,ONE,3,SA_02_TOT_INCOME_GRO_CY_M4,0,SA_02_TOT_INCOME_GRO_CY_M4,0,kept,FALSE,FALSE,FALSE,FALSE
SA_02_TOT_INCOME_GRO_TOT,SA-P02-T00-SUPPORT_SCHEDULE_170,PZ,numeric,ONE,3,SA-P02-T00-SUPPORT_SCHEDULE_170,PZ,numeric,ONE,3,SA_02_TOT_INCOME_GRO_TOT,0,SA_02_TOT_INCOME_GRO_TOT,0,kept,FALSE,FALSE,FALSE,FALSE
SA_02_TOT_INCOME_NET_UBIZ_CY,SA-P02-T00-SUPPORT_SCHEDULE_170,PZ,numeric,ONE,3,SA-P02-T00-SUPPORT_SCHEDULE_170,PZ,numeric,ONE,3,SA_02_TOT_INCOME_NET_UBIZ_CY,0,SA_02_TOT_INCOME_NET_UBIZ_CY,0,kept,FALSE,FALSE,FALSE,FALSE
SA_02_TOT_INCOME_NET_UBIZ_CY_M1,SA-P02-T00-SUPPORT_SCHEDULE_170,PZ,numeric,ONE,3,SA-P02-T00-SUPPORT_SCHEDULE_170,PZ,numeric,ONE,3,SA_02_TOT_INCOME_NET_UBIZ_CY_M1,0,SA_02_TOT_INCOME_NET_UBIZ_CY_M1,0,kept,FALSE,FALSE,FALSE,FALSE
SA_02_TOT_INCOME_NET_UBIZ_CY_M2,SA-P02-T00-SUPPORT_SCHEDULE_170,PZ,numeric,ONE,3,SA-P02-T00-SUPPORT_SCHEDULE_170,PZ,numeric,ONE,3,SA_02_TOT_INCOME_NET_UBIZ_CY_M2,0,SA_02_TOT_INCOME_NET_UBIZ_CY_M2,0,kept,FALSE,FALSE,FALSE,FALSE
SA_02_TOT_INCOME_NET_UBIZ_CY_M3,SA-P02-T00-SUPPORT_SCHEDULE_170,PZ,numeric,ONE,3,SA-P02-T00-SUPPORT_SCHEDULE_170,PZ,numeric,ONE,3,SA_02_TOT_INCOME_NET_UBIZ_CY_M3,0,SA_02_TOT_INCOME_NET_UBIZ_CY_M3,0,kept,FALSE,FALSE,FALSE,FALSE
SA_02_TOT_INCOME_NET_UBIZ_CY_M4,SA-P02-T00-SUPPORT_SCHEDULE_170,PZ,numeric,ONE,3,SA-P02-T00-SUPPORT_SCHEDULE_170,PZ,numeric,ONE,3,SA_02_TOT_INCOME_NET_UBIZ_CY_M4,0,SA_02_TOT_INCOME_NET_UBIZ_CY_M4,0,kept,FALSE,FALSE,FALSE,FALSE
SA_02_TOT_INCOME_NET_UBIZ_TOT,SA-P02-T00-SUPPORT_SCHEDULE_170,PZ,numeric,ONE,3,SA-P02-T00-SUPPORT_SCHEDULE_170,PZ,numeric,ONE,3,SA_02_TOT_INCOME_NET_UBIZ_TOT,0,SA_02_TOT_INCOME_NET_UBIZ_TOT,0,kept,FALSE,FALSE,FALSE,FALSE
SA_02_TOT_INCOME_OTH_CY,SA-P02-T00-SUPPORT_SCHEDULE_170,PZ,numeric,ONE,3,SA-P02-T00-SUPPORT_SCHEDULE_170,PZ,numeric,ONE,3,SA_02_TOT_INCOME_OTH_CY,0,SA_02_TOT_INCOME_OTH_CY,0,kept,FALSE,FALSE,FALSE,FALSE
SA_02_TOT_INCOME_OTH_CY_M1,SA-P02-T00-SUPPORT_SCHEDULE_170,PZ,numeric,ONE,3,SA-P02-T00-SUPPORT_SCHEDULE_170,PZ,numeric,ONE,3,SA_02_TOT_INCOME_OTH_CY_M1,0,SA_02_TOT_INCOME_OTH_CY_M1,0,kept,FALSE,FALSE,FALSE,FALSE
SA_02_TOT_INCOME_OTH_CY_M2,SA-P02-T00-SUPPORT_SCHEDULE_170,PZ,numeric,ONE,3,SA-P02-T00-SUPPORT_SCHEDULE_170,PZ,numeric,ONE,3,SA_02_TOT_INCOME_OTH_CY_M2,0,SA_02_TOT_INCOME_OTH_CY_M2,0,kept,FALSE,FALSE,FALSE,FALSE
SA_02_TOT_INCOME_OTH_CY_M3,SA-P02-T00-SUPPORT_SCHEDULE_170,PZ,numeric,ONE,3,SA-P02-T00-SUPPORT_SCHEDULE_170,PZ,numeric,ONE,3,SA_02_TOT_INCOME_OTH_CY_M3,0,SA_02_TOT_INCOME_OTH_CY_M3,0,kept,FALSE,FALSE,FALSE,FALSE
SA_02_TOT_INCOME_OTH_CY_M4,SA-P02-T00-SUPPORT_SCHEDULE_170,PZ,numeric,ONE,3,SA-P02-T00-SUPPORT_SCHEDULE_170,PZ,numeric,ONE,3,SA_02_TOT_INCOME_OTH_CY_M4,0,SA_02_TOT_INCOME_OTH_CY_M4,0,kept,FALSE,FALSE,FALSE,FALSE
SA_02_TOT_INCOME_OTH_TOT,SA-P02-T00-SUPPORT_SCHEDULE_170,PZ,numeric,ONE,3,SA-P02-T00-SUPPORT_SCHEDULE_170,PZ,numeric,ONE,3,SA_02_TOT_INCOME_OTH_TOT,0,SA_02_TOT_INCOME_OTH_TOT,0,kept,FALSE,FALSE,FALSE,FALSE
SA_02_TOT_SUPPORT_TOT,SA-P02-T00-SUPPORT_SCHEDULE_170,PZ,numeric,ONE,3,SA-P02-T00-SUPPORT_SCHEDULE_170,PZ,numeric,ONE,3,SA_02_TOT_SUPPORT_TOT,0,SA_02_TOT_SUPPORT_TOT,0,kept,FALSE,FALSE,FALSE,FALSE
SA_03_PCT_33_SUPPORT_TEST_CY_X,SA-P03-T00-SUPPORT_SCHEDULE_509,PZ,checkbox,ONE,3,SA-P03-T00-SUPPORT_SCHEDULE_509,PZ,checkbox,ONE,3,SA_03_PCT_33_SUPPORT_TEST_CY_X,0,SA_03_PCT_33_SUPPORT_TEST_CY_X,0,kept,FALSE,FALSE,FALSE,FALSE
SA_03_PCT_33_SUPPORT_TEST_PY_X,SA-P03-T00-SUPPORT_SCHEDULE_509,PZ,checkbox,ONE,3,SA-P03-T00-SUPPORT_SCHEDULE_509,PZ,checkbox,ONE,3,SA_03_PCT_33_SUPPORT_TEST_PY_X,0,SA_03_PCT_33_SUPPORT_TEST_PY_X,0,kept,FALSE,FALSE,FALSE,FALSE
SA_03_PCT_INVEST_INCOME_CY,SA-P03-T00-SUPPORT_SCHEDULE_509,PZ,numeric,ONE,3,SA-P03-T00-SUPPORT_SCHEDULE_509,PZ,numeric,ONE,3,SA_03_PCT_INVEST_INCOME_CY,0,SA_03_PCT_INVEST_INCOME_CY,0,kept,FALSE,FALSE,FALSE,FALSE
SA_03_PCT_INVEST_INCOME_PY,SA-P03-T00-SUPPORT_SCHEDULE_509,PZ,numeric,ONE,3,SA-P03-T00-SUPPORT_SCHEDULE_509,PZ,numeric,ONE,3,SA_03_PCT_INVEST_INCOME_PY,0,SA_03_PCT_INVEST_INCOME_PY,0,kept,FALSE,FALSE,FALSE,FALSE
SA_03_PCT_PRIVATE_FOUNDATION_X,SA-P03-T00-SUPPORT_SCHEDULE_509,PZ,checkbox,ONE,3,SA-P03-T00-SUPPORT_SCHEDULE_509,PZ,checkbox,ONE,3,SA_03_PCT_PRIVATE_FOUNDATION_X,0,SA_03_PCT_PRIVATE_FOUNDATION_X,0,kept,FALSE,FALSE,FALSE,FALSE
SA_03_PCT_PUB_SUPPORT_CY,SA-P03-T00-SUPPORT_SCHEDULE_509,PZ,numeric,ONE,3,SA-P03-T00-SUPPORT_SCHEDULE_509,PZ,numeric,ONE,3,SA_03_PCT_PUB_SUPPORT_CY,0,SA_03_PCT_PUB_SUPPORT_CY,0,kept,FALSE,FALSE,FALSE,FALSE
SA_03_PCT_PUB_SUPPORT_PY,SA-P03-T00-SUPPORT_SCHEDULE_509,PZ,numeric,ONE,3,SA-P03-T00-SUPPORT_SCHEDULE_509,PZ,numeric,ONE,3,SA_03_PCT_PUB_SUPPORT_PY,0,SA_03_PCT_PUB_SUPPORT_PY,0,kept,FALSE,FALSE,FALSE,FALSE
SA_03_PUB_ADD_L7AB_CY,SA-P03-T00-SUPPORT_SCHEDULE_509,PZ,numeric,ONE,3,SA-P03-T00-SUPPORT_SCHEDULE_509,PZ,numeric,ONE,3,SA_03_PUB_ADD_L7AB_CY,0,SA_03_PUB_ADD_L7AB_CY,0,kept,FALSE,FALSE,FALSE,FALSE
SA_03_PUB_ADD_L7AB_CY_M1,SA-P03-T00-SUPPORT_SCHEDULE_509,PZ,numeric,ONE,3,SA-P03-T00-SUPPORT_SCHEDULE_509,PZ,numeric,ONE,3,SA_03_PUB_ADD_L7AB_CY_M1,0,SA_03_PUB_ADD_L7AB_CY_M1,0,kept,FALSE,FALSE,FALSE,FALSE
SA_03_PUB_ADD_L7AB_CY_M2,SA-P03-T00-SUPPORT_SCHEDULE_509,PZ,numeric,ONE,3,SA-P03-T00-SUPPORT_SCHEDULE_509,PZ,numeric,ONE,3,SA_03_PUB_ADD_L7AB_CY_M2,0,SA_03_PUB_ADD_L7AB_CY_M2,0,kept,FALSE,FALSE,FALSE,FALSE
SA_03_PUB_ADD_L7AB_CY_M3,SA-P03-T00-SUPPORT_SCHEDULE_509,PZ,numeric,ONE,3,SA-P03-T00-SUPPORT_SCHEDULE_509,PZ,numeric,ONE,3,SA_03_PUB_ADD_L7AB_CY_M3,0,SA_03_PUB_ADD_L7AB_CY_M3,0,kept,FALSE,FALSE,FALSE,FALSE
SA_03_PUB_ADD_L7AB_CY_M4,SA-P03-T00-SUPPORT_SCHEDULE_509,PZ,numeric,ONE,3,SA-P03-T00-SUPPORT_SCHEDULE_509,PZ,numeric,ONE,3,SA_03_PUB_ADD_L7AB_CY_M4,0,SA_03_PUB_ADD_L7AB_CY_M4,0,kept,FALSE,FALSE,FALSE,FALSE
SA_03_PUB_ADD_L7AB_TOT,SA-P03-T00-SUPPORT_SCHEDULE_509,PZ,numeric,ONE,3,SA-P03-T00-SUPPORT_SCHEDULE_509,PZ,numeric,ONE,3,SA_03_PUB_ADD_L7AB_TOT,0,SA_03_PUB_ADD_L7AB_TOT,0,kept,FALSE,FALSE,FALSE,FALSE
SA_03_PUB_AMT_CONTR_SBST_CY,SA-P03-T00-SUPPORT_SCHEDULE_509,PZ,numeric,ONE,3,SA-P03-T00-SUPPORT_SCHEDULE_509,PZ,numeric,ONE,3,SA_03_PUB_AMT_CONTR_SBST_CY,0,SA_03_PUB_AMT_CONTR_SBST_CY,0,kept,FALSE,FALSE,FALSE,FALSE
SA_03_PUB_AMT_CONTR_SBST_CY_M1,SA-P03-T00-SUPPORT_SCHEDULE_509,PZ,numeric,ONE,3,SA-P03-T00-SUPPORT_SCHEDULE_509,PZ,numeric,ONE,3,SA_03_PUB_AMT_CONTR_SBST_CY_M1,0,SA_03_PUB_AMT_CONTR_SBST_CY_M1,0,kept,FALSE,FALSE,FALSE,FALSE
SA_03_PUB_AMT_CONTR_SBST_CY_M2,SA-P03-T00-SUPPORT_SCHEDULE_509,PZ,numeric,ONE,3,SA-P03-T00-SUPPORT_SCHEDULE_509,PZ,numeric,ONE,3,SA_03_PUB_AMT_CONTR_SBST_CY_M2,0,SA_03_PUB_AMT_CONTR_SBST_CY_M2,0,kept,FALSE,FALSE,FALSE,FALSE
SA_03_PUB_AMT_CONTR_SBST_CY_M3,SA-P03-T00-SUPPORT_SCHEDULE_509,PZ,numeric,ONE,3,SA-P03-T00-SUPPORT_SCHEDULE_509,PZ,numeric,ONE,3,SA_03_PUB_AMT_CONTR_SBST_CY_M3,0,SA_03_PUB_AMT_CONTR_SBST_CY_M3,0,kept,FALSE,FALSE,FALSE,FALSE
SA_03_PUB_AMT_CONTR_SBST_CY_M4,SA-P03-T00-SUPPORT_SCHEDULE_509,PZ,numeric,ONE,3,SA-P03-T00-SUPPORT_SCHEDULE_509,PZ,numeric,ONE,3,SA_03_PUB_AMT_CONTR_SBST_CY_M4,0,SA_03_PUB_AMT_CONTR_SBST_CY_M4,0,kept,FALSE,FALSE,FALSE,FALSE
SA_03_PUB_AMT_CONTR_SBST_TOT,SA-P03-T00-SUPPORT_SCHEDULE_509,PZ,numeric,ONE,3,SA-P03-T00-SUPPORT_SCHEDULE_509,PZ,numeric,ONE,3,SA_03_PUB_AMT_CONTR_SBST_TOT,0,SA_03_PUB_AMT_CONTR_SBST_TOT,0,kept,FALSE,FALSE,FALSE,FALSE
SA_03_PUB_AMT_PERS_DSQ_CY,SA-P03-T00-SUPPORT_SCHEDULE_509,PZ,numeric,ONE,3,SA-P03-T00-SUPPORT_SCHEDULE_509,PZ,numeric,ONE,3,SA_03_PUB_AMT_PERS_DSQ_CY,0,SA_03_PUB_AMT_PERS_DSQ_CY,0,kept,FALSE,FALSE,FALSE,FALSE
SA_03_PUB_AMT_PERS_DSQ_CY_M1,SA-P03-T00-SUPPORT_SCHEDULE_509,PZ,numeric,ONE,3,SA-P03-T00-SUPPORT_SCHEDULE_509,PZ,numeric,ONE,3,SA_03_PUB_AMT_PERS_DSQ_CY_M1,0,SA_03_PUB_AMT_PERS_DSQ_CY_M1,0,kept,FALSE,FALSE,FALSE,FALSE
SA_03_PUB_AMT_PERS_DSQ_CY_M2,SA-P03-T00-SUPPORT_SCHEDULE_509,PZ,numeric,ONE,3,SA-P03-T00-SUPPORT_SCHEDULE_509,PZ,numeric,ONE,3,SA_03_PUB_AMT_PERS_DSQ_CY_M2,0,SA_03_PUB_AMT_PERS_DSQ_CY_M2,0,kept,FALSE,FALSE,FALSE,FALSE
SA_03_PUB_AMT_PERS_DSQ_CY_M3,SA-P03-T00-SUPPORT_SCHEDULE_509,PZ,numeric,ONE,3,SA-P03-T00-SUPPORT_SCHEDULE_509,PZ,numeric,ONE,3,SA_03_PUB_AMT_PERS_DSQ_CY_M3,0,SA_03_PUB_AMT_PERS_DSQ_CY_M3,0,kept,FALSE,FALSE,FALSE,FALSE
SA_03_PUB_AMT_PERS_DSQ_CY_M4,SA-P03-T00-SUPPORT_SCHEDULE_509,PZ,numeric,ONE,3,SA-P03-T00-SUPPORT_SCHEDULE_509,PZ,numeric,ONE,3,SA_03_PUB_AMT_PERS_DSQ_CY_M4,0,SA_03_PUB_AMT_PERS_DSQ_CY_M4,0,kept,FALSE,FALSE,FALSE,FALSE
SA_03_PUB_AMT_PERS_DSQ_TOT,SA-P03-T00-SUPPORT_SCHEDULE_509,PZ,numeric,ONE,3,SA-P03-T00-SUPPORT_SCHEDULE_509,PZ,numeric,ONE,3,SA_03_PUB_AMT_PERS_DSQ_TOT,0,SA_03_PUB_AMT_PERS_DSQ_TOT,0,kept,FALSE,FALSE,FALSE,FALSE
SA_03_PUB_GIFT_GRANT_CONTR_CY,SA-P03-T00-SUPPORT_SCHEDULE_509,PZ,numeric,ONE,3,SA-P03-T00-SUPPORT_SCHEDULE_509,PZ,numeric,ONE,3,SA_03_PUB_GIFT_GRANT_CONTR_CY,0,SA_03_PUB_GIFT_GRANT_CONTR_CY,0,kept,FALSE,FALSE,FALSE,FALSE
SA_03_PUB_GIFT_GRANT_CONTR_CY_M1,SA-P03-T00-SUPPORT_SCHEDULE_509,PZ,numeric,ONE,3,SA-P03-T00-SUPPORT_SCHEDULE_509,PZ,numeric,ONE,3,SA_03_PUB_GIFT_GRANT_CONTR_CY_M1,0,SA_03_PUB_GIFT_GRANT_CONTR_CY_M1,0,kept,FALSE,FALSE,FALSE,FALSE
SA_03_PUB_GIFT_GRANT_CONTR_CY_M2,SA-P03-T00-SUPPORT_SCHEDULE_509,PZ,numeric,ONE,3,SA-P03-T00-SUPPORT_SCHEDULE_509,PZ,numeric,ONE,3,SA_03_PUB_GIFT_GRANT_CONTR_CY_M2,0,SA_03_PUB_GIFT_GRANT_CONTR_CY_M2,0,kept,FALSE,FALSE,FALSE,FALSE
SA_03_PUB_GIFT_GRANT_CONTR_CY_M3,SA-P03-T00-SUPPORT_SCHEDULE_509,PZ,numeric,ONE,3,SA-P03-T00-SUPPORT_SCHEDULE_509,PZ,numeric,ONE,3,SA_03_PUB_GIFT_GRANT_CONTR_CY_M3,0,SA_03_PUB_GIFT_GRANT_CONTR_CY_M3,0,kept,FALSE,FALSE,FALSE,FALSE
SA_03_PUB_GIFT_GRANT_CONTR_CY_M4,SA-P03-T00-SUPPORT_SCHEDULE_509,PZ,numeric,ONE,3,SA-P03-T00-SUPPORT_SCHEDULE_509,PZ,numeric,ONE,3,SA_03_PUB_GIFT_GRANT_CONTR_CY_M4,0,SA_03_PUB_GIFT_GRANT_CONTR_CY_M4,0,kept,FALSE,FALSE,FALSE,FALSE
SA_03_PUB_GIFT_GRANT_CONTR_TOT,SA-P03-T00-SUPPORT_SCHEDULE_509,PZ,numeric,ONE,3,SA-P03-T00-SUPPORT_SCHEDULE_509,PZ,numeric,ONE,3,SA_03_PUB_GIFT_GRANT_CONTR_TOT,0,SA_03_PUB_GIFT_GRANT_CONTR_TOT,0,kept,FALSE,FALSE,FALSE,FALSE
SA_03_PUB_GRO_RCPT_ADM_CY,SA-P03-T00-SUPPORT_SCHEDULE_509,PZ,numeric,ONE,3,SA-P03-T00-SUPPORT_SCHEDULE_509,PZ,numeric,ONE,3,SA_03_PUB_GRO_RCPT_ADM_CY,0,SA_03_PUB_GRO_RCPT_ADM_CY,0,kept,FALSE,FALSE,FALSE,FALSE
SA_03_PUB_GRO_RCPT_ADM_CY_M1,SA-P03-T00-SUPPORT_SCHEDULE_509,PZ,numeric,ONE,3,SA-P03-T00-SUPPORT_SCHEDULE_509,PZ,numeric,ONE,3,SA_03_PUB_GRO_RCPT_ADM_CY_M1,0,SA_03_PUB_GRO_RCPT_ADM_CY_M1,0,kept,FALSE,FALSE,FALSE,FALSE
SA_03_PUB_GRO_RCPT_ADM_CY_M2,SA-P03-T00-SUPPORT_SCHEDULE_509,PZ,numeric,ONE,3,SA-P03-T00-SUPPORT_SCHEDULE_509,PZ,numeric,ONE,3,SA_03_PUB_GRO_RCPT_ADM_CY_M2,0,SA_03_PUB_GRO_RCPT_ADM_CY_M2,0,kept,FALSE,FALSE,FALSE,FALSE
SA_03_PUB_GRO_RCPT_ADM_CY_M3,SA-P03-T00-SUPPORT_SCHEDULE_509,PZ,numeric,ONE,3,SA-P03-T00-SUPPORT_SCHEDULE_509,PZ,numeric,ONE,3,SA_03_PUB_GRO_RCPT_ADM_CY_M3,0,SA_03_PUB_GRO_RCPT_ADM_CY_M3,0,kept,FALSE,FALSE,FALSE,FALSE
SA_03_PUB_GRO_RCPT_ADM_CY_M4,SA-P03-T00-SUPPORT_SCHEDULE_509,PZ,numeric,ONE,3,SA-P03-T00-SUPPORT_SCHEDULE_509,PZ,numeric,ONE,3,SA_03_PUB_GRO_RCPT_ADM_CY_M4,0,SA_03_PUB_GRO_RCPT_ADM_CY_M4,0,kept,FALSE,FALSE,FALSE,FALSE
SA_03_PUB_GRO_RCPT_ADM_TOT,SA-P03-T00-SUPPORT_SCHEDULE_509,PZ,numeric,ONE,3,SA-P03-T00-SUPPORT_SCHEDULE_509,PZ,numeric,ONE,3,SA_03_PUB_GRO_RCPT_ADM_TOT,0,SA_03_PUB_GRO_RCPT_ADM_TOT,0,kept,FALSE,FALSE,FALSE,FALSE
SA_03_PUB_GRO_RCPT_NONUBIZ_CY,SA-P03-T00-SUPPORT_SCHEDULE_509,PZ,numeric,ONE,3,SA-P03-T00-SUPPORT_SCHEDULE_509,PZ,numeric,ONE,3,SA_03_PUB_GRO_RCPT_NONUBIZ_CY,0,SA_03_PUB_GRO_RCPT_NONUBIZ_CY,0,kept,FALSE,FALSE,FALSE,FALSE
SA_03_PUB_GRO_RCPT_NONUBIZ_CY_M1,SA-P03-T00-SUPPORT_SCHEDULE_509,PZ,numeric,ONE,3,SA-P03-T00-SUPPORT_SCHEDULE_509,PZ,numeric,ONE,3,SA_03_PUB_GRO_RCPT_NONUBIZ_CY_M1,0,SA_03_PUB_GRO_RCPT_NONUBIZ_CY_M1,0,kept,FALSE,FALSE,FALSE,FALSE
SA_03_PUB_GRO_RCPT_NONUBIZ_CY_M2,SA-P03-T00-SUPPORT_SCHEDULE_509,PZ,numeric,ONE,3,SA-P03-T00-SUPPORT_SCHEDULE_509,PZ,numeric,ONE,3,SA_03_PUB_GRO_RCPT_NONUBIZ_CY_M2,0,SA_03_PUB_GRO_RCPT_NONUBIZ_CY_M2,0,kept,FALSE,FALSE,FALSE,FALSE
SA_03_PUB_GRO_RCPT_NONUBIZ_CY_M3,SA-P03-T00-SUPPORT_SCHEDULE_509,PZ,numeric,ONE,3,SA-P03-T00-SUPPORT_SCHEDULE_509,PZ,numeric,ONE,3,SA_03_PUB_GRO_RCPT_NONUBIZ_CY_M3,0,SA_03_PUB_GRO_RCPT_NONUBIZ_CY_M3,0,kept,FALSE,FALSE,FALSE,FALSE
SA_03_PUB_GRO_RCPT_NONUBIZ_CY_M4,SA-P03-T00-SUPPORT_SCHEDULE_509,PZ,numeric,ONE,3,SA-P03-T00-SUPPORT_SCHEDULE_509,PZ,numeric,ONE,3,SA_03_PUB_GRO_RCPT_NONUBIZ_CY_M4,0,SA_03_PUB_GRO_RCPT_NONUBIZ_CY_M4,0,kept,FALSE,FALSE,FALSE,FALSE
SA_03_PUB_GRO_RCPT_NONUBIZ_TOT,SA-P03-T00-SUPPORT_SCHEDULE_509,PZ,numeric,ONE,3,SA-P03-T00-SUPPORT_SCHEDULE_509,PZ,numeric,ONE,3,SA_03_PUB_GRO_RCPT_NONUBIZ_TOT,0,SA_03_PUB_GRO_RCPT_NONUBIZ_TOT,0,kept,FALSE,FALSE,FALSE,FALSE
SA_03_PUB_SUPPORT_TOT,SA-P03-T00-SUPPORT_SCHEDULE_509,PZ,numeric,ONE,3,SA-P03-T00-SUPPORT_SCHEDULE_509,PZ,numeric,ONE,3,SA_03_PUB_SUPPORT_TOT,0,SA_03_PUB_SUPPORT_TOT,0,kept,FALSE,FALSE,FALSE,FALSE
SA_03_PUB_TAXREV_LEVIED_CY,SA-P03-T00-SUPPORT_SCHEDULE_509,PZ,numeric,ONE,3,SA-P03-T00-SUPPORT_SCHEDULE_509,PZ,numeric,ONE,3,SA_03_PUB_TAXREV_LEVIED_CY,0,SA_03_PUB_TAXREV_LEVIED_CY,0,kept,FALSE,FALSE,FALSE,FALSE
SA_03_PUB_TAXREV_LEVIED_CY_M1,SA-P03-T00-SUPPORT_SCHEDULE_509,PZ,numeric,ONE,3,SA-P03-T00-SUPPORT_SCHEDULE_509,PZ,numeric,ONE,3,SA_03_PUB_TAXREV_LEVIED_CY_M1,0,SA_03_PUB_TAXREV_LEVIED_CY_M1,0,kept,FALSE,FALSE,FALSE,FALSE
SA_03_PUB_TAXREV_LEVIED_CY_M2,SA-P03-T00-SUPPORT_SCHEDULE_509,PZ,numeric,ONE,3,SA-P03-T00-SUPPORT_SCHEDULE_509,PZ,numeric,ONE,3,SA_03_PUB_TAXREV_LEVIED_CY_M2,0,SA_03_PUB_TAXREV_LEVIED_CY_M2,0,kept,FALSE,FALSE,FALSE,FALSE
SA_03_PUB_TAXREV_LEVIED_CY_M3,SA-P03-T00-SUPPORT_SCHEDULE_509,PZ,numeric,ONE,3,SA-P03-T00-SUPPORT_SCHEDULE_509,PZ,numeric,ONE,3,SA_03_PUB_TAXREV_LEVIED_CY_M3,0,SA_03_PUB_TAXREV_LEVIED_CY_M3,0,kept,FALSE,FALSE,FALSE,FALSE
SA_03_PUB_TAXREV_LEVIED_CY_M4,SA-P03-T00-SUPPORT_SCHEDULE_509,PZ,numeric,ONE,3,SA-P03-T00-SUPPORT_SCHEDULE_509,PZ,numeric,ONE,3,SA_03_PUB_TAXREV_LEVIED_CY_M4,0,SA_03_PUB_TAXREV_LEVIED_CY_M4,0,kept,FALSE,FALSE,FALSE,FALSE
SA_03_PUB_TAXREV_LEVIED_TOT,SA-P03-T00-SUPPORT_SCHEDULE_509,PZ,numeric,ONE,3,SA-P03-T00-SUPPORT_SCHEDULE_509,PZ,numeric,ONE,3,SA_03_PUB_TAXREV_LEVIED_TOT,0,SA_03_PUB_TAXREV_LEVIED_TOT,0,kept,FALSE,FALSE,FALSE,FALSE
SA_03_PUB_TOT_L1_5_CY,SA-P03-T00-SUPPORT_SCHEDULE_509,PZ,numeric,ONE,3,SA-P03-T00-SUPPORT_SCHEDULE_509,PZ,numeric,ONE,3,SA_03_PUB_TOT_L1_5_CY,0,SA_03_PUB_TOT_L1_5_CY,0,kept,FALSE,FALSE,FALSE,FALSE
SA_03_PUB_TOT_L1_5_CY_M1,SA-P03-T00-SUPPORT_SCHEDULE_509,PZ,numeric,ONE,3,SA-P03-T00-SUPPORT_SCHEDULE_509,PZ,numeric,ONE,3,SA_03_PUB_TOT_L1_5_CY_M1,0,SA_03_PUB_TOT_L1_5_CY_M1,0,kept,FALSE,FALSE,FALSE,FALSE
SA_03_PUB_TOT_L1_5_CY_M2,SA-P03-T00-SUPPORT_SCHEDULE_509,PZ,numeric,ONE,3,SA-P03-T00-SUPPORT_SCHEDULE_509,PZ,numeric,ONE,3,SA_03_PUB_TOT_L1_5_CY_M2,0,SA_03_PUB_TOT_L1_5_CY_M2,0,kept,FALSE,FALSE,FALSE,FALSE
SA_03_PUB_TOT_L1_5_CY_M3,SA-P03-T00-SUPPORT_SCHEDULE_509,PZ,numeric,ONE,3,SA-P03-T00-SUPPORT_SCHEDULE_509,PZ,numeric,ONE,3,SA_03_PUB_TOT_L1_5_CY_M3,0,SA_03_PUB_TOT_L1_5_CY_M3,0,kept,FALSE,FALSE,FALSE,FALSE
SA_03_PUB_TOT_L1_5_CY_M4,SA-P03-T00-SUPPORT_SCHEDULE_509,PZ,numeric,ONE,3,SA-P03-T00-SUPPORT_SCHEDULE_509,PZ,numeric,ONE,3,SA_03_PUB_TOT_L1_5_CY_M4,0,SA_03_PUB_TOT_L1_5_CY_M4,0,kept,FALSE,FALSE,FALSE,FALSE
SA_03_PUB_TOT_L1_5_TOT,SA-P03-T00-SUPPORT_SCHEDULE_509,PZ,numeric,ONE,3,SA-P03-T00-SUPPORT_SCHEDULE_509,PZ,numeric,ONE,3,SA_03_PUB_TOT_L1_5_TOT,0,SA_03_PUB_TOT_L1_5_TOT,0,kept,FALSE,FALSE,FALSE,FALSE
SA_03_PUB_VALUE_SVC_GOVT_CY,SA-P03-T00-SUPPORT_SCHEDULE_509,PZ,numeric,ONE,3,SA-P03-T00-SUPPORT_SCHEDULE_509,PZ,numeric,ONE,3,SA_03_PUB_VALUE_SVC_GOVT_CY,0,SA_03_PUB_VALUE_SVC_GOVT_CY,0,kept,FALSE,FALSE,FALSE,FALSE
SA_03_PUB_VALUE_SVC_GOVT_CY_M1,SA-P03-T00-SUPPORT_SCHEDULE_509,PZ,numeric,ONE,3,SA-P03-T00-SUPPORT_SCHEDULE_509,PZ,numeric,ONE,3,SA_03_PUB_VALUE_SVC_GOVT_CY_M1,0,SA_03_PUB_VALUE_SVC_GOVT_CY_M1,0,kept,FALSE,FALSE,FALSE,FALSE
SA_03_PUB_VALUE_SVC_GOVT_CY_M2,SA-P03-T00-SUPPORT_SCHEDULE_509,PZ,numeric,ONE,3,SA-P03-T00-SUPPORT_SCHEDULE_509,PZ,numeric,ONE,3,SA_03_PUB_VALUE_SVC_GOVT_CY_M2,0,SA_03_PUB_VALUE_SVC_GOVT_CY_M2,0,kept,FALSE,FALSE,FALSE,FALSE
SA_03_PUB_VALUE_SVC_GOVT_CY_M3,SA-P03-T00-SUPPORT_SCHEDULE_509,PZ,numeric,ONE,3,SA-P03-T00-SUPPORT_SCHEDULE_509,PZ,numeric,ONE,3,SA_03_PUB_VALUE_SVC_GOVT_CY_M3,0,SA_03_PUB_VALUE_SVC_GOVT_CY_M3,0,kept,FALSE,FALSE,FALSE,FALSE
SA_03_PUB_VALUE_SVC_GOVT_CY_M4,SA-P03-T00-SUPPORT_SCHEDULE_509,PZ,numeric,ONE,3,SA-P03-T00-SUPPORT_SCHEDULE_509,PZ,numeric,ONE,3,SA_03_PUB_VALUE_SVC_GOVT_CY_M4,0,SA_03_PUB_VALUE_SVC_GOVT_CY_M4,0,kept,FALSE,FALSE,FALSE,FALSE
SA_03_PUB_VALUE_SVC_GOVT_TOT,SA-P03-T00-SUPPORT_SCHEDULE_509,PZ,numeric,ONE,3,SA-P03-T00-SUPPORT_SCHEDULE_509,PZ,numeric,ONE,3,SA_03_PUB_VALUE_SVC_GOVT_TOT,0,SA_03_PUB_VALUE_SVC_GOVT_TOT,0,kept,FALSE,FALSE,FALSE,FALSE
SA_03_TOT_ADD_L10AB_CY,SA-P03-T00-SUPPORT_SCHEDULE_509,PZ,numeric,ONE,3,SA-P03-T00-SUPPORT_SCHEDULE_509,PZ,numeric,ONE,3,SA_03_TOT_ADD_L10AB_CY,0,SA_03_TOT_ADD_L10AB_CY,0,kept,FALSE,FALSE,FALSE,FALSE
SA_03_TOT_ADD_L10AB_CY_M1,SA-P03-T00-SUPPORT_SCHEDULE_509,PZ,numeric,ONE,3,SA-P03-T00-SUPPORT_SCHEDULE_509,PZ,numeric,ONE,3,SA_03_TOT_ADD_L10AB_CY_M1,0,SA_03_TOT_ADD_L10AB_CY_M1,0,kept,FALSE,FALSE,FALSE,FALSE
SA_03_TOT_ADD_L10AB_CY_M2,SA-P03-T00-SUPPORT_SCHEDULE_509,PZ,numeric,ONE,3,SA-P03-T00-SUPPORT_SCHEDULE_509,PZ,numeric,ONE,3,SA_03_TOT_ADD_L10AB_CY_M2,0,SA_03_TOT_ADD_L10AB_CY_M2,0,kept,FALSE,FALSE,FALSE,FALSE
SA_03_TOT_ADD_L10AB_CY_M3,SA-P03-T00-SUPPORT_SCHEDULE_509,PZ,numeric,ONE,3,SA-P03-T00-SUPPORT_SCHEDULE_509,PZ,numeric,ONE,3,SA_03_TOT_ADD_L10AB_CY_M3,0,SA_03_TOT_ADD_L10AB_CY_M3,0,kept,FALSE,FALSE,FALSE,FALSE
SA_03_TOT_ADD_L10AB_CY_M4,SA-P03-T00-SUPPORT_SCHEDULE_509,PZ,numeric,ONE,3,SA-P03-T00-SUPPORT_SCHEDULE_509,PZ,numeric,ONE,3,SA_03_TOT_ADD_L10AB_CY_M4,0,SA_03_TOT_ADD_L10AB_CY_M4,0,kept,FALSE,FALSE,FALSE,FALSE
SA_03_TOT_ADD_L10AB_TOT,SA-P03-T00-SUPPORT_SCHEDULE_509,PZ,numeric,ONE,3,SA-P03-T00-SUPPORT_SCHEDULE_509,PZ,numeric,ONE,3,SA_03_TOT_ADD_L10AB_TOT,0,SA_03_TOT_ADD_L10AB_TOT,0,kept,FALSE,FALSE,FALSE,FALSE
SA_03_TOT_AMT_L6_CY,SA-P03-T00-SUPPORT_SCHEDULE_509,PZ,numeric,ONE,1,SA-P03-T00-SUPPORT_SCHEDULE_509,PZ,numeric,ONE,1,SA_03_TOT_AMT_L6_CY,0,SA_03_TOT_AMT_L6_CY,0,kept,FALSE,FALSE,FALSE,FALSE
SA_03_TOT_AMT_L6_CY_M1,SA-P03-T00-SUPPORT_SCHEDULE_509,PZ,numeric,ONE,1,SA-P03-T00-SUPPORT_SCHEDULE_509,PZ,numeric,ONE,1,SA_03_TOT_AMT_L6_CY_M1,0,SA_03_TOT_AMT_L6_CY_M1,0,kept,FALSE,FALSE,FALSE,FALSE
SA_03_TOT_AMT_L6_CY_M2,SA-P03-T00-SUPPORT_SCHEDULE_509,PZ,numeric,ONE,1,SA-P03-T00-SUPPORT_SCHEDULE_509,PZ,numeric,ONE,1,SA_03_TOT_AMT_L6_CY_M2,0,SA_03_TOT_AMT_L6_CY_M2,0,kept,FALSE,FALSE,FALSE,FALSE
SA_03_TOT_AMT_L6_CY_M3,SA-P03-T00-SUPPORT_SCHEDULE_509,PZ,numeric,ONE,1,SA-P03-T00-SUPPORT_SCHEDULE_509,PZ,numeric,ONE,1,SA_03_TOT_AMT_L6_CY_M3,0,SA_03_TOT_AMT_L6_CY_M3,0,kept,FALSE,FALSE,FALSE,FALSE
SA_03_TOT_AMT_L6_CY_M4,SA-P03-T00-SUPPORT_SCHEDULE_509,PZ,numeric,ONE,1,SA-P03-T00-SUPPORT_SCHEDULE_509,PZ,numeric,ONE,1,SA_03_TOT_AMT_L6_CY_M4,0,SA_03_TOT_AMT_L6_CY_M4,0,kept,FALSE,FALSE,FALSE,FALSE
SA_03_TOT_AMT_L6_TOT,SA-P03-T00-SUPPORT_SCHEDULE_509,PZ,numeric,ONE,1,SA-P03-T00-SUPPORT_SCHEDULE_509,PZ,numeric,ONE,1,SA_03_TOT_AMT_L6_TOT,0,SA_03_TOT_AMT_L6_TOT,0,kept,FALSE,FALSE,FALSE,FALSE
SA_03_TOT_FIRST_5Y_X,SA-P03-T00-SUPPORT_SCHEDULE_509,PZ,checkbox,ONE,3,SA-P03-T00-SUPPORT_SCHEDULE_509,PZ,checkbox,ONE,3,SA_03_TOT_FIRST_5Y_X,0,SA_03_TOT_FIRST_5Y_X,0,kept,FALSE,FALSE,FALSE,FALSE
SA_03_TOT_INCOME_GRO_CY,SA-P03-T00-SUPPORT_SCHEDULE_509,PZ,numeric,ONE,3,SA-P03-T00-SUPPORT_SCHEDULE_509,PZ,numeric,ONE,3,SA_03_TOT_INCOME_GRO_CY,0,SA_03_TOT_INCOME_GRO_CY,0,kept,FALSE,FALSE,FALSE,FALSE
SA_03_TOT_INCOME_GRO_CY_M1,SA-P03-T00-SUPPORT_SCHEDULE_509,PZ,numeric,ONE,3,SA-P03-T00-SUPPORT_SCHEDULE_509,PZ,numeric,ONE,3,SA_03_TOT_INCOME_GRO_CY_M1,0,SA_03_TOT_INCOME_GRO_CY_M1,0,kept,FALSE,FALSE,FALSE,FALSE
SA_03_TOT_INCOME_GRO_CY_M2,SA-P03-T00-SUPPORT_SCHEDULE_509,PZ,numeric,ONE,3,SA-P03-T00-SUPPORT_SCHEDULE_509,PZ,numeric,ONE,3,SA_03_TOT_INCOME_GRO_CY_M2,0,SA_03_TOT_INCOME_GRO_CY_M2,0,kept,FALSE,FALSE,FALSE,FALSE
SA_03_TOT_INCOME_GRO_CY_M3,SA-P03-T00-SUPPORT_SCHEDULE_509,PZ,numeric,ONE,3,SA-P03-T00-SUPPORT_SCHEDULE_509,PZ,numeric,ONE,3,SA_03_TOT_INCOME_GRO_CY_M3,0,SA_03_TOT_INCOME_GRO_CY_M3,0,kept,FALSE,FALSE,FALSE,FALSE
SA_03_TOT_INCOME_GRO_CY_M4,SA-P03-T00-SUPPORT_SCHEDULE_509,PZ,numeric,ONE,3,SA-P03-T00-SUPPORT_SCHEDULE_509,PZ,numeric,ONE,3,SA_03_TOT_INCOME_GRO_CY_M4,0,SA_03_TOT_INCOME_GRO_CY_M4,0,kept,FALSE,FALSE,FALSE,FALSE
SA_03_TOT_INCOME_GRO_TOT,SA-P03-T00-SUPPORT_SCHEDULE_509,PZ,numeric,ONE,3,SA-P03-T00-SUPPORT_SCHEDULE_509,PZ,numeric,ONE,3,SA_03_TOT_INCOME_GRO_TOT,0,SA_03_TOT_INCOME_GRO_TOT,0,kept,FALSE,FALSE,FALSE,FALSE
SA_03_TOT_INCOME_NET_UBIZ_CY,SA-P03-T00-SUPPORT_SCHEDULE_509,PZ,numeric,ONE,3,SA-P03-T00-SUPPORT_SCHEDULE_509,PZ,numeric,ONE,3,SA_03_TOT_INCOME_NET_UBIZ_CY,0,SA_03_TOT_INCOME_NET_UBIZ_CY,0,kept,FALSE,FALSE,FALSE,FALSE
SA_03_TOT_INCOME_NET_UBIZ_CY_M1,SA-P03-T00-SUPPORT_SCHEDULE_509,PZ,numeric,ONE,3,SA-P03-T00-SUPPORT_SCHEDULE_509,PZ,numeric,ONE,3,SA_03_TOT_INCOME_NET_UBIZ_CY_M1,0,SA_03_TOT_INCOME_NET_UBIZ_CY_M1,0,kept,FALSE,FALSE,FALSE,FALSE
SA_03_TOT_INCOME_NET_UBIZ_CY_M2,SA-P03-T00-SUPPORT_SCHEDULE_509,PZ,numeric,ONE,3,SA-P03-T00-SUPPORT_SCHEDULE_509,PZ,numeric,ONE,3,SA_03_TOT_INCOME_NET_UBIZ_CY_M2,0,SA_03_TOT_INCOME_NET_UBIZ_CY_M2,0,kept,FALSE,FALSE,FALSE,FALSE
SA_03_TOT_INCOME_NET_UBIZ_CY_M3,SA-P03-T00-SUPPORT_SCHEDULE_509,PZ,numeric,ONE,3,SA-P03-T00-SUPPORT_SCHEDULE_509,PZ,numeric,ONE,3,SA_03_TOT_INCOME_NET_UBIZ_CY_M3,0,SA_03_TOT_INCOME_NET_UBIZ_CY_M3,0,kept,FALSE,FALSE,FALSE,FALSE
SA_03_TOT_INCOME_NET_UBIZ_CY_M4,SA-P03-T00-SUPPORT_SCHEDULE_509,PZ,numeric,ONE,3,SA-P03-T00-SUPPORT_SCHEDULE_509,PZ,numeric,ONE,3,SA_03_TOT_INCOME_NET_UBIZ_CY_M4,0,SA_03_TOT_INCOME_NET_UBIZ_CY_M4,0,kept,FALSE,FALSE,FALSE,FALSE
SA_03_TOT_INCOME_NET_UBIZ_TOT,SA-P03-T00-SUPPORT_SCHEDULE_509,PZ,numeric,ONE,3,SA-P03-T00-SUPPORT_SCHEDULE_509,PZ,numeric,ONE,3,SA_03_TOT_INCOME_NET_UBIZ_TOT,0,SA_03_TOT_INCOME_NET_UBIZ_TOT,0,kept,FALSE,FALSE,FALSE,FALSE
SA_03_TOT_INCOME_OTH_CY,SA-P03-T00-SUPPORT_SCHEDULE_509,PZ,numeric,ONE,3,SA-P03-T00-SUPPORT_SCHEDULE_509,PZ,numeric,ONE,3,SA_03_TOT_INCOME_OTH_CY,0,SA_03_TOT_INCOME_OTH_CY,0,kept,FALSE,FALSE,FALSE,FALSE
SA_03_TOT_INCOME_OTH_CY_M1,SA-P03-T00-SUPPORT_SCHEDULE_509,PZ,numeric,ONE,3,SA-P03-T00-SUPPORT_SCHEDULE_509,PZ,numeric,ONE,3,SA_03_TOT_INCOME_OTH_CY_M1,0,SA_03_TOT_INCOME_OTH_CY_M1,0,kept,FALSE,FALSE,FALSE,FALSE
SA_03_TOT_INCOME_OTH_CY_M2,SA-P03-T00-SUPPORT_SCHEDULE_509,PZ,numeric,ONE,3,SA-P03-T00-SUPPORT_SCHEDULE_509,PZ,numeric,ONE,3,SA_03_TOT_INCOME_OTH_CY_M2,0,SA_03_TOT_INCOME_OTH_CY_M2,0,kept,FALSE,FALSE,FALSE,FALSE
SA_03_TOT_INCOME_OTH_CY_M3,SA-P03-T00-SUPPORT_SCHEDULE_509,PZ,numeric,ONE,3,SA-P03-T00-SUPPORT_SCHEDULE_509,PZ,numeric,ONE,3,SA_03_TOT_INCOME_OTH_CY_M3,0,SA_03_TOT_INCOME_OTH_CY_M3,0,kept,FALSE,FALSE,FALSE,FALSE
SA_03_TOT_INCOME_OTH_CY_M4,SA-P03-T00-SUPPORT_SCHEDULE_509,PZ,numeric,ONE,3,SA-P03-T00-SUPPORT_SCHEDULE_509,PZ,numeric,ONE,3,SA_03_TOT_INCOME_OTH_CY_M4,0,SA_03_TOT_INCOME_OTH_CY_M4,0,kept,FALSE,FALSE,FALSE,FALSE
SA_03_TOT_INCOME_OTH_TOT,SA-P03-T00-SUPPORT_SCHEDULE_509,PZ,numeric,ONE,3,SA-P03-T00-SUPPORT_SCHEDULE_509,PZ,numeric,ONE,3,SA_03_TOT_INCOME_OTH_TOT,0,SA_03_TOT_INCOME_OTH_TOT,0,kept,FALSE,FALSE,FALSE,FALSE
SA_03_TOT_INCOME_UBIZ_CY,SA-P03-T00-SUPPORT_SCHEDULE_509,PZ,numeric,ONE,3,SA-P03-T00-SUPPORT_SCHEDULE_509,PZ,numeric,ONE,3,SA_03_TOT_INCOME_UBIZ_CY,0,SA_03_TOT_INCOME_UBIZ_CY,0,kept,FALSE,FALSE,FALSE,FALSE
SA_03_TOT_INCOME_UBIZ_CY_M1,SA-P03-T00-SUPPORT_SCHEDULE_509,PZ,numeric,ONE,3,SA-P03-T00-SUPPORT_SCHEDULE_509,PZ,numeric,ONE,3,SA_03_TOT_INCOME_UBIZ_CY_M1,0,SA_03_TOT_INCOME_UBIZ_CY_M1,0,kept,FALSE,FALSE,FALSE,FALSE
SA_03_TOT_INCOME_UBIZ_CY_M2,SA-P03-T00-SUPPORT_SCHEDULE_509,PZ,numeric,ONE,3,SA-P03-T00-SUPPORT_SCHEDULE_509,PZ,numeric,ONE,3,SA_03_TOT_INCOME_UBIZ_CY_M2,0,SA_03_TOT_INCOME_UBIZ_CY_M2,0,kept,FALSE,FALSE,FALSE,FALSE
SA_03_TOT_INCOME_UBIZ_CY_M3,SA-P03-T00-SUPPORT_SCHEDULE_509,PZ,numeric,ONE,3,SA-P03-T00-SUPPORT_SCHEDULE_509,PZ,numeric,ONE,3,SA_03_TOT_INCOME_UBIZ_CY_M3,0,SA_03_TOT_INCOME_UBIZ_CY_M3,0,kept,FALSE,FALSE,FALSE,FALSE
SA_03_TOT_INCOME_UBIZ_CY_M4,SA-P03-T00-SUPPORT_SCHEDULE_509,PZ,numeric,ONE,3,SA-P03-T00-SUPPORT_SCHEDULE_509,PZ,numeric,ONE,3,SA_03_TOT_INCOME_UBIZ_CY_M4,0,SA_03_TOT_INCOME_UBIZ_CY_M4,0,kept,FALSE,FALSE,FALSE,FALSE
SA_03_TOT_INCOME_UBIZ_TOT,SA-P03-T00-SUPPORT_SCHEDULE_509,PZ,numeric,ONE,3,SA-P03-T00-SUPPORT_SCHEDULE_509,PZ,numeric,ONE,3,SA_03_TOT_INCOME_UBIZ_TOT,0,SA_03_TOT_INCOME_UBIZ_TOT,0,kept,FALSE,FALSE,FALSE,FALSE
SA_03_TOT_SUPPORT_CY,SA-P03-T00-SUPPORT_SCHEDULE_509,PZ,numeric,ONE,2,SA-P03-T00-SUPPORT_SCHEDULE_509,PZ,numeric,ONE,2,SA_03_TOT_SUPPORT_CY,0,SA_03_TOT_SUPPORT_CY,0,kept,FALSE,FALSE,FALSE,FALSE
SA_03_TOT_SUPPORT_CY_M1,SA-P03-T00-SUPPORT_SCHEDULE_509,PZ,numeric,ONE,2,SA-P03-T00-SUPPORT_SCHEDULE_509,PZ,numeric,ONE,2,SA_03_TOT_SUPPORT_CY_M1,0,SA_03_TOT_SUPPORT_CY_M1,0,kept,FALSE,FALSE,FALSE,FALSE
SA_03_TOT_SUPPORT_CY_M2,SA-P03-T00-SUPPORT_SCHEDULE_509,PZ,numeric,ONE,2,SA-P03-T00-SUPPORT_SCHEDULE_509,PZ,numeric,ONE,2,SA_03_TOT_SUPPORT_CY_M2,0,SA_03_TOT_SUPPORT_CY_M2,0,kept,FALSE,FALSE,FALSE,FALSE
SA_03_TOT_SUPPORT_CY_M3,SA-P03-T00-SUPPORT_SCHEDULE_509,PZ,numeric,ONE,2,SA-P03-T00-SUPPORT_SCHEDULE_509,PZ,numeric,ONE,2,SA_03_TOT_SUPPORT_CY_M3,0,SA_03_TOT_SUPPORT_CY_M3,0,kept,FALSE,FALSE,FALSE,FALSE
SA_03_TOT_SUPPORT_CY_M4,SA-P03-T00-SUPPORT_SCHEDULE_509,PZ,numeric,ONE,2,SA-P03-T00-SUPPORT_SCHEDULE_509,PZ,numeric,ONE,2,SA_03_TOT_SUPPORT_CY_M4,0,SA_03_TOT_SUPPORT_CY_M4,0,kept,FALSE,FALSE,FALSE,FALSE
SA_03_TOT_SUPPORT_TOT,SA-P03-T00-SUPPORT_SCHEDULE_509,PZ,numeric,ONE,4,SA-P03-T00-SUPPORT_SCHEDULE_509,PZ,numeric,ONE,4,SA_03_TOT_SUPPORT_TOT,0,SA_03_TOT_SUPPORT_TOT,0,kept,FALSE,FALSE,FALSE,FALSE
SA_04_ALL_ORG_170C2B_PURPOSE_X,SA-P04-T00-SUPPORT-ORGS,PZ,checkbox,ONE,1,SA-P04-T00-SUPPORT-ORGS,PZ,checkbox,ONE,1,SA_04_ALL_ORG_170C2B_PURPOSE_X,0,SA_04_ALL_ORG_170C2B_PURPOSE_X,0,kept,FALSE,FALSE,FALSE,FALSE
SA_04_ALL_ORG_501C456_X,SA-P04-T00-SUPPORT-ORGS,PZ,checkbox,ONE,1,SA-P04-T00-SUPPORT-ORGS,PZ,checkbox,ONE,1,SA_04_ALL_ORG_501C456_X,0,SA_04_ALL_ORG_501C456_X,0,kept,FALSE,FALSE,FALSE,FALSE
SA_04_ALL_ORG_CHANGE_ORG_X,SA-P04-T00-SUPPORT-ORGS,PZ,checkbox,ONE,1,SA-P04-T00-SUPPORT-ORGS,PZ,checkbox,ONE,1,SA_04_ALL_ORG_CHANGE_ORG_X,0,SA_04_ALL_ORG_CHANGE_ORG_X,0,kept,FALSE,FALSE,FALSE,FALSE
SA_04_ALL_ORG_CONTR_35PCT_CE_X,SA-P04-T00-SUPPORT-ORGS,PZ,checkbox,ONE,1,SA-P04-T00-SUPPORT-ORGS,PZ,checkbox,ONE,1,SA_04_ALL_ORG_CONTR_35PCT_CE_X,0,SA_04_ALL_ORG_CONTR_35PCT_CE_X,0,kept,FALSE,FALSE,FALSE,FALSE
SA_04_ALL_ORG_CONTR_FAM_X,SA-P04-T00-SUPPORT-ORGS,PZ,checkbox,ONE,1,SA-P04-T00-SUPPORT-ORGS,PZ,checkbox,ONE,1,SA_04_ALL_ORG_CONTR_FAM_X,0,SA_04_ALL_ORG_CONTR_FAM_X,0,kept,FALSE,FALSE,FALSE,FALSE
SA_04_ALL_ORG_CONTR_PERS_X,SA-P04-T00-SUPPORT-ORGS,PZ,checkbox,ONE,1,SA-P04-T00-SUPPORT-ORGS,PZ,checkbox,ONE,1,SA_04_ALL_ORG_CONTR_PERS_X,0,SA_04_ALL_ORG_CONTR_PERS_X,0,kept,FALSE,FALSE,FALSE,FALSE
SA_04_ALL_ORG_CTRL_BY_PERS_DSQ_X,SA-P04-T00-SUPPORT-ORGS,PZ,checkbox,ONE,1,SA-P04-T00-SUPPORT-ORGS,PZ,checkbox,ONE,1,SA_04_ALL_ORG_CTRL_BY_PERS_DSQ_X,0,SA_04_ALL_ORG_CTRL_BY_PERS_DSQ_X,0,kept,FALSE,FALSE,FALSE,FALSE
SA_04_ALL_ORG_CTRL_GRANT_FRGN_X,SA-P04-T00-SUPPORT-ORGS,PZ,checkbox,ONE,1,SA-P04-T00-SUPPORT-ORGS,PZ,checkbox,ONE,1,SA_04_ALL_ORG_CTRL_GRANT_FRGN_X,0,SA_04_ALL_ORG_CTRL_GRANT_FRGN_X,0,kept,FALSE,FALSE,FALSE,FALSE
SA_04_ALL_ORG_EXCESS_BIZ_HOLD_X,SA-P04-T00-SUPPORT-ORGS,PZ,checkbox,ONE,1,SA-P04-T00-SUPPORT-ORGS,PZ,checkbox,ONE,1,SA_04_ALL_ORG_EXCESS_BIZ_HOLD_X,0,SA_04_ALL_ORG_EXCESS_BIZ_HOLD_X,0,kept,FALSE,FALSE,FALSE,FALSE
SA_04_ALL_ORG_EXCESS_BIZ_RULES_X,SA-P04-T00-SUPPORT-ORGS,PZ,checkbox,ONE,1,SA-P04-T00-SUPPORT-ORGS,PZ,checkbox,ONE,1,SA_04_ALL_ORG_EXCESS_BIZ_RULES_X,0,SA_04_ALL_ORG_EXCESS_BIZ_RULES_X,0,kept,FALSE,FALSE,FALSE,FALSE
SA_04_ALL_ORG_FRGN_X,SA-P04-T00-SUPPORT-ORGS,PZ,checkbox,ONE,1,SA-P04-T00-SUPPORT-ORGS,PZ,checkbox,ONE,1,SA_04_ALL_ORG_FRGN_X,0,SA_04_ALL_ORG_FRGN_X,0,kept,FALSE,FALSE,FALSE,FALSE
SA_04_ALL_ORG_LOAN_PERS_DSQ_X,SA-P04-T00-SUPPORT-ORGS,PZ,checkbox,ONE,1,SA-P04-T00-SUPPORT-ORGS,PZ,checkbox,ONE,1,SA_04_ALL_ORG_LOAN_PERS_DSQ_X,0,SA_04_ALL_ORG_LOAN_PERS_DSQ_X,0,kept,FALSE,FALSE,FALSE,FALSE
SA_04_ALL_ORG_NAME_DOC_LISTED_X,SA-P04-T00-SUPPORT-ORGS,PZ,checkbox,ONE,1,SA-P04-T00-SUPPORT-ORGS,PZ,checkbox,ONE,1,SA_04_ALL_ORG_NAME_DOC_LISTED_X,0,SA_04_ALL_ORG_NAME_DOC_LISTED_X,0,kept,FALSE,FALSE,FALSE,FALSE
SA_04_ALL_ORG_NONDETERMIN_IRS_X,SA-P04-T00-SUPPORT-ORGS,PZ,checkbox,ONE,1,SA-P04-T00-SUPPORT-ORGS,PZ,checkbox,ONE,1,SA_04_ALL_ORG_NONDETERMIN_IRS_X,0,SA_04_ALL_ORG_NONDETERMIN_IRS_X,0,kept,FALSE,FALSE,FALSE,FALSE
SA_04_ALL_ORG_PAY_CONTRIBUTOR_X,SA-P04-T00-SUPPORT-ORGS,PZ,checkbox,ONE,1,SA-P04-T00-SUPPORT-ORGS,PZ,checkbox,ONE,1,SA_04_ALL_ORG_PAY_CONTRIBUTOR_X,0,SA_04_ALL_ORG_PAY_CONTRIBUTOR_X,0,kept,FALSE,FALSE,FALSE,FALSE
SA_04_ALL_ORG_PERS_DSQ_CTRL_X,SA-P04-T00-SUPPORT-ORGS,PZ,checkbox,ONE,1,SA-P04-T00-SUPPORT-ORGS,PZ,checkbox,ONE,1,SA_04_ALL_ORG_PERS_DSQ_CTRL_X,0,SA_04_ALL_ORG_PERS_DSQ_CTRL_X,0,kept,FALSE,FALSE,FALSE,FALSE
SA_04_ALL_ORG_PERS_DSQ_OWN_X,SA-P04-T00-SUPPORT-ORGS,PZ,checkbox,ONE,1,SA-P04-T00-SUPPORT-ORGS,PZ,checkbox,ONE,1,SA_04_ALL_ORG_PERS_DSQ_OWN_X,0,SA_04_ALL_ORG_PERS_DSQ_OWN_X,0,kept,FALSE,FALSE,FALSE,FALSE
SA_04_ALL_ORG_QUAL_X,SA-P04-T00-SUPPORT-ORGS,PZ,checkbox,ONE,1,SA-P04-T00-SUPPORT-ORGS,PZ,checkbox,ONE,1,SA_04_ALL_ORG_QUAL_X,0,SA_04_ALL_ORG_QUAL_X,0,kept,FALSE,FALSE,FALSE,FALSE
SA_04_ALL_ORG_SUBSTITUT_ONLY_X,SA-P04-T00-SUPPORT-ORGS,PZ,checkbox,ONE,1,SA-P04-T00-SUPPORT-ORGS,PZ,checkbox,ONE,1,SA_04_ALL_ORG_SUBSTITUT_ONLY_X,0,SA_04_ALL_ORG_SUBSTITUT_ONLY_X,0,kept,FALSE,FALSE,FALSE,FALSE
SA_04_ALL_ORG_SUPPORT_FRGN_X,SA-P04-T00-SUPPORT-ORGS,PZ,checkbox,ONE,1,SA-P04-T00-SUPPORT-ORGS,PZ,checkbox,ONE,1,SA_04_ALL_ORG_SUPPORT_FRGN_X,0,SA_04_ALL_ORG_SUPPORT_FRGN_X,0,kept,FALSE,FALSE,FALSE,FALSE
SA_04_ALL_ORG_SUPPORT_OTH_X,SA-P04-T00-SUPPORT-ORGS,PZ,checkbox,ONE,1,SA-P04-T00-SUPPORT-ORGS,PZ,checkbox,ONE,1,SA_04_ALL_ORG_SUPPORT_OTH_X,0,SA_04_ALL_ORG_SUPPORT_OTH_X,0,kept,FALSE,FALSE,FALSE,FALSE
SA_04_ALL_ORG_T12_ONLY_X,SA-P04-T00-SUPPORT-ORGS,PZ,checkbox,ONE,1,SA-P04-T00-SUPPORT-ORGS,PZ,checkbox,ONE,1,SA_04_ALL_ORG_T12_ONLY_X,0,SA_04_ALL_ORG_T12_ONLY_X,0,kept,FALSE,FALSE,FALSE,FALSE
SA_04_T1_ORG_BEN_OTH_X,SA-P04-T00-SUPPORT-ORGS,PZ,checkbox,ONE,1,SA-P04-T00-SUPPORT-ORGS,PZ,checkbox,ONE,1,SA_04_T1_ORG_BEN_OTH_X,0,SA_04_T1_ORG_BEN_OTH_X,0,kept,FALSE,FALSE,FALSE,FALSE
SA_04_T1_ORG_DIR_TRUST_APPONT_X,SA-P04-T00-SUPPORT-ORGS,PZ,checkbox,ONE,1,SA-P04-T00-SUPPORT-ORGS,PZ,checkbox,ONE,1,SA_04_T1_ORG_DIR_TRUST_APPONT_X,0,SA_04_T1_ORG_DIR_TRUST_APPONT_X,0,kept,FALSE,FALSE,FALSE,FALSE
SA_04_T2_ORG_MAJORITY_DIRTRUST_X,SA-P04-T00-SUPPORT-ORGS,PZ,checkbox,ONE,1,SA-P04-T00-SUPPORT-ORGS,PZ,checkbox,ONE,1,SA_04_T2_ORG_MAJORITY_DIRTRUST_X,0,SA_04_T2_ORG_MAJORITY_DIRTRUST_X,0,kept,FALSE,FALSE,FALSE,FALSE
SA_04_T3FUNC_ORG_ACT_ENGAGED_X,SA-P04-T00-SUPPORT-ORGS,PZ,checkbox,ONE,1,SA-P04-T00-SUPPORT-ORGS,PZ,checkbox,ONE,1,SA_04_T3FUNC_ORG_ACT_ENGAGED_X,0,SA_04_T3FUNC_ORG_ACT_ENGAGED_X,0,kept,FALSE,FALSE,FALSE,FALSE
SA_04_T3FUNC_ORG_ACT_EXEMPT_X,SA-P04-T00-SUPPORT-ORGS,PZ,checkbox,ONE,1,SA-P04-T00-SUPPORT-ORGS,PZ,checkbox,ONE,1,SA_04_T3FUNC_ORG_ACT_EXEMPT_X,0,SA_04_T3FUNC_ORG_ACT_EXEMPT_X,0,kept,FALSE,FALSE,FALSE,FALSE
SA_04_T3FUNC_ORG_ACT_TEST_X,SA-P04-T00-SUPPORT-ORGS,PZ,checkbox,ONE,1,SA-P04-T00-SUPPORT-ORGS,PZ,checkbox,ONE,1,SA_04_T3FUNC_ORG_ACT_TEST_X,0,SA_04_T3FUNC_ORG_ACT_TEST_X,0,kept,FALSE,FALSE,FALSE,FALSE
SA_04_T3FUNC_ORG_APOINT_OFF_X,SA-P04-T00-SUPPORT-ORGS,PZ,checkbox,ONE,1,SA-P04-T00-SUPPORT-ORGS,PZ,checkbox,ONE,1,SA_04_T3FUNC_ORG_APOINT_OFF_X,0,SA_04_T3FUNC_ORG_APOINT_OFF_X,0,kept,FALSE,FALSE,FALSE,FALSE
SA_04_T3FUNC_ORG_DIRECT_POLICY_X,SA-P04-T00-SUPPORT-ORGS,PZ,checkbox,ONE,1,SA-P04-T00-SUPPORT-ORGS,PZ,checkbox,ONE,1,SA_04_T3FUNC_ORG_DIRECT_POLICY_X,0,SA_04_T3FUNC_ORG_DIRECT_POLICY_X,0,kept,FALSE,FALSE,FALSE,FALSE
SA_04_T3FUNC_ORG_PARENT_X,SA-P04-T00-SUPPORT-ORGS,PZ,checkbox,ONE,1,SA-P04-T00-SUPPORT-ORGS,PZ,checkbox,ONE,1,SA_04_T3FUNC_ORG_PARENT_X,0,SA_04_T3FUNC_ORG_PARENT_X,0,kept,FALSE,FALSE,FALSE,FALSE
SA_04_T3FUNC_ORG_SUPPORT_GOVT_X,SA-P04-T00-SUPPORT-ORGS,PZ,checkbox,ONE,1,SA-P04-T00-SUPPORT-ORGS,PZ,checkbox,ONE,1,SA_04_T3FUNC_ORG_SUPPORT_GOVT_X,0,SA_04_T3FUNC_ORG_SUPPORT_GOVT_X,0,kept,FALSE,FALSE,FALSE,FALSE
SA_04_T3_ORG_DOC_PROV_TIMELY_X,SA-P04-T00-SUPPORT-ORGS,PZ,checkbox,ONE,1,SA-P04-T00-SUPPORT-ORGS,PZ,checkbox,ONE,1,SA_04_T3_ORG_DOC_PROV_TIMELY_X,0,SA_04_T3_ORG_DOC_PROV_TIMELY_X,0,kept,FALSE,FALSE,FALSE,FALSE
SA_04_T3_ORG_OFFS_RELATIONSHIP_X,SA-P04-T00-SUPPORT-ORGS,PZ,checkbox,ONE,1,SA-P04-T00-SUPPORT-ORGS,PZ,checkbox,ONE,1,SA_04_T3_ORG_OFFS_RELATIONSHIP_X,0,SA_04_T3_ORG_OFFS_RELATIONSHIP_X,0,kept,FALSE,FALSE,FALSE,FALSE
SA_04_T3_ORG_VOICE_INVEST_X,SA-P04-T00-SUPPORT-ORGS,PZ,checkbox,ONE,1,SA-P04-T00-SUPPORT-ORGS,PZ,checkbox,ONE,1,SA_04_T3_ORG_VOICE_INVEST_X,0,SA_04_T3_ORG_VOICE_INVEST_X,0,kept,FALSE,FALSE,FALSE,FALSE
SA_05_ASSET_MINIM_CASH_EXEMPT_CY,SA-P05-T00-SUPPORT-ORGS,PZ,numeric,ONE,1,SA-P05-T00-SUPPORT-ORGS,PZ,numeric,ONE,1,SA_05_ASSET_MINIM_CASH_EXEMPT_CY,0,SA_05_ASSET_MINIM_CASH_EXEMPT_CY,0,kept,FALSE,FALSE,FALSE,FALSE
SA_05_ASSET_MINIM_CASH_EXEMPT_PY,SA-P05-T00-SUPPORT-ORGS,PZ,numeric,ONE,1,SA-P05-T00-SUPPORT-ORGS,PZ,numeric,ONE,1,SA_05_ASSET_MINIM_CASH_EXEMPT_PY,0,SA_05_ASSET_MINIM_CASH_EXEMPT_PY,0,kept,FALSE,FALSE,FALSE,FALSE
SA_05_ASSET_MINIM_FMV_CASH_CY,SA-P05-T00-SUPPORT-ORGS,PZ,numeric,ONE,1,SA-P05-T00-SUPPORT-ORGS,PZ,numeric,ONE,1,SA_05_ASSET_MINIM_FMV_CASH_CY,0,SA_05_ASSET_MINIM_FMV_CASH_CY,0,kept,FALSE,FALSE,FALSE,FALSE
SA_05_ASSET_MINIM_FMV_CASH_PY,SA-P05-T00-SUPPORT-ORGS,PZ,numeric,ONE,1,SA-P05-T00-SUPPORT-ORGS,PZ,numeric,ONE,1,SA_05_ASSET_MINIM_FMV_CASH_PY,0,SA_05_ASSET_MINIM_FMV_CASH_PY,0,kept,FALSE,FALSE,FALSE,FALSE
SA_05_ASSET_MINIM_FMV_DISCOUNT,SA-P05-T00-SUPPORT-ORGS,PZ,numeric,ONE,1,SA-P05-T00-SUPPORT-ORGS,PZ,numeric,ONE,1,SA_05_ASSET_MINIM_FMV_DISCOUNT,0,SA_05_ASSET_MINIM_FMV_DISCOUNT,0,kept,FALSE,FALSE,FALSE,FALSE
SA_05_ASSET_MINIM_FMV_OTH_CY,SA-P05-T00-SUPPORT-ORGS,PZ,numeric,ONE,1,SA-P05-T00-SUPPORT-ORGS,PZ,numeric,ONE,1,SA_05_ASSET_MINIM_FMV_OTH_CY,0,SA_05_ASSET_MINIM_FMV_OTH_CY,0,kept,FALSE,FALSE,FALSE,FALSE
SA_05_ASSET_MINIM_FMV_OTH_PY,SA-P05-T00-SUPPORT-ORGS,PZ,numeric,ONE,1,SA-P05-T00-SUPPORT-ORGS,PZ,numeric,ONE,1,SA_05_ASSET_MINIM_FMV_OTH_PY,0,SA_05_ASSET_MINIM_FMV_OTH_PY,0,kept,FALSE,FALSE,FALSE,FALSE
SA_05_ASSET_MINIM_FMV_SEC_CY,SA-P05-T00-SUPPORT-ORGS,PZ,numeric,ONE,1,SA-P05-T00-SUPPORT-ORGS,PZ,numeric,ONE,1,SA_05_ASSET_MINIM_FMV_SEC_CY,0,SA_05_ASSET_MINIM_FMV_SEC_CY,0,kept,FALSE,FALSE,FALSE,FALSE
SA_05_ASSET_MINIM_FMV_SEC_PY,SA-P05-T00-SUPPORT-ORGS,PZ,numeric,ONE,1,SA-P05-T00-SUPPORT-ORGS,PZ,numeric,ONE,1,SA_05_ASSET_MINIM_FMV_SEC_PY,0,SA_05_ASSET_MINIM_FMV_SEC_PY,0,kept,FALSE,FALSE,FALSE,FALSE
SA_05_ASSET_MINIM_FMV_TOT_CY,SA-P05-T00-SUPPORT-ORGS,PZ,numeric,ONE,1,SA-P05-T00-SUPPORT-ORGS,PZ,numeric,ONE,1,SA_05_ASSET_MINIM_FMV_TOT_CY,0,SA_05_ASSET_MINIM_FMV_TOT_CY,0,kept,FALSE,FALSE,FALSE,FALSE
SA_05_ASSET_MINIM_FMV_TOT_PY,SA-P05-T00-SUPPORT-ORGS,PZ,numeric,ONE,1,SA-P05-T00-SUPPORT-ORGS,PZ,numeric,ONE,1,SA_05_ASSET_MINIM_FMV_TOT_PY,0,SA_05_ASSET_MINIM_FMV_TOT_PY,0,kept,FALSE,FALSE,FALSE,FALSE
SA_05_ASSET_MINIM_INDEPTED_CY,SA-P05-T00-SUPPORT-ORGS,PZ,numeric,ONE,2,SA-P05-T00-SUPPORT-ORGS,PZ,numeric,ONE,1,SA_05_ASSET_MINIM_INDEPTED_CY;SA_05_ASSET_MINIM_INDEPTED_PY,0,SA_05_ASSET_MINIM_INDEPTED_CY,0,kept,FALSE,FALSE,FALSE,TRUE
SA_05_ASSET_MINIM_INDEPTED_PY,,,,,,SA-P05-T00-SUPPORT-ORGS,PZ,numeric,ONE,1,,,SA_05_ASSET_MINIM_INDEPTED_CY,0,new_in_v2,,,,
SA_05_ASSET_MINIM_L2_L1D_CY,SA-P05-T00-SUPPORT-ORGS,PZ,numeric,ONE,1,SA-P05-T00-SUPPORT-ORGS,PZ,numeric,ONE,1,SA_05_ASSET_MINIM_L2_L1D_CY,0,SA_05_ASSET_MINIM_L2_L1D_CY,0,kept,FALSE,FALSE,FALSE,FALSE
SA_05_ASSET_MINIM_L2_L1D_PY,SA-P05-T00-SUPPORT-ORGS,PZ,numeric,ONE,1,SA-P05-T00-SUPPORT-ORGS,PZ,numeric,ONE,1,SA_05_ASSET_MINIM_L2_L1D_PY,0,SA_05_ASSET_MINIM_L2_L1D_PY,0,kept,FALSE,FALSE,FALSE,FALSE
SA_05_ASSET_MINIM_MULTIPLY_L5_CY,SA-P05-T00-SUPPORT-ORGS,PZ,numeric,ONE,1,SA-P05-T00-SUPPORT-ORGS,PZ,numeric,ONE,1,SA_05_ASSET_MINIM_MULTIPLY_L5_CY,0,SA_05_ASSET_MINIM_MULTIPLY_L5_CY,0,kept,FALSE,FALSE,FALSE,FALSE
SA_05_ASSET_MINIM_MULTIPLY_L5_PY,SA-P05-T00-SUPPORT-ORGS,PZ,numeric,ONE,1,SA-P05-T00-SUPPORT-ORGS,PZ,numeric,ONE,1,SA_05_ASSET_MINIM_MULTIPLY_L5_PY,0,SA_05_ASSET_MINIM_MULTIPLY_L5_PY,0,kept,FALSE,FALSE,FALSE,FALSE
SA_05_ASSET_MINIM_NON_EXEMPT_CY,SA-P05-T00-SUPPORT-ORGS,PZ,numeric,ONE,1,SA-P05-T00-SUPPORT-ORGS,PZ,numeric,ONE,1,SA_05_ASSET_MINIM_NON_EXEMPT_CY,0,SA_05_ASSET_MINIM_NON_EXEMPT_CY,0,kept,FALSE,FALSE,FALSE,FALSE
SA_05_ASSET_MINIM_NON_EXEMPT_PY,SA-P05-T00-SUPPORT-ORGS,PZ,numeric,ONE,1,SA-P05-T00-SUPPORT-ORGS,PZ,numeric,ONE,1,SA_05_ASSET_MINIM_NON_EXEMPT_PY,0,SA_05_ASSET_MINIM_NON_EXEMPT_PY,0,kept,FALSE,FALSE,FALSE,FALSE
SA_05_ASSET_MINIM_RECOVERIES_CY,SA-P05-T00-SUPPORT-ORGS,PZ,numeric,ONE,1,SA-P05-T00-SUPPORT-ORGS,PZ,numeric,ONE,1,SA_05_ASSET_MINIM_RECOVERIES_CY,0,SA_05_ASSET_MINIM_RECOVERIES_CY,0,kept,FALSE,FALSE,FALSE,FALSE
SA_05_ASSET_MINIM_RECOVERIES_PY,SA-P05-T00-SUPPORT-ORGS,PZ,numeric,ONE,1,SA-P05-T00-SUPPORT-ORGS,PZ,numeric,ONE,1,SA_05_ASSET_MINIM_RECOVERIES_PY,0,SA_05_ASSET_MINIM_RECOVERIES_PY,0,kept,FALSE,FALSE,FALSE,FALSE
SA_05_ASSET_MINIM_TOT_CY,SA-P05-T00-SUPPORT-ORGS,PZ,numeric,ONE,1,SA-P05-T00-SUPPORT-ORGS,PZ,numeric,ONE,1,SA_05_ASSET_MINIM_TOT_CY,0,SA_05_ASSET_MINIM_TOT_CY,0,kept,FALSE,FALSE,FALSE,FALSE
SA_05_ASSET_MINIM_TOT_PY,SA-P05-T00-SUPPORT-ORGS,PZ,numeric,ONE,1,SA-P05-T00-SUPPORT-ORGS,PZ,numeric,ONE,1,SA_05_ASSET_MINIM_TOT_PY,0,SA_05_ASSET_MINIM_TOT_PY,0,kept,FALSE,FALSE,FALSE,FALSE
SA_05_DIST_ALLOC_ADJ_DA,SA-P05-T00-SUPPORT-ORGS,PZ,numeric,ONE,1,SA-P05-T00-SUPPORT-ORGS,PZ,numeric,ONE,1,SA_05_DIST_ALLOC_ADJ_DA,0,SA_05_DIST_ALLOC_ADJ_DA,0,kept,FALSE,FALSE,FALSE,FALSE
SA_05_DIST_ALLOC_CYOV_NOT_APPLY,,,,,,SA-P05-T00-SUPPORT-ORGS,PZ,numeric,ONE,1,,,"",1,new_in_v2,,,,
SA_05_DIST_ALLOC_DIST_APPLY_DA,SA-P05-T00-SUPPORT-ORGS,PZ,numeric,ONE,1,SA-P05-T00-SUPPORT-ORGS,PZ,numeric,ONE,1,SA_05_DIST_ALLOC_DIST_APPLY_DA,0,SA_05_DIST_ALLOC_DIST_APPLY_DA,0,kept,FALSE,FALSE,FALSE,FALSE
SA_05_DIST_ALLOC_DIST_APPLY_UD,SA-P05-T00-SUPPORT-ORGS,PZ,numeric,ONE,1,SA-P05-T00-SUPPORT-ORGS,PZ,numeric,ONE,1,SA_05_DIST_ALLOC_DIST_APPLY_UD,0,SA_05_DIST_ALLOC_DIST_APPLY_UD,0,kept,FALSE,FALSE,FALSE,FALSE
SA_05_DIST_ALLOC_DIST_REMAIN,SA-P05-T00-SUPPORT-ORGS,PZ,numeric,ONE,1,SA-P05-T00-SUPPORT-ORGS,PZ,numeric,ONE,1,SA_05_DIST_ALLOC_DIST_REMAIN,0,SA_05_DIST_ALLOC_DIST_REMAIN,0,kept,FALSE,FALSE,FALSE,FALSE
SA_05_DIST_ALLOC_DIST_TOT,SA-P05-T00-SUPPORT-ORGS,PZ,numeric,ONE,1,SA-P05-T00-SUPPORT-ORGS,PZ,numeric,ONE,1,SA_05_DIST_ALLOC_DIST_TOT,0,SA_05_DIST_ALLOC_DIST_TOT,0,kept,FALSE,FALSE,FALSE,FALSE
SA_05_DIST_ALLOC_EXCESS_APPLY_DA,SA-P05-T00-SUPPORT-ORGS,PZ,numeric,ONE,1,SA-P05-T00-SUPPORT-ORGS,PZ,numeric,ONE,1,SA_05_DIST_ALLOC_EXCESS_APPLY_DA,0,SA_05_DIST_ALLOC_EXCESS_APPLY_DA,0,kept,FALSE,FALSE,FALSE,FALSE
SA_05_DIST_ALLOC_EXCESS_APPLY_UD,SA-P05-T00-SUPPORT-ORGS,PZ,numeric,ONE,1,SA-P05-T00-SUPPORT-ORGS,PZ,numeric,ONE,1,SA_05_DIST_ALLOC_EXCESS_APPLY_UD,0,SA_05_DIST_ALLOC_EXCESS_APPLY_UD,0,kept,FALSE,FALSE,FALSE,FALSE
SA_05_DIST_ALLOC_EXCESS_CY_M1,SA-P05-T00-SUPPORT-ORGS,PZ,numeric,ONE,1,SA-P05-T00-SUPPORT-ORGS,PZ,numeric,ONE,1,SA_05_DIST_ALLOC_EXCESS_CY_M1,0,SA_05_DIST_ALLOC_EXCESS_CY_M1,0,kept,FALSE,FALSE,FALSE,FALSE
SA_05_DIST_ALLOC_EXCESS_CY_M2,SA-P05-T00-SUPPORT-ORGS,PZ,numeric,ONE,1,SA-P05-T00-SUPPORT-ORGS,PZ,numeric,ONE,1,SA_05_DIST_ALLOC_EXCESS_CY_M2,0,SA_05_DIST_ALLOC_EXCESS_CY_M2,0,kept,FALSE,FALSE,FALSE,FALSE
SA_05_DIST_ALLOC_EXCESS_CY_M3,SA-P05-T00-SUPPORT-ORGS,PZ,numeric,ONE,1,SA-P05-T00-SUPPORT-ORGS,PZ,numeric,ONE,1,SA_05_DIST_ALLOC_EXCESS_CY_M3,0,SA_05_DIST_ALLOC_EXCESS_CY_M3,0,kept,FALSE,FALSE,FALSE,FALSE
SA_05_DIST_ALLOC_EXCESS_CY_M4,SA-P05-T00-SUPPORT-ORGS,PZ,numeric,ONE,1,SA-P05-T00-SUPPORT-ORGS,PZ,numeric,ONE,1,SA_05_DIST_ALLOC_EXCESS_CY_M4,0,SA_05_DIST_ALLOC_EXCESS_CY_M4,0,kept,FALSE,FALSE,FALSE,FALSE
SA_05_DIST_ALLOC_EXCESS_CY_M5,SA-P05-T00-SUPPORT-ORGS,PZ,numeric,ONE,1,SA-P05-T00-SUPPORT-ORGS,PZ,numeric,ONE,1,SA_05_DIST_ALLOC_EXCESS_CY_M5,0,SA_05_DIST_ALLOC_EXCESS_CY_M5,0,kept,FALSE,FALSE,FALSE,FALSE
SA_05_DIST_ALLOC_EXCESS_NY_M1,SA-P05-T00-SUPPORT-ORGS,PZ,numeric,ONE,1,SA-P05-T00-SUPPORT-ORGS,PZ,numeric,ONE,1,SA_05_DIST_ALLOC_EXCESS_NY_M1,0,SA_05_DIST_ALLOC_EXCESS_NY_M1,0,kept,FALSE,FALSE,FALSE,FALSE
SA_05_DIST_ALLOC_EXCESS_NY_M2,SA-P05-T00-SUPPORT-ORGS,PZ,numeric,ONE,1,SA-P05-T00-SUPPORT-ORGS,PZ,numeric,ONE,1,SA_05_DIST_ALLOC_EXCESS_NY_M2,0,SA_05_DIST_ALLOC_EXCESS_NY_M2,0,kept,FALSE,FALSE,FALSE,FALSE
SA_05_DIST_ALLOC_EXCESS_NY_M3,SA-P05-T00-SUPPORT-ORGS,PZ,numeric,ONE,1,SA-P05-T00-SUPPORT-ORGS,PZ,numeric,ONE,1,SA_05_DIST_ALLOC_EXCESS_NY_M3,0,SA_05_DIST_ALLOC_EXCESS_NY_M3,0,kept,FALSE,FALSE,FALSE,FALSE
SA_05_DIST_ALLOC_EXCESS_NY_M4,SA-P05-T00-SUPPORT-ORGS,PZ,numeric,ONE,1,SA-P05-T00-SUPPORT-ORGS,PZ,numeric,ONE,1,SA_05_DIST_ALLOC_EXCESS_NY_M4,0,SA_05_DIST_ALLOC_EXCESS_NY_M4,0,kept,FALSE,FALSE,FALSE,FALSE
SA_05_DIST_ALLOC_EXCESS_NY_M5,SA-P05-T00-SUPPORT-ORGS,PZ,numeric,ONE,1,SA-P05-T00-SUPPORT-ORGS,PZ,numeric,ONE,1,SA_05_DIST_ALLOC_EXCESS_NY_M5,0,SA_05_DIST_ALLOC_EXCESS_NY_M5,0,kept,FALSE,FALSE,FALSE,FALSE
SA_05_DIST_ALLOC_EXCESS_NY_TOT,SA-P05-T00-SUPPORT-ORGS,PZ,numeric,ONE,1,SA-P05-T00-SUPPORT-ORGS,PZ,numeric,ONE,1,SA_05_DIST_ALLOC_EXCESS_NY_TOT,0,SA_05_DIST_ALLOC_EXCESS_NY_TOT,0,kept,FALSE,FALSE,FALSE,FALSE
SA_05_DIST_ALLOC_EXCESS_REMAIN,SA-P05-T00-SUPPORT-ORGS,PZ,numeric,ONE,1,SA-P05-T00-SUPPORT-ORGS,PZ,numeric,ONE,1,SA_05_DIST_ALLOC_EXCESS_REMAIN,0,SA_05_DIST_ALLOC_EXCESS_REMAIN,0,kept,FALSE,FALSE,FALSE,FALSE
SA_05_DIST_ALLOC_EXCESS_TOT_ED,SA-P05-T00-SUPPORT-ORGS,PZ,numeric,ONE,1,SA-P05-T00-SUPPORT-ORGS,PZ,numeric,ONE,1,SA_05_DIST_ALLOC_EXCESS_TOT_ED,0,SA_05_DIST_ALLOC_EXCESS_TOT_ED,0,kept,FALSE,FALSE,FALSE,FALSE
SA_05_DIST_ALLOC_REMAINING_DA,SA-P05-T00-SUPPORT-ORGS,PZ,numeric,ONE,1,SA-P05-T00-SUPPORT-ORGS,PZ,numeric,ONE,1,SA_05_DIST_ALLOC_REMAINING_DA,0,SA_05_DIST_ALLOC_REMAINING_DA,0,kept,FALSE,FALSE,FALSE,FALSE
SA_05_DIST_ALLOC_REMAINING_UD,SA-P05-T00-SUPPORT-ORGS,PZ,numeric,ONE,1,SA-P05-T00-SUPPORT-ORGS,PZ,numeric,ONE,1,SA_05_DIST_ALLOC_REMAINING_UD,0,SA_05_DIST_ALLOC_REMAINING_UD,0,kept,FALSE,FALSE,FALSE,FALSE
SA_05_DIST_ALLOC_UNDERDIST_UD,SA-P05-T00-SUPPORT-ORGS,PZ,numeric,ONE,1,SA-P05-T00-SUPPORT-ORGS,PZ,numeric,ONE,1,SA_05_DIST_ALLOC_UNDERDIST_UD,0,SA_05_DIST_ALLOC_UNDERDIST_UD,0,kept,FALSE,FALSE,FALSE,FALSE
SA_05_DIST_AMT_85PCT_L1_CY,SA-P05-T00-SUPPORT-ORGS,PZ,numeric,ONE,2,SA-P05-T00-SUPPORT-ORGS,PZ,numeric,ONE,2,SA_05_DIST_AMT_85PCT_L1_CY,0,SA_05_DIST_AMT_85PCT_L1_CY,0,kept,FALSE,FALSE,FALSE,FALSE
SA_05_DIST_AMT_ADJ_CY,SA-P05-T00-SUPPORT-ORGS,PZ,numeric,ONE,2,SA-P05-T00-SUPPORT-ORGS,PZ,numeric,ONE,2,SA_05_DIST_AMT_ADJ_CY,0,SA_05_DIST_AMT_ADJ_CY,0,kept,FALSE,FALSE,FALSE,FALSE
SA_05_DIST_AMT_ASSET_MINIM_CY,SA-P05-T00-SUPPORT-ORGS,PZ,numeric,ONE,2,SA-P05-T00-SUPPORT-ORGS,PZ,numeric,ONE,2,SA_05_DIST_AMT_ASSET_MINIM_CY,0,SA_05_DIST_AMT_ASSET_MINIM_CY,0,kept,FALSE,FALSE,FALSE,FALSE
SA_05_DIST_AMT_FIRST_Y_T3_X,SA-P05-T00-SUPPORT-ORGS,PZ,checkbox,ONE,2,SA-P05-T00-SUPPORT-ORGS,PZ,checkbox,ONE,2,SA_05_DIST_AMT_FIRST_Y_T3_X,0,SA_05_DIST_AMT_FIRST_Y_T3_X,0,kept,FALSE,FALSE,FALSE,FALSE
SA_05_DIST_AMT_GREATER_L23_CY,SA-P05-T00-SUPPORT-ORGS,PZ,numeric,ONE,2,SA-P05-T00-SUPPORT-ORGS,PZ,numeric,ONE,2,SA_05_DIST_AMT_GREATER_L23_CY,0,SA_05_DIST_AMT_GREATER_L23_CY,0,kept,FALSE,FALSE,FALSE,FALSE
SA_05_DIST_AMT_IMCOME_TAX_CY,SA-P05-T00-SUPPORT-ORGS,PZ,numeric,ONE,2,SA-P05-T00-SUPPORT-ORGS,PZ,numeric,ONE,2,SA_05_DIST_AMT_IMCOME_TAX_CY,0,SA_05_DIST_AMT_IMCOME_TAX_CY,0,kept,FALSE,FALSE,FALSE,FALSE
SA_05_DIST_AMT_NETINCOME_ADJ_CY,SA-P05-T00-SUPPORT-ORGS,PZ,numeric,ONE,2,SA-P05-T00-SUPPORT-ORGS,PZ,numeric,ONE,2,SA_05_DIST_AMT_NETINCOME_ADJ_CY,0,SA_05_DIST_AMT_NETINCOME_ADJ_CY,0,kept,FALSE,FALSE,FALSE,FALSE
SA_05_DIST_PAID_ADJ_CY,SA-P05-T00-SUPPORT-ORGS,PZ,numeric,ONE,1,SA-P05-T00-SUPPORT-ORGS,PZ,numeric,ONE,1,SA_05_DIST_PAID_ADJ_CY,0,SA_05_DIST_PAID_ADJ_CY,0,kept,FALSE,FALSE,FALSE,FALSE
SA_05_DIST_PAID_ATTENTIVE_CY,SA-P05-T00-SUPPORT-ORGS,PZ,numeric,ONE,1,SA-P05-T00-SUPPORT-ORGS,PZ,numeric,ONE,1,SA_05_DIST_PAID_ATTENTIVE_CY,0,SA_05_DIST_PAID_ATTENTIVE_CY,0,kept,FALSE,FALSE,FALSE,FALSE
SA_05_DIST_PAID_DIVIDE_L89_CY,SA-P05-T00-SUPPORT-ORGS,PZ,numeric,ONE,1,SA-P05-T00-SUPPORT-ORGS,PZ,numeric,ONE,1,SA_05_DIST_PAID_DIVIDE_L89_CY,0,SA_05_DIST_PAID_DIVIDE_L89_CY,0,kept,FALSE,FALSE,FALSE,FALSE
SA_05_DIST_PAID_EXCESS_INCOME_CY,SA-P05-T00-SUPPORT-ORGS,PZ,numeric,ONE,1,SA-P05-T00-SUPPORT-ORGS,PZ,numeric,ONE,1,SA_05_DIST_PAID_EXCESS_INCOME_CY,0,SA_05_DIST_PAID_EXCESS_INCOME_CY,0,kept,FALSE,FALSE,FALSE,FALSE
SA_05_DIST_PAID_EXEMPT_ASSET_CY,SA-P05-T00-SUPPORT-ORGS,PZ,numeric,ONE,1,SA-P05-T00-SUPPORT-ORGS,PZ,numeric,ONE,1,SA_05_DIST_PAID_EXEMPT_ASSET_CY,0,SA_05_DIST_PAID_EXEMPT_ASSET_CY,0,kept,FALSE,FALSE,FALSE,FALSE
SA_05_DIST_PAID_EXP_ADMIN_CY,SA-P05-T00-SUPPORT-ORGS,PZ,numeric,ONE,1,SA-P05-T00-SUPPORT-ORGS,PZ,numeric,ONE,1,SA_05_DIST_PAID_EXP_ADMIN_CY,0,SA_05_DIST_PAID_EXP_ADMIN_CY,0,kept,FALSE,FALSE,FALSE,FALSE
SA_05_DIST_PAID_ORG_EXEMPT_CY,SA-P05-T00-SUPPORT-ORGS,PZ,numeric,ONE,1,SA-P05-T00-SUPPORT-ORGS,PZ,numeric,ONE,1,SA_05_DIST_PAID_ORG_EXEMPT_CY,0,SA_05_DIST_PAID_ORG_EXEMPT_CY,0,kept,FALSE,FALSE,FALSE,FALSE
SA_05_DIST_PAID_OTH_CY,SA-P05-T00-SUPPORT-ORGS,PZ,numeric,ONE,1,SA-P05-T00-SUPPORT-ORGS,PZ,numeric,ONE,1,SA_05_DIST_PAID_OTH_CY,0,SA_05_DIST_PAID_OTH_CY,0,kept,FALSE,FALSE,FALSE,FALSE
SA_05_DIST_PAID_SET_ASIDE_CY,SA-P05-T00-SUPPORT-ORGS,PZ,numeric,ONE,1,SA-P05-T00-SUPPORT-ORGS,PZ,numeric,ONE,1,SA_05_DIST_PAID_SET_ASIDE_CY,0,SA_05_DIST_PAID_SET_ASIDE_CY,0,kept,FALSE,FALSE,FALSE,FALSE
SA_05_DIST_PAID_TOT_CY,SA-P05-T00-SUPPORT-ORGS,PZ,numeric,ONE,1,SA-P05-T00-SUPPORT-ORGS,PZ,numeric,ONE,1,SA_05_DIST_PAID_TOT_CY,0,SA_05_DIST_PAID_TOT_CY,0,kept,FALSE,FALSE,FALSE,FALSE
SA_05_NETINCOME_ADJ_ADD_L123_CY,SA-P05-T00-SUPPORT-ORGS,PZ,numeric,ONE,1,SA-P05-T00-SUPPORT-ORGS,PZ,numeric,ONE,1,SA_05_NETINCOME_ADJ_ADD_L123_CY,0,SA_05_NETINCOME_ADJ_ADD_L123_CY,0,kept,FALSE,FALSE,FALSE,FALSE
SA_05_NETINCOME_ADJ_ADD_L123_PY,SA-P05-T00-SUPPORT-ORGS,PZ,numeric,ONE,1,SA-P05-T00-SUPPORT-ORGS,PZ,numeric,ONE,1,SA_05_NETINCOME_ADJ_ADD_L123_PY,0,SA_05_NETINCOME_ADJ_ADD_L123_PY,0,kept,FALSE,FALSE,FALSE,FALSE
SA_05_NETINCOME_ADJ_CAP_GAIN_CY,SA-P05-T00-SUPPORT-ORGS,PZ,numeric,ONE,1,SA-P05-T00-SUPPORT-ORGS,PZ,numeric,ONE,1,SA_05_NETINCOME_ADJ_CAP_GAIN_CY,0,SA_05_NETINCOME_ADJ_CAP_GAIN_CY,0,kept,FALSE,FALSE,FALSE,FALSE
SA_05_NETINCOME_ADJ_CAP_GAIN_PY,SA-P05-T00-SUPPORT-ORGS,PZ,numeric,ONE,1,SA-P05-T00-SUPPORT-ORGS,PZ,numeric,ONE,1,SA_05_NETINCOME_ADJ_CAP_GAIN_PY,0,SA_05_NETINCOME_ADJ_CAP_GAIN_PY,0,kept,FALSE,FALSE,FALSE,FALSE
SA_05_NETINCOME_ADJ_DEPREC_CY,SA-P05-T00-SUPPORT-ORGS,PZ,numeric,ONE,1,SA-P05-T00-SUPPORT-ORGS,PZ,numeric,ONE,1,SA_05_NETINCOME_ADJ_DEPREC_CY,0,SA_05_NETINCOME_ADJ_DEPREC_CY,0,kept,FALSE,FALSE,FALSE,FALSE
SA_05_NETINCOME_ADJ_DEPREC_PY,SA-P05-T00-SUPPORT-ORGS,PZ,numeric,ONE,1,SA-P05-T00-SUPPORT-ORGS,PZ,numeric,ONE,1,SA_05_NETINCOME_ADJ_DEPREC_PY,0,SA_05_NETINCOME_ADJ_DEPREC_PY,0,kept,FALSE,FALSE,FALSE,FALSE
SA_05_NETINCOME_ADJ_EXP_OTH_CY,SA-P05-T00-SUPPORT-ORGS,PZ,numeric,ONE,1,SA-P05-T00-SUPPORT-ORGS,PZ,numeric,ONE,1,SA_05_NETINCOME_ADJ_EXP_OTH_CY,0,SA_05_NETINCOME_ADJ_EXP_OTH_CY,0,kept,FALSE,FALSE,FALSE,FALSE
SA_05_NETINCOME_ADJ_EXP_OTH_PY,SA-P05-T00-SUPPORT-ORGS,PZ,numeric,ONE,1,SA-P05-T00-SUPPORT-ORGS,PZ,numeric,ONE,1,SA_05_NETINCOME_ADJ_EXP_OTH_PY,0,SA_05_NETINCOME_ADJ_EXP_OTH_PY,0,kept,FALSE,FALSE,FALSE,FALSE
SA_05_NETINCOME_ADJ_OTH_GRO_CY,SA-P05-T00-SUPPORT-ORGS,PZ,numeric,ONE,1,SA-P05-T00-SUPPORT-ORGS,PZ,numeric,ONE,1,SA_05_NETINCOME_ADJ_OTH_GRO_CY,0,SA_05_NETINCOME_ADJ_OTH_GRO_CY,0,kept,FALSE,FALSE,FALSE,FALSE
SA_05_NETINCOME_ADJ_OTH_GRO_PY,SA-P05-T00-SUPPORT-ORGS,PZ,numeric,ONE,1,SA-P05-T00-SUPPORT-ORGS,PZ,numeric,ONE,1,SA_05_NETINCOME_ADJ_OTH_GRO_PY,0,SA_05_NETINCOME_ADJ_OTH_GRO_PY,0,kept,FALSE,FALSE,FALSE,FALSE
SA_05_NETINCOME_ADJ_PRODUCT_CY,SA-P05-T00-SUPPORT-ORGS,PZ,numeric,ONE,1,SA-P05-T00-SUPPORT-ORGS,PZ,numeric,ONE,1,SA_05_NETINCOME_ADJ_PRODUCT_CY,0,SA_05_NETINCOME_ADJ_PRODUCT_CY,0,kept,FALSE,FALSE,FALSE,FALSE
SA_05_NETINCOME_ADJ_PRODUCT_PY,SA-P05-T00-SUPPORT-ORGS,PZ,numeric,ONE,1,SA-P05-T00-SUPPORT-ORGS,PZ,numeric,ONE,1,SA_05_NETINCOME_ADJ_PRODUCT_PY,0,SA_05_NETINCOME_ADJ_PRODUCT_PY,0,kept,FALSE,FALSE,FALSE,FALSE
SA_05_NETINCOME_ADJ_RECOVERY_CY,SA-P05-T00-SUPPORT-ORGS,PZ,numeric,ONE,1,SA-P05-T00-SUPPORT-ORGS,PZ,numeric,ONE,1,SA_05_NETINCOME_ADJ_RECOVERY_CY,0,SA_05_NETINCOME_ADJ_RECOVERY_CY,0,kept,FALSE,FALSE,FALSE,FALSE
SA_05_NETINCOME_ADJ_RECOVERY_PY,SA-P05-T00-SUPPORT-ORGS,PZ,numeric,ONE,1,SA-P05-T00-SUPPORT-ORGS,PZ,numeric,ONE,1,SA_05_NETINCOME_ADJ_RECOVERY_PY,0,SA_05_NETINCOME_ADJ_RECOVERY_PY,0,kept,FALSE,FALSE,FALSE,FALSE
SA_05_NETINCOME_ADJ_TOT_CY,SA-P05-T00-SUPPORT-ORGS,PZ,numeric,ONE,1,SA-P05-T00-SUPPORT-ORGS,PZ,numeric,ONE,1,SA_05_NETINCOME_ADJ_TOT_CY,0,SA_05_NETINCOME_ADJ_TOT_CY,0,kept,FALSE,FALSE,FALSE,FALSE
SA_05_NETINCOME_ADJ_TOT_PY,SA-P05-T00-SUPPORT-ORGS,PZ,numeric,ONE,1,SA-P05-T00-SUPPORT-ORGS,PZ,numeric,ONE,1,SA_05_NETINCOME_ADJ_TOT_PY,0,SA_05_NETINCOME_ADJ_TOT_PY,0,kept,FALSE,FALSE,FALSE,FALSE
SA_05_TRUST_INTEGRAL_PART_TEST_X,SA-P05-T00-SUPPORT-ORGS,PZ,checkbox,ONE,1,SA-P05-T00-SUPPORT-ORGS,PZ,checkbox,ONE,1,SA_05_TRUST_INTEGRAL_PART_TEST_X,0,SA_05_TRUST_INTEGRAL_PART_TEST_X,0,kept,FALSE,FALSE,FALSE,FALSE
SA_06_EXPLANATION_TEXT,SA-P06-T99-SUPPLEMENTAL-INFO,PZ,text,ONE,4,SA-P06-T99-SUPPLEMENTAL-INFO,PZ,text,MANY,4,SA_06_EXPLANATION_TEXT,0,SA_06_EXPLANATION_TEXT,0,kept,FALSE,FALSE,TRUE,FALSE
SA_06_FORM_LINE_REFERENCE,SA-P06-T99-SUPPLEMENTAL-INFO,PZ,text,ONE,2,SA-P06-T99-SUPPLEMENTAL-INFO,PZ,text,MANY,2,SA_06_FORM_LINE_REFERENCE,0,SA_06_FORM_LINE_REFERENCE,0,kept,FALSE,FALSE,TRUE,FALSE
SB_00_GENERAL_RULE_X,,,,,,SB-P00-T00-HEADER,PZ,checkbox,ONE,2,,,"",2,new_in_v2,,,,
SB_00_ORG_TYPE_4947A1_PF_X,,,,,,SB-P00-T00-HEADER,PZ,checkbox,ONE,2,,,"",2,new_in_v2,,,,
SB_00_ORG_TYPE_501C3_EXEMPT_PF_X,,,,,,SB-P00-T00-HEADER,PZ,checkbox,ONE,2,,,"",2,new_in_v2,,,,
SB_00_ORG_TYPE_501C3_TAX_PF_X,,,,,,SB-P00-T00-HEADER,PZ,checkbox,ONE,2,,,"",2,new_in_v2,,,,
SB_00_ORG_TYPE_501C_X,,,,,,SB-P00-T00-HEADER,PZ,checkbox,ONE,2,,,"",2,new_in_v2,,,,
SB_00_SPECIAL_RULE_33PCT_X,,,,,,SB-P00-T00-HEADER,PZ,checkbox,ONE,2,,,"",2,new_in_v2,,,,
SB_01_CONTRIBUTOR_ADDR_CITY,SB-P01-T01-CONTRIBUTORS,PZ,"",MANY,2,SB-P01-T01-CONTRIBUTORS,PZ,text,MANY,6,SB_01_CONTRIBUTOR_ADDR_CITY,0,SB_01_CONTRIBUTOR_ADDR_CITY,4,kept,FALSE,TRUE,FALSE,TRUE
SB_01_CONTRIBUTOR_ADDR_CNTR,,,,,,SB-P01-T01-CONTRIBUTORS,PZ,text,MANY,3,,,"",3,new_in_v2,,,,
SB_01_CONTRIBUTOR_ADDR_L1,SB-P01-T01-CONTRIBUTORS,PZ,"",MANY,2,SB-P01-T01-CONTRIBUTORS,PZ,text,MANY,6,SB_01_CONTRIBUTOR_ADDR_L1,0,SB_01_CONTRIBUTOR_ADDR_L1,4,kept,FALSE,TRUE,FALSE,TRUE
SB_01_CONTRIBUTOR_ADDR_L2,SB-P01-T01-CONTRIBUTORS,PZ,"",MANY,2,SB-P01-T01-CONTRIBUTORS,PZ,text,MANY,6,SB_01_CONTRIBUTOR_ADDR_L2,0,SB_01_CONTRIBUTOR_ADDR_L2,4,kept,FALSE,TRUE,FALSE,TRUE
SB_01_CONTRIBUTOR_ADDR_STATE,SB-P01-T01-CONTRIBUTORS,PZ,"",MANY,2,SB-P01-T01-CONTRIBUTORS,PZ,text,MANY,6,SB_01_CONTRIBUTOR_ADDR_STATE,0,SB_01_CONTRIBUTOR_ADDR_STATE,4,kept,FALSE,TRUE,FALSE,TRUE
SB_01_CONTRIBUTOR_ADDR_ZIP,SB-P01-T01-CONTRIBUTORS,PZ,"",MANY,2,SB-P01-T01-CONTRIBUTORS,PZ,text,MANY,6,SB_01_CONTRIBUTOR_ADDR_ZIP,0,SB_01_CONTRIBUTOR_ADDR_ZIP,4,kept,FALSE,TRUE,FALSE,TRUE
SB_01_CONTRIBUTOR_AMOUNT,SB-P01-T01-CONTRIBUTORS,PZ,"",MANY,2,SB-P01-T01-CONTRIBUTORS,PZ,numeric,MANY,2,SB_01_CONTRIBUTOR_AMOUNT,0,SB_01_CONTRIBUTOR_AMOUNT,0,kept,FALSE,TRUE,FALSE,FALSE
SB_01_CONTRIBUTOR_NAME_L1,SB-P01-T01-CONTRIBUTORS,PZ,"",MANY,2,SB-P01-T01-CONTRIBUTORS,PZ,text,MANY,3,SB_01_CONTRIBUTOR_NAME_L1,0,SB_01_CONTRIBUTOR_NAME_L1,1,kept,FALSE,TRUE,FALSE,TRUE
SB_01_CONTRIBUTOR_NAME_L2,,,,,,SB-P01-T01-CONTRIBUTORS,PZ,text,MANY,3,,,"",3,new_in_v2,,,,
SB_01_CONTRIBUTOR_NAME_PERS,,,,,,SB-P01-T01-CONTRIBUTORS,PZ,text,MANY,2,,,"",2,new_in_v2,,,,
SB_01_CONTRIBUTOR_NUM,,,,,,SB-P01-T01-CONTRIBUTORS,PZ,numeric,MANY,2,,,SB_01_CONTRIBUTOR_TYPE,0,new_in_v2,,,,
SB_01_CONTRIBUTOR_PAID_527J1_X,,,,,,SB-P01-T01-CONTRIBUTORS,PZ,checkbox,MANY,1,,,"",1,new_in_v2,,,,
SB_01_CONTRIBUTOR_TYPE,SB-P01-T01-CONTRIBUTORS,PZ,"",MANY,2,,,,,,SB_01_CONTRIBUTOR_NUM,0,,,removed_or_renamed,,,,
SB_01_CONTRIBUTOR_TYPE_NONCASH_X,,,,,,SB-P01-T01-CONTRIBUTORS,PZ,checkbox,MANY,2,,,"",2,new_in_v2,,,,
SB_01_CONTRIBUTOR_TYPE_PAYROLL_X,,,,,,SB-P01-T01-CONTRIBUTORS,PZ,checkbox,MANY,2,,,"",2,new_in_v2,,,,
SB_01_CONTRIBUTOR_TYPE_PERSON_X,,,,,,SB-P01-T01-CONTRIBUTORS,PZ,checkbox,MANY,2,,,"",2,new_in_v2,,,,
SB_02_NONCASH_CONTRIBUTOR_NUM,,,,,,SB-P02-T01-NONCASH-PROPERTY,PZ,numeric,MANY,2,,,"",2,new_in_v2,,,,
SB_02_NONCASH_DATE_RECEIVED,,,,,,SB-P02-T01-NONCASH-PROPERTY,PZ,date,MANY,2,,,"",2,new_in_v2,,,,
SB_02_NONCASH_PROP_DESC,,,,,,SB-P02-T01-NONCASH-PROPERTY,PZ,text,MANY,2,,,"",2,new_in_v2,,,,
SB_02_NONCASH_PROP_FMV,,,,,,SB-P02-T01-NONCASH-PROPERTY,PZ,numeric,MANY,2,,,"",2,new_in_v2,,,,
SB_03_CONTRIBUTOR_NUM,,,,,,SB-P03-T01-EXCLUSIVELY-RELIGIOUS,PZ,numeric,MANY,2,,,"",2,new_in_v2,,,,
SB_03_CONTR_UNDER_1000_TOT,,,,,,SB-P03-T00-EXCLUSIVELY-RELIGIOUS,PZ,numeric,ONE,2,,,"",2,new_in_v2,,,,
SB_03_GIFT_HOW_HELD,,,,,,SB-P03-T01-EXCLUSIVELY-RELIGIOUS,PZ,text,MANY,2,,,"",2,new_in_v2,,,,
SB_03_GIFT_PURPOSE,,,,,,SB-P03-T01-EXCLUSIVELY-RELIGIOUS,PZ,text,MANY,2,,,"",2,new_in_v2,,,,
SB_03_GIFT_USE,,,,,,SB-P03-T01-EXCLUSIVELY-RELIGIOUS,PZ,text,MANY,2,,,"",2,new_in_v2,,,,
SB_03_TRANSFEREE_ADDR_CITY,,,,,,SB-P03-T01-EXCLUSIVELY-RELIGIOUS,PZ,text,MANY,6,,,"",6,new_in_v2,,,,
SB_03_TRANSFEREE_ADDR_CNTR,,,,,,SB-P03-T01-EXCLUSIVELY-RELIGIOUS,PZ,text,MANY,3,,,"",3,new_in_v2,,,,
SB_03_TRANSFEREE_ADDR_L1,,,,,,SB-P03-T01-EXCLUSIVELY-RELIGIOUS,PZ,text,MANY,6,,,"",6,new_in_v2,,,,
SB_03_TRANSFEREE_ADDR_STATE,,,,,,SB-P03-T01-EXCLUSIVELY-RELIGIOUS,PZ,text,MANY,5,,,"",5,new_in_v2,,,,
SB_03_TRANSFEREE_ADDR_ZIP,,,,,,SB-P03-T01-EXCLUSIVELY-RELIGIOUS,PZ,text,MANY,4,,,"",4,new_in_v2,,,,
SB_03_TRANSFEREE_NAME_ORG_L1,,,,,,SB-P03-T01-EXCLUSIVELY-RELIGIOUS,PZ,text,MANY,3,,,"",3,new_in_v2,,,,
SB_03_TRANSFEREE_NAME_PERS,,,,,,SB-P03-T01-EXCLUSIVELY-RELIGIOUS,PZ,text,MANY,2,,,"",2,new_in_v2,,,,
SB_03_TRANSFEREE_RELATIONSHIP,,,,,,SB-P03-T01-EXCLUSIVELY-RELIGIOUS,PZ,text,MANY,2,,,"",2,new_in_v2,,,,
SC_01_4955_FORM4720_CORRECTED_X,SC-P01-T00-LOBBY,PZ,checkbox,ONE,3,SC-P01-T00-LOBBY,PZ,checkbox,ONE,3,SC_01_4955_FORM4720_CORRECTED_X,0,SC_01_4955_FORM4720_CORRECTED_X,0,kept,FALSE,FALSE,FALSE,FALSE
SC_01_4955_FORM4720_FILED_X,SC-P01-T00-LOBBY,PZ,checkbox,ONE,3,SC-P01-T00-LOBBY,PZ,checkbox,ONE,3,SC_01_4955_FORM4720_FILED_X,0,SC_01_4955_FORM4720_FILED_X,0,kept,FALSE,FALSE,FALSE,FALSE
SC_01_AMT_EXCISE_TAX_4955_MGR,SC-P01-T00-LOBBY,PZ,numeric,ONE,3,SC-P01-T00-LOBBY,PZ,numeric,ONE,3,SC_01_AMT_EXCISE_TAX_4955_MGR,0,SC_01_AMT_EXCISE_TAX_4955_MGR,0,kept,FALSE,FALSE,FALSE,FALSE
SC_01_AMT_EXCISE_TAX_4955_ORG,SC-P01-T00-LOBBY,PZ,numeric,ONE,3,SC-P01-T00-LOBBY,PZ,numeric,ONE,3,SC_01_AMT_EXCISE_TAX_4955_ORG,0,SC_01_AMT_EXCISE_TAX_4955_ORG,0,kept,FALSE,FALSE,FALSE,FALSE
SC_01_ORG_AMT_EXPENDED_527_ACT,SC-P01-T00-LOBBY,PZ,numeric,ONE,3,SC-P01-T00-LOBBY,PZ,numeric,ONE,3,SC_01_ORG_AMT_EXPENDED_527_ACT,0,SC_01_ORG_AMT_EXPENDED_527_ACT,0,kept,FALSE,FALSE,FALSE,FALSE
SC_01_ORG_AMT_FUND_CONTR_527_ACT,SC-P01-T00-LOBBY,PZ,numeric,ONE,3,SC-P01-T00-LOBBY,PZ,numeric,ONE,3,SC_01_ORG_AMT_FUND_CONTR_527_ACT,0,SC_01_ORG_AMT_FUND_CONTR_527_ACT,0,kept,FALSE,FALSE,FALSE,FALSE
SC_01_ORG_FORM1120_FILED_X,SC-P01-T00-LOBBY,PZ,checkbox,ONE,3,SC-P01-T00-LOBBY,PZ,checkbox,ONE,3,SC_01_ORG_FORM1120_FILED_X,0,SC_01_ORG_FORM1120_FILED_X,0,kept,FALSE,FALSE,FALSE,FALSE
SC_01_ORG_TOT_EXEMPT_FUNC_EXP,SC-P01-T00-LOBBY,PZ,numeric,ONE,3,SC-P01-T00-LOBBY,PZ,numeric,ONE,3,SC_01_ORG_TOT_EXEMPT_FUNC_EXP,0,SC_01_ORG_TOT_EXEMPT_FUNC_EXP,0,kept,FALSE,FALSE,FALSE,FALSE
SC_01_POLI_EXP,SC-P01-T00-LOBBY,PZ,numeric,ONE,3,SC-P01-T00-LOBBY,PZ,numeric,ONE,3,SC_01_POLI_EXP,0,SC_01_POLI_EXP,0,kept,FALSE,FALSE,FALSE,FALSE
SC_01_POLI_ORG_ADDR_CITY,SC-P01-T01-POLITICAL-ORGS-INFO,PZ,text,MANY,8,SC-P01-T01-POLITICAL-ORGS-INFO,PZ,text,MANY,8,SC_01_POLI_ORG_ADDR_CITY,0,SC_01_POLI_ORG_ADDR_CITY,0,kept,FALSE,FALSE,FALSE,FALSE
SC_01_POLI_ORG_ADDR_CNTR,SC-P01-T01-POLITICAL-ORGS-INFO,PZ,text,MANY,4,SC-P01-T01-POLITICAL-ORGS-INFO,PZ,text,MANY,4,SC_01_POLI_ORG_ADDR_CNTR,0,SC_01_POLI_ORG_ADDR_CNTR,0,kept,FALSE,FALSE,FALSE,FALSE
SC_01_POLI_ORG_ADDR_L1,SC-P01-T01-POLITICAL-ORGS-INFO,PZ,text,MANY,8,SC-P01-T01-POLITICAL-ORGS-INFO,PZ,text,MANY,8,SC_01_POLI_ORG_ADDR_L1,0,SC_01_POLI_ORG_ADDR_L1,0,kept,FALSE,FALSE,FALSE,FALSE
SC_01_POLI_ORG_ADDR_L2,SC-P01-T01-POLITICAL-ORGS-INFO,PZ,text,MANY,8,SC-P01-T01-POLITICAL-ORGS-INFO,PZ,text,MANY,8,SC_01_POLI_ORG_ADDR_L2,0,SC_01_POLI_ORG_ADDR_L2,0,kept,FALSE,FALSE,FALSE,FALSE
SC_01_POLI_ORG_ADDR_STATE,SC-P01-T01-POLITICAL-ORGS-INFO,PZ,text,MANY,8,SC-P01-T01-POLITICAL-ORGS-INFO,PZ,text,MANY,8,SC_01_POLI_ORG_ADDR_STATE,0,SC_01_POLI_ORG_ADDR_STATE,0,kept,FALSE,FALSE,FALSE,FALSE
SC_01_POLI_ORG_ADDR_ZIP,SC-P01-T01-POLITICAL-ORGS-INFO,PZ,text,MANY,8,SC-P01-T01-POLITICAL-ORGS-INFO,PZ,text,MANY,8,SC_01_POLI_ORG_ADDR_ZIP,0,SC_01_POLI_ORG_ADDR_ZIP,0,kept,FALSE,FALSE,FALSE,FALSE
SC_01_POLI_ORG_AMT_CONTR_REC,SC-P01-T01-POLITICAL-ORGS-INFO,PZ,numeric,MANY,3,SC-P01-T01-POLITICAL-ORGS-INFO,PZ,numeric,MANY,3,SC_01_POLI_ORG_AMT_CONTR_REC,0,SC_01_POLI_ORG_AMT_CONTR_REC,0,kept,FALSE,FALSE,FALSE,FALSE
SC_01_POLI_ORG_AMT_FUND_PAID,SC-P01-T01-POLITICAL-ORGS-INFO,PZ,numeric,MANY,3,SC-P01-T01-POLITICAL-ORGS-INFO,PZ,numeric,MANY,3,SC_01_POLI_ORG_AMT_FUND_PAID,0,SC_01_POLI_ORG_AMT_FUND_PAID,0,kept,FALSE,FALSE,FALSE,FALSE
SC_01_POLI_ORG_EIN,SC-P01-T01-POLITICAL-ORGS-INFO,PZ,numeric,MANY,3,SC-P01-T01-POLITICAL-ORGS-INFO,PZ,text,MANY,3,SC_01_POLI_ORG_EIN,0,SC_01_POLI_ORG_EIN,0,kept,FALSE,TRUE,FALSE,FALSE
SC_01_POLI_ORG_NAME_L1,SC-P01-T01-POLITICAL-ORGS-INFO,PZ,text,MANY,4,SC-P01-T01-POLITICAL-ORGS-INFO,PZ,text,MANY,4,SC_01_POLI_ORG_NAME_L1,0,SC_01_POLI_ORG_NAME_L1,0,kept,FALSE,FALSE,FALSE,FALSE
SC_01_POLI_ORG_NAME_L2,SC-P01-T01-POLITICAL-ORGS-INFO,PZ,text,MANY,4,SC-P01-T01-POLITICAL-ORGS-INFO,PZ,text,MANY,4,SC_01_POLI_ORG_NAME_L2,0,SC_01_POLI_ORG_NAME_L2,0,kept,FALSE,FALSE,FALSE,FALSE
SC_01_POLI_VOL_HOURS,SC-P01-T00-LOBBY,PZ,numeric,ONE,3,SC-P01-T00-LOBBY,PZ,numeric,ONE,3,SC_01_POLI_VOL_HOURS,0,SC_01_POLI_VOL_HOURS,0,kept,FALSE,FALSE,FALSE,FALSE
SC_02_4911TAX_FORM4720_FILED_X,SC-P02-T00-LOBBY,PZ,checkbox,ONE,3,SC-P02-T00-LOBBY,PZ,checkbox,ONE,3,SC_02_4911TAX_FORM4720_FILED_X,0,SC_02_4911TAX_FORM4720_FILED_X,0,kept,FALSE,FALSE,FALSE,FALSE
SC_02_AFFIL_ADDR_CITY,,,,,,SC-P02-T01-AFFILIATED-GROUP,PZ,text,MANY,3,,,"",3,new_in_v2,,,,
SC_02_AFFIL_ADDR_L1,,,,,,SC-P02-T01-AFFILIATED-GROUP,PZ,text,MANY,3,,,"",3,new_in_v2,,,,
SC_02_AFFIL_ADDR_L2,,,,,,SC-P02-T01-AFFILIATED-GROUP,PZ,text,MANY,3,,,"",3,new_in_v2,,,,
SC_02_AFFIL_ADDR_STATE,,,,,,SC-P02-T01-AFFILIATED-GROUP,PZ,text,MANY,3,,,"",3,new_in_v2,,,,
SC_02_AFFIL_ADDR_ZIP,,,,,,SC-P02-T01-AFFILIATED-GROUP,PZ,text,MANY,3,,,"",3,new_in_v2,,,,
SC_02_AFFIL_EIN,,,,,,SC-P02-T01-AFFILIATED-GROUP,PZ,text,MANY,2,,,"",2,new_in_v2,,,,
SC_02_AFFIL_ELECTING_X,,,,,,SC-P02-T01-AFFILIATED-GROUP,PZ,checkbox,MANY,2,,,"",2,new_in_v2,,,,
SC_02_AFFIL_EXP_DIRECT_LOB,,,,,,SC-P02-T01-AFFILIATED-GROUP,PZ,numeric,MANY,2,,,"",2,new_in_v2,,,,
SC_02_AFFIL_EXP_GRASS_LOB,,,,,,SC-P02-T01-AFFILIATED-GROUP,PZ,numeric,MANY,2,,,"",2,new_in_v2,,,,
SC_02_AFFIL_EXP_GRASS_M_NONTAX,,,,,,SC-P02-T01-AFFILIATED-GROUP,PZ,numeric,MANY,2,,,"",2,new_in_v2,,,,
SC_02_AFFIL_EXP_GRASS_NONTAX,,,,,,SC-P02-T01-AFFILIATED-GROUP,PZ,numeric,MANY,2,,,"",2,new_in_v2,,,,
SC_02_AFFIL_EXP_LOB_M_NONTAX,,,,,,SC-P02-T01-AFFILIATED-GROUP,PZ,numeric,MANY,2,,,"",2,new_in_v2,,,,
SC_02_AFFIL_EXP_LOB_NONTAX,,,,,,SC-P02-T01-AFFILIATED-GROUP,PZ,numeric,MANY,2,,,"",2,new_in_v2,,,,
SC_02_AFFIL_EXP_OTH_EXEMPT,,,,,,SC-P02-T01-AFFILIATED-GROUP,PZ,numeric,MANY,2,,,"",2,new_in_v2,,,,
SC_02_AFFIL_EXP_SHARE_EXCESS,,,,,,SC-P02-T01-AFFILIATED-GROUP,PZ,numeric,MANY,2,,,"",2,new_in_v2,,,,
SC_02_AFFIL_EXP_TOT_EXEMPT,,,,,,SC-P02-T01-AFFILIATED-GROUP,PZ,numeric,MANY,2,,,"",2,new_in_v2,,,,
SC_02_AFFIL_EXP_TOT_LOB,,,,,,SC-P02-T01-AFFILIATED-GROUP,PZ,numeric,MANY,2,,,"",2,new_in_v2,,,,
SC_02_AFFIL_GROUP_EXPL,,,,,,SC-P02-T00-LOBBY,PZ,text,ONE,2,,,"",2,new_in_v2,,,,
SC_02_AFFIL_NAME_L1,,,,,,SC-P02-T01-AFFILIATED-GROUP,PZ,text,MANY,3,,,"",3,new_in_v2,,,,
SC_02_AFFIL_NAME_L2,,,,,,SC-P02-T01-AFFILIATED-GROUP,PZ,text,MANY,2,,,"",2,new_in_v2,,,,
SC_02_AVE_EXP_GRASS_CEILING_TOT,SC-P02-T00-LOBBY,PZ,numeric,ONE,3,SC-P02-T00-LOBBY,PZ,numeric,ONE,3,SC_02_AVE_EXP_GRASS_CEILING_TOT,0,SC_02_AVE_EXP_GRASS_CEILING_TOT,0,kept,FALSE,FALSE,FALSE,FALSE
SC_02_AVE_EXP_GRASS_LOB_CY,SC-P02-T00-LOBBY,PZ,numeric,ONE,3,SC-P02-T00-LOBBY,PZ,numeric,ONE,3,SC_02_AVE_EXP_GRASS_LOB_CY,0,SC_02_AVE_EXP_GRASS_LOB_CY,0,kept,FALSE,FALSE,FALSE,FALSE
SC_02_AVE_EXP_GRASS_LOB_CY_M1,SC-P02-T00-LOBBY,PZ,numeric,ONE,3,SC-P02-T00-LOBBY,PZ,numeric,ONE,3,SC_02_AVE_EXP_GRASS_LOB_CY_M1,0,SC_02_AVE_EXP_GRASS_LOB_CY_M1,0,kept,FALSE,FALSE,FALSE,FALSE
SC_02_AVE_EXP_GRASS_LOB_CY_M2,SC-P02-T00-LOBBY,PZ,numeric,ONE,3,SC-P02-T00-LOBBY,PZ,numeric,ONE,3,SC_02_AVE_EXP_GRASS_LOB_CY_M2,0,SC_02_AVE_EXP_GRASS_LOB_CY_M2,0,kept,FALSE,FALSE,FALSE,FALSE
SC_02_AVE_EXP_GRASS_LOB_CY_M3,SC-P02-T00-LOBBY,PZ,numeric,ONE,3,SC-P02-T00-LOBBY,PZ,numeric,ONE,3,SC_02_AVE_EXP_GRASS_LOB_CY_M3,0,SC_02_AVE_EXP_GRASS_LOB_CY_M3,0,kept,FALSE,FALSE,FALSE,FALSE
SC_02_AVE_EXP_GRASS_LOB_TOT,SC-P02-T00-LOBBY,PZ,numeric,ONE,3,SC-P02-T00-LOBBY,PZ,numeric,ONE,3,SC_02_AVE_EXP_GRASS_LOB_TOT,0,SC_02_AVE_EXP_GRASS_LOB_TOT,0,kept,FALSE,FALSE,FALSE,FALSE
SC_02_AVE_EXP_GRASS_NONTAX_CY,SC-P02-T00-LOBBY,PZ,numeric,ONE,3,SC-P02-T00-LOBBY,PZ,numeric,ONE,3,SC_02_AVE_EXP_GRASS_NONTAX_CY,0,SC_02_AVE_EXP_GRASS_NONTAX_CY,0,kept,FALSE,FALSE,FALSE,FALSE
SC_02_AVE_EXP_GRASS_NONTAX_CY_M1,SC-P02-T00-LOBBY,PZ,numeric,ONE,3,SC-P02-T00-LOBBY,PZ,numeric,ONE,3,SC_02_AVE_EXP_GRASS_NONTAX_CY_M1,0,SC_02_AVE_EXP_GRASS_NONTAX_CY_M1,0,kept,FALSE,FALSE,FALSE,FALSE
SC_02_AVE_EXP_GRASS_NONTAX_CY_M2,SC-P02-T00-LOBBY,PZ,numeric,ONE,3,SC-P02-T00-LOBBY,PZ,numeric,ONE,3,SC_02_AVE_EXP_GRASS_NONTAX_CY_M2,0,SC_02_AVE_EXP_GRASS_NONTAX_CY_M2,0,kept,FALSE,FALSE,FALSE,FALSE
SC_02_AVE_EXP_GRASS_NONTAX_CY_M3,SC-P02-T00-LOBBY,PZ,numeric,ONE,3,SC-P02-T00-LOBBY,PZ,numeric,ONE,3,SC_02_AVE_EXP_GRASS_NONTAX_CY_M3,0,SC_02_AVE_EXP_GRASS_NONTAX_CY_M3,0,kept,FALSE,FALSE,FALSE,FALSE
SC_02_AVE_EXP_GRASS_NONTAX_TOT,SC-P02-T00-LOBBY,PZ,numeric,ONE,3,SC-P02-T00-LOBBY,PZ,numeric,ONE,3,SC_02_AVE_EXP_GRASS_NONTAX_TOT,0,SC_02_AVE_EXP_GRASS_NONTAX_TOT,0,kept,FALSE,FALSE,FALSE,FALSE
SC_02_AVE_EXP_LOB_CEILING_TOT,SC-P02-T00-LOBBY,PZ,numeric,ONE,3,SC-P02-T00-LOBBY,PZ,numeric,ONE,3,SC_02_AVE_EXP_LOB_CEILING_TOT,0,SC_02_AVE_EXP_LOB_CEILING_TOT,0,kept,FALSE,FALSE,FALSE,FALSE
SC_02_AVE_EXP_LOB_NONTAX_CY,SC-P02-T00-LOBBY,PZ,numeric,ONE,3,SC-P02-T00-LOBBY,PZ,numeric,ONE,3,SC_02_AVE_EXP_LOB_NONTAX_CY,0,SC_02_AVE_EXP_LOB_NONTAX_CY,0,kept,FALSE,FALSE,FALSE,FALSE
SC_02_AVE_EXP_LOB_NONTAX_CY_M1,SC-P02-T00-LOBBY,PZ,numeric,ONE,3,SC-P02-T00-LOBBY,PZ,numeric,ONE,3,SC_02_AVE_EXP_LOB_NONTAX_CY_M1,0,SC_02_AVE_EXP_LOB_NONTAX_CY_M1,0,kept,FALSE,FALSE,FALSE,FALSE
SC_02_AVE_EXP_LOB_NONTAX_CY_M2,SC-P02-T00-LOBBY,PZ,numeric,ONE,3,SC-P02-T00-LOBBY,PZ,numeric,ONE,3,SC_02_AVE_EXP_LOB_NONTAX_CY_M2,0,SC_02_AVE_EXP_LOB_NONTAX_CY_M2,0,kept,FALSE,FALSE,FALSE,FALSE
SC_02_AVE_EXP_LOB_NONTAX_CY_M3,SC-P02-T00-LOBBY,PZ,numeric,ONE,3,SC-P02-T00-LOBBY,PZ,numeric,ONE,3,SC_02_AVE_EXP_LOB_NONTAX_CY_M3,0,SC_02_AVE_EXP_LOB_NONTAX_CY_M3,0,kept,FALSE,FALSE,FALSE,FALSE
SC_02_AVE_EXP_LOB_NONTAX_TOT,SC-P02-T00-LOBBY,PZ,numeric,ONE,3,SC-P02-T00-LOBBY,PZ,numeric,ONE,3,SC_02_AVE_EXP_LOB_NONTAX_TOT,0,SC_02_AVE_EXP_LOB_NONTAX_TOT,0,kept,FALSE,FALSE,FALSE,FALSE
SC_02_AVE_EXP_TOT_LOB_CY,SC-P02-T00-LOBBY,PZ,numeric,ONE,3,SC-P02-T00-LOBBY,PZ,numeric,ONE,3,SC_02_AVE_EXP_TOT_LOB_CY,0,SC_02_AVE_EXP_TOT_LOB_CY,0,kept,FALSE,FALSE,FALSE,FALSE
SC_02_AVE_EXP_TOT_LOB_CY_M1,SC-P02-T00-LOBBY,PZ,numeric,ONE,3,SC-P02-T00-LOBBY,PZ,numeric,ONE,3,SC_02_AVE_EXP_TOT_LOB_CY_M1,0,SC_02_AVE_EXP_TOT_LOB_CY_M1,0,kept,FALSE,FALSE,FALSE,FALSE
SC_02_AVE_EXP_TOT_LOB_CY_M2,SC-P02-T00-LOBBY,PZ,numeric,ONE,3,SC-P02-T00-LOBBY,PZ,numeric,ONE,3,SC_02_AVE_EXP_TOT_LOB_CY_M2,0,SC_02_AVE_EXP_TOT_LOB_CY_M2,0,kept,FALSE,FALSE,FALSE,FALSE
SC_02_AVE_EXP_TOT_LOB_CY_M3,SC-P02-T00-LOBBY,PZ,numeric,ONE,3,SC-P02-T00-LOBBY,PZ,numeric,ONE,3,SC_02_AVE_EXP_TOT_LOB_CY_M3,0,SC_02_AVE_EXP_TOT_LOB_CY_M3,0,kept,FALSE,FALSE,FALSE,FALSE
SC_02_AVE_EXP_TOT_LOB_TOT,SC-P02-T00-LOBBY,PZ,numeric,ONE,3,SC-P02-T00-LOBBY,PZ,numeric,ONE,3,SC_02_AVE_EXP_TOT_LOB_TOT,0,SC_02_AVE_EXP_TOT_LOB_TOT,0,kept,FALSE,FALSE,FALSE,FALSE
SC_02_EXP_DIRECT_LOB_AFFGROUP,SC-P02-T00-LOBBY,PZ,numeric,ONE,3,SC-P02-T00-LOBBY,PZ,numeric,ONE,3,SC_02_EXP_DIRECT_LOB_AFFGROUP,0,SC_02_EXP_DIRECT_LOB_AFFGROUP,0,kept,FALSE,FALSE,FALSE,FALSE
SC_02_EXP_DIRECT_LOB_FILEORG,SC-P02-T00-LOBBY,PZ,numeric,ONE,3,SC-P02-T00-LOBBY,PZ,numeric,ONE,3,SC_02_EXP_DIRECT_LOB_FILEORG,0,SC_02_EXP_DIRECT_LOB_FILEORG,0,kept,FALSE,FALSE,FALSE,FALSE
SC_02_EXP_GRASS_LOB_AFFGROUP,SC-P02-T00-LOBBY,PZ,numeric,ONE,3,SC-P02-T00-LOBBY,PZ,numeric,ONE,3,SC_02_EXP_GRASS_LOB_AFFGROUP,0,SC_02_EXP_GRASS_LOB_AFFGROUP,0,kept,FALSE,FALSE,FALSE,FALSE
SC_02_EXP_GRASS_LOB_FILEORG,SC-P02-T00-LOBBY,PZ,numeric,ONE,3,SC-P02-T00-LOBBY,PZ,numeric,ONE,3,SC_02_EXP_GRASS_LOB_FILEORG,0,SC_02_EXP_GRASS_LOB_FILEORG,0,kept,FALSE,FALSE,FALSE,FALSE
SC_02_EXP_GRASS_M_NONTAX_AFFGROU,SC-P02-T00-LOBBY,PZ,numeric,ONE,3,SC-P02-T00-LOBBY,PZ,numeric,ONE,3,SC_02_EXP_GRASS_M_NONTAX_AFFGROU,0,SC_02_EXP_GRASS_M_NONTAX_AFFGROU,0,kept,FALSE,FALSE,FALSE,FALSE
SC_02_EXP_GRASS_M_NONTAX_FILEORG,SC-P02-T00-LOBBY,PZ,numeric,ONE,3,SC-P02-T00-LOBBY,PZ,numeric,ONE,3,SC_02_EXP_GRASS_M_NONTAX_FILEORG,0,SC_02_EXP_GRASS_M_NONTAX_FILEORG,0,kept,FALSE,FALSE,FALSE,FALSE
SC_02_EXP_GRASS_NONTAX_AFFGROUP,SC-P02-T00-LOBBY,PZ,numeric,ONE,3,SC-P02-T00-LOBBY,PZ,numeric,ONE,3,SC_02_EXP_GRASS_NONTAX_AFFGROUP,0,SC_02_EXP_GRASS_NONTAX_AFFGROUP,0,kept,FALSE,FALSE,FALSE,FALSE
SC_02_EXP_GRASS_NONTAX_FILEORG,SC-P02-T00-LOBBY,PZ,numeric,ONE,3,SC-P02-T00-LOBBY,PZ,numeric,ONE,3,SC_02_EXP_GRASS_NONTAX_FILEORG,0,SC_02_EXP_GRASS_NONTAX_FILEORG,0,kept,FALSE,FALSE,FALSE,FALSE
SC_02_EXP_LOB_M_NONTAX_AFFGROUP,SC-P02-T00-LOBBY,PZ,numeric,ONE,3,SC-P02-T00-LOBBY,PZ,numeric,ONE,3,SC_02_EXP_LOB_M_NONTAX_AFFGROUP,0,SC_02_EXP_LOB_M_NONTAX_AFFGROUP,0,kept,FALSE,FALSE,FALSE,FALSE
SC_02_EXP_LOB_M_NONTAX_FILEORG,SC-P02-T00-LOBBY,PZ,numeric,ONE,3,SC-P02-T00-LOBBY,PZ,numeric,ONE,3,SC_02_EXP_LOB_M_NONTAX_FILEORG,0,SC_02_EXP_LOB_M_NONTAX_FILEORG,0,kept,FALSE,FALSE,FALSE,FALSE
SC_02_EXP_LOB_NONTAX_AFFGROUP,SC-P02-T00-LOBBY,PZ,numeric,ONE,3,SC-P02-T00-LOBBY,PZ,numeric,ONE,3,SC_02_EXP_LOB_NONTAX_AFFGROUP,0,SC_02_EXP_LOB_NONTAX_AFFGROUP,0,kept,FALSE,FALSE,FALSE,FALSE
SC_02_EXP_LOB_NONTAX_FILEORG,SC-P02-T00-LOBBY,PZ,numeric,ONE,3,SC-P02-T00-LOBBY,PZ,numeric,ONE,3,SC_02_EXP_LOB_NONTAX_FILEORG,0,SC_02_EXP_LOB_NONTAX_FILEORG,0,kept,FALSE,FALSE,FALSE,FALSE
SC_02_EXP_OTH_EXEMPT_AFFGROUP,SC-P02-T00-LOBBY,PZ,numeric,ONE,3,SC-P02-T00-LOBBY,PZ,numeric,ONE,3,SC_02_EXP_OTH_EXEMPT_AFFGROUP,0,SC_02_EXP_OTH_EXEMPT_AFFGROUP,0,kept,FALSE,FALSE,FALSE,FALSE
SC_02_EXP_OTH_EXEMPT_FILEORG,SC-P02-T00-LOBBY,PZ,numeric,ONE,3,SC-P02-T00-LOBBY,PZ,numeric,ONE,3,SC_02_EXP_OTH_EXEMPT_FILEORG,0,SC_02_EXP_OTH_EXEMPT_FILEORG,0,kept,FALSE,FALSE,FALSE,FALSE
SC_02_EXP_TOT_EXEMPT_AFFGROUP,SC-P02-T00-LOBBY,PZ,numeric,ONE,3,SC-P02-T00-LOBBY,PZ,numeric,ONE,3,SC_02_EXP_TOT_EXEMPT_AFFGROUP,0,SC_02_EXP_TOT_EXEMPT_AFFGROUP,0,kept,FALSE,FALSE,FALSE,FALSE
SC_02_EXP_TOT_EXEMPT_FILEORG,SC-P02-T00-LOBBY,PZ,numeric,ONE,3,SC-P02-T00-LOBBY,PZ,numeric,ONE,3,SC_02_EXP_TOT_EXEMPT_FILEORG,0,SC_02_EXP_TOT_EXEMPT_FILEORG,0,kept,FALSE,FALSE,FALSE,FALSE
SC_02_EXP_TOT_LOB_AFFGROUP,SC-P02-T00-LOBBY,PZ,numeric,ONE,3,SC-P02-T00-LOBBY,PZ,numeric,ONE,3,SC_02_EXP_TOT_LOB_AFFGROUP,0,SC_02_EXP_TOT_LOB_AFFGROUP,0,kept,FALSE,FALSE,FALSE,FALSE
SC_02_EXP_TOT_LOB_FILEORG,SC-P02-T00-LOBBY,PZ,numeric,ONE,3,SC-P02-T00-LOBBY,PZ,numeric,ONE,3,SC_02_EXP_TOT_LOB_FILEORG,0,SC_02_EXP_TOT_LOB_FILEORG,0,kept,FALSE,FALSE,FALSE,FALSE
SC_02_LOB_ACT_4912TAX_MGR,SC-P02-T00-LOBBY,PZ,numeric,ONE,3,SC-P02-T00-LOBBY,PZ,numeric,ONE,3,SC_02_LOB_ACT_4912TAX_MGR,0,SC_02_LOB_ACT_4912TAX_MGR,0,kept,FALSE,FALSE,FALSE,FALSE
SC_02_LOB_ACT_4912TAX_ORG,SC-P02-T00-LOBBY,PZ,numeric,ONE,3,SC-P02-T00-LOBBY,PZ,numeric,ONE,3,SC_02_LOB_ACT_4912TAX_ORG,0,SC_02_LOB_ACT_4912TAX_ORG,0,kept,FALSE,FALSE,FALSE,FALSE
SC_02_LOB_ACT_4912_FILE_4720_X,SC-P02-T00-LOBBY,PZ,checkbox,ONE,3,SC-P02-T00-LOBBY,PZ,checkbox,ONE,3,SC_02_LOB_ACT_4912_FILE_4720_X,0,SC_02_LOB_ACT_4912_FILE_4720_X,0,kept,FALSE,FALSE,FALSE,FALSE
SC_02_LOB_ACT_CONTACT_LEGIS_AMT,SC-P02-T00-LOBBY,PZ,numeric,ONE,3,SC-P02-T00-LOBBY,PZ,numeric,ONE,3,SC_02_LOB_ACT_CONTACT_LEGIS_AMT,0,SC_02_LOB_ACT_CONTACT_LEGIS_AMT,0,kept,FALSE,FALSE,FALSE,FALSE
SC_02_LOB_ACT_CONTACT_LEGIS_X,SC-P02-T00-LOBBY,PZ,checkbox,ONE,3,SC-P02-T00-LOBBY,PZ,checkbox,ONE,3,SC_02_LOB_ACT_CONTACT_LEGIS_X,0,SC_02_LOB_ACT_CONTACT_LEGIS_X,0,kept,FALSE,FALSE,FALSE,FALSE
SC_02_LOB_ACT_GRANT_OTH_ORG_AMT,SC-P02-T00-LOBBY,PZ,numeric,ONE,3,SC-P02-T00-LOBBY,PZ,numeric,ONE,3,SC_02_LOB_ACT_GRANT_OTH_ORG_AMT,0,SC_02_LOB_ACT_GRANT_OTH_ORG_AMT,0,kept,FALSE,FALSE,FALSE,FALSE
SC_02_LOB_ACT_GRANT_OTH_ORG_X,SC-P02-T00-LOBBY,PZ,checkbox,ONE,3,SC-P02-T00-LOBBY,PZ,checkbox,ONE,3,SC_02_LOB_ACT_GRANT_OTH_ORG_X,0,SC_02_LOB_ACT_GRANT_OTH_ORG_X,0,kept,FALSE,FALSE,FALSE,FALSE
SC_02_LOB_ACT_MAIL_MEMB_AMT,SC-P02-T00-LOBBY,PZ,numeric,ONE,3,SC-P02-T00-LOBBY,PZ,numeric,ONE,3,SC_02_LOB_ACT_MAIL_MEMB_AMT,0,SC_02_LOB_ACT_MAIL_MEMB_AMT,0,kept,FALSE,FALSE,FALSE,FALSE
SC_02_LOB_ACT_MAIL_MEMB_X,SC-P02-T00-LOBBY,PZ,checkbox,ONE,3,SC-P02-T00-LOBBY,PZ,checkbox,ONE,3,SC_02_LOB_ACT_MAIL_MEMB_X,0,SC_02_LOB_ACT_MAIL_MEMB_X,0,kept,FALSE,FALSE,FALSE,FALSE
SC_02_LOB_ACT_MEDIA_AD_AMT,SC-P02-T00-LOBBY,PZ,numeric,ONE,3,SC-P02-T00-LOBBY,PZ,numeric,ONE,3,SC_02_LOB_ACT_MEDIA_AD_AMT,0,SC_02_LOB_ACT_MEDIA_AD_AMT,0,kept,FALSE,FALSE,FALSE,FALSE
SC_02_LOB_ACT_MEDIA_AD_X,SC-P02-T00-LOBBY,PZ,checkbox,ONE,3,SC-P02-T00-LOBBY,PZ,checkbox,ONE,3,SC_02_LOB_ACT_MEDIA_AD_X,0,SC_02_LOB_ACT_MEDIA_AD_X,0,kept,FALSE,FALSE,FALSE,FALSE
SC_02_LOB_ACT_NO_DESC_501C3_X,SC-P02-T00-LOBBY,PZ,checkbox,ONE,3,SC-P02-T00-LOBBY,PZ,checkbox,ONE,3,SC_02_LOB_ACT_NO_DESC_501C3_X,0,SC_02_LOB_ACT_NO_DESC_501C3_X,0,kept,FALSE,FALSE,FALSE,FALSE
SC_02_LOB_ACT_OTH_ACT_AMT,SC-P02-T00-LOBBY,PZ,numeric,ONE,3,SC-P02-T00-LOBBY,PZ,numeric,ONE,3,SC_02_LOB_ACT_OTH_ACT_AMT,0,SC_02_LOB_ACT_OTH_ACT_AMT,0,kept,FALSE,FALSE,FALSE,FALSE
SC_02_LOB_ACT_OTH_ACT_X,SC-P02-T00-LOBBY,PZ,checkbox,ONE,3,SC-P02-T00-LOBBY,PZ,checkbox,ONE,3,SC_02_LOB_ACT_OTH_ACT_X,0,SC_02_LOB_ACT_OTH_ACT_X,0,kept,FALSE,FALSE,FALSE,FALSE
SC_02_LOB_ACT_PAID_STAFF_AMT,SC-P02-T00-LOBBY,PZ,numeric,ONE,2,SC-P02-T00-LOBBY,PZ,numeric,ONE,2,SC_02_LOB_ACT_PAID_STAFF_AMT,0,SC_02_LOB_ACT_PAID_STAFF_AMT,0,kept,FALSE,FALSE,FALSE,FALSE
SC_02_LOB_ACT_PAID_STAFF_X,SC-P02-T00-LOBBY,PZ,checkbox,ONE,3,SC-P02-T00-LOBBY,PZ,checkbox,ONE,3,SC_02_LOB_ACT_PAID_STAFF_X,0,SC_02_LOB_ACT_PAID_STAFF_X,0,kept,FALSE,FALSE,FALSE,FALSE
SC_02_LOB_ACT_PUBLICA_BCAST_AMT,SC-P02-T00-LOBBY,PZ,numeric,ONE,3,SC-P02-T00-LOBBY,PZ,numeric,ONE,3,SC_02_LOB_ACT_PUBLICA_BCAST_AMT,0,SC_02_LOB_ACT_PUBLICA_BCAST_AMT,0,kept,FALSE,FALSE,FALSE,FALSE
SC_02_LOB_ACT_PUBLICA_BCAST_X,SC-P02-T00-LOBBY,PZ,checkbox,ONE,3,SC-P02-T00-LOBBY,PZ,checkbox,ONE,3,SC_02_LOB_ACT_PUBLICA_BCAST_X,0,SC_02_LOB_ACT_PUBLICA_BCAST_X,0,kept,FALSE,FALSE,FALSE,FALSE
SC_02_LOB_ACT_RALLIES_AMT,SC-P02-T00-LOBBY,PZ,numeric,ONE,3,SC-P02-T00-LOBBY,PZ,numeric,ONE,3,SC_02_LOB_ACT_RALLIES_AMT,0,SC_02_LOB_ACT_RALLIES_AMT,0,kept,FALSE,FALSE,FALSE,FALSE
SC_02_LOB_ACT_RALLIES_X,SC-P02-T00-LOBBY,PZ,checkbox,ONE,3,SC-P02-T00-LOBBY,PZ,checkbox,ONE,3,SC_02_LOB_ACT_RALLIES_X,0,SC_02_LOB_ACT_RALLIES_X,0,kept,FALSE,FALSE,FALSE,FALSE
SC_02_LOB_ACT_TOT_L1C_1I,SC-P02-T00-LOBBY,PZ,numeric,ONE,3,SC-P02-T00-LOBBY,PZ,numeric,ONE,3,SC_02_LOB_ACT_TOT_L1C_1I,0,SC_02_LOB_ACT_TOT_L1C_1I,0,kept,FALSE,FALSE,FALSE,FALSE
SC_02_LOB_ACT_VOL_X,SC-P02-T00-LOBBY,PZ,checkbox,ONE,3,SC-P02-T00-LOBBY,PZ,checkbox,ONE,3,SC_02_LOB_ACT_VOL_X,0,SC_02_LOB_ACT_VOL_X,0,kept,FALSE,FALSE,FALSE,FALSE
SC_02_LOB_AVERAGING_EXPL,,,,,,SC-P02-T00-LOBBY,PZ,text,ONE,2,,,"",2,new_in_v2,,,,
SC_02_ORG_BELONG_AFFGROUP_X,SC-P02-T00-LOBBY,PZ,checkbox,ONE,3,SC-P02-T00-LOBBY,PZ,checkbox,ONE,3,SC_02_ORG_BELONG_AFFGROUP_X,0,SC_02_ORG_BELONG_AFFGROUP_X,0,kept,FALSE,FALSE,FALSE,FALSE
SC_02_ORG_LIMIT_CTRL_PROV_X,SC-P02-T00-LOBBY,PZ,checkbox,ONE,3,SC-P02-T00-LOBBY,PZ,checkbox,ONE,3,SC_02_ORG_LIMIT_CTRL_PROV_X,0,SC_02_ORG_LIMIT_CTRL_PROV_X,0,kept,FALSE,FALSE,FALSE,FALSE
SC_03_AGREE_CARRYOVER_LOB_PY_X,SC-P03-T00-LOBBY,PZ,checkbox,ONE,3,SC-P03-T00-LOBBY,PZ,checkbox,ONE,3,SC_03_AGREE_CARRYOVER_LOB_PY_X,0,SC_03_AGREE_CARRYOVER_LOB_PY_X,0,kept,FALSE,FALSE,FALSE,FALSE
SC_03_AMT_AGGREGATE_REPORTED,SC-P03-T00-LOBBY,PZ,numeric,ONE,3,SC-P03-T00-LOBBY,PZ,numeric,ONE,3,SC_03_AMT_AGGREGATE_REPORTED,0,SC_03_AMT_AGGREGATE_REPORTED,0,kept,FALSE,FALSE,FALSE,FALSE
SC_03_AMT_CARRYOVER_NY,SC-P03-T00-LOBBY,PZ,numeric,ONE,3,SC-P03-T00-LOBBY,PZ,numeric,ONE,3,SC_03_AMT_CARRYOVER_NY,0,SC_03_AMT_CARRYOVER_NY,0,kept,FALSE,FALSE,FALSE,FALSE
SC_03_AMT_DUE_ASSESS,SC-P03-T00-LOBBY,PZ,numeric,ONE,3,SC-P03-T00-LOBBY,PZ,numeric,ONE,3,SC_03_AMT_DUE_ASSESS,0,SC_03_AMT_DUE_ASSESS,0,kept,FALSE,FALSE,FALSE,FALSE
SC_03_AMT_TAXABLE_LOB,SC-P03-T00-LOBBY,PZ,numeric,ONE,3,SC-P03-T00-LOBBY,PZ,numeric,ONE,3,SC_03_AMT_TAXABLE_LOB,0,SC_03_AMT_TAXABLE_LOB,0,kept,FALSE,FALSE,FALSE,FALSE
SC_03_DUES_NONDEDUCT_X,SC-P03-T00-LOBBY,PZ,checkbox,ONE,3,SC-P03-T00-LOBBY,PZ,checkbox,ONE,3,SC_03_DUES_NONDEDUCT_X,0,SC_03_DUES_NONDEDUCT_X,0,kept,FALSE,FALSE,FALSE,FALSE
SC_03_INHOUSE_LOB_EXP_LT_2K_X,SC-P03-T00-LOBBY,PZ,checkbox,ONE,3,SC-P03-T00-LOBBY,PZ,checkbox,ONE,3,SC_03_INHOUSE_LOB_EXP_LT_2K_X,0,SC_03_INHOUSE_LOB_EXP_LT_2K_X,0,kept,FALSE,FALSE,FALSE,FALSE
SC_03_NONDEDUCT_LOB_CARRYOVER,SC-P03-T00-LOBBY,PZ,numeric,ONE,3,SC-P03-T00-LOBBY,PZ,numeric,ONE,3,SC_03_NONDEDUCT_LOB_CARRYOVER,0,SC_03_NONDEDUCT_LOB_CARRYOVER,0,kept,FALSE,FALSE,FALSE,FALSE
SC_03_NONDEDUCT_LOB_CY,SC-P03-T00-LOBBY,PZ,numeric,ONE,3,SC-P03-T00-LOBBY,PZ,numeric,ONE,3,SC_03_NONDEDUCT_LOB_CY,0,SC_03_NONDEDUCT_LOB_CY,0,kept,FALSE,FALSE,FALSE,FALSE
SC_03_NONDEDUCT_LOB_TOT,SC-P03-T00-LOBBY,PZ,numeric,ONE,3,SC-P03-T00-LOBBY,PZ,numeric,ONE,3,SC_03_NONDEDUCT_LOB_TOT,0,SC_03_NONDEDUCT_LOB_TOT,0,kept,FALSE,FALSE,FALSE,FALSE
SC_04_EXPLANATION_TEXT,SC-P04-T99-SUPPLEMENTAL-INFO,PZ,text,ONE,2,SC-P04-T99-SUPPLEMENTAL-INFO,PZ,text,MANY,2,SC_04_EXPLANATION_TEXT,0,SC_04_EXPLANATION_TEXT,0,kept,FALSE,FALSE,TRUE,FALSE
SC_04_FORM_LINE_REFERENCE,SC-P04-T99-SUPPLEMENTAL-INFO,PZ,text,ONE,1,SC-P04-T99-SUPPLEMENTAL-INFO,PZ,text,MANY,1,SC_04_FORM_LINE_REFERENCE,0,SC_04_FORM_LINE_REFERENCE,0,kept,FALSE,FALSE,TRUE,FALSE
SC_04_IDENTIFIER,SC-P04-T99-SUPPLEMENTAL-INFO,PZ,text,ONE,2,SC-P04-T99-SUPPLEMENTAL-INFO,PZ,text,MANY,2,SC_04_IDENTIFIER,0,SC_04_IDENTIFIER,0,kept,FALSE,FALSE,TRUE,FALSE
SC_04_RETURN_REFERENCE,SC-P04-T99-SUPPLEMENTAL-INFO,PZ,text,ONE,1,SC-P04-T99-SUPPLEMENTAL-INFO,PZ,text,MANY,1,SC_04_RETURN_REFERENCE,0,SC_04_RETURN_REFERENCE,0,kept,FALSE,FALSE,TRUE,FALSE
SD_01_AGGREGATE_CONTR_DAF,SD-P01-T00-ORGS-DONOR-ADVISED-FUNDS-OTH,PC,numeric,ONE,3,SD-P01-T00-ORGS-DONOR-ADVISED-FUNDS-OTH,PC,numeric,ONE,3,SD_01_AGGREGATE_CONTR_DAF,0,SD_01_AGGREGATE_CONTR_DAF,0,kept,FALSE,FALSE,FALSE,FALSE
SD_01_AGGREGATE_CONTR_OTH,SD-P01-T00-ORGS-DONOR-ADVISED-FUNDS-OTH,PC,numeric,ONE,3,SD-P01-T00-ORGS-DONOR-ADVISED-FUNDS-OTH,PC,numeric,ONE,3,SD_01_AGGREGATE_CONTR_OTH,0,SD_01_AGGREGATE_CONTR_OTH,0,kept,FALSE,FALSE,FALSE,FALSE
SD_01_AGGREGATE_GRANT_DAF,SD-P01-T00-ORGS-DONOR-ADVISED-FUNDS-OTH,PC,numeric,ONE,3,SD-P01-T00-ORGS-DONOR-ADVISED-FUNDS-OTH,PC,numeric,ONE,3,SD_01_AGGREGATE_GRANT_DAF,0,SD_01_AGGREGATE_GRANT_DAF,0,kept,FALSE,FALSE,FALSE,FALSE
SD_01_AGGREGATE_GRANT_OTH,SD-P01-T00-ORGS-DONOR-ADVISED-FUNDS-OTH,PC,numeric,ONE,3,SD-P01-T00-ORGS-DONOR-ADVISED-FUNDS-OTH,PC,numeric,ONE,3,SD_01_AGGREGATE_GRANT_OTH,0,SD_01_AGGREGATE_GRANT_OTH,0,kept,FALSE,FALSE,FALSE,FALSE
SD_01_AGGREGATE_VALUE_EOY_DAF,SD-P01-T00-ORGS-DONOR-ADVISED-FUNDS-OTH,PC,numeric,ONE,3,SD-P01-T00-ORGS-DONOR-ADVISED-FUNDS-OTH,PC,numeric,ONE,3,SD_01_AGGREGATE_VALUE_EOY_DAF,0,SD_01_AGGREGATE_VALUE_EOY_DAF,0,kept,FALSE,FALSE,FALSE,FALSE
SD_01_AGGREGATE_VALUE_EOY_OTH,SD-P01-T00-ORGS-DONOR-ADVISED-FUNDS-OTH,PC,numeric,ONE,3,SD-P01-T00-ORGS-DONOR-ADVISED-FUNDS-OTH,PC,numeric,ONE,3,SD_01_AGGREGATE_VALUE_EOY_OTH,0,SD_01_AGGREGATE_VALUE_EOY_OTH,0,kept,FALSE,FALSE,FALSE,FALSE
SD_01_DISCLOSE_CHARIT_PURPOSE_X,SD-P01-T00-ORGS-DONOR-ADVISED-FUNDS-OTH,PC,checkbox,ONE,3,SD-P01-T00-ORGS-DONOR-ADVISED-FUNDS-OTH,PC,checkbox,ONE,3,SD_01_DISCLOSE_CHARIT_PURPOSE_X,0,SD_01_DISCLOSE_CHARIT_PURPOSE_X,0,kept,FALSE,FALSE,FALSE,FALSE
SD_01_DISCLOSE_LEGAL_CTRL_DAF_X,SD-P01-T00-ORGS-DONOR-ADVISED-FUNDS-OTH,PC,checkbox,ONE,3,SD-P01-T00-ORGS-DONOR-ADVISED-FUNDS-OTH,PC,checkbox,ONE,3,SD_01_DISCLOSE_LEGAL_CTRL_DAF_X,0,SD_01_DISCLOSE_LEGAL_CTRL_DAF_X,0,kept,FALSE,FALSE,FALSE,FALSE
SD_01_TOT_NUM_EOY_DAF,SD-P01-T00-ORGS-DONOR-ADVISED-FUNDS-OTH,PC,numeric,ONE,3,SD-P01-T00-ORGS-DONOR-ADVISED-FUNDS-OTH,PC,numeric,ONE,3,SD_01_TOT_NUM_EOY_DAF,0,SD_01_TOT_NUM_EOY_DAF,0,kept,FALSE,FALSE,FALSE,FALSE
SD_01_TOT_NUM_EOY_OTH,SD-P01-T00-ORGS-DONOR-ADVISED-FUNDS-OTH,PC,numeric,ONE,3,SD-P01-T00-ORGS-DONOR-ADVISED-FUNDS-OTH,PC,numeric,ONE,3,SD_01_TOT_NUM_EOY_OTH,0,SD_01_TOT_NUM_EOY_OTH,0,kept,FALSE,FALSE,FALSE,FALSE
SD_02_EMT_170H_SATISFIED_X,SD-P02-T00-CONSERV-EASEMENTS,PC,checkbox,ONE,3,SD-P02-T00-CONSERV-EASEMENTS,PC,checkbox,ONE,3,SD_02_EMT_170H_SATISFIED_X,0,SD_02_EMT_170H_SATISFIED_X,0,kept,FALSE,FALSE,FALSE,FALSE
SD_02_EMT_EXP_INCURRED_ENFORCE,SD-P02-T00-CONSERV-EASEMENTS,PC,numeric,ONE,3,SD-P02-T00-CONSERV-EASEMENTS,PC,numeric,ONE,3,SD_02_EMT_EXP_INCURRED_ENFORCE,0,SD_02_EMT_EXP_INCURRED_ENFORCE,0,kept,FALSE,FALSE,FALSE,FALSE
SD_02_EMT_HIST_LAND_AREA_X,SD-P02-T00-CONSERV-EASEMENTS,PC,checkbox,ONE,3,SD-P02-T00-CONSERV-EASEMENTS,PC,checkbox,ONE,3,SD_02_EMT_HIST_LAND_AREA_X,0,SD_02_EMT_HIST_LAND_AREA_X,0,kept,FALSE,FALSE,FALSE,FALSE
SD_02_EMT_HIST_STR_X,SD-P02-T00-CONSERV-EASEMENTS,PC,checkbox,ONE,3,SD-P02-T00-CONSERV-EASEMENTS,PC,checkbox,ONE,3,SD_02_EMT_HIST_STR_X,0,SD_02_EMT_HIST_STR_X,0,kept,FALSE,FALSE,FALSE,FALSE
SD_02_EMT_NATURAL_HABITAT_X,SD-P02-T00-CONSERV-EASEMENTS,PC,checkbox,ONE,3,SD-P02-T00-CONSERV-EASEMENTS,PC,checkbox,ONE,3,SD_02_EMT_NATURAL_HABITAT_X,0,SD_02_EMT_NATURAL_HABITAT_X,0,kept,FALSE,FALSE,FALSE,FALSE
SD_02_EMT_NUM_HIST_STR,SD-P02-T00-CONSERV-EASEMENTS,PC,numeric,ONE,3,SD-P02-T00-CONSERV-EASEMENTS,PC,numeric,ONE,3,SD_02_EMT_NUM_HIST_STR,0,SD_02_EMT_NUM_HIST_STR,0,kept,FALSE,FALSE,FALSE,FALSE
SD_02_EMT_NUM_HIST_STR_AFTER_06,SD-P02-T00-CONSERV-EASEMENTS,PC,numeric,ONE,3,SD-P02-T00-CONSERV-EASEMENTS,PC,numeric,ONE,3,SD_02_EMT_NUM_HIST_STR_AFTER_06,0,SD_02_EMT_NUM_HIST_STR_AFTER_06,0,kept,FALSE,FALSE,FALSE,FALSE
SD_02_EMT_NUM_MODIFIED,SD-P02-T00-CONSERV-EASEMENTS,PC,numeric,ONE,3,SD-P02-T00-CONSERV-EASEMENTS,PC,numeric,ONE,3,SD_02_EMT_NUM_MODIFIED,0,SD_02_EMT_NUM_MODIFIED,0,kept,FALSE,FALSE,FALSE,FALSE
SD_02_EMT_NUM_STATES,SD-P02-T00-CONSERV-EASEMENTS,PC,numeric,ONE,3,SD-P02-T00-CONSERV-EASEMENTS,PC,numeric,ONE,3,SD_02_EMT_NUM_STATES,0,SD_02_EMT_NUM_STATES,0,kept,FALSE,FALSE,FALSE,FALSE
SD_02_EMT_OPEN_SPACE_X,SD-P02-T00-CONSERV-EASEMENTS,PC,checkbox,ONE,3,SD-P02-T00-CONSERV-EASEMENTS,PC,checkbox,ONE,3,SD_02_EMT_OPEN_SPACE_X,0,SD_02_EMT_OPEN_SPACE_X,0,kept,FALSE,FALSE,FALSE,FALSE
SD_02_EMT_PUB_USE_X,SD-P02-T00-CONSERV-EASEMENTS,PC,checkbox,ONE,3,SD-P02-T00-CONSERV-EASEMENTS,PC,checkbox,ONE,3,SD_02_EMT_PUB_USE_X,0,SD_02_EMT_PUB_USE_X,0,kept,FALSE,FALSE,FALSE,FALSE
SD_02_EMT_STAFF_HOURS_ENFORCE,SD-P02-T00-CONSERV-EASEMENTS,PC,numeric,ONE,3,SD-P02-T00-CONSERV-EASEMENTS,PC,numeric,ONE,3,SD_02_EMT_STAFF_HOURS_ENFORCE,0,SD_02_EMT_STAFF_HOURS_ENFORCE,0,kept,FALSE,FALSE,FALSE,FALSE
SD_02_EMT_TOT_ACREAGE,SD-P02-T00-CONSERV-EASEMENTS,PC,numeric,ONE,3,SD-P02-T00-CONSERV-EASEMENTS,PC,numeric,ONE,3,SD_02_EMT_TOT_ACREAGE,0,SD_02_EMT_TOT_ACREAGE,0,kept,FALSE,FALSE,FALSE,FALSE
SD_02_EMT_TOT_NUM,SD-P02-T00-CONSERV-EASEMENTS,PC,numeric,ONE,3,SD-P02-T00-CONSERV-EASEMENTS,PC,numeric,ONE,3,SD_02_EMT_TOT_NUM,0,SD_02_EMT_TOT_NUM,0,kept,FALSE,FALSE,FALSE,FALSE
SD_02_EMT_WRITTEN_POLICY_X,SD-P02-T00-CONSERV-EASEMENTS,PC,checkbox,ONE,3,SD-P02-T00-CONSERV-EASEMENTS,PC,checkbox,ONE,3,SD_02_EMT_WRITTEN_POLICY_X,0,SD_02_EMT_WRITTEN_POLICY_X,0,kept,FALSE,FALSE,FALSE,FALSE
SD_03_ART_PUB_EXHIBITION_ASSET,SD-P03-T00-ORGS-COLLECT-ART-HIST-TREASURE-OTH,PC,numeric,ONE,3,SD-P03-T00-ORGS-COLLECT-ART-HIST-TREASURE-OTH,PC,numeric,ONE,3,SD_03_ART_PUB_EXHIBITION_ASSET,0,SD_03_ART_PUB_EXHIBITION_ASSET,0,kept,FALSE,FALSE,FALSE,FALSE
SD_03_ART_PUB_EXHIBITION_REV,SD-P03-T00-ORGS-COLLECT-ART-HIST-TREASURE-OTH,PC,numeric,ONE,3,SD-P03-T00-ORGS-COLLECT-ART-HIST-TREASURE-OTH,PC,numeric,ONE,3,SD_03_ART_PUB_EXHIBITION_REV,0,SD_03_ART_PUB_EXHIBITION_REV,0,kept,FALSE,FALSE,FALSE,FALSE
SD_03_COLLEC_LOAN_PROG_X,SD-P03-T00-ORGS-COLLECT-ART-HIST-TREASURE-OTH,PC,checkbox,ONE,3,SD-P03-T00-ORGS-COLLECT-ART-HIST-TREASURE-OTH,PC,checkbox,ONE,3,SD_03_COLLEC_LOAN_PROG_X,0,SD_03_COLLEC_LOAN_PROG_X,0,kept,FALSE,FALSE,FALSE,FALSE
SD_03_COLLEC_OTH_DESC,SD-P03-T00-ORGS-COLLECT-ART-HIST-TREASURE-OTH,PC,text,ONE,3,SD-P03-T00-ORGS-COLLECT-ART-HIST-TREASURE-OTH,PC,text,ONE,3,SD_03_COLLEC_OTH_DESC,0,SD_03_COLLEC_OTH_DESC,0,kept,FALSE,FALSE,FALSE,FALSE
SD_03_COLLEC_OTH_X,SD-P03-T00-ORGS-COLLECT-ART-HIST-TREASURE-OTH,PC,checkbox,ONE,2,SD-P03-T00-ORGS-COLLECT-ART-HIST-TREASURE-OTH,PC,checkbox,ONE,2,SD_03_COLLEC_OTH_X,0,SD_03_COLLEC_OTH_X,0,kept,FALSE,FALSE,FALSE,FALSE
SD_03_COLLEC_PRESERVATION_X,SD-P03-T00-ORGS-COLLECT-ART-HIST-TREASURE-OTH,PC,checkbox,ONE,3,SD-P03-T00-ORGS-COLLECT-ART-HIST-TREASURE-OTH,PC,checkbox,ONE,3,SD_03_COLLEC_PRESERVATION_X,0,SD_03_COLLEC_PRESERVATION_X,0,kept,FALSE,FALSE,FALSE,FALSE
SD_03_COLLEC_PUB_EXHIBITION_X,SD-P03-T00-ORGS-COLLECT-ART-HIST-TREASURE-OTH,PC,checkbox,ONE,3,SD-P03-T00-ORGS-COLLECT-ART-HIST-TREASURE-OTH,PC,checkbox,ONE,3,SD_03_COLLEC_PUB_EXHIBITION_X,0,SD_03_COLLEC_PUB_EXHIBITION_X,0,kept,FALSE,FALSE,FALSE,FALSE
SD_03_COLLEC_SCHOLAR_RSRCH_X,SD-P03-T00-ORGS-COLLECT-ART-HIST-TREASURE-OTH,PC,checkbox,ONE,3,SD-P03-T00-ORGS-COLLECT-ART-HIST-TREASURE-OTH,PC,checkbox,ONE,3,SD_03_COLLEC_SCHOLAR_RSRCH_X,0,SD_03_COLLEC_SCHOLAR_RSRCH_X,0,kept,FALSE,FALSE,FALSE,FALSE
SD_03_SOL_ASSET_SALE_X,SD-P03-T00-ORGS-COLLECT-ART-HIST-TREASURE-OTH,PC,checkbox,ONE,3,SD-P03-T00-ORGS-COLLECT-ART-HIST-TREASURE-OTH,PC,checkbox,ONE,3,SD_03_SOL_ASSET_SALE_X,0,SD_03_SOL_ASSET_SALE_X,0,kept,FALSE,FALSE,FALSE,FALSE
SD_03_WORKS_ART_ASSET,SD-P03-T00-ORGS-COLLECT-ART-HIST-TREASURE-OTH,PC,numeric,ONE,3,SD-P03-T00-ORGS-COLLECT-ART-HIST-TREASURE-OTH,PC,numeric,ONE,3,SD_03_WORKS_ART_ASSET,0,SD_03_WORKS_ART_ASSET,0,kept,FALSE,FALSE,FALSE,FALSE
SD_03_WORKS_ART_REV,SD-P03-T00-ORGS-COLLECT-ART-HIST-TREASURE-OTH,PC,numeric,ONE,3,SD-P03-T00-ORGS-COLLECT-ART-HIST-TREASURE-OTH,PC,numeric,ONE,3,SD_03_WORKS_ART_REV,0,SD_03_WORKS_ART_REV,0,kept,FALSE,FALSE,FALSE,FALSE
SD_04_AGENT_TRUSTEE_OTH_X,SD-P04-T00-ESCROW-CUSTODIAL-ARRANGEMENTS,PC,checkbox,ONE,3,SD-P04-T00-ESCROW-CUSTODIAL-ARRANGEMENTS,PC,checkbox,ONE,3,SD_04_AGENT_TRUSTEE_OTH_X,0,SD_04_AGENT_TRUSTEE_OTH_X,0,kept,FALSE,FALSE,FALSE,FALSE
SD_04_ESCROW_ACC_LIAB_INCL_P10_X,SD-P04-T00-ESCROW-CUSTODIAL-ARRANGEMENTS,PC,checkbox,ONE,3,SD-P04-T00-ESCROW-CUSTODIAL-ARRANGEMENTS,PC,checkbox,ONE,3,SD_04_ESCROW_ACC_LIAB_INCL_P10_X,0,SD_04_ESCROW_ACC_LIAB_INCL_P10_X,0,kept,FALSE,FALSE,FALSE,FALSE
SD_04_ESCROW_ADDITION,SD-P04-T00-ESCROW-CUSTODIAL-ARRANGEMENTS,PC,numeric,ONE,3,SD-P04-T00-ESCROW-CUSTODIAL-ARRANGEMENTS,PC,numeric,ONE,3,SD_04_ESCROW_ADDITION,0,SD_04_ESCROW_ADDITION,0,kept,FALSE,FALSE,FALSE,FALSE
SD_04_ESCROW_BALANCE_BEG,SD-P04-T00-ESCROW-CUSTODIAL-ARRANGEMENTS,PC,numeric,ONE,3,SD-P04-T00-ESCROW-CUSTODIAL-ARRANGEMENTS,PC,numeric,ONE,3,SD_04_ESCROW_BALANCE_BEG,0,SD_04_ESCROW_BALANCE_BEG,0,kept,FALSE,FALSE,FALSE,FALSE
SD_04_ESCROW_BALANCE_END,SD-P04-T00-ESCROW-CUSTODIAL-ARRANGEMENTS,PC,numeric,ONE,3,SD-P04-T00-ESCROW-CUSTODIAL-ARRANGEMENTS,PC,numeric,ONE,3,SD_04_ESCROW_BALANCE_END,0,SD_04_ESCROW_BALANCE_END,0,kept,FALSE,FALSE,FALSE,FALSE
SD_04_ESCROW_DIST,SD-P04-T00-ESCROW-CUSTODIAL-ARRANGEMENTS,PC,numeric,ONE,3,SD-P04-T00-ESCROW-CUSTODIAL-ARRANGEMENTS,PC,numeric,ONE,3,SD_04_ESCROW_DIST,0,SD_04_ESCROW_DIST,0,kept,FALSE,FALSE,FALSE,FALSE
SD_04_EXPLANATION_P13_X,SD-P04-T00-ESCROW-CUSTODIAL-ARRANGEMENTS,PC,checkbox,ONE,2,SD-P04-T00-ESCROW-CUSTODIAL-ARRANGEMENTS,PC,checkbox,ONE,2,SD_04_EXPLANATION_P13_X,0,SD_04_EXPLANATION_P13_X,0,kept,FALSE,FALSE,FALSE,FALSE
SD_05_ENDOW_BALANCE_BOY_CY,SD-P05-T00-ENDOWMENT,PC,numeric,ONE,3,SD-P05-T00-ENDOWMENT,PC,numeric,ONE,3,SD_05_ENDOW_BALANCE_BOY_CY,0,SD_05_ENDOW_BALANCE_BOY_CY,0,kept,FALSE,FALSE,FALSE,FALSE
SD_05_ENDOW_BALANCE_BOY_CY_M1,SD-P05-T00-ENDOWMENT,PC,numeric,ONE,2,SD-P05-T00-ENDOWMENT,PC,numeric,ONE,2,SD_05_ENDOW_BALANCE_BOY_CY_M1,0,SD_05_ENDOW_BALANCE_BOY_CY_M1,0,kept,FALSE,FALSE,FALSE,FALSE
SD_05_ENDOW_BALANCE_BOY_CY_M2,SD-P05-T00-ENDOWMENT,PC,numeric,ONE,2,SD-P05-T00-ENDOWMENT,PC,numeric,ONE,2,SD_05_ENDOW_BALANCE_BOY_CY_M2,0,SD_05_ENDOW_BALANCE_BOY_CY_M2,0,kept,FALSE,FALSE,FALSE,FALSE
SD_05_ENDOW_BALANCE_BOY_CY_M3,SD-P05-T00-ENDOWMENT,PC,numeric,ONE,2,SD-P05-T00-ENDOWMENT,PC,numeric,ONE,2,SD_05_ENDOW_BALANCE_BOY_CY_M3,0,SD_05_ENDOW_BALANCE_BOY_CY_M3,0,kept,FALSE,FALSE,FALSE,FALSE
SD_05_ENDOW_BALANCE_BOY_CY_M4,SD-P05-T00-ENDOWMENT,PC,numeric,ONE,2,SD-P05-T00-ENDOWMENT,PC,numeric,ONE,2,SD_05_ENDOW_BALANCE_BOY_CY_M4,0,SD_05_ENDOW_BALANCE_BOY_CY_M4,0,kept,FALSE,FALSE,FALSE,FALSE
SD_05_ENDOW_BALANCE_EOY_CY,SD-P05-T00-ENDOWMENT,PC,numeric,ONE,3,SD-P05-T00-ENDOWMENT,PC,numeric,ONE,3,SD_05_ENDOW_BALANCE_EOY_CY,0,SD_05_ENDOW_BALANCE_EOY_CY,0,kept,FALSE,FALSE,FALSE,FALSE
SD_05_ENDOW_BALANCE_EOY_CY_M1,SD-P05-T00-ENDOWMENT,PC,numeric,ONE,2,SD-P05-T00-ENDOWMENT,PC,numeric,ONE,2,SD_05_ENDOW_BALANCE_EOY_CY_M1,0,SD_05_ENDOW_BALANCE_EOY_CY_M1,0,kept,FALSE,FALSE,FALSE,FALSE
SD_05_ENDOW_BALANCE_EOY_CY_M2,SD-P05-T00-ENDOWMENT,PC,numeric,ONE,2,SD-P05-T00-ENDOWMENT,PC,numeric,ONE,2,SD_05_ENDOW_BALANCE_EOY_CY_M2,0,SD_05_ENDOW_BALANCE_EOY_CY_M2,0,kept,FALSE,FALSE,FALSE,FALSE
SD_05_ENDOW_BALANCE_EOY_CY_M3,SD-P05-T00-ENDOWMENT,PC,numeric,ONE,2,SD-P05-T00-ENDOWMENT,PC,numeric,ONE,2,SD_05_ENDOW_BALANCE_EOY_CY_M3,0,SD_05_ENDOW_BALANCE_EOY_CY_M3,0,kept,FALSE,FALSE,FALSE,FALSE
SD_05_ENDOW_BALANCE_EOY_CY_M4,SD-P05-T00-ENDOWMENT,PC,numeric,ONE,2,SD-P05-T00-ENDOWMENT,PC,numeric,ONE,2,SD_05_ENDOW_BALANCE_EOY_CY_M4,0,SD_05_ENDOW_BALANCE_EOY_CY_M4,0,kept,FALSE,FALSE,FALSE,FALSE
SD_05_ENDOW_CONTR_CY,SD-P05-T00-ENDOWMENT,PC,numeric,ONE,3,SD-P05-T00-ENDOWMENT,PC,numeric,ONE,3,SD_05_ENDOW_CONTR_CY,0,SD_05_ENDOW_CONTR_CY,0,kept,FALSE,FALSE,FALSE,FALSE
SD_05_ENDOW_CONTR_CY_M1,SD-P05-T00-ENDOWMENT,PC,numeric,ONE,2,SD-P05-T00-ENDOWMENT,PC,numeric,ONE,2,SD_05_ENDOW_CONTR_CY_M1,0,SD_05_ENDOW_CONTR_CY_M1,0,kept,FALSE,FALSE,FALSE,FALSE
SD_05_ENDOW_CONTR_CY_M2,SD-P05-T00-ENDOWMENT,PC,numeric,ONE,2,SD-P05-T00-ENDOWMENT,PC,numeric,ONE,2,SD_05_ENDOW_CONTR_CY_M2,0,SD_05_ENDOW_CONTR_CY_M2,0,kept,FALSE,FALSE,FALSE,FALSE
SD_05_ENDOW_CONTR_CY_M3,SD-P05-T00-ENDOWMENT,PC,numeric,ONE,2,SD-P05-T00-ENDOWMENT,PC,numeric,ONE,2,SD_05_ENDOW_CONTR_CY_M3,0,SD_05_ENDOW_CONTR_CY_M3,0,kept,FALSE,FALSE,FALSE,FALSE
SD_05_ENDOW_CONTR_CY_M4,SD-P05-T00-ENDOWMENT,PC,numeric,ONE,2,SD-P05-T00-ENDOWMENT,PC,numeric,ONE,2,SD_05_ENDOW_CONTR_CY_M4,0,SD_05_ENDOW_CONTR_CY_M4,0,kept,FALSE,FALSE,FALSE,FALSE
SD_05_ENDOW_EXP_ADMIN_CY,SD-P05-T00-ENDOWMENT,PC,numeric,ONE,3,SD-P05-T00-ENDOWMENT,PC,numeric,ONE,3,SD_05_ENDOW_EXP_ADMIN_CY,0,SD_05_ENDOW_EXP_ADMIN_CY,0,kept,FALSE,FALSE,FALSE,FALSE
SD_05_ENDOW_EXP_ADMIN_CY_M1,SD-P05-T00-ENDOWMENT,PC,numeric,ONE,2,SD-P05-T00-ENDOWMENT,PC,numeric,ONE,2,SD_05_ENDOW_EXP_ADMIN_CY_M1,0,SD_05_ENDOW_EXP_ADMIN_CY_M1,0,kept,FALSE,FALSE,FALSE,FALSE
SD_05_ENDOW_EXP_ADMIN_CY_M2,SD-P05-T00-ENDOWMENT,PC,numeric,ONE,2,SD-P05-T00-ENDOWMENT,PC,numeric,ONE,2,SD_05_ENDOW_EXP_ADMIN_CY_M2,0,SD_05_ENDOW_EXP_ADMIN_CY_M2,0,kept,FALSE,FALSE,FALSE,FALSE
SD_05_ENDOW_EXP_ADMIN_CY_M3,SD-P05-T00-ENDOWMENT,PC,numeric,ONE,2,SD-P05-T00-ENDOWMENT,PC,numeric,ONE,2,SD_05_ENDOW_EXP_ADMIN_CY_M3,0,SD_05_ENDOW_EXP_ADMIN_CY_M3,0,kept,FALSE,FALSE,FALSE,FALSE
SD_05_ENDOW_EXP_ADMIN_CY_M4,SD-P05-T00-ENDOWMENT,PC,numeric,ONE,2,SD-P05-T00-ENDOWMENT,PC,numeric,ONE,2,SD_05_ENDOW_EXP_ADMIN_CY_M4,0,SD_05_ENDOW_EXP_ADMIN_CY_M4,0,kept,FALSE,FALSE,FALSE,FALSE
SD_05_ENDOW_EXP_OTH_CY,SD-P05-T00-ENDOWMENT,PC,numeric,ONE,3,SD-P05-T00-ENDOWMENT,PC,numeric,ONE,3,SD_05_ENDOW_EXP_OTH_CY,0,SD_05_ENDOW_EXP_OTH_CY,0,kept,FALSE,FALSE,FALSE,FALSE
SD_05_ENDOW_EXP_OTH_CY_M1,SD-P05-T00-ENDOWMENT,PC,numeric,ONE,2,SD-P05-T00-ENDOWMENT,PC,numeric,ONE,2,SD_05_ENDOW_EXP_OTH_CY_M1,0,SD_05_ENDOW_EXP_OTH_CY_M1,0,kept,FALSE,FALSE,FALSE,FALSE
SD_05_ENDOW_EXP_OTH_CY_M2,SD-P05-T00-ENDOWMENT,PC,numeric,ONE,2,SD-P05-T00-ENDOWMENT,PC,numeric,ONE,2,SD_05_ENDOW_EXP_OTH_CY_M2,0,SD_05_ENDOW_EXP_OTH_CY_M2,0,kept,FALSE,FALSE,FALSE,FALSE
SD_05_ENDOW_EXP_OTH_CY_M3,SD-P05-T00-ENDOWMENT,PC,numeric,ONE,2,SD-P05-T00-ENDOWMENT,PC,numeric,ONE,2,SD_05_ENDOW_EXP_OTH_CY_M3,0,SD_05_ENDOW_EXP_OTH_CY_M3,0,kept,FALSE,FALSE,FALSE,FALSE
SD_05_ENDOW_EXP_OTH_CY_M4,SD-P05-T00-ENDOWMENT,PC,numeric,ONE,2,SD-P05-T00-ENDOWMENT,PC,numeric,ONE,2,SD_05_ENDOW_EXP_OTH_CY_M4,0,SD_05_ENDOW_EXP_OTH_CY_M4,0,kept,FALSE,FALSE,FALSE,FALSE
SD_05_ENDOW_GRANT_CY,SD-P05-T00-ENDOWMENT,PC,numeric,ONE,3,SD-P05-T00-ENDOWMENT,PC,numeric,ONE,3,SD_05_ENDOW_GRANT_CY,0,SD_05_ENDOW_GRANT_CY,0,kept,FALSE,FALSE,FALSE,FALSE
SD_05_ENDOW_GRANT_CY_M1,SD-P05-T00-ENDOWMENT,PC,numeric,ONE,2,SD-P05-T00-ENDOWMENT,PC,numeric,ONE,2,SD_05_ENDOW_GRANT_CY_M1,0,SD_05_ENDOW_GRANT_CY_M1,0,kept,FALSE,FALSE,FALSE,FALSE
SD_05_ENDOW_GRANT_CY_M2,SD-P05-T00-ENDOWMENT,PC,numeric,ONE,2,SD-P05-T00-ENDOWMENT,PC,numeric,ONE,2,SD_05_ENDOW_GRANT_CY_M2,0,SD_05_ENDOW_GRANT_CY_M2,0,kept,FALSE,FALSE,FALSE,FALSE
SD_05_ENDOW_GRANT_CY_M3,SD-P05-T00-ENDOWMENT,PC,numeric,ONE,2,SD-P05-T00-ENDOWMENT,PC,numeric,ONE,2,SD_05_ENDOW_GRANT_CY_M3,0,SD_05_ENDOW_GRANT_CY_M3,0,kept,FALSE,FALSE,FALSE,FALSE
SD_05_ENDOW_GRANT_CY_M4,SD-P05-T00-ENDOWMENT,PC,numeric,ONE,2,SD-P05-T00-ENDOWMENT,PC,numeric,ONE,2,SD_05_ENDOW_GRANT_CY_M4,0,SD_05_ENDOW_GRANT_CY_M4,0,kept,FALSE,FALSE,FALSE,FALSE
SD_05_ENDOW_HELD_ORG_RLTD_X,SD-P05-T00-ENDOWMENT,PC,checkbox,ONE,3,SD-P05-T00-ENDOWMENT,PC,checkbox,ONE,3,SD_05_ENDOW_HELD_ORG_RLTD_X,0,SD_05_ENDOW_HELD_ORG_RLTD_X,0,kept,FALSE,FALSE,FALSE,FALSE
SD_05_ENDOW_HELD_ORG_UNRLTD_X,SD-P05-T00-ENDOWMENT,PC,checkbox,ONE,3,SD-P05-T00-ENDOWMENT,PC,checkbox,ONE,3,SD_05_ENDOW_HELD_ORG_UNRLTD_X,0,SD_05_ENDOW_HELD_ORG_UNRLTD_X,0,kept,FALSE,FALSE,FALSE,FALSE
SD_05_ENDOW_INVEST_CY,SD-P05-T00-ENDOWMENT,PC,numeric,ONE,3,SD-P05-T00-ENDOWMENT,PC,numeric,ONE,3,SD_05_ENDOW_INVEST_CY,0,SD_05_ENDOW_INVEST_CY,0,kept,FALSE,FALSE,FALSE,FALSE
SD_05_ENDOW_INVEST_CY_M1,SD-P05-T00-ENDOWMENT,PC,numeric,ONE,2,SD-P05-T00-ENDOWMENT,PC,numeric,ONE,2,SD_05_ENDOW_INVEST_CY_M1,0,SD_05_ENDOW_INVEST_CY_M1,0,kept,FALSE,FALSE,FALSE,FALSE
SD_05_ENDOW_INVEST_CY_M2,SD-P05-T00-ENDOWMENT,PC,numeric,ONE,2,SD-P05-T00-ENDOWMENT,PC,numeric,ONE,2,SD_05_ENDOW_INVEST_CY_M2,0,SD_05_ENDOW_INVEST_CY_M2,0,kept,FALSE,FALSE,FALSE,FALSE
SD_05_ENDOW_INVEST_CY_M3,SD-P05-T00-ENDOWMENT,PC,numeric,ONE,2,SD-P05-T00-ENDOWMENT,PC,numeric,ONE,2,SD_05_ENDOW_INVEST_CY_M3,0,SD_05_ENDOW_INVEST_CY_M3,0,kept,FALSE,FALSE,FALSE,FALSE
SD_05_ENDOW_INVEST_CY_M4,SD-P05-T00-ENDOWMENT,PC,numeric,ONE,2,SD-P05-T00-ENDOWMENT,PC,numeric,ONE,2,SD_05_ENDOW_INVEST_CY_M4,0,SD_05_ENDOW_INVEST_CY_M4,0,kept,FALSE,FALSE,FALSE,FALSE
SD_05_PCT_L1G_BOARD_DESIGNATED,SD-P05-T00-ENDOWMENT,PC,numeric,ONE,3,SD-P05-T00-ENDOWMENT,PC,numeric,ONE,3,SD_05_PCT_L1G_BOARD_DESIGNATED,0,SD_05_PCT_L1G_BOARD_DESIGNATED,0,kept,FALSE,FALSE,FALSE,FALSE
SD_05_PCT_L1G_PERMANENT_ENDOW,SD-P05-T00-ENDOWMENT,PC,numeric,ONE,3,SD-P05-T00-ENDOWMENT,PC,numeric,ONE,3,SD_05_PCT_L1G_PERMANENT_ENDOW,0,SD_05_PCT_L1G_PERMANENT_ENDOW,0,kept,FALSE,FALSE,FALSE,FALSE
SD_05_PCT_L1G_TERM_ENDOW,SD-P05-T00-ENDOWMENT,PC,numeric,ONE,3,SD-P05-T00-ENDOWMENT,PC,numeric,ONE,3,SD_05_PCT_L1G_TERM_ENDOW,0,SD_05_PCT_L1G_TERM_ENDOW,0,kept,FALSE,FALSE,FALSE,FALSE
SD_05_RLTD_ORG_LISTED_SCHED_R_X,SD-P05-T00-ENDOWMENT,PC,checkbox,ONE,3,SD-P05-T00-ENDOWMENT,PC,checkbox,ONE,3,SD_05_RLTD_ORG_LISTED_SCHED_R_X,0,SD_05_RLTD_ORG_LISTED_SCHED_R_X,0,kept,FALSE,FALSE,FALSE,FALSE
SD_06_ORG_BLDG_BV,SD-P06-T00-LAND-BLDG-EQUIP,PC,numeric,ONE,3,SD-P06-T00-LAND-BLDG-EQUIP,PC,numeric,ONE,3,SD_06_ORG_BLDG_BV,0,SD_06_ORG_BLDG_BV,0,kept,FALSE,FALSE,FALSE,FALSE
SD_06_ORG_BLDG_COST_INVEST,SD-P06-T00-LAND-BLDG-EQUIP,PC,numeric,ONE,3,SD-P06-T00-LAND-BLDG-EQUIP,PC,numeric,ONE,3,SD_06_ORG_BLDG_COST_INVEST,0,SD_06_ORG_BLDG_COST_INVEST,0,kept,FALSE,FALSE,FALSE,FALSE
SD_06_ORG_BLDG_COST_OTH,SD-P06-T00-LAND-BLDG-EQUIP,PC,numeric,ONE,3,SD-P06-T00-LAND-BLDG-EQUIP,PC,numeric,ONE,3,SD_06_ORG_BLDG_COST_OTH,0,SD_06_ORG_BLDG_COST_OTH,0,kept,FALSE,FALSE,FALSE,FALSE
SD_06_ORG_BLDG_DEPREC,SD-P06-T00-LAND-BLDG-EQUIP,PC,numeric,ONE,3,SD-P06-T00-LAND-BLDG-EQUIP,PC,numeric,ONE,3,SD_06_ORG_BLDG_DEPREC,0,SD_06_ORG_BLDG_DEPREC,0,kept,FALSE,FALSE,FALSE,FALSE
SD_06_ORG_EQUIP_BV,SD-P06-T00-LAND-BLDG-EQUIP,PC,numeric,ONE,3,SD-P06-T00-LAND-BLDG-EQUIP,PC,numeric,ONE,3,SD_06_ORG_EQUIP_BV,0,SD_06_ORG_EQUIP_BV,0,kept,FALSE,FALSE,FALSE,FALSE
SD_06_ORG_EQUIP_COST_INVEST,SD-P06-T00-LAND-BLDG-EQUIP,PC,numeric,ONE,3,SD-P06-T00-LAND-BLDG-EQUIP,PC,numeric,ONE,3,SD_06_ORG_EQUIP_COST_INVEST,0,SD_06_ORG_EQUIP_COST_INVEST,0,kept,FALSE,FALSE,FALSE,FALSE
SD_06_ORG_EQUIP_COST_OTH,SD-P06-T00-LAND-BLDG-EQUIP,PC,numeric,ONE,3,SD-P06-T00-LAND-BLDG-EQUIP,PC,numeric,ONE,3,SD_06_ORG_EQUIP_COST_OTH,0,SD_06_ORG_EQUIP_COST_OTH,0,kept,FALSE,FALSE,FALSE,FALSE
SD_06_ORG_EQUIP_DEPREC,SD-P06-T00-LAND-BLDG-EQUIP,PC,numeric,ONE,3,SD-P06-T00-LAND-BLDG-EQUIP,PC,numeric,ONE,3,SD_06_ORG_EQUIP_DEPREC,0,SD_06_ORG_EQUIP_DEPREC,0,kept,FALSE,FALSE,FALSE,FALSE
SD_06_ORG_LAND_BV,SD-P06-T00-LAND-BLDG-EQUIP,PC,numeric,ONE,3,SD-P06-T00-LAND-BLDG-EQUIP,PC,numeric,ONE,3,SD_06_ORG_LAND_BV,0,SD_06_ORG_LAND_BV,0,kept,FALSE,FALSE,FALSE,FALSE
SD_06_ORG_LAND_COST_INVEST,SD-P06-T00-LAND-BLDG-EQUIP,PC,numeric,ONE,3,SD-P06-T00-LAND-BLDG-EQUIP,PC,numeric,ONE,3,SD_06_ORG_LAND_COST_INVEST,0,SD_06_ORG_LAND_COST_INVEST,0,kept,FALSE,FALSE,FALSE,FALSE
SD_06_ORG_LAND_COST_OTH,SD-P06-T00-LAND-BLDG-EQUIP,PC,numeric,ONE,3,SD-P06-T00-LAND-BLDG-EQUIP,PC,numeric,ONE,3,SD_06_ORG_LAND_COST_OTH,0,SD_06_ORG_LAND_COST_OTH,0,kept,FALSE,FALSE,FALSE,FALSE
SD_06_ORG_LEASEHOLD_BV,SD-P06-T00-LAND-BLDG-EQUIP,PC,numeric,ONE,3,SD-P06-T00-LAND-BLDG-EQUIP,PC,numeric,ONE,3,SD_06_ORG_LEASEHOLD_BV,0,SD_06_ORG_LEASEHOLD_BV,0,kept,FALSE,FALSE,FALSE,FALSE
SD_06_ORG_LEASEHOLD_COST_INVEST,SD-P06-T00-LAND-BLDG-EQUIP,PC,numeric,ONE,3,SD-P06-T00-LAND-BLDG-EQUIP,PC,numeric,ONE,3,SD_06_ORG_LEASEHOLD_COST_INVEST,0,SD_06_ORG_LEASEHOLD_COST_INVEST,0,kept,FALSE,FALSE,FALSE,FALSE
SD_06_ORG_LEASEHOLD_COST_OTH,SD-P06-T00-LAND-BLDG-EQUIP,PC,numeric,ONE,3,SD-P06-T00-LAND-BLDG-EQUIP,PC,numeric,ONE,3,SD_06_ORG_LEASEHOLD_COST_OTH,0,SD_06_ORG_LEASEHOLD_COST_OTH,0,kept,FALSE,FALSE,FALSE,FALSE
SD_06_ORG_LEASEHOLD_DEPREC,SD-P06-T00-LAND-BLDG-EQUIP,PC,numeric,ONE,3,SD-P06-T00-LAND-BLDG-EQUIP,PC,numeric,ONE,3,SD_06_ORG_LEASEHOLD_DEPREC,0,SD_06_ORG_LEASEHOLD_DEPREC,0,kept,FALSE,FALSE,FALSE,FALSE
SD_06_ORG_OTH_BV,SD-P06-T00-LAND-BLDG-EQUIP,PC,numeric,ONE,3,SD-P06-T00-LAND-BLDG-EQUIP,PC,numeric,ONE,3,SD_06_ORG_OTH_BV,0,SD_06_ORG_OTH_BV,0,kept,FALSE,FALSE,FALSE,FALSE
SD_06_ORG_OTH_COST_INVEST,SD-P06-T00-LAND-BLDG-EQUIP,PC,numeric,ONE,3,SD-P06-T00-LAND-BLDG-EQUIP,PC,numeric,ONE,3,SD_06_ORG_OTH_COST_INVEST,0,SD_06_ORG_OTH_COST_INVEST,0,kept,FALSE,FALSE,FALSE,FALSE
SD_06_ORG_OTH_COST_OTH,SD-P06-T00-LAND-BLDG-EQUIP,PC,numeric,ONE,3,SD-P06-T00-LAND-BLDG-EQUIP,PC,numeric,ONE,3,SD_06_ORG_OTH_COST_OTH,0,SD_06_ORG_OTH_COST_OTH,0,kept,FALSE,FALSE,FALSE,FALSE
SD_06_ORG_OTH_DEPREC,SD-P06-T00-LAND-BLDG-EQUIP,PC,numeric,ONE,3,SD-P06-T00-LAND-BLDG-EQUIP,PC,numeric,ONE,3,SD_06_ORG_OTH_DEPREC,0,SD_06_ORG_OTH_DEPREC,0,kept,FALSE,FALSE,FALSE,FALSE
SD_06_ORG_TOT_BV,SD-P06-T00-LAND-BLDG-EQUIP,PC,numeric,ONE,3,SD-P06-T00-LAND-BLDG-EQUIP,PC,numeric,ONE,3,SD_06_ORG_TOT_BV,0,SD_06_ORG_TOT_BV,0,kept,FALSE,FALSE,FALSE,FALSE
SD_07_INVEST_SEC_DERIVATIVE_BV,SD-P07-T01-INVESTMENTS-OTH-DERIVATIVES,PC,numeric,MANY,3,SD-P07-T00-INVESTMENTS-OTH-DERIVATIVES,PC,numeric,ONE,3,SD_07_INVEST_SEC_DERIVATIVE_BV,0,SD_07_INVEST_SEC_DERIVATIVE_BV,0,moved_table,,,,
SD_07_INVEST_SEC_DERIVATIVE_MOV,SD-P07-T01-INVESTMENTS-OTH-DERIVATIVES,PC,numeric,MANY,3,SD-P07-T00-INVESTMENTS-OTH-DERIVATIVES,PC,text,ONE,3,SD_07_INVEST_SEC_DERIVATIVE_MOV,0,SD_07_INVEST_SEC_DERIVATIVE_MOV,0,moved_table,,,,
SD_07_INVEST_SEC_EQ_INT_BV,SD-P07-T01-INVESTMENTS-OTH-EQUITY,PC,numeric,MANY,3,SD-P07-T00-INVESTMENTS-OTH-EQUITY,PC,numeric,ONE,3,SD_07_INVEST_SEC_EQ_INT_BV,0,SD_07_INVEST_SEC_EQ_INT_BV,0,moved_table,,,,
SD_07_INVEST_SEC_EQ_INT_MOV,SD-P07-T01-INVESTMENTS-OTH-EQUITY,PC,numeric,MANY,3,SD-P07-T00-INVESTMENTS-OTH-EQUITY,PC,text,ONE,3,SD_07_INVEST_SEC_EQ_INT_MOV,0,SD_07_INVEST_SEC_EQ_INT_MOV,0,moved_table,,,,
SD_07_INVEST_SEC_OTH_BV,SD-P07-T01-INVESTMENTS-OTH-SECURITIES,PC,numeric,MANY,3,SD-P07-T01-INVESTMENTS-OTH-SECURITIES,PC,numeric,MANY,3,SD_07_INVEST_SEC_OTH_BV,0,SD_07_INVEST_SEC_OTH_BV,0,kept,FALSE,FALSE,FALSE,FALSE
SD_07_INVEST_SEC_OTH_DESC,SD-P07-T01-INVESTMENTS-OTH-SECURITIES,PC,text,MANY,3,SD-P07-T01-INVESTMENTS-OTH-SECURITIES,PC,text,MANY,3,SD_07_INVEST_SEC_OTH_DESC,0,SD_07_INVEST_SEC_OTH_DESC,0,kept,FALSE,FALSE,FALSE,FALSE
SD_07_INVEST_SEC_OTH_MOV,SD-P07-T01-INVESTMENTS-OTH-SECURITIES,PC,numeric,MANY,3,SD-P07-T01-INVESTMENTS-OTH-SECURITIES,PC,text,MANY,3,SD_07_INVEST_SEC_OTH_MOV,0,SD_07_INVEST_SEC_OTH_MOV,0,kept,FALSE,TRUE,FALSE,FALSE
SD_07_INVEST_SEC_TOT_BV,SD-P07-T00-INVESTMENTS-SECURITIES,PC,numeric,ONE,3,SD-P07-T00-INVESTMENTS-SECURITIES,PC,numeric,ONE,3,SD_07_INVEST_SEC_TOT_BV,0,SD_07_INVEST_SEC_TOT_BV,0,kept,FALSE,FALSE,FALSE,FALSE
SD_08_INVEST_PROG_RLTD_BV,SD-P08-T01-INVESTMENTS-PROG-RLTD,PC,numeric,MANY,3,SD-P08-T01-INVESTMENTS-PROG-RLTD,PC,numeric,MANY,3,SD_08_INVEST_PROG_RLTD_BV,0,SD_08_INVEST_PROG_RLTD_BV,0,kept,FALSE,FALSE,FALSE,FALSE
SD_08_INVEST_PROG_RLTD_BV_TOT,SD-P08-T00-INVESTMENTS-PROG-RLTD,PC,numeric,ONE,3,SD-P08-T00-INVESTMENTS-PROG-RLTD,PC,numeric,ONE,3,SD_08_INVEST_PROG_RLTD_BV_TOT,0,SD_08_INVEST_PROG_RLTD_BV_TOT,0,kept,FALSE,FALSE,FALSE,FALSE
SD_08_INVEST_PROG_RLTD_DESC,SD-P08-T01-INVESTMENTS-PROG-RLTD,PC,text,MANY,3,SD-P08-T01-INVESTMENTS-PROG-RLTD,PC,text,MANY,3,SD_08_INVEST_PROG_RLTD_DESC,0,SD_08_INVEST_PROG_RLTD_DESC,0,kept,FALSE,FALSE,FALSE,FALSE
SD_08_INVEST_PROG_RLTD_MOV,SD-P08-T01-INVESTMENTS-PROG-RLTD,PC,numeric,MANY,3,SD-P08-T01-INVESTMENTS-PROG-RLTD,PC,text,MANY,3,SD_08_INVEST_PROG_RLTD_MOV,0,SD_08_INVEST_PROG_RLTD_MOV,0,kept,FALSE,TRUE,FALSE,FALSE
SD_09_OTH_ASSET_BV,SD-P09-T01-OTH-ASSETS,PC,numeric,MANY,3,SD-P09-T01-OTH-ASSETS,PC,numeric,MANY,3,SD_09_OTH_ASSET_BV,0,SD_09_OTH_ASSET_BV,0,kept,FALSE,FALSE,FALSE,FALSE
SD_09_OTH_ASSET_BV_TOT,SD-P09-T00-OTH-ASSETS,PC,numeric,ONE,3,SD-P09-T00-OTH-ASSETS,PC,numeric,ONE,3,SD_09_OTH_ASSET_BV_TOT,0,SD_09_OTH_ASSET_BV_TOT,0,kept,FALSE,FALSE,FALSE,FALSE
SD_09_OTH_ASSET_DESC,SD-P09-T01-OTH-ASSETS,PC,numeric,MANY,3,SD-P09-T01-OTH-ASSETS,PC,text,MANY,3,SD_09_OTH_ASSET_DESC,0,SD_09_OTH_ASSET_DESC,0,kept,FALSE,TRUE,FALSE,FALSE
SD_10_LIAB_FED_INCOME_TAX_BV,SD-P10-T00-OTH-LIABILITIES,PC,numeric,ONE,3,SD-P10-T00-OTH-LIABILITIES,PC,numeric,ONE,3,SD_10_LIAB_FED_INCOME_TAX_BV,0,SD_10_LIAB_FED_INCOME_TAX_BV,0,kept,FALSE,FALSE,FALSE,FALSE
SD_10_LIAB_FOOTNOTE_PART_08_X,SD-P10-T00-OTH-LIABILITIES,PC,checkbox,ONE,2,SD-P10-T00-OTH-LIABILITIES,PC,checkbox,ONE,2,SD_10_LIAB_FOOTNOTE_PART_08_X,0,SD_10_LIAB_FOOTNOTE_PART_08_X,0,kept,FALSE,FALSE,FALSE,FALSE
SD_10_LIAB_OTH_BV,SD-P10-T01-OTH-LIABILITIES,PC,numeric,MANY,3,SD-P10-T01-OTH-LIABILITIES,PC,numeric,MANY,3,SD_10_LIAB_OTH_BV,0,SD_10_LIAB_OTH_BV,0,kept,FALSE,FALSE,FALSE,FALSE
SD_10_LIAB_OTH_DESC,SD-P10-T01-OTH-LIABILITIES,PC,text,MANY,3,SD-P10-T01-OTH-LIABILITIES,PC,text,MANY,3,SD_10_LIAB_OTH_DESC,0,SD_10_LIAB_OTH_DESC,0,kept,FALSE,FALSE,FALSE,FALSE
SD_10_LIAB_TOT_BV,SD-P10-T00-OTH-LIABILITIES,PC,numeric,ONE,3,SD-P10-T00-OTH-LIABILITIES,PC,numeric,ONE,3,SD_10_LIAB_TOT_BV,0,SD_10_LIAB_TOT_BV,0,kept,FALSE,FALSE,FALSE,FALSE
SD_11_RECO_REV_ADD_L2ABCD,SD-P11-T00-RECONCILIATION-REVENUE,PC,numeric,ONE,3,SD-P11-T00-RECONCILIATION-REVENUE,PC,numeric,ONE,3,SD_11_RECO_REV_ADD_L2ABCD,0,SD_11_RECO_REV_ADD_L2ABCD,0,kept,FALSE,FALSE,FALSE,FALSE
SD_11_RECO_REV_ADD_L4AB,SD-P11-T00-RECONCILIATION-REVENUE,PC,numeric,ONE,2,SD-P11-T00-RECONCILIATION-REVENUE,PC,numeric,ONE,3,SD_11_RECO_REV_ADD_L4AB,0,SD_11_RECO_REV_ADD_L4AB;SD_12_RECO_EXP_ADD_L4AB,0,kept,FALSE,FALSE,FALSE,TRUE
SD_11_RECO_REV_DONATED_SVC,SD-P11-T00-RECONCILIATION-REVENUE,PC,numeric,ONE,3,SD-P11-T00-RECONCILIATION-REVENUE,PC,numeric,ONE,3,SD_11_RECO_REV_DONATED_SVC,0,SD_11_RECO_REV_DONATED_SVC,0,kept,FALSE,FALSE,FALSE,FALSE
SD_11_RECO_REV_GRANT_PY,SD-P11-T00-RECONCILIATION-REVENUE,PC,numeric,ONE,3,SD-P11-T00-RECONCILIATION-REVENUE,PC,numeric,ONE,3,SD_11_RECO_REV_GRANT_PY,0,SD_11_RECO_REV_GRANT_PY,0,kept,FALSE,FALSE,FALSE,FALSE
SD_11_RECO_REV_INVEST_NO_INCL,SD-P11-T00-RECONCILIATION-REVENUE,PC,numeric,ONE,3,SD-P11-T00-RECONCILIATION-REVENUE,PC,numeric,ONE,3,SD_11_RECO_REV_INVEST_NO_INCL,0,SD_11_RECO_REV_INVEST_NO_INCL,0,kept,FALSE,FALSE,FALSE,FALSE
SD_11_RECO_REV_NUGAINS_INVEST,SD-P11-T00-RECONCILIATION-REVENUE,PC,numeric,ONE,3,SD-P11-T00-RECONCILIATION-REVENUE,PC,numeric,ONE,3,SD_11_RECO_REV_NUGAINS_INVEST,0,SD_11_RECO_REV_NUGAINS_INVEST,0,kept,FALSE,FALSE,FALSE,FALSE
SD_11_RECO_REV_OTH,SD-P11-T00-RECONCILIATION-REVENUE,PC,numeric,ONE,3,SD-P11-T00-RECONCILIATION-REVENUE,PC,numeric,ONE,3,SD_11_RECO_REV_OTH,0,SD_11_RECO_REV_OTH,0,kept,FALSE,FALSE,FALSE,FALSE
SD_11_RECO_REV_OTH_NO_INCL,SD-P11-T00-RECONCILIATION-REVENUE,PC,numeric,ONE,3,SD-P11-T00-RECONCILIATION-REVENUE,PC,numeric,ONE,3,SD_11_RECO_REV_OTH_NO_INCL,0,SD_11_RECO_REV_OTH_NO_INCL,0,kept,FALSE,FALSE,FALSE,FALSE
SD_11_RECO_REV_SUBTRACT_L2E_L1,SD-P11-T00-RECONCILIATION-REVENUE,PC,numeric,ONE,3,SD-P11-T00-RECONCILIATION-REVENUE,PC,numeric,ONE,3,SD_11_RECO_REV_SUBTRACT_L2E_L1,0,SD_11_RECO_REV_SUBTRACT_L2E_L1,0,kept,FALSE,FALSE,FALSE,FALSE
SD_11_RECO_REV_TOT,SD-P11-T00-RECONCILIATION-REVENUE,PC,numeric,ONE,3,SD-P11-T00-RECONCILIATION-REVENUE,PC,numeric,ONE,3,SD_11_RECO_REV_TOT,0,SD_11_RECO_REV_TOT,0,kept,FALSE,FALSE,FALSE,FALSE
SD_11_RECO_REV_TOT_PER_AFS,SD-P11-T00-RECONCILIATION-REVENUE,PC,numeric,ONE,4,SD-P11-T00-RECONCILIATION-REVENUE,PC,numeric,ONE,4,SD_11_RECO_REV_TOT_PER_AFS,0,SD_11_RECO_REV_TOT_PER_AFS,0,kept,FALSE,FALSE,FALSE,FALSE
SD_12_RECO_EXP_ADD_L2A_2D,SD-P12-T00-RECONCILIATION-EXPENSES,PC,numeric,ONE,3,SD-P12-T00-RECONCILIATION-EXPENSES,PC,numeric,ONE,3,SD_12_RECO_EXP_ADD_L2A_2D,0,SD_12_RECO_EXP_ADD_L2A_2D,0,kept,FALSE,FALSE,FALSE,FALSE
SD_12_RECO_EXP_ADD_L4AB,SD-P12-T00-RECONCILIATION-EXPENSES,PC,numeric,ONE,4,SD-P12-T00-RECONCILIATION-EXPENSES,PC,numeric,ONE,3,SD_11_RECO_REV_ADD_L4AB;SD_12_RECO_EXP_ADD_L4AB,0,SD_12_RECO_EXP_ADD_L4AB,0,kept,FALSE,FALSE,FALSE,TRUE
SD_12_RECO_EXP_DONATED_SVC,SD-P12-T00-RECONCILIATION-EXPENSES,PC,numeric,ONE,3,SD-P12-T00-RECONCILIATION-EXPENSES,PC,numeric,ONE,3,SD_12_RECO_EXP_DONATED_SVC,0,SD_12_RECO_EXP_DONATED_SVC,0,kept,FALSE,FALSE,FALSE,FALSE
SD_12_RECO_EXP_INVEST_NO_INCL,SD-P12-T00-RECONCILIATION-EXPENSES,PC,numeric,ONE,3,SD-P12-T00-RECONCILIATION-EXPENSES,PC,numeric,ONE,3,SD_12_RECO_EXP_INVEST_NO_INCL,0,SD_12_RECO_EXP_INVEST_NO_INCL,0,kept,FALSE,FALSE,FALSE,FALSE
SD_12_RECO_EXP_LOSSES,SD-P12-T00-RECONCILIATION-EXPENSES,PC,numeric,ONE,3,SD-P12-T00-RECONCILIATION-EXPENSES,PC,numeric,ONE,3,SD_12_RECO_EXP_LOSSES,0,SD_12_RECO_EXP_LOSSES,0,kept,FALSE,FALSE,FALSE,FALSE
SD_12_RECO_EXP_OTH_INCL,SD-P12-T00-RECONCILIATION-EXPENSES,PC,numeric,ONE,3,SD-P12-T00-RECONCILIATION-EXPENSES,PC,numeric,ONE,3,SD_12_RECO_EXP_OTH_INCL,0,SD_12_RECO_EXP_OTH_INCL,0,kept,FALSE,FALSE,FALSE,FALSE
SD_12_RECO_EXP_OTH_NO_INCL,SD-P12-T00-RECONCILIATION-EXPENSES,PC,numeric,ONE,3,SD-P12-T00-RECONCILIATION-EXPENSES,PC,numeric,ONE,3,SD_12_RECO_EXP_OTH_NO_INCL,0,SD_12_RECO_EXP_OTH_NO_INCL,0,kept,FALSE,FALSE,FALSE,FALSE
SD_12_RECO_EXP_PY_ADJ,SD-P12-T00-RECONCILIATION-EXPENSES,PC,numeric,ONE,3,SD-P12-T00-RECONCILIATION-EXPENSES,PC,numeric,ONE,3,SD_12_RECO_EXP_PY_ADJ,0,SD_12_RECO_EXP_PY_ADJ,0,kept,FALSE,FALSE,FALSE,FALSE
SD_12_RECO_EXP_SUBTOT_L1_M_L2E,SD-P12-T00-RECONCILIATION-EXPENSES,PC,numeric,ONE,3,SD-P12-T00-RECONCILIATION-EXPENSES,PC,numeric,ONE,3,SD_12_RECO_EXP_SUBTOT_L1_M_L2E,0,SD_12_RECO_EXP_SUBTOT_L1_M_L2E,0,kept,FALSE,FALSE,FALSE,FALSE
SD_12_RECO_EXP_TOT,SD-P12-T00-RECONCILIATION-EXPENSES,PC,numeric,ONE,3,SD-P12-T00-RECONCILIATION-EXPENSES,PC,numeric,ONE,3,SD_12_RECO_EXP_TOT,0,SD_12_RECO_EXP_TOT,0,kept,FALSE,FALSE,FALSE,FALSE
SD_12_RECO_EXP_TOT_PER_AFS,SD-P12-T00-RECONCILIATION-EXPENSES,PC,numeric,ONE,3,SD-P12-T00-RECONCILIATION-EXPENSES,PC,numeric,ONE,3,SD_12_RECO_EXP_TOT_PER_AFS,0,SD_12_RECO_EXP_TOT_PER_AFS,0,kept,FALSE,FALSE,FALSE,FALSE
SD_13_EXPLANATION_TEXT,SD-P13-T99-SUPPLEMENTAL-INFO,PC,text,ONE,3,SD-P13-T99-SUPPLEMENTAL-INFO,PC,text,MANY,3,SD_13_EXPLANATION_TEXT,0,SD_13_EXPLANATION_TEXT,0,kept,FALSE,FALSE,TRUE,FALSE
SD_13_FORM_LINE_REFERENCE,SD-P13-T99-SUPPLEMENTAL-INFO,PC,text,ONE,1,SD-P13-T99-SUPPLEMENTAL-INFO,PC,text,MANY,1,SD_13_FORM_LINE_REFERENCE,0,SD_13_FORM_LINE_REFERENCE,0,kept,FALSE,FALSE,TRUE,FALSE
SD_13_IDENTIFIER,SD-P13-T99-SUPPLEMENTAL-INFO,PC,text,ONE,3,SD-P13-T99-SUPPLEMENTAL-INFO,PC,text,MANY,3,SD_13_IDENTIFIER,0,SD_13_IDENTIFIER,0,kept,FALSE,FALSE,TRUE,FALSE
SD_13_RETURN_REFERENCE,SD-P13-T99-SUPPLEMENTAL-INFO,PC,text,ONE,2,SD-P13-T99-SUPPLEMENTAL-INFO,PC,text,MANY,2,SD_13_RETURN_REFERENCE,0,SD_13_RETURN_REFERENCE,0,kept,FALSE,FALSE,TRUE,FALSE
SD_99_RECO_NETASSET_DONATED_SVC,SD-P99-T00-RECONCILIATION-NETASSETS,PC,numeric,ONE,2,SD-P99-T00-RECONCILIATION-NETASSETS,PC,numeric,ONE,2,SD_99_RECO_NETASSET_DONATED_SVC,0,SD_99_RECO_NETASSET_DONATED_SVC,0,kept,FALSE,FALSE,FALSE,FALSE
SD_99_RECO_NETASSET_EXCESS,SD-P99-T00-RECONCILIATION-NETASSETS,PC,numeric,ONE,2,SD-P99-T00-RECONCILIATION-NETASSETS,PC,numeric,ONE,2,SD_99_RECO_NETASSET_EXCESS,0,SD_99_RECO_NETASSET_EXCESS,0,kept,FALSE,FALSE,FALSE,FALSE
SD_99_RECO_NETASSET_EXCESS_AFS,SD-P99-T00-RECONCILIATION-NETASSETS,PC,numeric,ONE,2,SD-P99-T00-RECONCILIATION-NETASSETS,PC,numeric,ONE,2,SD_99_RECO_NETASSET_EXCESS_AFS,0,SD_99_RECO_NETASSET_EXCESS_AFS,0,kept,FALSE,FALSE,FALSE,FALSE
SD_99_RECO_NETASSET_EXP_TOT,SD-P99-T00-RECONCILIATION-NETASSETS,PC,numeric,ONE,2,SD-P99-T00-RECONCILIATION-NETASSETS,PC,numeric,ONE,2,SD_99_RECO_NETASSET_EXP_TOT,0,SD_99_RECO_NETASSET_EXP_TOT,0,kept,FALSE,FALSE,FALSE,FALSE
SD_99_RECO_NETASSET_INVEST_EXP,SD-P99-T00-RECONCILIATION-NETASSETS,PC,numeric,ONE,2,SD-P99-T00-RECONCILIATION-NETASSETS,PC,numeric,ONE,2,SD_99_RECO_NETASSET_INVEST_EXP,0,SD_99_RECO_NETASSET_INVEST_EXP,0,kept,FALSE,FALSE,FALSE,FALSE
SD_99_RECO_NETASSET_NUGAINS,SD-P99-T00-RECONCILIATION-NETASSETS,PC,numeric,ONE,2,SD-P99-T00-RECONCILIATION-NETASSETS,PC,numeric,ONE,2,SD_99_RECO_NETASSET_NUGAINS,0,SD_99_RECO_NETASSET_NUGAINS,0,kept,FALSE,FALSE,FALSE,FALSE
SD_99_RECO_NETASSET_OTH,SD-P99-T00-RECONCILIATION-NETASSETS,PC,numeric,ONE,2,SD-P99-T00-RECONCILIATION-NETASSETS,PC,numeric,ONE,2,SD_99_RECO_NETASSET_OTH,0,SD_99_RECO_NETASSET_OTH,0,kept,FALSE,FALSE,FALSE,FALSE
SD_99_RECO_NETASSET_PRIOR_ADJ,SD-P99-T00-RECONCILIATION-NETASSETS,PC,numeric,ONE,2,SD-P99-T00-RECONCILIATION-NETASSETS,PC,numeric,ONE,2,SD_99_RECO_NETASSET_PRIOR_ADJ,0,SD_99_RECO_NETASSET_PRIOR_ADJ,0,kept,FALSE,FALSE,FALSE,FALSE
SD_99_RECO_NETASSET_REV_TOT,SD-P99-T00-RECONCILIATION-NETASSETS,PC,numeric,ONE,1,SD-P99-T00-RECONCILIATION-NETASSETS,PC,numeric,ONE,1,SD_99_RECO_NETASSET_REV_TOT,0,SD_99_RECO_NETASSET_REV_TOT,0,kept,FALSE,FALSE,FALSE,FALSE
SD_99_RECO_NETASSET_TOT_ADJ,SD-P99-T00-RECONCILIATION-NETASSETS,PC,numeric,ONE,2,SD-P99-T00-RECONCILIATION-NETASSETS,PC,numeric,ONE,2,SD_99_RECO_NETASSET_TOT_ADJ,0,SD_99_RECO_NETASSET_TOT_ADJ,0,kept,FALSE,FALSE,FALSE,FALSE
SE_01_COMPLIANCE_EXPLANATION,SE-P01-T00-SCHOOLS,PZ,text,ONE,2,SE-P01-T00-SCHOOLS,PZ,text,ONE,2,SE_01_COMPLIANCE_EXPLANATION,0,SE_01_COMPLIANCE_EXPLANATION,0,kept,FALSE,FALSE,FALSE,FALSE
SE_01_COMPLIANCE_REV_PROC_7550_X,SE-P01-T00-SCHOOLS,PZ,checkbox,ONE,3,SE-P01-T00-SCHOOLS,PZ,checkbox,ONE,3,SE_01_COMPLIANCE_REV_PROC_7550_X,0,SE_01_COMPLIANCE_REV_PROC_7550_X,0,kept,FALSE,FALSE,FALSE,FALSE
SE_01_DISCR_RACE_ADM_POLICY_X,SE-P01-T00-SCHOOLS,PZ,checkbox,ONE,3,SE-P01-T00-SCHOOLS,PZ,checkbox,ONE,3,SE_01_DISCR_RACE_ADM_POLICY_X,0,SE_01_DISCR_RACE_ADM_POLICY_X,0,kept,FALSE,FALSE,FALSE,FALSE
SE_01_DISCR_RACE_ATHLETIC_PROG_X,SE-P01-T00-SCHOOLS,PZ,checkbox,ONE,3,SE-P01-T00-SCHOOLS,PZ,checkbox,ONE,3,SE_01_DISCR_RACE_ATHLETIC_PROG_X,0,SE_01_DISCR_RACE_ATHLETIC_PROG_X,0,kept,FALSE,FALSE,FALSE,FALSE
SE_01_DISCR_RACE_EDU_POLICY_X,SE-P01-T00-SCHOOLS,PZ,checkbox,ONE,3,SE-P01-T00-SCHOOLS,PZ,checkbox,ONE,3,SE_01_DISCR_RACE_EDU_POLICY_X,0,SE_01_DISCR_RACE_EDU_POLICY_X,0,kept,FALSE,FALSE,FALSE,FALSE
SE_01_DISCR_RACE_EMPL_FACULTY_X,SE-P01-T00-SCHOOLS,PZ,checkbox,ONE,3,SE-P01-T00-SCHOOLS,PZ,checkbox,ONE,3,SE_01_DISCR_RACE_EMPL_FACULTY_X,0,SE_01_DISCR_RACE_EMPL_FACULTY_X,0,kept,FALSE,FALSE,FALSE,FALSE
SE_01_DISCR_RACE_EXPLANATION,SE-P01-T00-SCHOOLS,PZ,text,ONE,2,SE-P01-T00-SCHOOLS,PZ,text,ONE,2,SE_01_DISCR_RACE_EXPLANATION,0,SE_01_DISCR_RACE_EXPLANATION,0,kept,FALSE,FALSE,FALSE,FALSE
SE_01_DISCR_RACE_OTH_ACT_X,SE-P01-T00-SCHOOLS,PZ,checkbox,ONE,3,SE-P01-T00-SCHOOLS,PZ,checkbox,ONE,3,SE_01_DISCR_RACE_OTH_ACT_X,0,SE_01_DISCR_RACE_OTH_ACT_X,0,kept,FALSE,FALSE,FALSE,FALSE
SE_01_DISCR_RACE_SCHOLARSHIP_X,SE-P01-T00-SCHOOLS,PZ,checkbox,ONE,3,SE-P01-T00-SCHOOLS,PZ,checkbox,ONE,3,SE_01_DISCR_RACE_SCHOLARSHIP_X,0,SE_01_DISCR_RACE_SCHOLARSHIP_X,0,kept,FALSE,FALSE,FALSE,FALSE
SE_01_DISCR_RACE_STUDENT_RIGHT_X,SE-P01-T00-SCHOOLS,PZ,checkbox,ONE,3,SE-P01-T00-SCHOOLS,PZ,checkbox,ONE,3,SE_01_DISCR_RACE_STUDENT_RIGHT_X,0,SE_01_DISCR_RACE_STUDENT_RIGHT_X,0,kept,FALSE,FALSE,FALSE,FALSE
SE_01_DISCR_RACE_USE_FACILITY_X,SE-P01-T00-SCHOOLS,PZ,checkbox,ONE,3,SE-P01-T00-SCHOOLS,PZ,checkbox,ONE,3,SE_01_DISCR_RACE_USE_FACILITY_X,0,SE_01_DISCR_RACE_USE_FACILITY_X,0,kept,FALSE,FALSE,FALSE,FALSE
SE_01_GOVT_FIN_AID_EXPLANATION,SE-P01-T00-SCHOOLS,PZ,text,ONE,2,SE-P01-T00-SCHOOLS,PZ,text,ONE,2,SE_01_GOVT_FIN_AID_EXPLANATION,0,SE_01_GOVT_FIN_AID_EXPLANATION,0,kept,FALSE,FALSE,FALSE,FALSE
SE_01_GOVT_FIN_AID_REC_X,SE-P01-T00-SCHOOLS,PZ,checkbox,ONE,3,SE-P01-T00-SCHOOLS,PZ,checkbox,ONE,3,SE_01_GOVT_FIN_AID_REC_X,0,SE_01_GOVT_FIN_AID_REC_X,0,kept,FALSE,FALSE,FALSE,FALSE
SE_01_GOVT_FIN_AID_REVOKED_X,SE-P01-T00-SCHOOLS,PZ,checkbox,ONE,3,SE-P01-T00-SCHOOLS,PZ,checkbox,ONE,3,SE_01_GOVT_FIN_AID_REVOKED_X,0,SE_01_GOVT_FIN_AID_REVOKED_X,0,kept,FALSE,FALSE,FALSE,FALSE
SE_01_MAINT_COPY_BROCHURES_X,SE-P01-T00-SCHOOLS,PZ,checkbox,ONE,3,SE-P01-T00-SCHOOLS,PZ,checkbox,ONE,3,SE_01_MAINT_COPY_BROCHURES_X,0,SE_01_MAINT_COPY_BROCHURES_X,0,kept,FALSE,FALSE,FALSE,FALSE
SE_01_MAINT_COPY_SOL_X,SE-P01-T00-SCHOOLS,PZ,checkbox,ONE,3,SE-P01-T00-SCHOOLS,PZ,checkbox,ONE,3,SE_01_MAINT_COPY_SOL_X,0,SE_01_MAINT_COPY_SOL_X,0,kept,FALSE,FALSE,FALSE,FALSE
SE_01_MAINT_EXPLANATION,SE-P01-T00-SCHOOLS,PZ,text,ONE,2,SE-P01-T00-SCHOOLS,PZ,text,ONE,2,SE_01_MAINT_EXPLANATION,0,SE_01_MAINT_EXPLANATION,0,kept,FALSE,FALSE,FALSE,FALSE
SE_01_MAINT_RACIAL_RECORD_X,SE-P01-T00-SCHOOLS,PZ,checkbox,ONE,3,SE-P01-T00-SCHOOLS,PZ,checkbox,ONE,3,SE_01_MAINT_RACIAL_RECORD_X,0,SE_01_MAINT_RACIAL_RECORD_X,0,kept,FALSE,FALSE,FALSE,FALSE
SE_01_MAINT_SCHOLARSHIP_RECORD_X,SE-P01-T00-SCHOOLS,PZ,checkbox,ONE,3,SE-P01-T00-SCHOOLS,PZ,checkbox,ONE,3,SE_01_MAINT_SCHOLARSHIP_RECORD_X,0,SE_01_MAINT_SCHOLARSHIP_RECORD_X,0,kept,FALSE,FALSE,FALSE,FALSE
SE_01_POLICY_BCAST_MEDIA_EXPLAIN,SE-P01-T00-SCHOOLS,PZ,text,ONE,2,SE-P01-T00-SCHOOLS,PZ,text,ONE,2,SE_01_POLICY_BCAST_MEDIA_EXPLAIN,0,SE_01_POLICY_BCAST_MEDIA_EXPLAIN,0,kept,FALSE,FALSE,FALSE,FALSE
SE_01_POLICY_BCAST_MEDIA_X,SE-P01-T00-SCHOOLS,PZ,checkbox,ONE,3,SE-P01-T00-SCHOOLS,PZ,checkbox,ONE,3,SE_01_POLICY_BCAST_MEDIA_X,0,SE_01_POLICY_BCAST_MEDIA_X,0,kept,FALSE,FALSE,FALSE,FALSE
SE_01_POLICY_STMT_BROCHURES_X,SE-P01-T00-SCHOOLS,PZ,checkbox,ONE,3,SE-P01-T00-SCHOOLS,PZ,checkbox,ONE,3,SE_01_POLICY_STMT_BROCHURES_X,0,SE_01_POLICY_STMT_BROCHURES_X,0,kept,FALSE,FALSE,FALSE,FALSE
SE_01_POLICY_STMT_NONDISCR_X,SE-P01-T00-SCHOOLS,PZ,checkbox,ONE,3,SE-P01-T00-SCHOOLS,PZ,checkbox,ONE,3,SE_01_POLICY_STMT_NONDISCR_X,0,SE_01_POLICY_STMT_NONDISCR_X,0,kept,FALSE,FALSE,FALSE,FALSE
SE_02_EXPLANATION_TEXT,SE-P02-T99-SUPPLEMENTAL-INFO,PZ,text,ONE,2,SE-P02-T99-SUPPLEMENTAL-INFO,PZ,text,MANY,2,SE_02_EXPLANATION_TEXT,0,SE_02_EXPLANATION_TEXT,0,kept,FALSE,FALSE,TRUE,FALSE
SE_02_FORM_LINE_REFERENCE,SE-P02-T99-SUPPLEMENTAL-INFO,PZ,text,ONE,1,SE-P02-T99-SUPPLEMENTAL-INFO,PZ,text,MANY,1,SE_02_FORM_LINE_REFERENCE,0,SE_02_FORM_LINE_REFERENCE,0,kept,FALSE,FALSE,TRUE,FALSE
SE_02_IDENTIFIER,SE-P02-T99-SUPPLEMENTAL-INFO,PZ,text,ONE,2,SE-P02-T99-SUPPLEMENTAL-INFO,PZ,text,MANY,2,SE_02_IDENTIFIER,0,SE_02_IDENTIFIER,0,kept,FALSE,FALSE,TRUE,FALSE
SE_02_RETURN_REFERENCE,SE-P02-T99-SUPPLEMENTAL-INFO,PZ,text,ONE,1,SE-P02-T99-SUPPLEMENTAL-INFO,PZ,text,MANY,1,SE_02_RETURN_REFERENCE,0,SE_02_RETURN_REFERENCE,0,kept,FALSE,FALSE,TRUE,FALSE
SF_01_FRGN_REG_ACT,SF-P01-T01-FRGN-ACTS-BY-REGION,PC,text,MANY,3,SF-P01-T01-FRGN-ACTS-BY-REGION,PC,text,MANY,3,SF_01_FRGN_REG_ACT,0,SF_01_FRGN_REG_ACT,0,kept,FALSE,FALSE,FALSE,FALSE
SF_01_FRGN_REG_NUM_EMPL,SF-P01-T01-FRGN-ACTS-BY-REGION,PC,numeric,MANY,3,SF-P01-T01-FRGN-ACTS-BY-REGION,PC,numeric,MANY,3,SF_01_FRGN_REG_NUM_EMPL,0,SF_01_FRGN_REG_NUM_EMPL,0,kept,FALSE,FALSE,FALSE,FALSE
SF_01_FRGN_REG_NUM_EMPL_CONTIN,SF-P01-T00-FRGN-ACTS,PC,numeric,ONE,3,SF-P01-T00-FRGN-ACTS,PC,numeric,ONE,3,SF_01_FRGN_REG_NUM_EMPL_CONTIN,0,SF_01_FRGN_REG_NUM_EMPL_CONTIN,0,kept,FALSE,FALSE,FALSE,FALSE
SF_01_FRGN_REG_NUM_EMPL_SUBTOT,SF-P01-T00-FRGN-ACTS,PC,numeric,ONE,2,SF-P01-T00-FRGN-ACTS,PC,numeric,ONE,2,SF_01_FRGN_REG_NUM_EMPL_SUBTOT,0,SF_01_FRGN_REG_NUM_EMPL_SUBTOT,0,kept,FALSE,FALSE,FALSE,FALSE
SF_01_FRGN_REG_NUM_EMPL_TOT,SF-P01-T00-FRGN-ACTS,PC,numeric,ONE,3,SF-P01-T00-FRGN-ACTS,PC,numeric,ONE,3,SF_01_FRGN_REG_NUM_EMPL_TOT,0,SF_01_FRGN_REG_NUM_EMPL_TOT,0,kept,FALSE,FALSE,FALSE,FALSE
SF_01_FRGN_REG_NUM_OFFICE,SF-P01-T01-FRGN-ACTS-BY-REGION,PC,numeric,MANY,3,SF-P01-T01-FRGN-ACTS-BY-REGION,PC,numeric,MANY,3,SF_01_FRGN_REG_NUM_OFFICE,0,SF_01_FRGN_REG_NUM_OFFICE,0,kept,FALSE,FALSE,FALSE,FALSE
SF_01_FRGN_REG_NUM_OFFICE_CONTIN,SF-P01-T00-FRGN-ACTS,PC,numeric,ONE,3,SF-P01-T00-FRGN-ACTS,PC,numeric,ONE,3,SF_01_FRGN_REG_NUM_OFFICE_CONTIN,0,SF_01_FRGN_REG_NUM_OFFICE_CONTIN,0,kept,FALSE,FALSE,FALSE,FALSE
SF_01_FRGN_REG_NUM_OFFICE_SUBTOT,SF-P01-T00-FRGN-ACTS,PC,numeric,ONE,2,SF-P01-T00-FRGN-ACTS,PC,numeric,ONE,2,SF_01_FRGN_REG_NUM_OFFICE_SUBTOT,0,SF_01_FRGN_REG_NUM_OFFICE_SUBTOT,0,kept,FALSE,FALSE,FALSE,FALSE
SF_01_FRGN_REG_NUM_OFFICE_TOT,SF-P01-T00-FRGN-ACTS,PC,numeric,ONE,3,SF-P01-T00-FRGN-ACTS,PC,numeric,ONE,3,SF_01_FRGN_REG_NUM_OFFICE_TOT,0,SF_01_FRGN_REG_NUM_OFFICE_TOT,0,kept,FALSE,FALSE,FALSE,FALSE
SF_01_FRGN_REG_REGION,SF-P01-T01-FRGN-ACTS-BY-REGION,PC,text,MANY,3,SF-P01-T01-FRGN-ACTS-BY-REGION,PC,text,MANY,3,SF_01_FRGN_REG_REGION,0,SF_01_FRGN_REG_REGION,0,kept,FALSE,FALSE,FALSE,FALSE
SF_01_FRGN_REG_SVC_SPECIFIC,SF-P01-T01-FRGN-ACTS-BY-REGION,PC,text,MANY,3,SF-P01-T01-FRGN-ACTS-BY-REGION,PC,text,MANY,3,SF_01_FRGN_REG_SVC_SPECIFIC,0,SF_01_FRGN_REG_SVC_SPECIFIC,0,kept,FALSE,FALSE,FALSE,FALSE
SF_01_FRGN_REG_TOT_EXP,SF-P01-T01-FRGN-ACTS-BY-REGION,PC,numeric,MANY,3,SF-P01-T01-FRGN-ACTS-BY-REGION,PC,numeric,MANY,3,SF_01_FRGN_REG_TOT_EXP,0,SF_01_FRGN_REG_TOT_EXP,0,kept,FALSE,FALSE,FALSE,FALSE
SF_01_FRGN_REG_TOT_EXP_CONTIN,SF-P01-T00-FRGN-ACTS,PC,numeric,ONE,2,SF-P01-T00-FRGN-ACTS,PC,numeric,ONE,2,SF_01_FRGN_REG_TOT_EXP_CONTIN,0,SF_01_FRGN_REG_TOT_EXP_CONTIN,0,kept,FALSE,FALSE,FALSE,FALSE
SF_01_FRGN_REG_TOT_EXP_SUBTOT,SF-P01-T00-FRGN-ACTS,PC,numeric,ONE,2,SF-P01-T00-FRGN-ACTS,PC,numeric,ONE,2,SF_01_FRGN_REG_TOT_EXP_SUBTOT,0,SF_01_FRGN_REG_TOT_EXP_SUBTOT,0,kept,FALSE,FALSE,FALSE,FALSE
SF_01_FRGN_REG_TOT_EXP_TOT,SF-P01-T00-FRGN-ACTS,PC,numeric,ONE,3,SF-P01-T00-FRGN-ACTS,PC,numeric,ONE,3,SF_01_FRGN_REG_TOT_EXP_TOT,0,SF_01_FRGN_REG_TOT_EXP_TOT,0,kept,FALSE,FALSE,FALSE,FALSE
SF_01_GRANT_RECORD_MAINT_X,SF-P01-T00-FRGN-ACTS,PC,checkbox,ONE,3,SF-P01-T00-FRGN-ACTS,PC,checkbox,ONE,3,SF_01_GRANT_RECORD_MAINT_X;SF_99_FRGN_ORG_GRANT_LT_5K_X,0,SF_01_GRANT_RECORD_MAINT_X;SF_99_FRGN_ORG_GRANT_LT_5K_X,0,kept,FALSE,FALSE,FALSE,TRUE
SF_02_FRGN_ORG_GRANT_501C3_TOT,SF-P02-T00-FRGN-ORG-GRANTS,PC,numeric,ONE,3,SF-P02-T00-FRGN-ORG-GRANTS,PC,numeric,ONE,3,SF_02_FRGN_ORG_GRANT_501C3_TOT,0,SF_02_FRGN_ORG_GRANT_501C3_TOT,0,kept,FALSE,FALSE,FALSE,FALSE
SF_02_FRGN_ORG_GRANT_AMT,SF-P02-T01-FRGN-ORG-GRANTS,PC,numeric,MANY,3,SF-P02-T01-FRGN-ORG-GRANTS,PC,numeric,MANY,3,SF_02_FRGN_ORG_GRANT_AMT,0,SF_02_FRGN_ORG_GRANT_AMT,0,kept,FALSE,FALSE,FALSE,FALSE
SF_02_FRGN_ORG_GRANT_DISBMT,SF-P02-T01-FRGN-ORG-GRANTS,PC,text,MANY,3,SF-P02-T01-FRGN-ORG-GRANTS,PC,text,MANY,3,SF_02_FRGN_ORG_GRANT_DISBMT,0,SF_02_FRGN_ORG_GRANT_DISBMT,0,kept,FALSE,FALSE,FALSE,FALSE
SF_02_FRGN_ORG_GRANT_NC_AMT,SF-P02-T01-FRGN-ORG-GRANTS,PC,numeric,MANY,3,SF-P02-T01-FRGN-ORG-GRANTS,PC,numeric,MANY,3,SF_02_FRGN_ORG_GRANT_NC_AMT,0,SF_02_FRGN_ORG_GRANT_NC_AMT,0,kept,FALSE,FALSE,FALSE,FALSE
SF_02_FRGN_ORG_GRANT_NC_DESC,SF-P02-T01-FRGN-ORG-GRANTS,PC,text,MANY,3,SF-P02-T01-FRGN-ORG-GRANTS,PC,text,MANY,3,SF_02_FRGN_ORG_GRANT_NC_DESC,0,SF_02_FRGN_ORG_GRANT_NC_DESC,0,kept,FALSE,FALSE,FALSE,FALSE
SF_02_FRGN_ORG_GRANT_NC_MOV,SF-P02-T01-FRGN-ORG-GRANTS,PC,text,MANY,3,SF-P02-T01-FRGN-ORG-GRANTS,PC,text,MANY,3,SF_02_FRGN_ORG_GRANT_NC_MOV,0,SF_02_FRGN_ORG_GRANT_NC_MOV,0,kept,FALSE,FALSE,FALSE,FALSE
SF_02_FRGN_ORG_GRANT_OTH_ORG_TOT,SF-P02-T00-FRGN-ORG-GRANTS,PC,numeric,ONE,3,SF-P02-T00-FRGN-ORG-GRANTS,PC,numeric,ONE,3,SF_02_FRGN_ORG_GRANT_OTH_ORG_TOT,0,SF_02_FRGN_ORG_GRANT_OTH_ORG_TOT,0,kept,FALSE,FALSE,FALSE,FALSE
SF_02_FRGN_ORG_GRANT_PURPOSE,SF-P02-T01-FRGN-ORG-GRANTS,PC,text,MANY,3,SF-P02-T01-FRGN-ORG-GRANTS,PC,text,MANY,3,SF_02_FRGN_ORG_GRANT_PURPOSE,0,SF_02_FRGN_ORG_GRANT_PURPOSE,0,kept,FALSE,FALSE,FALSE,FALSE
SF_02_FRGN_ORG_GRANT_REGION,SF-P02-T01-FRGN-ORG-GRANTS,PC,text,MANY,3,SF-P02-T01-FRGN-ORG-GRANTS,PC,text,MANY,3,SF_02_FRGN_ORG_GRANT_REGION,0,SF_02_FRGN_ORG_GRANT_REGION,0,kept,FALSE,FALSE,FALSE,FALSE
SF_03_FRGN_INDIV_GRANT_AMT,SF-P03-T01-FRGN-INDIV-GRANTS,PC,numeric,MANY,3,SF-P03-T01-FRGN-INDIV-GRANTS,PC,numeric,MANY,3,SF_03_FRGN_INDIV_GRANT_AMT,0,SF_03_FRGN_INDIV_GRANT_AMT,0,kept,FALSE,FALSE,FALSE,FALSE
SF_03_FRGN_INDIV_GRANT_DISBMT,SF-P03-T01-FRGN-INDIV-GRANTS,PC,text,MANY,3,SF-P03-T01-FRGN-INDIV-GRANTS,PC,text,MANY,3,SF_03_FRGN_INDIV_GRANT_DISBMT,0,SF_03_FRGN_INDIV_GRANT_DISBMT,0,kept,FALSE,FALSE,FALSE,FALSE
SF_03_FRGN_INDIV_GRANT_NC_AMT,SF-P03-T01-FRGN-INDIV-GRANTS,PC,numeric,MANY,3,SF-P03-T01-FRGN-INDIV-GRANTS,PC,numeric,MANY,3,SF_03_FRGN_INDIV_GRANT_NC_AMT,0,SF_03_FRGN_INDIV_GRANT_NC_AMT,0,kept,FALSE,FALSE,FALSE,FALSE
SF_03_FRGN_INDIV_GRANT_NC_DESC,SF-P03-T01-FRGN-INDIV-GRANTS,PC,text,MANY,3,SF-P03-T01-FRGN-INDIV-GRANTS,PC,text,MANY,3,SF_03_FRGN_INDIV_GRANT_NC_DESC,0,SF_03_FRGN_INDIV_GRANT_NC_DESC,0,kept,FALSE,FALSE,FALSE,FALSE
SF_03_FRGN_INDIV_GRANT_NC_MOV,SF-P03-T01-FRGN-INDIV-GRANTS,PC,text,MANY,3,SF-P03-T01-FRGN-INDIV-GRANTS,PC,text,MANY,3,SF_03_FRGN_INDIV_GRANT_NC_MOV,0,SF_03_FRGN_INDIV_GRANT_NC_MOV,0,kept,FALSE,FALSE,FALSE,FALSE
SF_03_FRGN_INDIV_GRANT_NUM_INDIV,SF-P03-T01-FRGN-INDIV-GRANTS,PC,numeric,MANY,3,SF-P03-T01-FRGN-INDIV-GRANTS,PC,numeric,MANY,3,SF_03_FRGN_INDIV_GRANT_NUM_INDIV,0,SF_03_FRGN_INDIV_GRANT_NUM_INDIV,0,kept,FALSE,FALSE,FALSE,FALSE
SF_03_FRGN_INDIV_GRANT_REGION,SF-P03-T01-FRGN-INDIV-GRANTS,PC,text,MANY,3,SF-P03-T01-FRGN-INDIV-GRANTS,PC,text,MANY,3,SF_03_FRGN_INDIV_GRANT_REGION,0,SF_03_FRGN_INDIV_GRANT_REGION,0,kept,FALSE,FALSE,FALSE,FALSE
SF_03_FRGN_INDIV_GRANT_TYPE,SF-P03-T01-FRGN-INDIV-GRANTS,PC,text,MANY,3,SF-P03-T01-FRGN-INDIV-GRANTS,PC,text,MANY,3,SF_03_FRGN_INDIV_GRANT_TYPE,0,SF_03_FRGN_INDIV_GRANT_TYPE,0,kept,FALSE,FALSE,FALSE,FALSE
SF_04_BOYCOTTING_CNTR_ACT_X,SF-P04-T00-FRGN-INTERESTS,PC,checkbox,ONE,2,SF-P04-T00-FRGN-INTERESTS,PC,checkbox,ONE,2,SF_04_BOYCOTTING_CNTR_ACT_X,0,SF_04_BOYCOTTING_CNTR_ACT_X,0,kept,FALSE,FALSE,FALSE,FALSE
SF_04_FRGN_CORP_OWNERSHIP_INT_X,SF-P04-T00-FRGN-INTERESTS,PC,checkbox,ONE,2,SF-P04-T00-FRGN-INTERESTS,PC,checkbox,ONE,2,SF_04_FRGN_CORP_OWNERSHIP_INT_X,0,SF_04_FRGN_CORP_OWNERSHIP_INT_X,0,kept,FALSE,FALSE,FALSE,FALSE
SF_04_FRGN_CORP_TRANSFEROR_X,SF-P04-T00-FRGN-INTERESTS,PC,checkbox,ONE,2,SF-P04-T00-FRGN-INTERESTS,PC,checkbox,ONE,2,SF_04_FRGN_CORP_TRANSFEROR_X,0,SF_04_FRGN_CORP_TRANSFEROR_X,0,kept,FALSE,FALSE,FALSE,FALSE
SF_04_FRGN_FUND_SHAREHOLDER_X,SF-P04-T00-FRGN-INTERESTS,PC,checkbox,ONE,2,SF-P04-T00-FRGN-INTERESTS,PC,checkbox,ONE,2,SF_04_FRGN_FUND_SHAREHOLDER_X,0,SF_04_FRGN_FUND_SHAREHOLDER_X,0,kept,FALSE,FALSE,FALSE,FALSE
SF_04_FRGN_PTR_OWNERSHIP_INT_X,SF-P04-T00-FRGN-INTERESTS,PC,checkbox,ONE,2,SF-P04-T00-FRGN-INTERESTS,PC,checkbox,ONE,2,SF_04_FRGN_PTR_OWNERSHIP_INT_X,0,SF_04_FRGN_PTR_OWNERSHIP_INT_X,0,kept,FALSE,FALSE,FALSE,FALSE
SF_04_FRGN_TRUST_INT_X,SF-P04-T00-FRGN-INTERESTS,PC,checkbox,ONE,2,SF-P04-T00-FRGN-INTERESTS,PC,checkbox,ONE,2,SF_04_FRGN_TRUST_INT_X,0,SF_04_FRGN_TRUST_INT_X,0,kept,FALSE,FALSE,FALSE,FALSE
SF_05_EXPLANATION_TEXT,SF-P05-T99-EXPLANATION-TEXT,PC,text,ONE,3,SF-P05-T99-EXPLANATION-TEXT,PC,text,MANY,3,SF_05_EXPLANATION_TEXT,0,SF_05_EXPLANATION_TEXT,0,kept,FALSE,FALSE,TRUE,FALSE
SF_05_FORM_LINE_REFERENCE,SF-P05-T99-EXPLANATION-TEXT,PC,text,ONE,1,SF-P05-T99-EXPLANATION-TEXT,PC,text,MANY,1,SF_05_FORM_LINE_REFERENCE,0,SF_05_FORM_LINE_REFERENCE,0,kept,FALSE,FALSE,TRUE,FALSE
SF_05_IDENTIFIER,SF-P05-T99-EXPLANATION-TEXT,PC,text,ONE,3,SF-P05-T99-EXPLANATION-TEXT,PC,text,MANY,3,SF_05_IDENTIFIER,0,SF_05_IDENTIFIER,0,kept,FALSE,FALSE,TRUE,FALSE
SF_05_RETURN_REFERENCE,SF-P05-T99-EXPLANATION-TEXT,PC,text,ONE,2,SF-P05-T99-EXPLANATION-TEXT,PC,text,MANY,2,SF_05_RETURN_REFERENCE,0,SF_05_RETURN_REFERENCE,0,kept,FALSE,FALSE,TRUE,FALSE
SF_99_FRGN_ORG_GRANT_LT_5K_X,SF-P99-T00-FRGN-ORG-GRANTS,PC,checkbox,ONE,2,SF-P99-T00-FRGN-ORG-GRANTS,PC,checkbox,ONE,2,SF_01_GRANT_RECORD_MAINT_X;SF_99_FRGN_ORG_GRANT_LT_5K_X,0,SF_01_GRANT_RECORD_MAINT_X;SF_99_FRGN_ORG_GRANT_LT_5K_X,0,kept,FALSE,FALSE,FALSE,TRUE
SG_01_FUNDRAISER_ACT,SG-P01-T01-FUNDRAISERS-INFO,PZ,text,MANY,3,SG-P01-T01-FUNDRAISERS-INFO,PZ,text,MANY,3,SG_01_FUNDRAISER_ACT,0,SG_01_FUNDRAISER_ACT,0,kept,FALSE,FALSE,FALSE,FALSE
SG_01_FUNDRAISER_ACT_GRORCPT,SG-P01-T01-FUNDRAISERS-INFO,PZ,numeric,MANY,3,SG-P01-T01-FUNDRAISERS-INFO,PZ,numeric,MANY,3,SG_01_FUNDRAISER_ACT_GRORCPT,0,SG_01_FUNDRAISER_ACT_GRORCPT,0,kept,FALSE,FALSE,FALSE,FALSE
SG_01_FUNDRAISER_ACT_GRORCPT_TOT,SG-P01-T00-FUNDRAISING-ACTS,PZ,numeric,ONE,3,SG-P01-T00-FUNDRAISING-ACTS,PZ,numeric,ONE,3,SG_01_FUNDRAISER_ACT_GRORCPT_TOT,0,SG_01_FUNDRAISER_ACT_GRORCPT_TOT,0,kept,FALSE,FALSE,FALSE,FALSE
SG_01_FUNDRAISER_ADDR_CITY,SG-P01-T01-FUNDRAISERS-INFO,PZ,text,MANY,6,SG-P01-T01-FUNDRAISERS-INFO,PZ,text,MANY,6,SG_01_FUNDRAISER_ADDR_CITY,0,SG_01_FUNDRAISER_ADDR_CITY,0,kept,FALSE,FALSE,FALSE,FALSE
SG_01_FUNDRAISER_ADDR_CNTR,SG-P01-T01-FUNDRAISERS-INFO,PZ,text,MANY,3,SG-P01-T01-FUNDRAISERS-INFO,PZ,text,MANY,3,SG_01_FUNDRAISER_ADDR_CNTR,0,SG_01_FUNDRAISER_ADDR_CNTR,0,kept,FALSE,FALSE,FALSE,FALSE
SG_01_FUNDRAISER_ADDR_L1,SG-P01-T01-FUNDRAISERS-INFO,PZ,text,MANY,6,SG-P01-T01-FUNDRAISERS-INFO,PZ,text,MANY,6,SG_01_FUNDRAISER_ADDR_L1,0,SG_01_FUNDRAISER_ADDR_L1,0,kept,FALSE,FALSE,FALSE,FALSE
SG_01_FUNDRAISER_ADDR_L2,SG-P01-T01-FUNDRAISERS-INFO,PZ,text,MANY,6,SG-P01-T01-FUNDRAISERS-INFO,PZ,text,MANY,6,SG_01_FUNDRAISER_ADDR_L2,0,SG_01_FUNDRAISER_ADDR_L2,0,kept,FALSE,FALSE,FALSE,FALSE
SG_01_FUNDRAISER_ADDR_STATE,SG-P01-T01-FUNDRAISERS-INFO,PZ,text,MANY,6,SG-P01-T01-FUNDRAISERS-INFO,PZ,text,MANY,6,SG_01_FUNDRAISER_ADDR_STATE,0,SG_01_FUNDRAISER_ADDR_STATE,0,kept,FALSE,FALSE,FALSE,FALSE
SG_01_FUNDRAISER_ADDR_ZIP,SG-P01-T01-FUNDRAISERS-INFO,PZ,text,MANY,6,SG-P01-T01-FUNDRAISERS-INFO,PZ,text,MANY,6,SG_01_FUNDRAISER_ADDR_ZIP,0,SG_01_FUNDRAISER_ADDR_ZIP,0,kept,FALSE,FALSE,FALSE,FALSE
SG_01_FUNDRAISER_AMT_ORG,SG-P01-T01-FUNDRAISERS-INFO,PZ,numeric,MANY,3,SG-P01-T01-FUNDRAISERS-INFO,PZ,numeric,MANY,3,SG_01_FUNDRAISER_AMT_ORG,0,SG_01_FUNDRAISER_AMT_ORG,0,kept,FALSE,FALSE,FALSE,FALSE
SG_01_FUNDRAISER_AMT_ORG_TOT,SG-P01-T00-FUNDRAISING-ACTS,PZ,numeric,ONE,3,SG-P01-T00-FUNDRAISING-ACTS,PZ,numeric,ONE,3,SG_01_FUNDRAISER_AMT_ORG_TOT,0,SG_01_FUNDRAISER_AMT_ORG_TOT,0,kept,FALSE,FALSE,FALSE,FALSE
SG_01_FUNDRAISER_AMT_PAID,SG-P01-T01-FUNDRAISERS-INFO,PZ,numeric,MANY,3,SG-P01-T01-FUNDRAISERS-INFO,PZ,numeric,MANY,3,SG_01_FUNDRAISER_AMT_PAID,0,SG_01_FUNDRAISER_AMT_PAID,0,kept,FALSE,FALSE,FALSE,FALSE
SG_01_FUNDRAISER_AMT_PAID_TOT,SG-P01-T00-FUNDRAISING-ACTS,PZ,numeric,ONE,3,SG-P01-T00-FUNDRAISING-ACTS,PZ,numeric,ONE,3,SG_01_FUNDRAISER_AMT_PAID_TOT,0,SG_01_FUNDRAISER_AMT_PAID_TOT,0,kept,FALSE,FALSE,FALSE,FALSE
SG_01_FUNDRAISER_CTRL_FUND_X,SG-P01-T01-FUNDRAISERS-INFO,PZ,checkbox,MANY,3,SG-P01-T01-FUNDRAISERS-INFO,PZ,checkbox,MANY,3,SG_01_FUNDRAISER_CTRL_FUND_X,0,SG_01_FUNDRAISER_CTRL_FUND_X,0,kept,FALSE,FALSE,FALSE,FALSE
SG_01_FUNDRAISER_NAME_INDIV,SG-P01-T01-FUNDRAISERS-INFO,PZ,text,MANY,3,SG-P01-T01-FUNDRAISERS-INFO,PZ,text,MANY,3,SG_01_FUNDRAISER_NAME_INDIV,0,SG_01_FUNDRAISER_NAME_INDIV,0,kept,FALSE,FALSE,FALSE,FALSE
SG_01_FUNDRAISER_NAME_ORG_L1,SG-P01-T01-FUNDRAISERS-INFO,PZ,text,MANY,4,SG-P01-T01-FUNDRAISERS-INFO,PZ,text,MANY,4,SG_01_FUNDRAISER_NAME_ORG_L1,0,SG_01_FUNDRAISER_NAME_ORG_L1,0,kept,FALSE,FALSE,FALSE,FALSE
SG_01_FUNDRAISER_NAME_ORG_L2,SG-P01-T01-FUNDRAISERS-INFO,PZ,text,MANY,4,SG-P01-T01-FUNDRAISERS-INFO,PZ,text,MANY,4,SG_01_FUNDRAISER_NAME_ORG_L2,0,SG_01_FUNDRAISER_NAME_ORG_L2,0,kept,FALSE,FALSE,FALSE,FALSE
SG_01_FUNDR_ACT_SOL_EMAIL_X,SG-P01-T00-FUNDRAISING-ACTS,PZ,checkbox,ONE,3,SG-P01-T00-FUNDRAISING-ACTS,PZ,checkbox,ONE,3,SG_01_FUNDR_ACT_SOL_EMAIL_X,0,SG_01_FUNDR_ACT_SOL_EMAIL_X,0,kept,FALSE,FALSE,FALSE,FALSE
SG_01_FUNDR_ACT_SOL_GOVT_GRANT_X,SG-P01-T00-FUNDRAISING-ACTS,PZ,checkbox,ONE,3,SG-P01-T00-FUNDRAISING-ACTS,PZ,checkbox,ONE,3,SG_01_FUNDR_ACT_SOL_GOVT_GRANT_X,0,SG_01_FUNDR_ACT_SOL_GOVT_GRANT_X,0,kept,FALSE,FALSE,FALSE,FALSE
SG_01_FUNDR_ACT_SOL_IN_PERSON_X,SG-P01-T00-FUNDRAISING-ACTS,PZ,checkbox,ONE,3,SG-P01-T00-FUNDRAISING-ACTS,PZ,checkbox,ONE,3,SG_01_FUNDR_ACT_SOL_IN_PERSON_X,0,SG_01_FUNDR_ACT_SOL_IN_PERSON_X,0,kept,FALSE,FALSE,FALSE,FALSE
SG_01_FUNDR_ACT_SOL_MAIL_X,SG-P01-T00-FUNDRAISING-ACTS,PZ,checkbox,ONE,3,SG-P01-T00-FUNDRAISING-ACTS,PZ,checkbox,ONE,3,SG_01_FUNDR_ACT_SOL_MAIL_X,0,SG_01_FUNDR_ACT_SOL_MAIL_X,0,kept,FALSE,FALSE,FALSE,FALSE
SG_01_FUNDR_ACT_SOL_NONGOVT_X,SG-P01-T00-FUNDRAISING-ACTS,PZ,checkbox,ONE,3,SG-P01-T00-FUNDRAISING-ACTS,PZ,checkbox,ONE,3,SG_01_FUNDR_ACT_SOL_NONGOVT_X,0,SG_01_FUNDR_ACT_SOL_NONGOVT_X,0,kept,FALSE,FALSE,FALSE,FALSE
SG_01_FUNDR_ACT_SOL_PHONE_X,SG-P01-T00-FUNDRAISING-ACTS,PZ,checkbox,ONE,3,SG-P01-T00-FUNDRAISING-ACTS,PZ,checkbox,ONE,3,SG_01_FUNDR_ACT_SOL_PHONE_X,0,SG_01_FUNDR_ACT_SOL_PHONE_X,0,kept,FALSE,FALSE,FALSE,FALSE
SG_01_FUNDR_ACT_SPECIAL_EVNT_X,SG-P01-T00-FUNDRAISING-ACTS,PZ,checkbox,ONE,3,SG-P01-T00-FUNDRAISING-ACTS,PZ,checkbox,ONE,3,SG_01_FUNDR_ACT_SPECIAL_EVNT_X,0,SG_01_FUNDR_ACT_SPECIAL_EVNT_X,0,kept,FALSE,FALSE,FALSE,FALSE
SG_01_FUNDR_SVC_AGREEMENT_X,SG-P01-T00-FUNDRAISING-ACTS,PZ,checkbox,ONE,3,SG-P01-T00-FUNDRAISING-ACTS,PZ,checkbox,ONE,3,SG_01_FUNDR_SVC_AGREEMENT_X,0,SG_01_FUNDR_SVC_AGREEMENT_X,0,kept,FALSE,FALSE,FALSE,FALSE
SG_01_LIST_STATES_ORG_LIC,SG-P01-T00-FUNDRAISING-ACTS,PZ,text,ONE,5,SG-P01-T00-FUNDRAISING-ACTS,PZ,text,ONE,5,SG_01_LIST_STATES_ORG_LIC,0,SG_01_LIST_STATES_ORG_LIC,0,kept,FALSE,FALSE,FALSE,FALSE
SG_02_FUNDR_EVNT_1_NAME,SG-P02-T01-FUNDRAISING-EVENTS,PZ,text,MANY,4,SG-P02-T00-FUNDRAISING-EVENTS,PZ,text,ONE,4,SG_02_FUNDR_EVNT_1_NAME,0,SG_02_FUNDR_EVNT_1_NAME,0,moved_table,,,,
SG_02_FUNDR_EVNT_2_NAME,SG-P02-T01-FUNDRAISING-EVENTS,PZ,text,MANY,4,SG-P02-T00-FUNDRAISING-EVENTS,PZ,text,ONE,4,SG_02_FUNDR_EVNT_2_NAME,0,SG_02_FUNDR_EVNT_2_NAME,0,moved_table,,,,
SG_02_FUNDR_EVNT_EXP_CASH_1,SG-P02-T01-FUNDRAISING-EVENTS,PZ,numeric,MANY,3,SG-P02-T00-FUNDRAISING-EVENTS,PZ,numeric,ONE,3,SG_02_FUNDR_EVNT_EXP_CASH_1,0,SG_02_FUNDR_EVNT_EXP_CASH_1,0,moved_table,,,,
SG_02_FUNDR_EVNT_EXP_CASH_2,SG-P02-T01-FUNDRAISING-EVENTS,PZ,numeric,MANY,3,SG-P02-T00-FUNDRAISING-EVENTS,PZ,numeric,ONE,3,SG_02_FUNDR_EVNT_EXP_CASH_2,0,SG_02_FUNDR_EVNT_EXP_CASH_2,0,moved_table,,,,
SG_02_FUNDR_EVNT_EXP_CASH_OTH,SG-P02-T01-FUNDRAISING-EVENTS,PZ,numeric,MANY,3,SG-P02-T00-FUNDRAISING-EVENTS,PZ,numeric,ONE,3,SG_02_FUNDR_EVNT_EXP_CASH_OTH,0,SG_02_FUNDR_EVNT_EXP_CASH_OTH,0,moved_table,,,,
SG_02_FUNDR_EVNT_EXP_CASH_TOT,SG-P02-T00-FUNDRAISING-EVENTS,PZ,numeric,ONE,3,SG-P02-T00-FUNDRAISING-EVENTS,PZ,numeric,ONE,3,SG_02_FUNDR_EVNT_EXP_CASH_TOT,0,SG_02_FUNDR_EVNT_EXP_CASH_TOT,0,kept,FALSE,FALSE,FALSE,FALSE
SG_02_FUNDR_EVNT_EXP_ENTMT_1,SG-P02-T01-FUNDRAISING-EVENTS,PZ,numeric,MANY,2,SG-P02-T00-FUNDRAISING-EVENTS,PZ,numeric,ONE,2,SG_02_FUNDR_EVNT_EXP_ENTMT_1,0,SG_02_FUNDR_EVNT_EXP_ENTMT_1,0,moved_table,,,,
SG_02_FUNDR_EVNT_EXP_ENTMT_2,SG-P02-T01-FUNDRAISING-EVENTS,PZ,numeric,MANY,2,SG-P02-T00-FUNDRAISING-EVENTS,PZ,numeric,ONE,2,SG_02_FUNDR_EVNT_EXP_ENTMT_2,0,SG_02_FUNDR_EVNT_EXP_ENTMT_2,0,moved_table,,,,
SG_02_FUNDR_EVNT_EXP_ENTMT_OTH,SG-P02-T01-FUNDRAISING-EVENTS,PZ,numeric,MANY,2,SG-P02-T00-FUNDRAISING-EVENTS,PZ,numeric,ONE,2,SG_02_FUNDR_EVNT_EXP_ENTMT_OTH,0,SG_02_FUNDR_EVNT_EXP_ENTMT_OTH,0,moved_table,,,,
SG_02_FUNDR_EVNT_EXP_ENTMT_TOT,SG-P02-T00-FUNDRAISING-EVENTS;SG-P02-T01-FUNDRAISING-EVENTS,PZ,numeric,MANY;ONE,2,SG-P02-T00-FUNDRAISING-EVENTS,PZ,numeric,ONE,2,SG_02_FUNDR_EVNT_EXP_ENTMT_TOT,0,SG_02_FUNDR_EVNT_EXP_ENTMT_TOT,0,moved_table,,,,
SG_02_FUNDR_EVNT_EXP_FOOD_1,SG-P02-T01-FUNDRAISING-EVENTS,PZ,numeric,MANY,2,SG-P02-T00-FUNDRAISING-EVENTS,PZ,numeric,ONE,2,SG_02_FUNDR_EVNT_EXP_FOOD_1,0,SG_02_FUNDR_EVNT_EXP_FOOD_1,0,moved_table,,,,
SG_02_FUNDR_EVNT_EXP_FOOD_2,SG-P02-T01-FUNDRAISING-EVENTS,PZ,numeric,MANY,2,SG-P02-T00-FUNDRAISING-EVENTS,PZ,numeric,ONE,2,SG_02_FUNDR_EVNT_EXP_FOOD_2,0,SG_02_FUNDR_EVNT_EXP_FOOD_2,0,moved_table,,,,
SG_02_FUNDR_EVNT_EXP_FOOD_OTH,SG-P02-T01-FUNDRAISING-EVENTS,PZ,numeric,MANY,2,SG-P02-T00-FUNDRAISING-EVENTS,PZ,numeric,ONE,2,SG_02_FUNDR_EVNT_EXP_FOOD_OTH,0,SG_02_FUNDR_EVNT_EXP_FOOD_OTH,0,moved_table,,,,
SG_02_FUNDR_EVNT_EXP_FOOD_TOT,SG-P02-T00-FUNDRAISING-EVENTS;SG-P02-T01-FUNDRAISING-EVENTS,PZ,numeric,MANY;ONE,2,SG-P02-T00-FUNDRAISING-EVENTS,PZ,numeric,ONE,2,SG_02_FUNDR_EVNT_EXP_FOOD_TOT,0,SG_02_FUNDR_EVNT_EXP_FOOD_TOT,0,moved_table,,,,
SG_02_FUNDR_EVNT_EXP_NONCSH_1,SG-P02-T01-FUNDRAISING-EVENTS,PZ,numeric,MANY,3,SG-P02-T00-FUNDRAISING-EVENTS,PZ,numeric,ONE,3,SG_02_FUNDR_EVNT_EXP_NONCSH_1,0,SG_02_FUNDR_EVNT_EXP_NONCSH_1,0,moved_table,,,,
SG_02_FUNDR_EVNT_EXP_NONCSH_2,SG-P02-T01-FUNDRAISING-EVENTS,PZ,numeric,MANY,3,SG-P02-T00-FUNDRAISING-EVENTS,PZ,numeric,ONE,3,SG_02_FUNDR_EVNT_EXP_NONCSH_2,0,SG_02_FUNDR_EVNT_EXP_NONCSH_2,0,moved_table,,,,
SG_02_FUNDR_EVNT_EXP_NONCSH_OTH,SG-P02-T01-FUNDRAISING-EVENTS,PZ,numeric,MANY,3,SG-P02-T00-FUNDRAISING-EVENTS,PZ,numeric,ONE,3,SG_02_FUNDR_EVNT_EXP_NONCSH_OTH,0,SG_02_FUNDR_EVNT_EXP_NONCSH_OTH,0,moved_table,,,,
SG_02_FUNDR_EVNT_EXP_NONCSH_TOT,SG-P02-T00-FUNDRAISING-EVENTS;SG-P02-T01-FUNDRAISING-EVENTS,PZ,numeric,MANY;ONE,3,SG-P02-T00-FUNDRAISING-EVENTS,PZ,numeric,ONE,3,SG_02_FUNDR_EVNT_EXP_NONCSH_TOT,0,SG_02_FUNDR_EVNT_EXP_NONCSH_TOT,0,moved_table,,,,
SG_02_FUNDR_EVNT_EXP_OTH_1,SG-P02-T01-FUNDRAISING-EVENTS,PZ,numeric,MANY,3,SG-P02-T00-FUNDRAISING-EVENTS,PZ,numeric,ONE,3,SG_02_FUNDR_EVNT_EXP_OTH_1,0,SG_02_FUNDR_EVNT_EXP_OTH_1,0,moved_table,,,,
SG_02_FUNDR_EVNT_EXP_OTH_2,SG-P02-T01-FUNDRAISING-EVENTS,PZ,numeric,MANY,3,SG-P02-T00-FUNDRAISING-EVENTS,PZ,numeric,ONE,3,SG_02_FUNDR_EVNT_EXP_OTH_2,0,SG_02_FUNDR_EVNT_EXP_OTH_2,0,moved_table,,,,
SG_02_FUNDR_EVNT_EXP_OTH_OTH,SG-P02-T01-FUNDRAISING-EVENTS,PZ,numeric,MANY,3,SG-P02-T00-FUNDRAISING-EVENTS,PZ,numeric,ONE,3,SG_02_FUNDR_EVNT_EXP_OTH_OTH,0,SG_02_FUNDR_EVNT_EXP_OTH_OTH,0,moved_table,,,,
SG_02_FUNDR_EVNT_EXP_OTH_TOT,SG-P02-T00-FUNDRAISING-EVENTS;SG-P02-T01-FUNDRAISING-EVENTS,PZ,numeric,MANY;ONE,3,SG-P02-T00-FUNDRAISING-EVENTS,PZ,numeric,ONE,3,SG_02_FUNDR_EVNT_EXP_OTH_TOT,0,SG_02_FUNDR_EVNT_EXP_OTH_TOT,0,moved_table,,,,
SG_02_FUNDR_EVNT_EXP_RENT_1,SG-P02-T01-FUNDRAISING-EVENTS,PZ,numeric,MANY,3,SG-P02-T00-FUNDRAISING-EVENTS,PZ,numeric,ONE,3,SG_02_FUNDR_EVNT_EXP_RENT_1,0,SG_02_FUNDR_EVNT_EXP_RENT_1,0,moved_table,,,,
SG_02_FUNDR_EVNT_EXP_RENT_2,SG-P02-T01-FUNDRAISING-EVENTS,PZ,numeric,MANY,3,SG-P02-T00-FUNDRAISING-EVENTS,PZ,numeric,ONE,3,SG_02_FUNDR_EVNT_EXP_RENT_2,0,SG_02_FUNDR_EVNT_EXP_RENT_2,0,moved_table,,,,
SG_02_FUNDR_EVNT_EXP_RENT_OTH,SG-P02-T01-FUNDRAISING-EVENTS,PZ,numeric,MANY,3,SG-P02-T00-FUNDRAISING-EVENTS,PZ,numeric,ONE,3,SG_02_FUNDR_EVNT_EXP_RENT_OTH,0,SG_02_FUNDR_EVNT_EXP_RENT_OTH,0,moved_table,,,,
SG_02_FUNDR_EVNT_EXP_RENT_TOT,SG-P02-T00-FUNDRAISING-EVENTS;SG-P02-T01-FUNDRAISING-EVENTS,PZ,numeric,MANY;ONE,3,SG-P02-T00-FUNDRAISING-EVENTS,PZ,numeric,ONE,3,SG_02_FUNDR_EVNT_EXP_RENT_TOT,0,SG_02_FUNDR_EVNT_EXP_RENT_TOT,0,moved_table,,,,
SG_02_FUNDR_EVNT_EXP_SUMMARY_TOT,SG-P02-T00-FUNDRAISING-EVENTS;SG-P02-T01-FUNDRAISING-EVENTS,PZ,numeric,MANY;ONE,3,SG-P02-T00-FUNDRAISING-EVENTS,PZ,numeric,ONE,3,SG_02_FUNDR_EVNT_EXP_SUMMARY_TOT,0,SG_02_FUNDR_EVNT_EXP_SUMMARY_TOT,0,moved_table,,,,
SG_02_FUNDR_EVNT_NET_INCOME_TOT,SG-P02-T00-FUNDRAISING-EVENTS;SG-P02-T01-FUNDRAISING-EVENTS,PZ,numeric,MANY;ONE,3,SG-P02-T00-FUNDRAISING-EVENTS,PZ,numeric,ONE,3,SG_02_FUNDR_EVNT_NET_INCOME_TOT,0,SG_02_FUNDR_EVNT_NET_INCOME_TOT,0,moved_table,,,,
SG_02_FUNDR_EVNT_OTH_TOT_NUM,SG-P02-T01-FUNDRAISING-EVENTS,PZ,numeric,MANY,3,SG-P02-T00-FUNDRAISING-EVENTS,PZ,numeric,ONE,3,SG_02_FUNDR_EVNT_OTH_TOT_NUM,0,SG_02_FUNDR_EVNT_OTH_TOT_NUM,0,moved_table,,,,
SG_02_FUNDR_EVNT_REV_CONTR_1,SG-P02-T01-FUNDRAISING-EVENTS,PZ,numeric,MANY,3,SG-P02-T00-FUNDRAISING-EVENTS,PZ,numeric,ONE,3,SG_02_FUNDR_EVNT_REV_CONTR_1,0,SG_02_FUNDR_EVNT_REV_CONTR_1,0,moved_table,,,,
SG_02_FUNDR_EVNT_REV_CONTR_2,SG-P02-T01-FUNDRAISING-EVENTS,PZ,numeric,MANY,3,SG-P02-T00-FUNDRAISING-EVENTS,PZ,numeric,ONE,3,SG_02_FUNDR_EVNT_REV_CONTR_2,0,SG_02_FUNDR_EVNT_REV_CONTR_2,0,moved_table,,,,
SG_02_FUNDR_EVNT_REV_CONTR_OTH,SG-P02-T01-FUNDRAISING-EVENTS,PZ,numeric,MANY,3,SG-P02-T00-FUNDRAISING-EVENTS,PZ,numeric,ONE,3,SG_02_FUNDR_EVNT_REV_CONTR_OTH,0,SG_02_FUNDR_EVNT_REV_CONTR_OTH,0,moved_table,,,,
SG_02_FUNDR_EVNT_REV_CONTR_TOT,SG-P02-T00-FUNDRAISING-EVENTS;SG-P02-T01-FUNDRAISING-EVENTS,PZ,numeric,MANY;ONE,3,SG-P02-T00-FUNDRAISING-EVENTS,PZ,numeric,ONE,3,SG_02_FUNDR_EVNT_REV_CONTR_TOT,0,SG_02_FUNDR_EVNT_REV_CONTR_TOT,0,moved_table,,,,
SG_02_FUNDR_EVNT_REV_GRORCPT_1,SG-P02-T01-FUNDRAISING-EVENTS,PZ,numeric,MANY,3,SG-P02-T00-FUNDRAISING-EVENTS,PZ,numeric,ONE,3,SG_02_FUNDR_EVNT_REV_GRORCPT_1,0,SG_02_FUNDR_EVNT_REV_GRORCPT_1,0,moved_table,,,,
SG_02_FUNDR_EVNT_REV_GRORCPT_2,SG-P02-T01-FUNDRAISING-EVENTS,PZ,numeric,MANY,3,SG-P02-T00-FUNDRAISING-EVENTS,PZ,numeric,ONE,3,SG_02_FUNDR_EVNT_REV_GRORCPT_2,0,SG_02_FUNDR_EVNT_REV_GRORCPT_2,0,moved_table,,,,
SG_02_FUNDR_EVNT_REV_GRORCPT_OTH,SG-P02-T01-FUNDRAISING-EVENTS,PZ,numeric,MANY,3,SG-P02-T00-FUNDRAISING-EVENTS,PZ,numeric,ONE,3,SG_02_FUNDR_EVNT_REV_GRORCPT_OTH,0,SG_02_FUNDR_EVNT_REV_GRORCPT_OTH,0,moved_table,,,,
SG_02_FUNDR_EVNT_REV_GRORCPT_TOT,SG-P02-T00-FUNDRAISING-EVENTS;SG-P02-T01-FUNDRAISING-EVENTS,PZ,numeric,MANY;ONE,3,SG-P02-T00-FUNDRAISING-EVENTS,PZ,numeric,ONE,3,SG_02_FUNDR_EVNT_REV_GRORCPT_TOT,0,SG_02_FUNDR_EVNT_REV_GRORCPT_TOT,0,moved_table,,,,
SG_02_FUNDR_EVNT_REV_GRO_1,SG-P02-T01-FUNDRAISING-EVENTS,PZ,numeric,MANY,3,SG-P02-T00-FUNDRAISING-EVENTS,PZ,numeric,ONE,3,SG_02_FUNDR_EVNT_REV_GRO_1,0,SG_02_FUNDR_EVNT_REV_GRO_1,0,moved_table,,,,
SG_02_FUNDR_EVNT_REV_GRO_2,SG-P02-T01-FUNDRAISING-EVENTS,PZ,numeric,MANY,3,SG-P02-T00-FUNDRAISING-EVENTS,PZ,numeric,ONE,3,SG_02_FUNDR_EVNT_REV_GRO_2,0,SG_02_FUNDR_EVNT_REV_GRO_2,0,moved_table,,,,
SG_02_FUNDR_EVNT_REV_GRO_OTH,SG-P02-T01-FUNDRAISING-EVENTS,PZ,numeric,MANY,3,SG-P02-T00-FUNDRAISING-EVENTS,PZ,numeric,ONE,3,SG_02_FUNDR_EVNT_REV_GRO_OTH,0,SG_02_FUNDR_EVNT_REV_GRO_OTH,0,moved_table,,,,
SG_02_FUNDR_EVNT_REV_GRO_TOT,SG-P02-T00-FUNDRAISING-EVENTS;SG-P02-T01-FUNDRAISING-EVENTS,PZ,numeric,MANY;ONE,3,SG-P02-T00-FUNDRAISING-EVENTS,PZ,numeric,ONE,3,SG_02_FUNDR_EVNT_REV_GRO_TOT,0,SG_02_FUNDR_EVNT_REV_GRO_TOT,0,moved_table,,,,
SG_03_AMT_DIST,SG-P03-T00-GAMING,PZ,numeric,ONE,3,SG-P03-T00-GAMING,PZ,numeric,ONE,3,SG_03_AMT_DIST,0,SG_03_AMT_DIST,0,kept,FALSE,FALSE,FALSE,FALSE
SG_03_AMT_GAMING_REV_3RD_PARTY,SG-P03-T00-GAMING,PZ,numeric,ONE,3,SG-P03-T00-GAMING,PZ,numeric,ONE,3,SG_03_AMT_GAMING_REV_3RD_PARTY,0,SG_03_AMT_GAMING_REV_3RD_PARTY,0,kept,FALSE,FALSE,FALSE,FALSE
SG_03_AMT_GAMING_REV_ORG,SG-P03-T00-GAMING,PZ,numeric,ONE,3,SG-P03-T00-GAMING,PZ,numeric,ONE,3,SG_03_AMT_GAMING_REV_ORG,0,SG_03_AMT_GAMING_REV_ORG,0,kept,FALSE,FALSE,FALSE,FALSE
SG_03_CHARIT_DIST_REQ_X,SG-P03-T00-GAMING,PZ,checkbox,ONE,3,SG-P03-T00-GAMING,PZ,checkbox,ONE,3,SG_03_CHARIT_DIST_REQ_X,0,SG_03_CHARIT_DIST_REQ_X,0,kept,FALSE,FALSE,FALSE,FALSE
SG_03_GAMING_EXP_CASH_BINGO,SG-P03-T00-GAMING,PZ,numeric,ONE,3,SG-P03-T00-GAMING,PZ,numeric,ONE,3,SG_03_GAMING_EXP_CASH_BINGO,0,SG_03_GAMING_EXP_CASH_BINGO,0,kept,FALSE,FALSE,FALSE,FALSE
SG_03_GAMING_EXP_CASH_OTH,SG-P03-T00-GAMING,PZ,numeric,ONE,3,SG-P03-T00-GAMING,PZ,numeric,ONE,3,SG_03_GAMING_EXP_CASH_OTH,0,SG_03_GAMING_EXP_CASH_OTH,0,kept,FALSE,FALSE,FALSE,FALSE
SG_03_GAMING_EXP_CASH_PTAP,SG-P03-T00-GAMING,PZ,numeric,ONE,3,SG-P03-T00-GAMING,PZ,numeric,ONE,3,SG_03_GAMING_EXP_CASH_PTAP,0,SG_03_GAMING_EXP_CASH_PTAP,0,kept,FALSE,FALSE,FALSE,FALSE
SG_03_GAMING_EXP_CASH_TOT,SG-P03-T00-GAMING,PZ,numeric,ONE,3,SG-P03-T00-GAMING,PZ,numeric,ONE,3,SG_03_GAMING_EXP_CASH_TOT,0,SG_03_GAMING_EXP_CASH_TOT,0,kept,FALSE,FALSE,FALSE,FALSE
SG_03_GAMING_EXP_NONCSH_BINGO,SG-P03-T00-GAMING,PZ,numeric,ONE,3,SG-P03-T00-GAMING,PZ,numeric,ONE,3,SG_03_GAMING_EXP_NONCSH_BINGO,0,SG_03_GAMING_EXP_NONCSH_BINGO,0,kept,FALSE,FALSE,FALSE,FALSE
SG_03_GAMING_EXP_NONCSH_OTH,SG-P03-T00-GAMING,PZ,numeric,ONE,3,SG-P03-T00-GAMING,PZ,numeric,ONE,3,SG_03_GAMING_EXP_NONCSH_OTH,0,SG_03_GAMING_EXP_NONCSH_OTH,0,kept,FALSE,FALSE,FALSE,FALSE
SG_03_GAMING_EXP_NONCSH_PTAP,SG-P03-T00-GAMING,PZ,numeric,ONE,3,SG-P03-T00-GAMING,PZ,numeric,ONE,3,SG_03_GAMING_EXP_NONCSH_PTAP,0,SG_03_GAMING_EXP_NONCSH_PTAP,0,kept,FALSE,FALSE,FALSE,FALSE
SG_03_GAMING_EXP_NONCSH_TOT,SG-P03-T00-GAMING,PZ,numeric,ONE,3,SG-P03-T00-GAMING,PZ,numeric,ONE,3,SG_03_GAMING_EXP_NONCSH_TOT,0,SG_03_GAMING_EXP_NONCSH_TOT,0,kept,FALSE,FALSE,FALSE,FALSE
SG_03_GAMING_EXP_OTH_BINGO,SG-P03-T00-GAMING,PZ,numeric,ONE,3,SG-P03-T00-GAMING,PZ,numeric,ONE,3,SG_03_GAMING_EXP_OTH_BINGO,0,SG_03_GAMING_EXP_OTH_BINGO,0,kept,FALSE,FALSE,FALSE,FALSE
SG_03_GAMING_EXP_OTH_OTH,SG-P03-T00-GAMING,PZ,numeric,ONE,3,SG-P03-T00-GAMING,PZ,numeric,ONE,3,SG_03_GAMING_EXP_OTH_OTH,0,SG_03_GAMING_EXP_OTH_OTH,0,kept,FALSE,FALSE,FALSE,FALSE
SG_03_GAMING_EXP_OTH_PTAP,SG-P03-T00-GAMING,PZ,numeric,ONE,3,SG-P03-T00-GAMING,PZ,numeric,ONE,3,SG_03_GAMING_EXP_OTH_PTAP,0,SG_03_GAMING_EXP_OTH_PTAP,0,kept,FALSE,FALSE,FALSE,FALSE
SG_03_GAMING_EXP_OTH_TOT,SG-P03-T00-GAMING,PZ,numeric,ONE,3,SG-P03-T00-GAMING,PZ,numeric,ONE,3,SG_03_GAMING_EXP_OTH_TOT,0,SG_03_GAMING_EXP_OTH_TOT,0,kept,FALSE,FALSE,FALSE,FALSE
SG_03_GAMING_EXP_RENT_BINGO,SG-P03-T00-GAMING,PZ,numeric,ONE,3,SG-P03-T00-GAMING,PZ,numeric,ONE,3,SG_03_GAMING_EXP_RENT_BINGO,0,SG_03_GAMING_EXP_RENT_BINGO,0,kept,FALSE,FALSE,FALSE,FALSE
SG_03_GAMING_EXP_RENT_OTH,SG-P03-T00-GAMING,PZ,numeric,ONE,3,SG-P03-T00-GAMING,PZ,numeric,ONE,3,SG_03_GAMING_EXP_RENT_OTH,0,SG_03_GAMING_EXP_RENT_OTH,0,kept,FALSE,FALSE,FALSE,FALSE
SG_03_GAMING_EXP_RENT_PTAP,SG-P03-T00-GAMING,PZ,numeric,ONE,3,SG-P03-T00-GAMING,PZ,numeric,ONE,3,SG_03_GAMING_EXP_RENT_PTAP,0,SG_03_GAMING_EXP_RENT_PTAP,0,kept,FALSE,FALSE,FALSE,FALSE
SG_03_GAMING_EXP_RENT_TOT,SG-P03-T00-GAMING,PZ,numeric,ONE,3,SG-P03-T00-GAMING,PZ,numeric,ONE,3,SG_03_GAMING_EXP_RENT_TOT,0,SG_03_GAMING_EXP_RENT_TOT,0,kept,FALSE,FALSE,FALSE,FALSE
SG_03_GAMING_EXP_SUMMARY_TOT,SG-P03-T00-GAMING,PZ,numeric,ONE,3,SG-P03-T00-GAMING,PZ,numeric,ONE,3,SG_03_GAMING_EXP_SUMMARY_TOT,0,SG_03_GAMING_EXP_SUMMARY_TOT,0,kept,FALSE,FALSE,FALSE,FALSE
SG_03_GAMING_LIC_SUSPENDED_X,SG-P03-T00-GAMING,PZ,checkbox,ONE,3,SG-P03-T00-GAMING,PZ,checkbox,ONE,3,SG_03_GAMING_LIC_SUSPENDED_X,0,SG_03_GAMING_LIC_SUSPENDED_X,0,kept,FALSE,FALSE,FALSE,FALSE
SG_03_GAMING_LIC_X,SG-P03-T00-GAMING,PZ,checkbox,ONE,3,SG-P03-T00-GAMING,PZ,checkbox,ONE,3,SG_03_GAMING_LIC_X,0,SG_03_GAMING_LIC_X,0,kept,FALSE,FALSE,FALSE,FALSE
SG_03_GAMING_MEMB_OTH_ENTITY_X,SG-P03-T00-GAMING,PZ,checkbox,ONE,3,SG-P03-T00-GAMING,PZ,checkbox,ONE,3,SG_03_GAMING_MEMB_OTH_ENTITY_X,0,SG_03_GAMING_MEMB_OTH_ENTITY_X,0,kept,FALSE,FALSE,FALSE,FALSE
SG_03_GAMING_MGR_COMP,SG-P03-T00-GAMING,PZ,numeric,ONE,3,SG-P03-T00-GAMING,PZ,numeric,ONE,3,SG_03_GAMING_MGR_COMP,0,SG_03_GAMING_MGR_COMP,0,kept,FALSE,FALSE,FALSE,FALSE
SG_03_GAMING_MGR_DIR_OFF_X,SG-P03-T00-GAMING,PZ,checkbox,ONE,3,SG-P03-T00-GAMING,PZ,checkbox,ONE,3,SG_03_GAMING_MGR_DIR_OFF_X,0,SG_03_GAMING_MGR_DIR_OFF_X,0,kept,FALSE,FALSE,FALSE,FALSE
SG_03_GAMING_MGR_EMPL_X,SG-P03-T00-GAMING,PZ,checkbox,ONE,3,SG-P03-T00-GAMING,PZ,checkbox,ONE,3,SG_03_GAMING_MGR_EMPL_X,0,SG_03_GAMING_MGR_EMPL_X,0,kept,FALSE,FALSE,FALSE,FALSE
SG_03_GAMING_MGR_KONTR_X,SG-P03-T00-GAMING,PZ,checkbox,ONE,3,SG-P03-T00-GAMING,PZ,checkbox,ONE,3,SG_03_GAMING_MGR_KONTR_X,0,SG_03_GAMING_MGR_KONTR_X,0,kept,FALSE,FALSE,FALSE,FALSE
SG_03_GAMING_MGR_NAME_ORG_L1,SG-P03-T00-GAMING,PZ,text,ONE,5,SG-P03-T00-GAMING,PZ,text,ONE,5,SG_03_GAMING_MGR_NAME_ORG_L1,0,SG_03_GAMING_MGR_NAME_ORG_L1,0,kept,FALSE,FALSE,FALSE,FALSE
SG_03_GAMING_MGR_NAME_ORG_L2,SG-P03-T00-GAMING,PZ,text,ONE,5,SG-P03-T00-GAMING,PZ,text,ONE,5,SG_03_GAMING_MGR_NAME_ORG_L2,0,SG_03_GAMING_MGR_NAME_ORG_L2,0,kept,FALSE,FALSE,FALSE,FALSE
SG_03_GAMING_MGR_NAME_PERS,SG-P03-T00-GAMING,PZ,text,ONE,3,SG-P03-T00-GAMING,PZ,text,ONE,3,SG_03_GAMING_MGR_NAME_PERS,0,SG_03_GAMING_MGR_NAME_PERS,0,kept,FALSE,FALSE,FALSE,FALSE
SG_03_GAMING_MGR_SVC_PROV,SG-P03-T00-GAMING,PZ,text,ONE,3,SG-P03-T00-GAMING,PZ,text,ONE,3,SG_03_GAMING_MGR_SVC_PROV,0,SG_03_GAMING_MGR_SVC_PROV,0,kept,FALSE,FALSE,FALSE,FALSE
SG_03_GAMING_NET_INCOME_TOT,SG-P03-T00-GAMING,PZ,numeric,ONE,3,SG-P03-T00-GAMING,PZ,numeric,ONE,3,SG_03_GAMING_NET_INCOME_TOT,0,SG_03_GAMING_NET_INCOME_TOT,0,kept,FALSE,FALSE,FALSE,FALSE
SG_03_GAMING_NONMEMB_X,SG-P03-T00-GAMING,PZ,checkbox,ONE,3,SG-P03-T00-GAMING,PZ,checkbox,ONE,3,SG_03_GAMING_NONMEMB_X,0,SG_03_GAMING_NONMEMB_X,0,kept,FALSE,FALSE,FALSE,FALSE
SG_03_GAMING_NO_LIC_EXPLANATION,SG-P03-T00-GAMING,PZ,text,ONE,3,SG-P03-T00-GAMING,PZ,text,ONE,3,SG_03_GAMING_NO_LIC_EXPLANATION,0,SG_03_GAMING_NO_LIC_EXPLANATION,0,kept,FALSE,FALSE,FALSE,FALSE
SG_03_GAMING_REV_GRO_BINGO,SG-P03-T00-GAMING,PZ,numeric,ONE,3,SG-P03-T00-GAMING,PZ,numeric,ONE,3,SG_03_GAMING_REV_GRO_BINGO,0,SG_03_GAMING_REV_GRO_BINGO,0,kept,FALSE,FALSE,FALSE,FALSE
SG_03_GAMING_REV_GRO_OTH,SG-P03-T00-GAMING,PZ,numeric,ONE,3,SG-P03-T00-GAMING,PZ,numeric,ONE,3,SG_03_GAMING_REV_GRO_OTH,0,SG_03_GAMING_REV_GRO_OTH,0,kept,FALSE,FALSE,FALSE,FALSE
SG_03_GAMING_REV_GRO_PTAB,SG-P03-T00-GAMING,PZ,numeric,ONE,3,SG-P03-T00-GAMING,PZ,numeric,ONE,3,SG_03_GAMING_REV_GRO_PTAB,0,SG_03_GAMING_REV_GRO_PTAB,0,kept,FALSE,FALSE,FALSE,FALSE
SG_03_GAMING_REV_GRO_TOT,SG-P03-T00-GAMING,PZ,numeric,ONE,3,SG-P03-T00-GAMING,PZ,numeric,ONE,3,SG_03_GAMING_REV_GRO_TOT,0,SG_03_GAMING_REV_GRO_TOT,0,kept,FALSE,FALSE,FALSE,FALSE
SG_03_GAMING_VOL_BINGO_X,SG-P03-T00-GAMING,PZ,checkbox,ONE,3,SG-P03-T00-GAMING,PZ,checkbox,ONE,3,SG_03_GAMING_VOL_BINGO_X,0,SG_03_GAMING_VOL_BINGO_X,0,kept,FALSE,FALSE,FALSE,FALSE
SG_03_GAMING_VOL_OTH_X,SG-P03-T00-GAMING,PZ,checkbox,ONE,3,SG-P03-T00-GAMING,PZ,checkbox,ONE,3,SG_03_GAMING_VOL_OTH_X,0,SG_03_GAMING_VOL_OTH_X,0,kept,FALSE,FALSE,FALSE,FALSE
SG_03_GAMING_VOL_PCT_BINGO,SG-P03-T00-GAMING,PZ,numeric,ONE,3,SG-P03-T00-GAMING,PZ,numeric,ONE,3,SG_03_GAMING_VOL_PCT_BINGO,0,SG_03_GAMING_VOL_PCT_BINGO,0,kept,FALSE,FALSE,FALSE,FALSE
SG_03_GAMING_VOL_PCT_OTH,SG-P03-T00-GAMING,PZ,numeric,ONE,3,SG-P03-T00-GAMING,PZ,numeric,ONE,3,SG_03_GAMING_VOL_PCT_OTH,0,SG_03_GAMING_VOL_PCT_OTH,0,kept,FALSE,FALSE,FALSE,FALSE
SG_03_GAMING_VOL_PCT_PTAP,SG-P03-T00-GAMING,PZ,numeric,ONE,3,SG-P03-T00-GAMING,PZ,numeric,ONE,3,SG_03_GAMING_VOL_PCT_PTAP,0,SG_03_GAMING_VOL_PCT_PTAP,0,kept,FALSE,FALSE,FALSE,FALSE
SG_03_GAMING_VOL_PTAP_X,SG-P03-T00-GAMING,PZ,checkbox,ONE,3,SG-P03-T00-GAMING,PZ,checkbox,ONE,3,SG_03_GAMING_VOL_PTAP_X,0,SG_03_GAMING_VOL_PTAP_X,0,kept,FALSE,FALSE,FALSE,FALSE
SG_03_GRK_ADDR_CITY,SG-P03-T00-GAMING,PZ,text,ONE,8,SG-P03-T00-GAMING,PZ,text,ONE,8,SG_03_GRK_ADDR_CITY,0,SG_03_GRK_ADDR_CITY,0,kept,FALSE,FALSE,FALSE,FALSE
SG_03_GRK_ADDR_CNTR,SG-P03-T00-GAMING,PZ,text,ONE,4,SG-P03-T00-GAMING,PZ,text,ONE,4,SG_03_GRK_ADDR_CNTR,0,SG_03_GRK_ADDR_CNTR,0,kept,FALSE,FALSE,FALSE,FALSE
SG_03_GRK_ADDR_L1,SG-P03-T00-GAMING,PZ,text,ONE,8,SG-P03-T00-GAMING,PZ,text,ONE,8,SG_03_GRK_ADDR_L1,0,SG_03_GRK_ADDR_L1,0,kept,FALSE,FALSE,FALSE,FALSE
SG_03_GRK_ADDR_L2,SG-P03-T00-GAMING,PZ,text,ONE,8,SG-P03-T00-GAMING,PZ,text,ONE,8,SG_03_GRK_ADDR_L2,0,SG_03_GRK_ADDR_L2,0,kept,FALSE,FALSE,FALSE,FALSE
SG_03_GRK_ADDR_STATE,SG-P03-T00-GAMING,PZ,text,ONE,8,SG-P03-T00-GAMING,PZ,text,ONE,8,SG_03_GRK_ADDR_STATE,0,SG_03_GRK_ADDR_STATE,0,kept,FALSE,FALSE,FALSE,FALSE
SG_03_GRK_ADDR_ZIP,SG-P03-T00-GAMING,PZ,text,ONE,8,SG-P03-T00-GAMING,PZ,text,ONE,8,SG_03_GRK_ADDR_ZIP,0,SG_03_GRK_ADDR_ZIP,0,kept,FALSE,FALSE,FALSE,FALSE
SG_03_GRK_NAME_ORG_L1,SG-P03-T00-GAMING,PZ,text,ONE,3,SG-P03-T00-GAMING,PZ,text,ONE,3,SG_03_GRK_NAME_ORG_L1,0,SG_03_GRK_NAME_ORG_L1,0,kept,FALSE,FALSE,FALSE,FALSE
SG_03_GRK_NAME_ORG_L2,SG-P03-T00-GAMING,PZ,text,ONE,3,SG-P03-T00-GAMING,PZ,text,ONE,3,SG_03_GRK_NAME_ORG_L2,0,SG_03_GRK_NAME_ORG_L2,0,kept,FALSE,FALSE,FALSE,FALSE
SG_03_GRK_NAME_PERS,SG-P03-T00-GAMING,PZ,text,ONE,3,SG-P03-T00-GAMING,PZ,text,ONE,3,SG_03_GRK_NAME_PERS,0,SG_03_GRK_NAME_PERS,0,kept,FALSE,FALSE,FALSE,FALSE
SG_03_KONTR_3RD_PARTY_X,SG-P03-T00-GAMING,PZ,checkbox,ONE,3,SG-P03-T00-GAMING,PZ,checkbox,ONE,3,SG_03_KONTR_3RD_PARTY_X,0,SG_03_KONTR_3RD_PARTY_X,0,kept,FALSE,FALSE,FALSE,FALSE
SG_03_LIC_SUSPENDED_EXPLANATION,SG-P03-T00-GAMING,PZ,text,ONE,3,SG-P03-T00-GAMING,PZ,text,ONE,3,SG_03_LIC_SUSPENDED_EXPLANATION,0,SG_03_LIC_SUSPENDED_EXPLANATION,0,kept,FALSE,FALSE,FALSE,FALSE
SG_03_PCT_GAMING_OTH_FACILITY,SG-P03-T00-GAMING,PZ,numeric,ONE,3,SG-P03-T00-GAMING,PZ,numeric,ONE,3,SG_03_PCT_GAMING_OTH_FACILITY,0,SG_03_PCT_GAMING_OTH_FACILITY,0,kept,FALSE,FALSE,FALSE,FALSE
SG_03_PCT_GAMING_OWN_FACILITY,SG-P03-T00-GAMING,PZ,numeric,ONE,3,SG-P03-T00-GAMING,PZ,numeric,ONE,3,SG_03_PCT_GAMING_OWN_FACILITY,0,SG_03_PCT_GAMING_OWN_FACILITY,0,kept,FALSE,FALSE,FALSE,FALSE
SG_03_STATES_GAMING_CONDUCTED,SG-P03-T00-GAMING,PZ,text,ONE,3,SG-P03-T00-GAMING,PZ,text,ONE,3,SG_03_STATES_GAMING_CONDUCTED,0,SG_03_STATES_GAMING_CONDUCTED,0,kept,FALSE,FALSE,FALSE,FALSE
SG_03_THIRD_PARTY_ADDR_CITY,SG-P03-T00-GAMING,PZ,text,ONE,8,SG-P03-T00-GAMING,PZ,text,ONE,8,SG_03_THIRD_PARTY_ADDR_CITY,0,SG_03_THIRD_PARTY_ADDR_CITY,0,kept,FALSE,FALSE,FALSE,FALSE
SG_03_THIRD_PARTY_ADDR_CNTR,SG-P03-T00-GAMING,PZ,text,ONE,4,SG-P03-T00-GAMING,PZ,text,ONE,4,SG_03_THIRD_PARTY_ADDR_CNTR,0,SG_03_THIRD_PARTY_ADDR_CNTR,0,kept,FALSE,FALSE,FALSE,FALSE
SG_03_THIRD_PARTY_ADDR_L1,SG-P03-T00-GAMING,PZ,text,ONE,8,SG-P03-T00-GAMING,PZ,text,ONE,8,SG_03_THIRD_PARTY_ADDR_L1,0,SG_03_THIRD_PARTY_ADDR_L1,0,kept,FALSE,FALSE,FALSE,FALSE
SG_03_THIRD_PARTY_ADDR_L2,SG-P03-T00-GAMING,PZ,text,ONE,8,SG-P03-T00-GAMING,PZ,text,ONE,8,SG_03_THIRD_PARTY_ADDR_L2,0,SG_03_THIRD_PARTY_ADDR_L2,0,kept,FALSE,FALSE,FALSE,FALSE
SG_03_THIRD_PARTY_ADDR_STATE,SG-P03-T00-GAMING,PZ,text,ONE,8,SG-P03-T00-GAMING,PZ,text,ONE,8,SG_03_THIRD_PARTY_ADDR_STATE,0,SG_03_THIRD_PARTY_ADDR_STATE,0,kept,FALSE,FALSE,FALSE,FALSE
SG_03_THIRD_PARTY_ADDR_ZIP,SG-P03-T00-GAMING,PZ,text,ONE,8,SG-P03-T00-GAMING,PZ,text,ONE,8,SG_03_THIRD_PARTY_ADDR_ZIP,0,SG_03_THIRD_PARTY_ADDR_ZIP,0,kept,FALSE,FALSE,FALSE,FALSE
SG_03_THIRD_PARTY_NAME_ORG_L1,SG-P03-T00-GAMING,PZ,text,ONE,4,SG-P03-T00-GAMING,PZ,text,ONE,4,SG_03_THIRD_PARTY_NAME_ORG_L1,0,SG_03_THIRD_PARTY_NAME_ORG_L1,0,kept,FALSE,FALSE,FALSE,FALSE
SG_03_THIRD_PARTY_NAME_ORG_L2,SG-P03-T00-GAMING,PZ,text,ONE,4,SG-P03-T00-GAMING,PZ,text,ONE,4,SG_03_THIRD_PARTY_NAME_ORG_L2,0,SG_03_THIRD_PARTY_NAME_ORG_L2,0,kept,FALSE,FALSE,FALSE,FALSE
SG_03_THIRD_PARTY_NAME_PERS,SG-P03-T00-GAMING,PZ,text,ONE,3,SG-P03-T00-GAMING,PZ,text,ONE,3,SG_03_THIRD_PARTY_NAME_PERS,0,SG_03_THIRD_PARTY_NAME_PERS,0,kept,FALSE,FALSE,FALSE,FALSE
SG_04_EXPLANATION_TEXT,SG-P04-T99-SUPPLEMENTAL-INFO,PZ,text,ONE,2,SG-P04-T99-SUPPLEMENTAL-INFO,PZ,text,MANY,2,SG_04_EXPLANATION_TEXT,0,SG_04_EXPLANATION_TEXT,0,kept,FALSE,FALSE,TRUE,FALSE
SG_04_FORM_LINE_REFERENCE,SG-P04-T99-SUPPLEMENTAL-INFO,PZ,text,ONE,1,SG-P04-T99-SUPPLEMENTAL-INFO,PZ,text,MANY,1,SG_04_FORM_LINE_REFERENCE,0,SG_04_FORM_LINE_REFERENCE,0,kept,FALSE,FALSE,TRUE,FALSE
SG_04_IDENTIFIER,SG-P04-T99-SUPPLEMENTAL-INFO,PZ,text,ONE,2,SG-P04-T99-SUPPLEMENTAL-INFO,PZ,text,MANY,2,SG_04_IDENTIFIER,0,SG_04_IDENTIFIER,0,kept,FALSE,FALSE,TRUE,FALSE
SG_04_RETURN_REFERENCE,SG-P04-T99-SUPPLEMENTAL-INFO,PZ,text,ONE,1,SG-P04-T99-SUPPLEMENTAL-INFO,PZ,text,MANY,1,SG_04_RETURN_REFERENCE,0,SG_04_RETURN_REFERENCE,0,kept,FALSE,FALSE,TRUE,FALSE
SH_01_CASH_EXP_NET_COM_BEN,SH-P01-T00-FAP-COMMUNITY-BENEFIT-POLICY,PC,numeric,ONE,3,SH-P01-T00-FAP-COMMUNITY-BENEFIT-POLICY,PC,numeric,ONE,3,SH_01_CASH_EXP_NET_COM_BEN,0,SH_01_CASH_EXP_NET_COM_BEN,0,kept,FALSE,FALSE,FALSE,FALSE
SH_01_CASH_EXP_TOT_COM_BEN,SH-P01-T00-FAP-COMMUNITY-BENEFIT-POLICY,PC,numeric,ONE,3,SH-P01-T00-FAP-COMMUNITY-BENEFIT-POLICY,PC,numeric,ONE,3,SH_01_CASH_EXP_TOT_COM_BEN,0,SH_01_CASH_EXP_TOT_COM_BEN,0,kept,FALSE,FALSE,FALSE,FALSE
SH_01_CASH_NUM_ACT_PROG,SH-P01-T00-FAP-COMMUNITY-BENEFIT-POLICY,PC,numeric,ONE,3,SH-P01-T00-FAP-COMMUNITY-BENEFIT-POLICY,PC,numeric,ONE,3,SH_01_CASH_NUM_ACT_PROG,0,SH_01_CASH_NUM_ACT_PROG,0,kept,FALSE,FALSE,FALSE,FALSE
SH_01_CASH_PCT_EXP_TOT,SH-P01-T00-FAP-COMMUNITY-BENEFIT-POLICY,PC,numeric,ONE,3,SH-P01-T00-FAP-COMMUNITY-BENEFIT-POLICY,PC,numeric,ONE,3,SH_01_CASH_PCT_EXP_TOT,0,SH_01_CASH_PCT_EXP_TOT,0,kept,FALSE,FALSE,FALSE,FALSE
SH_01_CASH_PERS_SERVED,SH-P01-T00-FAP-COMMUNITY-BENEFIT-POLICY,PC,numeric,ONE,3,SH-P01-T00-FAP-COMMUNITY-BENEFIT-POLICY,PC,numeric,ONE,3,SH_01_CASH_PERS_SERVED,0,SH_01_CASH_PERS_SERVED,0,kept,FALSE,FALSE,FALSE,FALSE
SH_01_CASH_REV_DIRECT_OFFSET,SH-P01-T00-FAP-COMMUNITY-BENEFIT-POLICY,PC,numeric,ONE,3,SH-P01-T00-FAP-COMMUNITY-BENEFIT-POLICY,PC,numeric,ONE,3,SH_01_CASH_REV_DIRECT_OFFSET,0,SH_01_CASH_REV_DIRECT_OFFSET,0,kept,FALSE,FALSE,FALSE,FALSE
SH_01_CHNA_DESC_RESOURCES_X,SH-P05-T00-FAP-COMMUNITY-BENEFIT-POLICY,PC,checkbox,ONE,2,,,,,,SH_05_CHNA_DESC_RESOURCES_X,0,,,removed_or_renamed,,,,
SH_01_FAP_ALL_HOSPITAL_X,SH-P01-T00-FAP-COMMUNITY-BENEFIT-POLICY,PC,checkbox,ONE,3,SH-P01-T00-FAP-COMMUNITY-BENEFIT-POLICY,PC,checkbox,ONE,3,SH_01_FAP_ALL_HOSPITAL_X,0,SH_01_FAP_ALL_HOSPITAL_X,0,kept,FALSE,FALSE,FALSE,FALSE
SH_01_FAP_FREE_DCNT_CARE_X,SH-P01-T00-FAP-COMMUNITY-BENEFIT-POLICY,PC,checkbox,ONE,3,SH-P01-T00-FAP-COMMUNITY-BENEFIT-POLICY,PC,checkbox,ONE,3,SH_01_FAP_FREE_DCNT_CARE_X,0,SH_01_FAP_FREE_DCNT_CARE_X,0,kept,FALSE,FALSE,FALSE,FALSE
SH_01_FAP_INDIV_HOSPITAL_X,SH-P01-T00-FAP-COMMUNITY-BENEFIT-POLICY,PC,checkbox,ONE,3,SH-P01-T00-FAP-COMMUNITY-BENEFIT-POLICY,PC,checkbox,ONE,3,SH_01_FAP_INDIV_HOSPITAL_X,0,SH_01_FAP_INDIV_HOSPITAL_X,0,kept,FALSE,FALSE,FALSE,FALSE
SH_01_FAP_MOST_HOSPITAL_X,SH-P01-T00-FAP-COMMUNITY-BENEFIT-POLICY,PC,checkbox,ONE,3,SH-P01-T00-FAP-COMMUNITY-BENEFIT-POLICY,PC,checkbox,ONE,3,SH_01_FAP_MOST_HOSPITAL_X,0,SH_01_FAP_MOST_HOSPITAL_X,0,kept,FALSE,FALSE,FALSE,FALSE
SH_01_FAP_WRITTEN_X,SH-P01-T00-FAP-COMMUNITY-BENEFIT-POLICY,PC,checkbox,ONE,3,SH-P01-T00-FAP-COMMUNITY-BENEFIT-POLICY,PC,checkbox,ONE,3,SH_01_FAP_WRITTEN_X,0,SH_01_FAP_WRITTEN_X,0,kept,FALSE,FALSE,FALSE,FALSE
SH_01_FAP_X,SH-P01-T00-FAP-COMMUNITY-BENEFIT-POLICY,PC,checkbox,ONE,4,SH-P01-T00-FAP-COMMUNITY-BENEFIT-POLICY,PC,checkbox,ONE,4,SH_01_FAP_X,0,SH_01_FAP_X,0,kept,FALSE,FALSE,FALSE,FALSE
SH_01_FA_AMT_BUDGETED_CARE_X,SH-P01-T00-FAP-COMMUNITY-BENEFIT-POLICY,PC,checkbox,ONE,4,SH-P01-T00-FAP-COMMUNITY-BENEFIT-POLICY,PC,checkbox,ONE,4,SH_01_FA_AMT_BUDGETED_CARE_X,0,SH_01_FA_AMT_BUDGETED_CARE_X,0,kept,FALSE,FALSE,FALSE,FALSE
SH_01_FA_EXP_EXCEED_BUDGET_X,SH-P01-T00-FAP-COMMUNITY-BENEFIT-POLICY,PC,checkbox,ONE,3,SH-P01-T00-FAP-COMMUNITY-BENEFIT-POLICY,PC,checkbox,ONE,3,SH_01_FA_EXP_EXCEED_BUDGET_X,0,SH_01_FA_EXP_EXCEED_BUDGET_X,0,kept,FALSE,FALSE,FALSE,FALSE
SH_01_FA_EXP_NET_COM_BEN,SH-P01-T00-FAP-COMMUNITY-BENEFIT-POLICY,PC,numeric,ONE,4,SH-P01-T00-FAP-COMMUNITY-BENEFIT-POLICY,PC,numeric,ONE,4,SH_01_FA_EXP_NET_COM_BEN,0,SH_01_FA_EXP_NET_COM_BEN,0,kept,FALSE,FALSE,FALSE,FALSE
SH_01_FA_EXP_TOT_COM_BEN,SH-P01-T00-FAP-COMMUNITY-BENEFIT-POLICY,PC,numeric,ONE,4,SH-P01-T00-FAP-COMMUNITY-BENEFIT-POLICY,PC,numeric,ONE,4,SH_01_FA_EXP_TOT_COM_BEN,0,SH_01_FA_EXP_TOT_COM_BEN,0,kept,FALSE,FALSE,FALSE,FALSE
SH_01_FA_NUM_ACT_PROG,SH-P01-T00-FAP-COMMUNITY-BENEFIT-POLICY,PC,numeric,ONE,4,SH-P01-T00-FAP-COMMUNITY-BENEFIT-POLICY,PC,numeric,ONE,4,SH_01_FA_NUM_ACT_PROG,0,SH_01_FA_NUM_ACT_PROG,0,kept,FALSE,FALSE,FALSE,FALSE
SH_01_FA_PCT_EXP_TOT,SH-P01-T00-FAP-COMMUNITY-BENEFIT-POLICY,PC,numeric,ONE,4,SH-P01-T00-FAP-COMMUNITY-BENEFIT-POLICY,PC,numeric,ONE,4,SH_01_FA_PCT_EXP_TOT,0,SH_01_FA_PCT_EXP_TOT,0,kept,FALSE,FALSE,FALSE,FALSE
SH_01_FA_PERS_SERVED,SH-P01-T00-FAP-COMMUNITY-BENEFIT-POLICY,PC,numeric,ONE,4,SH-P01-T00-FAP-COMMUNITY-BENEFIT-POLICY,PC,numeric,ONE,4,SH_01_FA_PERS_SERVED,0,SH_01_FA_PERS_SERVED,0,kept,FALSE,FALSE,FALSE,FALSE
SH_01_FA_REV_DIRECT_OFFSET,SH-P01-T00-FAP-COMMUNITY-BENEFIT-POLICY,PC,numeric,ONE,4,SH-P01-T00-FAP-COMMUNITY-BENEFIT-POLICY,PC,numeric,ONE,4,SH_01_FA_REV_DIRECT_OFFSET,0,SH_01_FA_REV_DIRECT_OFFSET,0,kept,FALSE,FALSE,FALSE,FALSE
SH_01_FA_UNAVBL_PROV_CARE_X,SH-P01-T00-FAP-COMMUNITY-BENEFIT-POLICY,PC,checkbox,ONE,3,SH-P01-T00-FAP-COMMUNITY-BENEFIT-POLICY,PC,checkbox,ONE,3,SH_01_FA_UNAVBL_PROV_CARE_X,0,SH_01_FA_UNAVBL_PROV_CARE_X,0,kept,FALSE,FALSE,FALSE,FALSE
SH_01_FPG_DCNT_CARE_PCT_200_X,SH-P01-T00-FAP-COMMUNITY-BENEFIT-POLICY,PC,checkbox,ONE,3,SH-P01-T00-FAP-COMMUNITY-BENEFIT-POLICY,PC,checkbox,ONE,3,SH_01_FPG_DCNT_CARE_PCT_200_X,0,SH_01_FPG_DCNT_CARE_PCT_200_X,0,kept,FALSE,FALSE,FALSE,FALSE
SH_01_FPG_DCNT_CARE_PCT_250_X,SH-P01-T00-FAP-COMMUNITY-BENEFIT-POLICY,PC,checkbox,ONE,3,SH-P01-T00-FAP-COMMUNITY-BENEFIT-POLICY,PC,checkbox,ONE,3,SH_01_FPG_DCNT_CARE_PCT_250_X,0,SH_01_FPG_DCNT_CARE_PCT_250_X,0,kept,FALSE,FALSE,FALSE,FALSE
SH_01_FPG_DCNT_CARE_PCT_300_X,SH-P01-T00-FAP-COMMUNITY-BENEFIT-POLICY,PC,checkbox,ONE,3,SH-P01-T00-FAP-COMMUNITY-BENEFIT-POLICY,PC,checkbox,ONE,3,SH_01_FPG_DCNT_CARE_PCT_300_X,0,SH_01_FPG_DCNT_CARE_PCT_300_X,0,kept,FALSE,FALSE,FALSE,FALSE
SH_01_FPG_DCNT_CARE_PCT_350_X,SH-P01-T00-FAP-COMMUNITY-BENEFIT-POLICY,PC,checkbox,ONE,3,SH-P01-T00-FAP-COMMUNITY-BENEFIT-POLICY,PC,checkbox,ONE,3,SH_01_FPG_DCNT_CARE_PCT_350_X,0,SH_01_FPG_DCNT_CARE_PCT_350_X,0,kept,FALSE,FALSE,FALSE,FALSE
SH_01_FPG_DCNT_CARE_PCT_400_X,SH-P01-T00-FAP-COMMUNITY-BENEFIT-POLICY,PC,checkbox,ONE,3,SH-P01-T00-FAP-COMMUNITY-BENEFIT-POLICY,PC,checkbox,ONE,3,SH_01_FPG_DCNT_CARE_PCT_400_X,0,SH_01_FPG_DCNT_CARE_PCT_400_X,0,kept,FALSE,FALSE,FALSE,FALSE
SH_01_FPG_DCNT_CARE_PCT_OTH,SH-P01-T00-FAP-COMMUNITY-BENEFIT-POLICY,PC,numeric,ONE,3,SH-P01-T00-FAP-COMMUNITY-BENEFIT-POLICY,PC,numeric,ONE,3,SH_01_FPG_DCNT_CARE_PCT_OTH,0,SH_01_FPG_DCNT_CARE_PCT_OTH,0,kept,FALSE,FALSE,FALSE,FALSE
SH_01_FPG_DCNT_CARE_PCT_OTH_X,SH-P01-T00-FAP-COMMUNITY-BENEFIT-POLICY,PC,checkbox,ONE,3,SH-P01-T00-FAP-COMMUNITY-BENEFIT-POLICY,PC,checkbox,ONE,3,SH_01_FPG_DCNT_CARE_PCT_OTH_X,0,SH_01_FPG_DCNT_CARE_PCT_OTH_X,0,kept,FALSE,FALSE,FALSE,FALSE
SH_01_FPG_DCNT_CARE_X,SH-P01-T00-FAP-COMMUNITY-BENEFIT-POLICY,PC,checkbox,ONE,3,SH-P01-T00-FAP-COMMUNITY-BENEFIT-POLICY,PC,checkbox,ONE,3,SH_01_FPG_DCNT_CARE_X,0,SH_01_FPG_DCNT_CARE_X,0,kept,FALSE,FALSE,FALSE,FALSE
SH_01_FPG_FREE_CARE_PCT_100_X,SH-P01-T00-FAP-COMMUNITY-BENEFIT-POLICY,PC,checkbox,ONE,3,SH-P01-T00-FAP-COMMUNITY-BENEFIT-POLICY,PC,checkbox,ONE,3,SH_01_FPG_FREE_CARE_PCT_100_X,0,SH_01_FPG_FREE_CARE_PCT_100_X,0,kept,FALSE,FALSE,FALSE,FALSE
SH_01_FPG_FREE_CARE_PCT_150_X,SH-P01-T00-FAP-COMMUNITY-BENEFIT-POLICY,PC,checkbox,ONE,3,SH-P01-T00-FAP-COMMUNITY-BENEFIT-POLICY,PC,checkbox,ONE,3,SH_01_FPG_FREE_CARE_PCT_150_X,0,SH_01_FPG_FREE_CARE_PCT_150_X,0,kept,FALSE,FALSE,FALSE,FALSE
SH_01_FPG_FREE_CARE_PCT_200_X,SH-P01-T00-FAP-COMMUNITY-BENEFIT-POLICY,PC,checkbox,ONE,3,SH-P01-T00-FAP-COMMUNITY-BENEFIT-POLICY,PC,checkbox,ONE,3,SH_01_FPG_FREE_CARE_PCT_200_X,0,SH_01_FPG_FREE_CARE_PCT_200_X,0,kept,FALSE,FALSE,FALSE,FALSE
SH_01_FPG_FREE_CARE_PCT_OTH,SH-P01-T00-FAP-COMMUNITY-BENEFIT-POLICY,PC,numeric,ONE,3,SH-P01-T00-FAP-COMMUNITY-BENEFIT-POLICY,PC,numeric,ONE,3,SH_01_FPG_FREE_CARE_PCT_OTH,0,SH_01_FPG_FREE_CARE_PCT_OTH,0,kept,FALSE,FALSE,FALSE,FALSE
SH_01_FPG_FREE_CARE_PCT_OTH_X,SH-P01-T00-FAP-COMMUNITY-BENEFIT-POLICY,PC,checkbox,ONE,3,SH-P01-T00-FAP-COMMUNITY-BENEFIT-POLICY,PC,checkbox,ONE,3,SH_01_FPG_FREE_CARE_PCT_OTH_X,0,SH_01_FPG_FREE_CARE_PCT_OTH_X,0,kept,FALSE,FALSE,FALSE,FALSE
SH_01_FPG_FREE_CARE_X,SH-P01-T00-FAP-COMMUNITY-BENEFIT-POLICY,PC,checkbox,ONE,3,SH-P01-T00-FAP-COMMUNITY-BENEFIT-POLICY,PC,checkbox,ONE,3,SH_01_FPG_FREE_CARE_X,0,SH_01_FPG_FREE_CARE_X,0,kept,FALSE,FALSE,FALSE,FALSE
SH_01_H_EDU_EXP_NET_COM_BEN,SH-P01-T00-FAP-COMMUNITY-BENEFIT-POLICY,PC,numeric,ONE,3,SH-P01-T00-FAP-COMMUNITY-BENEFIT-POLICY,PC,numeric,ONE,3,SH_01_H_EDU_EXP_NET_COM_BEN,0,SH_01_H_EDU_EXP_NET_COM_BEN,0,kept,FALSE,FALSE,FALSE,FALSE
SH_01_H_EDU_EXP_TOT_COM_BEN,SH-P01-T00-FAP-COMMUNITY-BENEFIT-POLICY,PC,numeric,ONE,3,SH-P01-T00-FAP-COMMUNITY-BENEFIT-POLICY,PC,numeric,ONE,3,SH_01_H_EDU_EXP_TOT_COM_BEN,0,SH_01_H_EDU_EXP_TOT_COM_BEN,0,kept,FALSE,FALSE,FALSE,FALSE
SH_01_H_EDU_NUM_ACT_PROG,SH-P01-T00-FAP-COMMUNITY-BENEFIT-POLICY,PC,numeric,ONE,3,SH-P01-T00-FAP-COMMUNITY-BENEFIT-POLICY,PC,numeric,ONE,3,SH_01_H_EDU_NUM_ACT_PROG,0,SH_01_H_EDU_NUM_ACT_PROG,0,kept,FALSE,FALSE,FALSE,FALSE
SH_01_H_EDU_PCT_EXP_TOT,SH-P01-T00-FAP-COMMUNITY-BENEFIT-POLICY,PC,numeric,ONE,3,SH-P01-T00-FAP-COMMUNITY-BENEFIT-POLICY,PC,numeric,ONE,3,SH_01_H_EDU_PCT_EXP_TOT,0,SH_01_H_EDU_PCT_EXP_TOT,0,kept,FALSE,FALSE,FALSE,FALSE
SH_01_H_EDU_PERS_SERVEDU,SH-P01-T00-FAP-COMMUNITY-BENEFIT-POLICY,PC,numeric,ONE,3,SH-P01-T00-FAP-COMMUNITY-BENEFIT-POLICY,PC,numeric,ONE,3,SH_01_H_EDU_PERS_SERVEDU,0,SH_01_H_EDU_PERS_SERVEDU,0,kept,FALSE,FALSE,FALSE,FALSE
SH_01_H_EDU_REV_DIRECT_OFFSET,SH-P01-T00-FAP-COMMUNITY-BENEFIT-POLICY,PC,numeric,ONE,3,SH-P01-T00-FAP-COMMUNITY-BENEFIT-POLICY,PC,numeric,ONE,3,SH_01_H_EDU_REV_DIRECT_OFFSET,0,SH_01_H_EDU_REV_DIRECT_OFFSET,0,kept,FALSE,FALSE,FALSE,FALSE
SH_01_H_SUBSID_EXP_NET_COM_BEN,SH-P01-T00-FAP-COMMUNITY-BENEFIT-POLICY,PC,numeric,ONE,3,SH-P01-T00-FAP-COMMUNITY-BENEFIT-POLICY,PC,numeric,ONE,3,SH_01_H_SUBSID_EXP_NET_COM_BEN,0,SH_01_H_SUBSID_EXP_NET_COM_BEN,0,kept,FALSE,FALSE,FALSE,FALSE
SH_01_H_SUBSID_EXP_TOT_COM_BEN,SH-P01-T00-FAP-COMMUNITY-BENEFIT-POLICY,PC,numeric,ONE,3,SH-P01-T00-FAP-COMMUNITY-BENEFIT-POLICY,PC,numeric,ONE,3,SH_01_H_SUBSID_EXP_TOT_COM_BEN,0,SH_01_H_SUBSID_EXP_TOT_COM_BEN,0,kept,FALSE,FALSE,FALSE,FALSE
SH_01_H_SUBSID_NUM_ACT_PROG,SH-P01-T00-FAP-COMMUNITY-BENEFIT-POLICY,PC,numeric,ONE,3,SH-P01-T00-FAP-COMMUNITY-BENEFIT-POLICY,PC,numeric,ONE,3,SH_01_H_SUBSID_NUM_ACT_PROG,0,SH_01_H_SUBSID_NUM_ACT_PROG,0,kept,FALSE,FALSE,FALSE,FALSE
SH_01_H_SUBSID_PCT_EXP_TOT,SH-P01-T00-FAP-COMMUNITY-BENEFIT-POLICY,PC,numeric,ONE,3,SH-P01-T00-FAP-COMMUNITY-BENEFIT-POLICY,PC,numeric,ONE,3,SH_01_H_SUBSID_PCT_EXP_TOT,0,SH_01_H_SUBSID_PCT_EXP_TOT,0,kept,FALSE,FALSE,FALSE,FALSE
SH_01_H_SUBSID_PERS_SERVED,SH-P01-T00-FAP-COMMUNITY-BENEFIT-POLICY,PC,numeric,ONE,3,SH-P01-T00-FAP-COMMUNITY-BENEFIT-POLICY,PC,numeric,ONE,3,SH_01_H_SUBSID_PERS_SERVED,0,SH_01_H_SUBSID_PERS_SERVED,0,kept,FALSE,FALSE,FALSE,FALSE
SH_01_H_SUBSID_REV_DIRECT_OFFSET,SH-P01-T00-FAP-COMMUNITY-BENEFIT-POLICY,PC,numeric,ONE,3,SH-P01-T00-FAP-COMMUNITY-BENEFIT-POLICY,PC,numeric,ONE,3,SH_01_H_SUBSID_REV_DIRECT_OFFSET,0,SH_01_H_SUBSID_REV_DIRECT_OFFSET,0,kept,FALSE,FALSE,FALSE,FALSE
SH_01_H_SVC_EXP_NET_COM_BEN,SH-P01-T00-FAP-COMMUNITY-BENEFIT-POLICY,PC,numeric,ONE,3,SH-P01-T00-FAP-COMMUNITY-BENEFIT-POLICY,PC,numeric,ONE,3,SH_01_H_SVC_EXP_NET_COM_BEN,0,SH_01_H_SVC_EXP_NET_COM_BEN,0,kept,FALSE,FALSE,FALSE,FALSE
SH_01_H_SVC_EXP_TOT_COM_BEN,SH-P01-T00-FAP-COMMUNITY-BENEFIT-POLICY,PC,numeric,ONE,3,SH-P01-T00-FAP-COMMUNITY-BENEFIT-POLICY,PC,numeric,ONE,3,SH_01_H_SVC_EXP_TOT_COM_BEN,0,SH_01_H_SVC_EXP_TOT_COM_BEN,0,kept,FALSE,FALSE,FALSE,FALSE
SH_01_H_SVC_NUM_ACT_PROG,SH-P01-T00-FAP-COMMUNITY-BENEFIT-POLICY,PC,numeric,ONE,3,SH-P01-T00-FAP-COMMUNITY-BENEFIT-POLICY,PC,numeric,ONE,3,SH_01_H_SVC_NUM_ACT_PROG,0,SH_01_H_SVC_NUM_ACT_PROG,0,kept,FALSE,FALSE,FALSE,FALSE
SH_01_H_SVC_PCT_EXP_TOT,SH-P01-T00-FAP-COMMUNITY-BENEFIT-POLICY,PC,numeric,ONE,3,SH-P01-T00-FAP-COMMUNITY-BENEFIT-POLICY,PC,numeric,ONE,3,SH_01_H_SVC_PCT_EXP_TOT,0,SH_01_H_SVC_PCT_EXP_TOT,0,kept,FALSE,FALSE,FALSE,FALSE
SH_01_H_SVC_PERS_SERVED,SH-P01-T00-FAP-COMMUNITY-BENEFIT-POLICY,PC,numeric,ONE,3,SH-P01-T00-FAP-COMMUNITY-BENEFIT-POLICY,PC,numeric,ONE,3,SH_01_H_SVC_PERS_SERVED,0,SH_01_H_SVC_PERS_SERVED,0,kept,FALSE,FALSE,FALSE,FALSE
SH_01_H_SVC_REV_DIRECT_OFFSET,SH-P01-T00-FAP-COMMUNITY-BENEFIT-POLICY,PC,numeric,ONE,3,SH-P01-T00-FAP-COMMUNITY-BENEFIT-POLICY,PC,numeric,ONE,3,SH_01_H_SVC_REV_DIRECT_OFFSET,0,SH_01_H_SVC_REV_DIRECT_OFFSET,0,kept,FALSE,FALSE,FALSE,FALSE
SH_01_MEAN_EXP_NET_COM_BEN,SH-P01-T00-FAP-COMMUNITY-BENEFIT-POLICY,PC,numeric,ONE,3,SH-P01-T00-FAP-COMMUNITY-BENEFIT-POLICY,PC,numeric,ONE,3,SH_01_MEAN_EXP_NET_COM_BEN,0,SH_01_MEAN_EXP_NET_COM_BEN,0,kept,FALSE,FALSE,FALSE,FALSE
SH_01_MEAN_EXP_TOT_COM_BEN,SH-P01-T00-FAP-COMMUNITY-BENEFIT-POLICY,PC,numeric,ONE,3,SH-P01-T00-FAP-COMMUNITY-BENEFIT-POLICY,PC,numeric,ONE,3,SH_01_MEAN_EXP_TOT_COM_BEN,0,SH_01_MEAN_EXP_TOT_COM_BEN,0,kept,FALSE,FALSE,FALSE,FALSE
SH_01_MEAN_NUM_ACT_PROG,SH-P01-T00-FAP-COMMUNITY-BENEFIT-POLICY,PC,numeric,ONE,3,SH-P01-T00-FAP-COMMUNITY-BENEFIT-POLICY,PC,numeric,ONE,3,SH_01_MEAN_NUM_ACT_PROG,0,SH_01_MEAN_NUM_ACT_PROG,0,kept,FALSE,FALSE,FALSE,FALSE
SH_01_MEAN_PCT_EXP_TOT,SH-P01-T00-FAP-COMMUNITY-BENEFIT-POLICY,PC,numeric,ONE,3,SH-P01-T00-FAP-COMMUNITY-BENEFIT-POLICY,PC,numeric,ONE,3,SH_01_MEAN_PCT_EXP_TOT,0,SH_01_MEAN_PCT_EXP_TOT,0,kept,FALSE,FALSE,FALSE,FALSE
SH_01_MEAN_PERS_SERVED,SH-P01-T00-FAP-COMMUNITY-BENEFIT-POLICY,PC,numeric,ONE,3,SH-P01-T00-FAP-COMMUNITY-BENEFIT-POLICY,PC,numeric,ONE,3,SH_01_MEAN_PERS_SERVED,0,SH_01_MEAN_PERS_SERVED,0,kept,FALSE,FALSE,FALSE,FALSE
SH_01_MEAN_REV_DIRECT_OFFSET,SH-P01-T00-FAP-COMMUNITY-BENEFIT-POLICY,PC,numeric,ONE,3,SH-P01-T00-FAP-COMMUNITY-BENEFIT-POLICY,PC,numeric,ONE,3,SH_01_MEAN_REV_DIRECT_OFFSET,0,SH_01_MEAN_REV_DIRECT_OFFSET,0,kept,FALSE,FALSE,FALSE,FALSE
SH_01_MEDICAID_EXP_NET_COM_BEN,SH-P01-T00-FAP-COMMUNITY-BENEFIT-POLICY,PC,numeric,ONE,3,SH-P01-T00-FAP-COMMUNITY-BENEFIT-POLICY,PC,numeric,ONE,3,SH_01_MEDICAID_EXP_NET_COM_BEN,0,SH_01_MEDICAID_EXP_NET_COM_BEN,0,kept,FALSE,FALSE,FALSE,FALSE
SH_01_MEDICAID_EXP_TOT_COM_BEN,SH-P01-T00-FAP-COMMUNITY-BENEFIT-POLICY,PC,numeric,ONE,3,SH-P01-T00-FAP-COMMUNITY-BENEFIT-POLICY,PC,numeric,ONE,3,SH_01_MEDICAID_EXP_TOT_COM_BEN,0,SH_01_MEDICAID_EXP_TOT_COM_BEN,0,kept,FALSE,FALSE,FALSE,FALSE
SH_01_MEDICAID_NUM_ACT_PROG,SH-P01-T00-FAP-COMMUNITY-BENEFIT-POLICY,PC,numeric,ONE,3,SH-P01-T00-FAP-COMMUNITY-BENEFIT-POLICY,PC,numeric,ONE,3,SH_01_MEDICAID_NUM_ACT_PROG,0,SH_01_MEDICAID_NUM_ACT_PROG,0,kept,FALSE,FALSE,FALSE,FALSE
SH_01_MEDICAID_PCT_EXP_TOT,SH-P01-T00-FAP-COMMUNITY-BENEFIT-POLICY,PC,numeric,ONE,3,SH-P01-T00-FAP-COMMUNITY-BENEFIT-POLICY,PC,numeric,ONE,3,SH_01_MEDICAID_PCT_EXP_TOT,0,SH_01_MEDICAID_PCT_EXP_TOT,0,kept,FALSE,FALSE,FALSE,FALSE
SH_01_MEDICAID_PERS_SERVED,SH-P01-T00-FAP-COMMUNITY-BENEFIT-POLICY,PC,numeric,ONE,3,SH-P01-T00-FAP-COMMUNITY-BENEFIT-POLICY,PC,numeric,ONE,3,SH_01_MEDICAID_PERS_SERVED,0,SH_01_MEDICAID_PERS_SERVED,0,kept,FALSE,FALSE,FALSE,FALSE
SH_01_MEDICAID_REV_DIRECT_OFFSET,SH-P01-T00-FAP-COMMUNITY-BENEFIT-POLICY,PC,numeric,ONE,3,SH-P01-T00-FAP-COMMUNITY-BENEFIT-POLICY,PC,numeric,ONE,3,SH_01_MEDICAID_REV_DIRECT_OFFSET,0,SH_01_MEDICAID_REV_DIRECT_OFFSET,0,kept,FALSE,FALSE,FALSE,FALSE
SH_01_REP_ANNUAL_COM_BEN_X,SH-P01-T00-FAP-COMMUNITY-BENEFIT-POLICY,PC,checkbox,ONE,3,SH-P01-T00-FAP-COMMUNITY-BENEFIT-POLICY,PC,checkbox,ONE,3,SH_01_REP_ANNUAL_COM_BEN_X,0,SH_01_REP_ANNUAL_COM_BEN_X,0,kept,FALSE,FALSE,FALSE,FALSE
SH_01_REP_AVBL_PUB_X,SH-P01-T00-FAP-COMMUNITY-BENEFIT-POLICY,PC,checkbox,ONE,3,SH-P01-T00-FAP-COMMUNITY-BENEFIT-POLICY,PC,checkbox,ONE,3,SH_01_REP_AVBL_PUB_X,0,SH_01_REP_AVBL_PUB_X,0,kept,FALSE,FALSE,FALSE,FALSE
SH_01_RSRCH_EXP_NET_COM_BEN,SH-P01-T00-FAP-COMMUNITY-BENEFIT-POLICY,PC,numeric,ONE,3,SH-P01-T00-FAP-COMMUNITY-BENEFIT-POLICY,PC,numeric,ONE,3,SH_01_RSRCH_EXP_NET_COM_BEN,0,SH_01_RSRCH_EXP_NET_COM_BEN,0,kept,FALSE,FALSE,FALSE,FALSE
SH_01_RSRCH_EXP_TOT_COM_BEN,SH-P01-T00-FAP-COMMUNITY-BENEFIT-POLICY,PC,numeric,ONE,3,SH-P01-T00-FAP-COMMUNITY-BENEFIT-POLICY,PC,numeric,ONE,3,SH_01_RSRCH_EXP_TOT_COM_BEN,0,SH_01_RSRCH_EXP_TOT_COM_BEN,0,kept,FALSE,FALSE,FALSE,FALSE
SH_01_RSRCH_NUM_ACT_PROG,SH-P01-T00-FAP-COMMUNITY-BENEFIT-POLICY,PC,numeric,ONE,3,SH-P01-T00-FAP-COMMUNITY-BENEFIT-POLICY,PC,numeric,ONE,3,SH_01_RSRCH_NUM_ACT_PROG,0,SH_01_RSRCH_NUM_ACT_PROG,0,kept,FALSE,FALSE,FALSE,FALSE
SH_01_RSRCH_PCT_EXP_TOT,SH-P01-T00-FAP-COMMUNITY-BENEFIT-POLICY,PC,numeric,ONE,3,SH-P01-T00-FAP-COMMUNITY-BENEFIT-POLICY,PC,numeric,ONE,3,SH_01_RSRCH_PCT_EXP_TOT,0,SH_01_RSRCH_PCT_EXP_TOT,0,kept,FALSE,FALSE,FALSE,FALSE
SH_01_RSRCH_PERS_SERVED,SH-P01-T00-FAP-COMMUNITY-BENEFIT-POLICY,PC,numeric,ONE,3,SH-P01-T00-FAP-COMMUNITY-BENEFIT-POLICY,PC,numeric,ONE,3,SH_01_RSRCH_PERS_SERVED,0,SH_01_RSRCH_PERS_SERVED,0,kept,FALSE,FALSE,FALSE,FALSE
SH_01_RSRCH_REV_DIRECT_OFFSET,SH-P01-T00-FAP-COMMUNITY-BENEFIT-POLICY,PC,numeric,ONE,3,SH-P01-T00-FAP-COMMUNITY-BENEFIT-POLICY,PC,numeric,ONE,3,SH_01_RSRCH_REV_DIRECT_OFFSET,0,SH_01_RSRCH_REV_DIRECT_OFFSET,0,kept,FALSE,FALSE,FALSE,FALSE
SH_01_TOT_EXP_NET_COM_BEN,SH-P01-T00-FAP-COMMUNITY-BENEFIT-POLICY,PC,numeric,ONE,3,SH-P01-T00-FAP-COMMUNITY-BENEFIT-POLICY,PC,numeric,ONE,3,SH_01_TOT_EXP_NET_COM_BEN,0,SH_01_TOT_EXP_NET_COM_BEN,0,kept,FALSE,FALSE,FALSE,FALSE
SH_01_TOT_EXP_TOT_COM_BEN,SH-P01-T00-FAP-COMMUNITY-BENEFIT-POLICY,PC,numeric,ONE,3,SH-P01-T00-FAP-COMMUNITY-BENEFIT-POLICY,PC,numeric,ONE,3,SH_01_TOT_EXP_TOT_COM_BEN,0,SH_01_TOT_EXP_TOT_COM_BEN,0,kept,FALSE,FALSE,FALSE,FALSE
SH_01_TOT_FA_EXP_NET_COM_BEN,SH-P01-T00-FAP-COMMUNITY-BENEFIT-POLICY,PC,numeric,ONE,4,SH-P01-T00-FAP-COMMUNITY-BENEFIT-POLICY,PC,numeric,ONE,4,SH_01_TOT_FA_EXP_NET_COM_BEN,0,SH_01_TOT_FA_EXP_NET_COM_BEN,0,kept,FALSE,FALSE,FALSE,FALSE
SH_01_TOT_FA_EXP_TOT_COM_BEN,SH-P01-T00-FAP-COMMUNITY-BENEFIT-POLICY,PC,numeric,ONE,4,SH-P01-T00-FAP-COMMUNITY-BENEFIT-POLICY,PC,numeric,ONE,4,SH_01_TOT_FA_EXP_TOT_COM_BEN,0,SH_01_TOT_FA_EXP_TOT_COM_BEN,0,kept,FALSE,FALSE,FALSE,FALSE
SH_01_TOT_FA_NUM_ACT_PROG,SH-P01-T00-FAP-COMMUNITY-BENEFIT-POLICY,PC,numeric,ONE,4,SH-P01-T00-FAP-COMMUNITY-BENEFIT-POLICY,PC,numeric,ONE,4,SH_01_TOT_FA_NUM_ACT_PROG,0,SH_01_TOT_FA_NUM_ACT_PROG,0,kept,FALSE,FALSE,FALSE,FALSE
SH_01_TOT_FA_PCT_EXP_TOT,SH-P01-T00-FAP-COMMUNITY-BENEFIT-POLICY,PC,numeric,ONE,4,SH-P01-T00-FAP-COMMUNITY-BENEFIT-POLICY,PC,numeric,ONE,4,SH_01_TOT_FA_PCT_EXP_TOT,0,SH_01_TOT_FA_PCT_EXP_TOT,0,kept,FALSE,FALSE,FALSE,FALSE
SH_01_TOT_FA_PERS_SERVED,SH-P01-T00-FAP-COMMUNITY-BENEFIT-POLICY,PC,numeric,ONE,4,SH-P01-T00-FAP-COMMUNITY-BENEFIT-POLICY,PC,numeric,ONE,4,SH_01_TOT_FA_PERS_SERVED,0,SH_01_TOT_FA_PERS_SERVED,0,kept,FALSE,FALSE,FALSE,FALSE
SH_01_TOT_FA_REV_DIRECT_OFFSET,SH-P01-T00-FAP-COMMUNITY-BENEFIT-POLICY,PC,numeric,ONE,4,SH-P01-T00-FAP-COMMUNITY-BENEFIT-POLICY,PC,numeric,ONE,4,SH_01_TOT_FA_REV_DIRECT_OFFSET,0,SH_01_TOT_FA_REV_DIRECT_OFFSET,0,kept,FALSE,FALSE,FALSE,FALSE
SH_01_TOT_NUM_ACT_PROG,SH-P01-T00-FAP-COMMUNITY-BENEFIT-POLICY,PC,numeric,ONE,3,SH-P01-T00-FAP-COMMUNITY-BENEFIT-POLICY,PC,numeric,ONE,3,SH_01_TOT_NUM_ACT_PROG,0,SH_01_TOT_NUM_ACT_PROG,0,kept,FALSE,FALSE,FALSE,FALSE
SH_01_TOT_OTH_EXP_NET_COM_BEN,SH-P01-T00-FAP-COMMUNITY-BENEFIT-POLICY,PC,numeric,ONE,3,SH-P01-T00-FAP-COMMUNITY-BENEFIT-POLICY,PC,numeric,ONE,3,SH_01_TOT_OTH_EXP_NET_COM_BEN,0,SH_01_TOT_OTH_EXP_NET_COM_BEN,0,kept,FALSE,FALSE,FALSE,FALSE
SH_01_TOT_OTH_EXP_TOT_COM_BEN,SH-P01-T00-FAP-COMMUNITY-BENEFIT-POLICY,PC,numeric,ONE,3,SH-P01-T00-FAP-COMMUNITY-BENEFIT-POLICY,PC,numeric,ONE,3,SH_01_TOT_OTH_EXP_TOT_COM_BEN,0,SH_01_TOT_OTH_EXP_TOT_COM_BEN,0,kept,FALSE,FALSE,FALSE,FALSE
SH_01_TOT_OTH_NUM_ACT_PROG,SH-P01-T00-FAP-COMMUNITY-BENEFIT-POLICY,PC,numeric,ONE,3,SH-P01-T00-FAP-COMMUNITY-BENEFIT-POLICY,PC,numeric,ONE,3,SH_01_TOT_OTH_NUM_ACT_PROG,0,SH_01_TOT_OTH_NUM_ACT_PROG,0,kept,FALSE,FALSE,FALSE,FALSE
SH_01_TOT_OTH_PCT_EXP_TOT,SH-P01-T00-FAP-COMMUNITY-BENEFIT-POLICY,PC,numeric,ONE,3,SH-P01-T00-FAP-COMMUNITY-BENEFIT-POLICY,PC,numeric,ONE,3,SH_01_TOT_OTH_PCT_EXP_TOT,0,SH_01_TOT_OTH_PCT_EXP_TOT,0,kept,FALSE,FALSE,FALSE,FALSE
SH_01_TOT_OTH_PERS_SERVED,SH-P01-T00-FAP-COMMUNITY-BENEFIT-POLICY,PC,numeric,ONE,3,SH-P01-T00-FAP-COMMUNITY-BENEFIT-POLICY,PC,numeric,ONE,3,SH_01_TOT_OTH_PERS_SERVED,0,SH_01_TOT_OTH_PERS_SERVED,0,kept,FALSE,FALSE,FALSE,FALSE
SH_01_TOT_OTH_REV_DIRECT_OFFSET,SH-P01-T00-FAP-COMMUNITY-BENEFIT-POLICY,PC,numeric,ONE,3,SH-P01-T00-FAP-COMMUNITY-BENEFIT-POLICY,PC,numeric,ONE,3,SH_01_TOT_OTH_REV_DIRECT_OFFSET,0,SH_01_TOT_OTH_REV_DIRECT_OFFSET,0,kept,FALSE,FALSE,FALSE,FALSE
SH_01_TOT_PCT_EXP_TOT,SH-P01-T00-FAP-COMMUNITY-BENEFIT-POLICY,PC,numeric,ONE,3,SH-P01-T00-FAP-COMMUNITY-BENEFIT-POLICY,PC,numeric,ONE,3,SH_01_TOT_PCT_EXP_TOT,0,SH_01_TOT_PCT_EXP_TOT,0,kept,FALSE,FALSE,FALSE,FALSE
SH_01_TOT_PERS_SERVED,SH-P01-T00-FAP-COMMUNITY-BENEFIT-POLICY,PC,numeric,ONE,3,SH-P01-T00-FAP-COMMUNITY-BENEFIT-POLICY,PC,numeric,ONE,3,SH_01_TOT_PERS_SERVED,0,SH_01_TOT_PERS_SERVED,0,kept,FALSE,FALSE,FALSE,FALSE
SH_01_TOT_REV_DIRECT_OFFSET,SH-P01-T00-FAP-COMMUNITY-BENEFIT-POLICY,PC,numeric,ONE,3,SH-P01-T00-FAP-COMMUNITY-BENEFIT-POLICY,PC,numeric,ONE,3,SH_01_TOT_REV_DIRECT_OFFSET,0,SH_01_TOT_REV_DIRECT_OFFSET,0,kept,FALSE,FALSE,FALSE,FALSE
SH_02_ADVOCACY_EXP_NET_COM_BLDG,SH-P02-T00-FAP-COMMUNITY-BENEFIT-POLICY,PC,numeric,ONE,3,SH-P02-T00-FAP-COMMUNITY-BENEFIT-POLICY,PC,numeric,ONE,3,SH_02_ADVOCACY_EXP_NET_COM_BLDG,0,SH_02_ADVOCACY_EXP_NET_COM_BLDG,0,kept,FALSE,FALSE,FALSE,FALSE
SH_02_ADVOCACY_EXP_TOT_COM_BLDG,SH-P02-T00-FAP-COMMUNITY-BENEFIT-POLICY,PC,numeric,ONE,3,SH-P02-T00-FAP-COMMUNITY-BENEFIT-POLICY,PC,numeric,ONE,3,SH_02_ADVOCACY_EXP_TOT_COM_BLDG,0,SH_02_ADVOCACY_EXP_TOT_COM_BLDG,0,kept,FALSE,FALSE,FALSE,FALSE
SH_02_ADVOCACY_NUM_ACT_PROG,SH-P02-T00-FAP-COMMUNITY-BENEFIT-POLICY,PC,numeric,ONE,3,SH-P02-T00-FAP-COMMUNITY-BENEFIT-POLICY,PC,numeric,ONE,3,SH_02_ADVOCACY_NUM_ACT_PROG,0,SH_02_ADVOCACY_NUM_ACT_PROG,0,kept,FALSE,FALSE,FALSE,FALSE
SH_02_ADVOCACY_PCT_EXP_TOT,SH-P02-T00-FAP-COMMUNITY-BENEFIT-POLICY,PC,numeric,ONE,3,SH-P02-T00-FAP-COMMUNITY-BENEFIT-POLICY,PC,numeric,ONE,3,SH_02_ADVOCACY_PCT_EXP_TOT,0,SH_02_ADVOCACY_PCT_EXP_TOT,0,kept,FALSE,FALSE,FALSE,FALSE
SH_02_ADVOCACY_PERS_SERVED,SH-P02-T00-FAP-COMMUNITY-BENEFIT-POLICY,PC,numeric,ONE,3,SH-P02-T00-FAP-COMMUNITY-BENEFIT-POLICY,PC,numeric,ONE,3,SH_02_ADVOCACY_PERS_SERVED,0,SH_02_ADVOCACY_PERS_SERVED,0,kept,FALSE,FALSE,FALSE,FALSE
SH_02_ADVOCACY_REV_DIRECT_OFFSET,SH-P02-T00-FAP-COMMUNITY-BENEFIT-POLICY,PC,numeric,ONE,3,SH-P02-T00-FAP-COMMUNITY-BENEFIT-POLICY,PC,numeric,ONE,3,SH_02_ADVOCACY_REV_DIRECT_OFFSET,0,SH_02_ADVOCACY_REV_DIRECT_OFFSET,0,kept,FALSE,FALSE,FALSE,FALSE
SH_02_COAL_EXP_NET_COM_BLDG,SH-P02-T00-FAP-COMMUNITY-BENEFIT-POLICY,PC,numeric,ONE,3,SH-P02-T00-FAP-COMMUNITY-BENEFIT-POLICY,PC,numeric,ONE,3,SH_02_COAL_EXP_NET_COM_BLDG,0,SH_02_COAL_EXP_NET_COM_BLDG,0,kept,FALSE,FALSE,FALSE,FALSE
SH_02_COAL_EXP_TOT_COM_BLDG,SH-P02-T00-FAP-COMMUNITY-BENEFIT-POLICY,PC,numeric,ONE,3,SH-P02-T00-FAP-COMMUNITY-BENEFIT-POLICY,PC,numeric,ONE,3,SH_02_COAL_EXP_TOT_COM_BLDG,0,SH_02_COAL_EXP_TOT_COM_BLDG,0,kept,FALSE,FALSE,FALSE,FALSE
SH_02_COAL_NUM_ACT_PROG,SH-P02-T00-FAP-COMMUNITY-BENEFIT-POLICY,PC,numeric,ONE,3,SH-P02-T00-FAP-COMMUNITY-BENEFIT-POLICY,PC,numeric,ONE,3,SH_02_COAL_NUM_ACT_PROG,0,SH_02_COAL_NUM_ACT_PROG,0,kept,FALSE,FALSE,FALSE,FALSE
SH_02_COAL_PCT_EXP_TOT,SH-P02-T00-FAP-COMMUNITY-BENEFIT-POLICY,PC,numeric,ONE,3,SH-P02-T00-FAP-COMMUNITY-BENEFIT-POLICY,PC,numeric,ONE,3,SH_02_COAL_PCT_EXP_TOT,0,SH_02_COAL_PCT_EXP_TOT,0,kept,FALSE,FALSE,FALSE,FALSE
SH_02_COAL_PERS_SERVED,SH-P02-T00-FAP-COMMUNITY-BENEFIT-POLICY,PC,numeric,ONE,3,SH-P02-T00-FAP-COMMUNITY-BENEFIT-POLICY,PC,numeric,ONE,3,SH_02_COAL_PERS_SERVED,0,SH_02_COAL_PERS_SERVED,0,kept,FALSE,FALSE,FALSE,FALSE
SH_02_COAL_REV_DIRECT_OFFSET,SH-P02-T00-FAP-COMMUNITY-BENEFIT-POLICY,PC,numeric,ONE,3,SH-P02-T00-FAP-COMMUNITY-BENEFIT-POLICY,PC,numeric,ONE,3,SH_02_COAL_REV_DIRECT_OFFSET,0,SH_02_COAL_REV_DIRECT_OFFSET,0,kept,FALSE,FALSE,FALSE,FALSE
SH_02_COM_SUP_EXP_NET_COM_BLDG,SH-P02-T00-FAP-COMMUNITY-BENEFIT-POLICY,PC,numeric,ONE,3,SH-P02-T00-FAP-COMMUNITY-BENEFIT-POLICY,PC,numeric,ONE,3,SH_02_COM_SUP_EXP_NET_COM_BLDG,0,SH_02_COM_SUP_EXP_NET_COM_BLDG,0,kept,FALSE,FALSE,FALSE,FALSE
SH_02_COM_SUP_EXP_TOT_COM_BLDG,SH-P02-T00-FAP-COMMUNITY-BENEFIT-POLICY,PC,numeric,ONE,3,SH-P02-T00-FAP-COMMUNITY-BENEFIT-POLICY,PC,numeric,ONE,3,SH_02_COM_SUP_EXP_TOT_COM_BLDG,0,SH_02_COM_SUP_EXP_TOT_COM_BLDG,0,kept,FALSE,FALSE,FALSE,FALSE
SH_02_COM_SUP_NUM_ACT_PROG,SH-P02-T00-FAP-COMMUNITY-BENEFIT-POLICY,PC,numeric,ONE,3,SH-P02-T00-FAP-COMMUNITY-BENEFIT-POLICY,PC,numeric,ONE,3,SH_02_COM_SUP_NUM_ACT_PROG,0,SH_02_COM_SUP_NUM_ACT_PROG,0,kept,FALSE,FALSE,FALSE,FALSE
SH_02_COM_SUP_PCT_EXP_TOT,SH-P02-T00-FAP-COMMUNITY-BENEFIT-POLICY,PC,numeric,ONE,3,SH-P02-T00-FAP-COMMUNITY-BENEFIT-POLICY,PC,numeric,ONE,3,SH_02_COM_SUP_PCT_EXP_TOT,0,SH_02_COM_SUP_PCT_EXP_TOT,0,kept,FALSE,FALSE,FALSE,FALSE
SH_02_COM_SUP_PERS_SERVED,SH-P02-T00-FAP-COMMUNITY-BENEFIT-POLICY,PC,numeric,ONE,3,SH-P02-T00-FAP-COMMUNITY-BENEFIT-POLICY,PC,numeric,ONE,3,SH_02_COM_SUP_PERS_SERVED,0,SH_02_COM_SUP_PERS_SERVED,0,kept,FALSE,FALSE,FALSE,FALSE
SH_02_COM_SUP_REV_DIRECT_OFFSET,SH-P02-T00-FAP-COMMUNITY-BENEFIT-POLICY,PC,numeric,ONE,3,SH-P02-T00-FAP-COMMUNITY-BENEFIT-POLICY,PC,numeric,ONE,3,SH_02_COM_SUP_REV_DIRECT_OFFSET,0,SH_02_COM_SUP_REV_DIRECT_OFFSET,0,kept,FALSE,FALSE,FALSE,FALSE
SH_02_ECON_DEV_EXP_NET_COM_BLDG,SH-P02-T00-FAP-COMMUNITY-BENEFIT-POLICY,PC,numeric,ONE,3,SH-P02-T00-FAP-COMMUNITY-BENEFIT-POLICY,PC,numeric,ONE,3,SH_02_ECON_DEV_EXP_NET_COM_BLDG,0,SH_02_ECON_DEV_EXP_NET_COM_BLDG,0,kept,FALSE,FALSE,FALSE,FALSE
SH_02_ECON_DEV_EXP_TOT_COM_BLDG,SH-P02-T00-FAP-COMMUNITY-BENEFIT-POLICY,PC,numeric,ONE,3,SH-P02-T00-FAP-COMMUNITY-BENEFIT-POLICY,PC,numeric,ONE,3,SH_02_ECON_DEV_EXP_TOT_COM_BLDG,0,SH_02_ECON_DEV_EXP_TOT_COM_BLDG,0,kept,FALSE,FALSE,FALSE,FALSE
SH_02_ECON_DEV_NUM_ACT_PROG,SH-P02-T00-FAP-COMMUNITY-BENEFIT-POLICY,PC,numeric,ONE,3,SH-P02-T00-FAP-COMMUNITY-BENEFIT-POLICY,PC,numeric,ONE,3,SH_02_ECON_DEV_NUM_ACT_PROG,0,SH_02_ECON_DEV_NUM_ACT_PROG,0,kept,FALSE,FALSE,FALSE,FALSE
SH_02_ECON_DEV_PCT_EXP_TOT,SH-P02-T00-FAP-COMMUNITY-BENEFIT-POLICY,PC,numeric,ONE,3,SH-P02-T00-FAP-COMMUNITY-BENEFIT-POLICY,PC,numeric,ONE,3,SH_02_ECON_DEV_PCT_EXP_TOT,0,SH_02_ECON_DEV_PCT_EXP_TOT,0,kept,FALSE,FALSE,FALSE,FALSE
SH_02_ECON_DEV_PERS_SERVED,SH-P02-T00-FAP-COMMUNITY-BENEFIT-POLICY,PC,numeric,ONE,3,SH-P02-T00-FAP-COMMUNITY-BENEFIT-POLICY,PC,numeric,ONE,3,SH_02_ECON_DEV_PERS_SERVED,0,SH_02_ECON_DEV_PERS_SERVED,0,kept,FALSE,FALSE,FALSE,FALSE
SH_02_ECON_DEV_REV_DIRECT_OFFSET,SH-P02-T00-FAP-COMMUNITY-BENEFIT-POLICY,PC,numeric,ONE,3,SH-P02-T00-FAP-COMMUNITY-BENEFIT-POLICY,PC,numeric,ONE,3,SH_02_ECON_DEV_REV_DIRECT_OFFSET,0,SH_02_ECON_DEV_REV_DIRECT_OFFSET,0,kept,FALSE,FALSE,FALSE,FALSE
SH_02_ENVIR_EXP_NET_COM_BLDG,SH-P02-T00-FAP-COMMUNITY-BENEFIT-POLICY,PC,numeric,ONE,3,SH-P02-T00-FAP-COMMUNITY-BENEFIT-POLICY,PC,numeric,ONE,3,SH_02_ENVIR_EXP_NET_COM_BLDG,0,SH_02_ENVIR_EXP_NET_COM_BLDG,0,kept,FALSE,FALSE,FALSE,FALSE
SH_02_ENVIR_EXP_TOT_COM_BLDG,SH-P02-T00-FAP-COMMUNITY-BENEFIT-POLICY,PC,numeric,ONE,3,SH-P02-T00-FAP-COMMUNITY-BENEFIT-POLICY,PC,numeric,ONE,3,SH_02_ENVIR_EXP_TOT_COM_BLDG,0,SH_02_ENVIR_EXP_TOT_COM_BLDG,0,kept,FALSE,FALSE,FALSE,FALSE
SH_02_ENVIR_NUM_ACT_PROG,SH-P02-T00-FAP-COMMUNITY-BENEFIT-POLICY,PC,numeric,ONE,3,SH-P02-T00-FAP-COMMUNITY-BENEFIT-POLICY,PC,numeric,ONE,3,SH_02_ENVIR_NUM_ACT_PROG,0,SH_02_ENVIR_NUM_ACT_PROG,0,kept,FALSE,FALSE,FALSE,FALSE
SH_02_ENVIR_PCT_EXP_TOT,SH-P02-T00-FAP-COMMUNITY-BENEFIT-POLICY,PC,numeric,ONE,3,SH-P02-T00-FAP-COMMUNITY-BENEFIT-POLICY,PC,numeric,ONE,3,SH_02_ENVIR_PCT_EXP_TOT,0,SH_02_ENVIR_PCT_EXP_TOT,0,kept,FALSE,FALSE,FALSE,FALSE
SH_02_ENVIR_PERS_SERVED,SH-P02-T00-FAP-COMMUNITY-BENEFIT-POLICY,PC,numeric,ONE,3,SH-P02-T00-FAP-COMMUNITY-BENEFIT-POLICY,PC,numeric,ONE,3,SH_02_ENVIR_PERS_SERVED,0,SH_02_ENVIR_PERS_SERVED,0,kept,FALSE,FALSE,FALSE,FALSE
SH_02_ENVIR_REV_DIRECT_OFFSET,SH-P02-T00-FAP-COMMUNITY-BENEFIT-POLICY,PC,numeric,ONE,3,SH-P02-T00-FAP-COMMUNITY-BENEFIT-POLICY,PC,numeric,ONE,3,SH_02_ENVIR_REV_DIRECT_OFFSET,0,SH_02_ENVIR_REV_DIRECT_OFFSET,0,kept,FALSE,FALSE,FALSE,FALSE
SH_02_LDRSP_EXP_NET_COM_BLDG,SH-P02-T00-FAP-COMMUNITY-BENEFIT-POLICY,PC,numeric,ONE,3,SH-P02-T00-FAP-COMMUNITY-BENEFIT-POLICY,PC,numeric,ONE,3,SH_02_LDRSP_EXP_NET_COM_BLDG,0,SH_02_LDRSP_EXP_NET_COM_BLDG,0,kept,FALSE,FALSE,FALSE,FALSE
SH_02_LDRSP_EXP_TOT_COM_BLDG,SH-P02-T00-FAP-COMMUNITY-BENEFIT-POLICY,PC,numeric,ONE,3,SH-P02-T00-FAP-COMMUNITY-BENEFIT-POLICY,PC,numeric,ONE,3,SH_02_LDRSP_EXP_TOT_COM_BLDG,0,SH_02_LDRSP_EXP_TOT_COM_BLDG,0,kept,FALSE,FALSE,FALSE,FALSE
SH_02_LDRSP_NUM_ACT_PROG,SH-P02-T00-FAP-COMMUNITY-BENEFIT-POLICY,PC,numeric,ONE,3,SH-P02-T00-FAP-COMMUNITY-BENEFIT-POLICY,PC,numeric,ONE,3,SH_02_LDRSP_NUM_ACT_PROG,0,SH_02_LDRSP_NUM_ACT_PROG,0,kept,FALSE,FALSE,FALSE,FALSE
SH_02_LDRSP_PCT_EXP_TOT,SH-P02-T00-FAP-COMMUNITY-BENEFIT-POLICY,PC,numeric,ONE,3,SH-P02-T00-FAP-COMMUNITY-BENEFIT-POLICY,PC,numeric,ONE,3,SH_02_LDRSP_PCT_EXP_TOT,0,SH_02_LDRSP_PCT_EXP_TOT,0,kept,FALSE,FALSE,FALSE,FALSE
SH_02_LDRSP_PERS_SERVED,SH-P02-T00-FAP-COMMUNITY-BENEFIT-POLICY,PC,numeric,ONE,3,SH-P02-T00-FAP-COMMUNITY-BENEFIT-POLICY,PC,numeric,ONE,3,SH_02_LDRSP_PERS_SERVED,0,SH_02_LDRSP_PERS_SERVED,0,kept,FALSE,FALSE,FALSE,FALSE
SH_02_LDRSP_REV_DIRECT_OFFSET,SH-P02-T00-FAP-COMMUNITY-BENEFIT-POLICY,PC,numeric,ONE,3,SH-P02-T00-FAP-COMMUNITY-BENEFIT-POLICY,PC,numeric,ONE,3,SH_02_LDRSP_REV_DIRECT_OFFSET,0,SH_02_LDRSP_REV_DIRECT_OFFSET,0,kept,FALSE,FALSE,FALSE,FALSE
SH_02_OTH_EXP_NET_COM_BLDG,SH-P02-T00-FAP-COMMUNITY-BENEFIT-POLICY,PC,numeric,ONE,3,SH-P02-T00-FAP-COMMUNITY-BENEFIT-POLICY,PC,numeric,ONE,3,SH_02_OTH_EXP_NET_COM_BLDG,0,SH_02_OTH_EXP_NET_COM_BLDG,0,kept,FALSE,FALSE,FALSE,FALSE
SH_02_OTH_EXP_TOT_COM_BLDG,SH-P02-T00-FAP-COMMUNITY-BENEFIT-POLICY,PC,numeric,ONE,3,SH-P02-T00-FAP-COMMUNITY-BENEFIT-POLICY,PC,numeric,ONE,3,SH_02_OTH_EXP_TOT_COM_BLDG,0,SH_02_OTH_EXP_TOT_COM_BLDG,0,kept,FALSE,FALSE,FALSE,FALSE
SH_02_OTH_NUM_ACT_PROG,SH-P02-T00-FAP-COMMUNITY-BENEFIT-POLICY,PC,numeric,ONE,3,SH-P02-T00-FAP-COMMUNITY-BENEFIT-POLICY,PC,numeric,ONE,3,SH_02_OTH_NUM_ACT_PROG,0,SH_02_OTH_NUM_ACT_PROG,0,kept,FALSE,FALSE,FALSE,FALSE
SH_02_OTH_PCT_EXP_TOT,SH-P02-T00-FAP-COMMUNITY-BENEFIT-POLICY,PC,numeric,ONE,3,SH-P02-T00-FAP-COMMUNITY-BENEFIT-POLICY,PC,numeric,ONE,3,SH_02_OTH_PCT_EXP_TOT,0,SH_02_OTH_PCT_EXP_TOT,0,kept,FALSE,FALSE,FALSE,FALSE
SH_02_OTH_PERS_SERVED,SH-P02-T00-FAP-COMMUNITY-BENEFIT-POLICY,PC,numeric,ONE,3,SH-P02-T00-FAP-COMMUNITY-BENEFIT-POLICY,PC,numeric,ONE,3,SH_02_OTH_PERS_SERVED,0,SH_02_OTH_PERS_SERVED,0,kept,FALSE,FALSE,FALSE,FALSE
SH_02_OTH_REV_DIRECT_OFFSET,SH-P02-T00-FAP-COMMUNITY-BENEFIT-POLICY,PC,numeric,ONE,3,SH-P02-T00-FAP-COMMUNITY-BENEFIT-POLICY,PC,numeric,ONE,3,SH_02_OTH_REV_DIRECT_OFFSET,0,SH_02_OTH_REV_DIRECT_OFFSET,0,kept,FALSE,FALSE,FALSE,FALSE
SH_02_PHY_IMP_EXP_NET_COM_BLDG,SH-P02-T00-FAP-COMMUNITY-BENEFIT-POLICY,PC,numeric,ONE,3,SH-P02-T00-FAP-COMMUNITY-BENEFIT-POLICY,PC,numeric,ONE,3,SH_02_PHY_IMP_EXP_NET_COM_BLDG,0,SH_02_PHY_IMP_EXP_NET_COM_BLDG,0,kept,FALSE,FALSE,FALSE,FALSE
SH_02_PHY_IMP_EXP_TOT_COM_BLDG,SH-P02-T00-FAP-COMMUNITY-BENEFIT-POLICY,PC,numeric,ONE,3,SH-P02-T00-FAP-COMMUNITY-BENEFIT-POLICY,PC,numeric,ONE,3,SH_02_PHY_IMP_EXP_TOT_COM_BLDG,0,SH_02_PHY_IMP_EXP_TOT_COM_BLDG,0,kept,FALSE,FALSE,FALSE,FALSE
SH_02_PHY_IMP_NUM_ACT_PROG,SH-P02-T00-FAP-COMMUNITY-BENEFIT-POLICY,PC,numeric,ONE,3,SH-P02-T00-FAP-COMMUNITY-BENEFIT-POLICY,PC,numeric,ONE,3,SH_02_PHY_IMP_NUM_ACT_PROG,0,SH_02_PHY_IMP_NUM_ACT_PROG,0,kept,FALSE,FALSE,FALSE,FALSE
SH_02_PHY_IMP_PCT_EXP_TOT,SH-P02-T00-FAP-COMMUNITY-BENEFIT-POLICY,PC,numeric,ONE,3,SH-P02-T00-FAP-COMMUNITY-BENEFIT-POLICY,PC,numeric,ONE,3,SH_02_PHY_IMP_PCT_EXP_TOT,0,SH_02_PHY_IMP_PCT_EXP_TOT,0,kept,FALSE,FALSE,FALSE,FALSE
SH_02_PHY_IMP_PERS_SERVED,SH-P02-T00-FAP-COMMUNITY-BENEFIT-POLICY,PC,numeric,ONE,3,SH-P02-T00-FAP-COMMUNITY-BENEFIT-POLICY,PC,numeric,ONE,3,SH_02_PHY_IMP_PERS_SERVED,0,SH_02_PHY_IMP_PERS_SERVED,0,kept,FALSE,FALSE,FALSE,FALSE
SH_02_PHY_IMP_REV_DIRECT_OFFSET,SH-P02-T00-FAP-COMMUNITY-BENEFIT-POLICY,PC,numeric,ONE,3,SH-P02-T00-FAP-COMMUNITY-BENEFIT-POLICY,PC,numeric,ONE,3,SH_02_PHY_IMP_REV_DIRECT_OFFSET,0,SH_02_PHY_IMP_REV_DIRECT_OFFSET,0,kept,FALSE,FALSE,FALSE,FALSE
SH_02_TOT_EXP_NET_COM_BLDG,SH-P02-T00-FAP-COMMUNITY-BENEFIT-POLICY,PC,numeric,ONE,3,SH-P02-T00-FAP-COMMUNITY-BENEFIT-POLICY,PC,numeric,ONE,3,SH_02_TOT_EXP_NET_COM_BLDG,0,SH_02_TOT_EXP_NET_COM_BLDG,0,kept,FALSE,FALSE,FALSE,FALSE
SH_02_TOT_EXP_TOT_COM_BLDG,SH-P02-T00-FAP-COMMUNITY-BENEFIT-POLICY,PC,numeric,ONE,3,SH-P02-T00-FAP-COMMUNITY-BENEFIT-POLICY,PC,numeric,ONE,3,SH_02_TOT_EXP_TOT_COM_BLDG,0,SH_02_TOT_EXP_TOT_COM_BLDG,0,kept,FALSE,FALSE,FALSE,FALSE
SH_02_TOT_NUM_ACT_PROG,SH-P02-T00-FAP-COMMUNITY-BENEFIT-POLICY,PC,numeric,ONE,3,SH-P02-T00-FAP-COMMUNITY-BENEFIT-POLICY,PC,numeric,ONE,3,SH_02_TOT_NUM_ACT_PROG,0,SH_02_TOT_NUM_ACT_PROG,0,kept,FALSE,FALSE,FALSE,FALSE
SH_02_TOT_PCT_EXP_TOT,SH-P02-T00-FAP-COMMUNITY-BENEFIT-POLICY,PC,numeric,ONE,3,SH-P02-T00-FAP-COMMUNITY-BENEFIT-POLICY,PC,numeric,ONE,3,SH_02_TOT_PCT_EXP_TOT,0,SH_02_TOT_PCT_EXP_TOT,0,kept,FALSE,FALSE,FALSE,FALSE
SH_02_TOT_PERS_SERVED,SH-P02-T00-FAP-COMMUNITY-BENEFIT-POLICY,PC,numeric,ONE,3,SH-P02-T00-FAP-COMMUNITY-BENEFIT-POLICY,PC,numeric,ONE,3,SH_02_TOT_PERS_SERVED,0,SH_02_TOT_PERS_SERVED,0,kept,FALSE,FALSE,FALSE,FALSE
SH_02_TOT_REV_DIRECT_OFFSET,SH-P02-T00-FAP-COMMUNITY-BENEFIT-POLICY,PC,numeric,ONE,3,SH-P02-T00-FAP-COMMUNITY-BENEFIT-POLICY,PC,numeric,ONE,3,SH_02_TOT_REV_DIRECT_OFFSET,0,SH_02_TOT_REV_DIRECT_OFFSET,0,kept,FALSE,FALSE,FALSE,FALSE
SH_02_WORK_EXP_NET_COM_BLDG,SH-P02-T00-FAP-COMMUNITY-BENEFIT-POLICY,PC,numeric,ONE,3,SH-P02-T00-FAP-COMMUNITY-BENEFIT-POLICY,PC,numeric,ONE,3,SH_02_WORK_EXP_NET_COM_BLDG,0,SH_02_WORK_EXP_NET_COM_BLDG,0,kept,FALSE,FALSE,FALSE,FALSE
SH_02_WORK_EXP_TOT_COM_BLDG,SH-P02-T00-FAP-COMMUNITY-BENEFIT-POLICY,PC,numeric,ONE,3,SH-P02-T00-FAP-COMMUNITY-BENEFIT-POLICY,PC,numeric,ONE,3,SH_02_WORK_EXP_TOT_COM_BLDG,0,SH_02_WORK_EXP_TOT_COM_BLDG,0,kept,FALSE,FALSE,FALSE,FALSE
SH_02_WORK_NUM_ACT_PROG,SH-P02-T00-FAP-COMMUNITY-BENEFIT-POLICY,PC,numeric,ONE,3,SH-P02-T00-FAP-COMMUNITY-BENEFIT-POLICY,PC,numeric,ONE,3,SH_02_WORK_NUM_ACT_PROG,0,SH_02_WORK_NUM_ACT_PROG,0,kept,FALSE,FALSE,FALSE,FALSE
SH_02_WORK_PCT_EXP_TOT,SH-P02-T00-FAP-COMMUNITY-BENEFIT-POLICY,PC,numeric,ONE,3,SH-P02-T00-FAP-COMMUNITY-BENEFIT-POLICY,PC,numeric,ONE,3,SH_02_WORK_PCT_EXP_TOT,0,SH_02_WORK_PCT_EXP_TOT,0,kept,FALSE,FALSE,FALSE,FALSE
SH_02_WORK_PERS_SERVED,SH-P02-T00-FAP-COMMUNITY-BENEFIT-POLICY,PC,numeric,ONE,3,SH-P02-T00-FAP-COMMUNITY-BENEFIT-POLICY,PC,numeric,ONE,3,SH_02_WORK_PERS_SERVED,0,SH_02_WORK_PERS_SERVED,0,kept,FALSE,FALSE,FALSE,FALSE
SH_02_WORK_REV_DIRECT_OFFSET,SH-P02-T00-FAP-COMMUNITY-BENEFIT-POLICY,PC,numeric,ONE,3,SH-P02-T00-FAP-COMMUNITY-BENEFIT-POLICY,PC,numeric,ONE,3,SH_02_WORK_REV_DIRECT_OFFSET,0,SH_02_WORK_REV_DIRECT_OFFSET,0,kept,FALSE,FALSE,FALSE,FALSE
SH_03_BAD_DEBT_CONTR_FAP,SH-P03-T00-FAP-COMMUNITY-BENEFIT-POLICY,PC,numeric,ONE,3,SH-P03-T00-FAP-COMMUNITY-BENEFIT-POLICY,PC,numeric,ONE,3,SH_03_BAD_DEBT_CONTR_FAP,0,SH_03_BAD_DEBT_CONTR_FAP,0,kept,FALSE,FALSE,FALSE,FALSE
SH_03_BAD_DEBT_EXP_AMT,SH-P03-T00-FAP-COMMUNITY-BENEFIT-POLICY,PC,numeric,ONE,3,SH-P03-T00-FAP-COMMUNITY-BENEFIT-POLICY,PC,numeric,ONE,3,SH_03_BAD_DEBT_EXP_AMT,0,SH_03_BAD_DEBT_EXP_AMT,0,kept,FALSE,FALSE,FALSE,FALSE
SH_03_BAD_DEBT_EXP_REPORTED_X,SH-P03-T00-FAP-COMMUNITY-BENEFIT-POLICY,PC,checkbox,ONE,3,SH-P03-T00-FAP-COMMUNITY-BENEFIT-POLICY,PC,checkbox,ONE,3,SH_03_BAD_DEBT_EXP_REPORTED_X,0,SH_03_BAD_DEBT_EXP_REPORTED_X,0,kept,FALSE,FALSE,FALSE,FALSE
SH_03_COLLEC_POLICY_PROV_FA_X,SH-P03-T00-FAP-COMMUNITY-BENEFIT-POLICY,PC,checkbox,ONE,4,SH-P03-T00-FAP-COMMUNITY-BENEFIT-POLICY,PC,checkbox,ONE,4,SH_03_COLLEC_POLICY_PROV_FA_X,0,SH_03_COLLEC_POLICY_PROV_FA_X,0,kept,FALSE,FALSE,FALSE,FALSE
SH_03_COLLEC_POLICY_WRITTEN_X,SH-P03-T00-FAP-COMMUNITY-BENEFIT-POLICY,PC,checkbox,ONE,3,SH-P03-T00-FAP-COMMUNITY-BENEFIT-POLICY,PC,checkbox,ONE,3,SH_03_COLLEC_POLICY_WRITTEN_X,0,SH_03_COLLEC_POLICY_WRITTEN_X,0,kept,FALSE,FALSE,FALSE,FALSE
SH_03_MEDICARE_COST_ACC_X,SH-P03-T00-FAP-COMMUNITY-BENEFIT-POLICY,PC,checkbox,ONE,3,SH-P03-T00-FAP-COMMUNITY-BENEFIT-POLICY,PC,checkbox,ONE,3,SH_03_MEDICARE_COST_ACC_X,0,SH_03_MEDICARE_COST_ACC_X,0,kept,FALSE,FALSE,FALSE,FALSE
SH_03_MEDICARE_COST_OTH_X,SH-P03-T00-FAP-COMMUNITY-BENEFIT-POLICY,PC,checkbox,ONE,3,SH-P03-T00-FAP-COMMUNITY-BENEFIT-POLICY,PC,checkbox,ONE,3,SH_03_MEDICARE_COST_OTH_X,0,SH_03_MEDICARE_COST_OTH_X,0,kept,FALSE,FALSE,FALSE,FALSE
SH_03_MEDICARE_COST_RATIO_X,SH-P03-T00-FAP-COMMUNITY-BENEFIT-POLICY,PC,checkbox,ONE,3,SH-P03-T00-FAP-COMMUNITY-BENEFIT-POLICY,PC,checkbox,ONE,3,SH_03_MEDICARE_COST_RATIO_X,0,SH_03_MEDICARE_COST_RATIO_X,0,kept,FALSE,FALSE,FALSE,FALSE
SH_03_MEDICARE_COST_REIMBURSED,SH-P03-T00-FAP-COMMUNITY-BENEFIT-POLICY,PC,numeric,ONE,3,SH-P03-T00-FAP-COMMUNITY-BENEFIT-POLICY,PC,numeric,ONE,3,SH_03_MEDICARE_COST_REIMBURSED,0,SH_03_MEDICARE_COST_REIMBURSED,0,kept,FALSE,FALSE,FALSE,FALSE
SH_03_MEDICARE_REIMBURSE_AMT,SH-P03-T00-FAP-COMMUNITY-BENEFIT-POLICY,PC,numeric,ONE,3,SH-P03-T00-FAP-COMMUNITY-BENEFIT-POLICY,PC,numeric,ONE,3,SH_03_MEDICARE_REIMBURSE_AMT,0,SH_03_MEDICARE_REIMBURSE_AMT,0,kept,FALSE,FALSE,FALSE,FALSE
SH_03_MEDICARE_SURPLUS,SH-P03-T00-FAP-COMMUNITY-BENEFIT-POLICY,PC,numeric,ONE,3,SH-P03-T00-FAP-COMMUNITY-BENEFIT-POLICY,PC,numeric,ONE,3,SH_03_MEDICARE_SURPLUS,0,SH_03_MEDICARE_SURPLUS,0,kept,FALSE,FALSE,FALSE,FALSE
SH_04_CO_ENTITY_ACT_DESC,SH-P04-T01-COMPANY-JOINT-VENTURES,PC,text,MANY,2,SH-P04-T01-COMPANY-JOINT-VENTURES,PC,text,MANY,2,SH_04_CO_ENTITY_ACT_DESC,0,SH_04_CO_ENTITY_ACT_DESC,0,kept,FALSE,FALSE,FALSE,FALSE
SH_04_CO_ENTITY_NAME_L1,SH-P04-T01-COMPANY-JOINT-VENTURES,PC,text,MANY,3,SH-P04-T01-COMPANY-JOINT-VENTURES,PC,text,MANY,3,SH_04_CO_ENTITY_NAME_L1,0,SH_04_CO_ENTITY_NAME_L1,0,kept,FALSE,FALSE,FALSE,FALSE
SH_04_CO_ENTITY_NAME_L2,SH-P04-T01-COMPANY-JOINT-VENTURES,PC,text,MANY,3,SH-P04-T01-COMPANY-JOINT-VENTURES,PC,text,MANY,3,SH_04_CO_ENTITY_NAME_L2,0,SH_04_CO_ENTITY_NAME_L2,0,kept,FALSE,FALSE,FALSE,FALSE
SH_04_CO_PROFIT_PCT_OFF,SH-P04-T01-COMPANY-JOINT-VENTURES,PC,numeric,MANY,2,SH-P04-T01-COMPANY-JOINT-VENTURES,PC,numeric,MANY,2,SH_04_CO_PROFIT_PCT_OFF,0,SH_04_CO_PROFIT_PCT_OFF,0,kept,FALSE,FALSE,FALSE,FALSE
SH_04_CO_PROFIT_PCT_ORG,SH-P04-T01-COMPANY-JOINT-VENTURES,PC,numeric,MANY,2,SH-P04-T01-COMPANY-JOINT-VENTURES,PC,numeric,MANY,2,SH_04_CO_PROFIT_PCT_ORG,0,SH_04_CO_PROFIT_PCT_ORG,0,kept,FALSE,FALSE,FALSE,FALSE
SH_04_CO_PROFIT_PCT_PHYSICIAN,SH-P04-T01-COMPANY-JOINT-VENTURES,PC,numeric,MANY,2,SH-P04-T01-COMPANY-JOINT-VENTURES,PC,numeric,MANY,2,SH_04_CO_PROFIT_PCT_PHYSICIAN,0,SH_04_CO_PROFIT_PCT_PHYSICIAN,0,kept,FALSE,FALSE,FALSE,FALSE
SH_05_BILL_3RD_PARTY_AGENCY_X,SH-P05-T00-FAP-COMMUNITY-BENEFIT-POLICY,PC,checkbox,ONE,2,SH-P05-T03-FACILITY-POLICIES-PRACTICES,PC,checkbox,MANY,2,SH_05_BILL_3RD_PARTY_AGENCY_X,0,SH_05_BILL_3RD_PARTY_AGENCY_X,0,moved_table,,,,
SH_05_BILL_3RD_PARTY_COLLEC_X,SH-P05-T00-FAP-COMMUNITY-BENEFIT-POLICY,PC,checkbox,ONE,2,SH-P05-T03-FACILITY-POLICIES-PRACTICES,PC,checkbox,MANY,2,SH_05_BILL_3RD_PARTY_COLLEC_X,0,SH_05_BILL_3RD_PARTY_COLLEC_X,0,moved_table,,,,
SH_05_BILL_3RD_PARTY_DEFER_X,,,,,,SH-P05-T03-FACILITY-POLICIES-PRACTICES,PC,checkbox,MANY,1,,,"",1,new_in_v2,,,,
SH_05_BILL_3RD_PARTY_LEGAL_X,SH-P05-T00-FAP-COMMUNITY-BENEFIT-POLICY,PC,checkbox,ONE,1,SH-P05-T03-FACILITY-POLICIES-PRACTICES,PC,checkbox,MANY,1,SH_05_BILL_3RD_PARTY_LEGAL_X,0,SH_05_BILL_3RD_PARTY_LEGAL_X,0,moved_table,,,,
SH_05_BILL_3RD_PARTY_OTH_ACT_X,SH-P05-T00-FAP-COMMUNITY-BENEFIT-POLICY,PC,checkbox,ONE,2,SH-P05-T03-FACILITY-POLICIES-PRACTICES,PC,checkbox,MANY,2,SH_05_BILL_3RD_PARTY_OTH_ACT_X,0,SH_05_BILL_3RD_PARTY_OTH_ACT_X,0,moved_table,,,,
SH_05_BILL_3RD_PARTY_SELL_DEBT_X,SH-P05-T00-FAP-COMMUNITY-BENEFIT-POLICY,PC,checkbox,ONE,1,SH-P05-T03-FACILITY-POLICIES-PRACTICES,PC,checkbox,MANY,1,SH_05_BILL_3RD_PARTY_SELL_DEBT_X,0,SH_05_BILL_3RD_PARTY_SELL_DEBT_X,0,moved_table,,,,
SH_05_BILL_EXPLAIN_ACT_NOPAY_X,SH-P05-T00-FAP-COMMUNITY-BENEFIT-POLICY,PC,checkbox,ONE,2,SH-P05-T03-FACILITY-POLICIES-PRACTICES,PC,checkbox,MANY,2,SH_05_BILL_EXPLAIN_ACT_NOPAY_X,0,SH_05_BILL_EXPLAIN_ACT_NOPAY_X,0,moved_table,,,,
SH_05_BILL_MADE_NO_ACT_X,SH-P05-T00-FAP-COMMUNITY-BENEFIT-POLICY,PC,checkbox,ONE,1,SH-P05-T03-FACILITY-POLICIES-PRACTICES,PC,checkbox,MANY,1,SH_05_BILL_MADE_NO_ACT_X,0,SH_05_BILL_MADE_NO_ACT_X,0,moved_table,,,,
SH_05_BILL_MADE_ORAL_NOTICE_X,,,,,,SH-P05-T03-FACILITY-POLICIES-PRACTICES,PC,checkbox,MANY,1,,,"",1,new_in_v2,,,,
SH_05_BILL_MADE_OTH_ACT_X,SH-P05-T00-FAP-COMMUNITY-BENEFIT-POLICY,PC,checkbox,ONE,1,SH-P05-T03-FACILITY-POLICIES-PRACTICES,PC,checkbox,MANY,1,SH_05_BILL_MADE_OTH_ACT_X,0,SH_05_BILL_MADE_OTH_ACT_X,0,moved_table,,,,
SH_05_BILL_MADE_PRESUMPT_ELIG_X,,,,,,SH-P05-T03-FACILITY-POLICIES-PRACTICES,PC,checkbox,MANY,1,,,"",1,new_in_v2,,,,
SH_05_BILL_MADE_PROCESS_APP_X,,,,,,SH-P05-T03-FACILITY-POLICIES-PRACTICES,PC,checkbox,MANY,1,,,"",1,new_in_v2,,,,
SH_05_BILL_PERMIT_AGENCY_X,SH-P05-T00-FAP-COMMUNITY-BENEFIT-POLICY,PC,checkbox,ONE,2,SH-P05-T03-FACILITY-POLICIES-PRACTICES,PC,checkbox,MANY,2,SH_05_BILL_PERMIT_AGENCY_X,0,SH_05_BILL_PERMIT_AGENCY_X,0,moved_table,,,,
SH_05_BILL_PERMIT_DEFER_CARE_X,,,,,,SH-P05-T03-FACILITY-POLICIES-PRACTICES,PC,checkbox,MANY,1,,,"",1,new_in_v2,,,,
SH_05_BILL_PERMIT_LEGAL_X,SH-P05-T00-FAP-COMMUNITY-BENEFIT-POLICY,PC,checkbox,ONE,1,SH-P05-T03-FACILITY-POLICIES-PRACTICES,PC,checkbox,MANY,1,SH_05_BILL_PERMIT_LEGAL_X,0,SH_05_BILL_PERMIT_LEGAL_X,0,moved_table,,,,
SH_05_BILL_PERMIT_NO_ACT_X,SH-P05-T00-FAP-COMMUNITY-BENEFIT-POLICY,PC,checkbox,ONE,1,SH-P05-T03-FACILITY-POLICIES-PRACTICES,PC,checkbox,MANY,1,SH_05_BILL_PERMIT_NO_ACT_X,0,SH_05_BILL_PERMIT_NO_ACT_X,0,moved_table,,,,
SH_05_BILL_PERMIT_OTH_ACT_X,SH-P05-T00-FAP-COMMUNITY-BENEFIT-POLICY,PC,checkbox,ONE,2,SH-P05-T03-FACILITY-POLICIES-PRACTICES,PC,checkbox,MANY,2,SH_05_BILL_PERMIT_OTH_ACT_X,0,SH_05_BILL_PERMIT_OTH_ACT_X,0,moved_table,,,,
SH_05_BILL_PERMIT_SELL_DEBT_X,SH-P05-T00-FAP-COMMUNITY-BENEFIT-POLICY,PC,checkbox,ONE,1,SH-P05-T03-FACILITY-POLICIES-PRACTICES,PC,checkbox,MANY,1,SH_05_BILL_PERMIT_SELL_DEBT_X,0,SH_05_BILL_PERMIT_SELL_DEBT_X,0,moved_table,,,,
SH_05_CHARGE_FAP_GRO_CHARGE_X,SH-P05-T00-FAP-COMMUNITY-BENEFIT-POLICY,PC,checkbox,ONE,2,SH-P05-T03-FACILITY-POLICIES-PRACTICES,PC,checkbox,MANY,2,SH_05_CHARGE_FAP_GRO_CHARGE_X,0,SH_05_CHARGE_FAP_GRO_CHARGE_X,0,moved_table,,,,
SH_05_CHARGE_LOOKBACK_MCD_X,,,,,,SH-P05-T03-FACILITY-POLICIES-PRACTICES,PC,checkbox,MANY,1,,,"",1,new_in_v2,,,,
SH_05_CHARGE_LOOKBACK_MCR_PRIV_X,,,,,,SH-P05-T03-FACILITY-POLICIES-PRACTICES,PC,checkbox,MANY,1,,,"",1,new_in_v2,,,,
SH_05_CHARGE_LOOKBACK_MCR_X,,,,,,SH-P05-T03-FACILITY-POLICIES-PRACTICES,PC,checkbox,MANY,1,,,"",1,new_in_v2,,,,
SH_05_CHARGE_MT_AMT_BILLED_X,SH-P05-T00-FAP-COMMUNITY-BENEFIT-POLICY,PC,checkbox,ONE,2,SH-P05-T03-FACILITY-POLICIES-PRACTICES,PC,checkbox,MANY,2,SH_05_CHARGE_MT_AMT_BILLED_X,0,SH_05_CHARGE_MT_AMT_BILLED_X,0,moved_table,,,,
SH_05_CHARGE_PROSPECTIVE_X,,,,,,SH-P05-T03-FACILITY-POLICIES-PRACTICES,PC,checkbox,MANY,1,,,"",1,new_in_v2,,,,
SH_05_CHNA_4959_FORM4720_FILED_X,SH-P05-T00-FAP-COMMUNITY-BENEFIT-POLICY,PC,checkbox,ONE,2,SH-P05-T03-FACILITY-POLICIES-PRACTICES,PC,checkbox,MANY,2,SH_05_CHNA_4959_FORM4720_FILED_X,0,SH_05_CHNA_4959_FORM4720_FILED_X,0,moved_table,,,,
SH_05_CHNA_AVBL_OTH_METHOD_X,SH-P05-T00-FAP-COMMUNITY-BENEFIT-POLICY,PC,checkbox,ONE,2,SH-P05-T03-FACILITY-POLICIES-PRACTICES,PC,checkbox,MANY,2,SH_05_CHNA_AVBL_OTH_METHOD_X,0,SH_05_CHNA_AVBL_OTH_METHOD_X,0,moved_table,,,,
SH_05_CHNA_AVBL_OTH_WEBSITE,SH-P05-T00-FAP-COMMUNITY-BENEFIT-POLICY,PC,text,ONE,1,SH-P05-T03-FACILITY-POLICIES-PRACTICES,PC,text,MANY,1,SH_05_CHNA_AVBL_OTH_WEBSITE,0,SH_05_CHNA_AVBL_OTH_WEBSITE,0,moved_table,,,,
SH_05_CHNA_AVBL_OTH_WEBSITE_X,SH-P05-T00-FAP-COMMUNITY-BENEFIT-POLICY,PC,checkbox,ONE,1,SH-P05-T03-FACILITY-POLICIES-PRACTICES,PC,checkbox,MANY,1,SH_05_CHNA_AVBL_OTH_WEBSITE_X,0,SH_05_CHNA_AVBL_OTH_WEBSITE_X,0,moved_table,,,,
SH_05_CHNA_AVBL_PAPER_COPY_X,SH-P05-T00-FAP-COMMUNITY-BENEFIT-POLICY,PC,checkbox,ONE,1,SH-P05-T03-FACILITY-POLICIES-PRACTICES,PC,checkbox,MANY,1,SH_05_CHNA_AVBL_PAPER_COPY_X,0,SH_05_CHNA_AVBL_PAPER_COPY_X,0,moved_table,,,,
SH_05_CHNA_AVBL_PUB_X,SH-P05-T00-FAP-COMMUNITY-BENEFIT-POLICY,PC,checkbox,ONE,2,SH-P05-T03-FACILITY-POLICIES-PRACTICES,PC,checkbox,MANY,2,SH_05_CHNA_AVBL_PUB_X,0,SH_05_CHNA_AVBL_PUB_X,0,moved_table,,,,
SH_05_CHNA_AVBL_WEBSITE,SH-P05-T00-FAP-COMMUNITY-BENEFIT-POLICY,PC,text,ONE,1,SH-P05-T03-FACILITY-POLICIES-PRACTICES,PC,text,MANY,1,SH_05_CHNA_AVBL_WEBSITE,0,SH_05_CHNA_AVBL_WEBSITE,0,moved_table,,,,
SH_05_CHNA_AVBL_WEBSITE_X,SH-P05-T00-FAP-COMMUNITY-BENEFIT-POLICY,PC,checkbox,ONE,2,SH-P05-T03-FACILITY-POLICIES-PRACTICES,PC,checkbox,MANY,2,SH_05_CHNA_AVBL_WEBSITE_X,0,SH_05_CHNA_AVBL_WEBSITE_X,0,moved_table,,,,
SH_05_CHNA_CONDUCTED_X,SH-P05-T00-FAP-COMMUNITY-BENEFIT-POLICY,PC,checkbox,ONE,2,SH-P05-T03-FACILITY-POLICIES-PRACTICES,PC,checkbox,MANY,2,SH_05_CHNA_CONDUCTED_X,0,SH_05_CHNA_CONDUCTED_X,0,moved_table,,,,
SH_05_CHNA_DESC_CONSULTING_X,SH-P05-T00-FAP-COMMUNITY-BENEFIT-POLICY,PC,checkbox,ONE,2,SH-P05-T03-FACILITY-POLICIES-PRACTICES,PC,checkbox,MANY,2,SH_05_CHNA_DESC_CONSULTING_X,0,SH_05_CHNA_DESC_CONSULTING_X,0,moved_table,,,,
SH_05_CHNA_DESC_DATA_OBTAINED_X,SH-P05-T00-FAP-COMMUNITY-BENEFIT-POLICY,PC,checkbox,ONE,2,SH-P05-T03-FACILITY-POLICIES-PRACTICES,PC,checkbox,MANY,2,SH_05_CHNA_DESC_DATA_OBTAINED_X,0,SH_05_CHNA_DESC_DATA_OBTAINED_X,0,moved_table,,,,
SH_05_CHNA_DESC_DEFINITION_COM_X,SH-P05-T00-FAP-COMMUNITY-BENEFIT-POLICY,PC,checkbox,ONE,2,SH-P05-T03-FACILITY-POLICIES-PRACTICES,PC,checkbox,MANY,2,SH_05_CHNA_DESC_DEFINITION_COM_X,0,SH_05_CHNA_DESC_DEFINITION_COM_X,0,moved_table,,,,
SH_05_CHNA_DESC_DEMOGRAPHICS_X,SH-P05-T00-FAP-COMMUNITY-BENEFIT-POLICY,PC,checkbox,ONE,2,SH-P05-T03-FACILITY-POLICIES-PRACTICES,PC,checkbox,MANY,2,SH_05_CHNA_DESC_DEMOGRAPHICS_X,0,SH_05_CHNA_DESC_DEMOGRAPHICS_X,0,moved_table,,,,
SH_05_CHNA_DESC_HEALTH_ISSUE_X,SH-P05-T00-FAP-COMMUNITY-BENEFIT-POLICY,PC,checkbox,ONE,2,SH-P05-T03-FACILITY-POLICIES-PRACTICES,PC,checkbox,MANY,2,SH_05_CHNA_DESC_HEALTH_ISSUE_X,0,SH_05_CHNA_DESC_HEALTH_ISSUE_X,0,moved_table,,,,
SH_05_CHNA_DESC_HEALTH_NEED_X,SH-P05-T00-FAP-COMMUNITY-BENEFIT-POLICY,PC,checkbox,ONE,2,SH-P05-T03-FACILITY-POLICIES-PRACTICES,PC,checkbox,MANY,2,SH_05_CHNA_DESC_HEALTH_NEED_X,0,SH_05_CHNA_DESC_HEALTH_NEED_X,0,moved_table,,,,
SH_05_CHNA_DESC_IDENTIFYING_X,SH-P05-T00-FAP-COMMUNITY-BENEFIT-POLICY,PC,checkbox,ONE,2,SH-P05-T03-FACILITY-POLICIES-PRACTICES,PC,checkbox,MANY,2,SH_05_CHNA_DESC_IDENTIFYING_X,0,SH_05_CHNA_DESC_IDENTIFYING_X,0,moved_table,,,,
SH_05_CHNA_DESC_INFO_GAP_X,SH-P05-T00-FAP-COMMUNITY-BENEFIT-POLICY,PC,checkbox,ONE,2,SH-P05-T03-FACILITY-POLICIES-PRACTICES,PC,checkbox,MANY,2,SH_05_CHNA_DESC_INFO_GAP_X,0,SH_05_CHNA_DESC_INFO_GAP_X,0,moved_table,,,,
SH_05_CHNA_DESC_OTH_X,SH-P05-T00-FAP-COMMUNITY-BENEFIT-POLICY,PC,checkbox,ONE,2,SH-P05-T03-FACILITY-POLICIES-PRACTICES,PC,checkbox,MANY,2,SH_05_CHNA_DESC_OTH_X,0,SH_05_CHNA_DESC_OTH_X,0,moved_table,,,,
SH_05_CHNA_DESC_PRIOR_IMPACT_X,,,,,,SH-P05-T03-FACILITY-POLICIES-PRACTICES,PC,checkbox,MANY,1,,,"",1,new_in_v2,,,,
SH_05_CHNA_DESC_RESOURCES_X,,,,,,SH-P05-T03-FACILITY-POLICIES-PRACTICES,PC,checkbox,MANY,2,,,SH_01_CHNA_DESC_RESOURCES_X,0,new_in_v2,,,,
SH_05_CHNA_EXCISE_TAX_4959_AMT,SH-P05-T00-FAP-COMMUNITY-BENEFIT-POLICY,PC,numeric,ONE,2,SH-P05-T03-FACILITY-POLICIES-PRACTICES,PC,numeric,MANY,2,SH_05_CHNA_EXCISE_TAX_4959_AMT,0,SH_05_CHNA_EXCISE_TAX_4959_AMT,0,moved_table,,,,
SH_05_CHNA_EXCISE_TAX_4959_X,SH-P05-T00-FAP-COMMUNITY-BENEFIT-POLICY,PC,checkbox,ONE,2,SH-P05-T03-FACILITY-POLICIES-PRACTICES,PC,checkbox,MANY,2,SH_05_CHNA_EXCISE_TAX_4959_X,0,SH_05_CHNA_EXCISE_TAX_4959_X,0,moved_table,,,,
SH_05_CHNA_FACILITY_NON_X,SH-P05-T00-FAP-COMMUNITY-BENEFIT-POLICY,PC,checkbox,ONE,1,SH-P05-T03-FACILITY-POLICIES-PRACTICES,PC,checkbox,MANY,1,SH_05_CHNA_FACILITY_NON_X,0,SH_05_CHNA_FACILITY_NON_X,0,moved_table,,,,
SH_05_CHNA_FACILITY_OTH_X,SH-P05-T00-FAP-COMMUNITY-BENEFIT-POLICY,PC,checkbox,ONE,2,SH-P05-T03-FACILITY-POLICIES-PRACTICES,PC,checkbox,MANY,2,SH_05_CHNA_FACILITY_OTH_X,0,SH_05_CHNA_FACILITY_OTH_X,0,moved_table,,,,
SH_05_CHNA_FIRST_LIC_X,SH-P05-T00-FAP-COMMUNITY-BENEFIT-POLICY,PC,checkbox,ONE,1,SH-P05-T03-FACILITY-POLICIES-PRACTICES,PC,checkbox,MANY,1,SH_05_CHNA_FIRST_LIC_X,0,SH_05_CHNA_FIRST_LIC_X,0,moved_table,,,,
SH_05_CHNA_IMPLEMENT_ADOPT_X,SH-P05-T00-FAP-COMMUNITY-BENEFIT-POLICY,PC,checkbox,ONE,1,SH-P05-T03-FACILITY-POLICIES-PRACTICES,PC,checkbox,MANY,1,SH_05_CHNA_IMPLEMENT_ADOPT_X,0,SH_05_CHNA_IMPLEMENT_ADOPT_X,0,moved_table,,,,
SH_05_CHNA_IMPLEMENT_ADOPT_YEAR,SH-P05-T00-FAP-COMMUNITY-BENEFIT-POLICY,PC,numeric,ONE,1,SH-P05-T03-FACILITY-POLICIES-PRACTICES,PC,numeric,MANY,1,SH_05_CHNA_IMPLEMENT_ADOPT_YEAR,0,SH_05_CHNA_IMPLEMENT_ADOPT_YEAR,0,moved_table,,,,
SH_05_CHNA_STRATEGY_ATTACHED_X,SH-P05-T00-FAP-COMMUNITY-BENEFIT-POLICY,PC,checkbox,ONE,1,SH-P05-T03-FACILITY-POLICIES-PRACTICES,PC,checkbox,MANY,1,SH_05_CHNA_STRATEGY_ATTACHED_X,0,SH_05_CHNA_STRATEGY_ATTACHED_X,0,moved_table,,,,
SH_05_CHNA_STRATEGY_WEBSITE,SH-P05-T00-FAP-COMMUNITY-BENEFIT-POLICY,PC,text,ONE,1,SH-P05-T03-FACILITY-POLICIES-PRACTICES,PC,text,MANY,1,SH_05_CHNA_STRATEGY_WEBSITE,0,SH_05_CHNA_STRATEGY_WEBSITE,0,moved_table,,,,
SH_05_CHNA_STRATEGY_WEBSITE_X,SH-P05-T00-FAP-COMMUNITY-BENEFIT-POLICY,PC,checkbox,ONE,1,SH-P05-T03-FACILITY-POLICIES-PRACTICES,PC,checkbox,MANY,1,SH_05_CHNA_STRATEGY_WEBSITE_X,0,SH_05_CHNA_STRATEGY_WEBSITE_X,0,moved_table,,,,
SH_05_CHNA_TAKE_COM_ACC_X,SH-P05-T00-FAP-COMMUNITY-BENEFIT-POLICY,PC,checkbox,ONE,2,SH-P05-T03-FACILITY-POLICIES-PRACTICES,PC,checkbox,MANY,2,SH_05_CHNA_TAKE_COM_ACC_X,0,SH_05_CHNA_TAKE_COM_ACC_X,0,moved_table,,,,
SH_05_CHNA_TAX_EXEMPT_HOSPITAL_X,SH-P05-T00-FAP-COMMUNITY-BENEFIT-POLICY,PC,checkbox,ONE,1,SH-P05-T03-FACILITY-POLICIES-PRACTICES,PC,checkbox,MANY,1,SH_05_CHNA_TAX_EXEMPT_HOSPITAL_X,0,SH_05_CHNA_TAX_EXEMPT_HOSPITAL_X,0,moved_table,,,,
SH_05_CHNA_YEAR_CONDUCTED,SH-P05-T00-FAP-COMMUNITY-BENEFIT-POLICY,PC,numeric,ONE,2,SH-P05-T03-FACILITY-POLICIES-PRACTICES,PC,numeric,MANY,2,SH_05_CHNA_YEAR_CONDUCTED,0,SH_05_CHNA_YEAR_CONDUCTED,0,moved_table,,,,
SH_05_EMERGENCY_LIMIT_CARE_X,SH-P05-T00-FAP-COMMUNITY-BENEFIT-POLICY,PC,checkbox,ONE,2,SH-P05-T03-FACILITY-POLICIES-PRACTICES,PC,checkbox,MANY,2,SH_05_EMERGENCY_LIMIT_CARE_X,0,SH_05_EMERGENCY_LIMIT_CARE_X,0,moved_table,,,,
SH_05_EMERGENCY_NODISCR_POLICY_X,SH-P05-T00-FAP-COMMUNITY-BENEFIT-POLICY,PC,checkbox,ONE,2,SH-P05-T03-FACILITY-POLICIES-PRACTICES,PC,checkbox,MANY,2,SH_05_EMERGENCY_NODISCR_POLICY_X,0,SH_05_EMERGENCY_NODISCR_POLICY_X,0,moved_table,,,,
SH_05_EMERGENCY_NO_CARE_X,SH-P05-T00-FAP-COMMUNITY-BENEFIT-POLICY,PC,checkbox,ONE,2,SH-P05-T03-FACILITY-POLICIES-PRACTICES,PC,checkbox,MANY,2,SH_05_EMERGENCY_NO_CARE_X,0,SH_05_EMERGENCY_NO_CARE_X,0,moved_table,,,,
SH_05_EMERGENCY_NO_POLICY_X,SH-P05-T00-FAP-COMMUNITY-BENEFIT-POLICY,PC,checkbox,ONE,2,SH-P05-T03-FACILITY-POLICIES-PRACTICES,PC,checkbox,MANY,2,SH_05_EMERGENCY_NO_POLICY_X,0,SH_05_EMERGENCY_NO_POLICY_X,0,moved_table,,,,
SH_05_EMERGENCY_OTH_REASON_X,SH-P05-T00-FAP-COMMUNITY-BENEFIT-POLICY,PC,checkbox,ONE,2,SH-P05-T03-FACILITY-POLICIES-PRACTICES,PC,checkbox,MANY,2,SH_05_EMERGENCY_OTH_REASON_X,0,SH_05_EMERGENCY_OTH_REASON_X,0,moved_table,,,,
SH_05_EXPLANATION_TEXT,SH-P05-T99-SUPPLEMENTAL-INFO,PC,text,ONE,2,SH-P05-T99-SUPPLEMENTAL-INFO,PC,text,MANY,1,SH_05_EXPLANATION_TEXT;SH_06_EXPLANATION_TEXT,0,SH_05_EXPLANATION_TEXT,0,kept,FALSE,FALSE,TRUE,TRUE
SH_05_FAP_AVBL_COM_NOTIFIED_X,SH-P05-T00-FAP-COMMUNITY-BENEFIT-POLICY,PC,checkbox,ONE,1,SH-P05-T03-FACILITY-POLICIES-PRACTICES,PC,checkbox,MANY,1,SH_05_FAP_AVBL_COM_NOTIFIED_X,0,SH_05_FAP_AVBL_COM_NOTIFIED_X,0,moved_table,,,,
SH_05_FAP_AVBL_FORM_REQUEST_X,SH-P05-T00-FAP-COMMUNITY-BENEFIT-POLICY,PC,checkbox,ONE,1,SH-P05-T03-FACILITY-POLICIES-PRACTICES,PC,checkbox,MANY,1,SH_05_FAP_AVBL_FORM_REQUEST_X,0,SH_05_FAP_AVBL_FORM_REQUEST_X,0,moved_table,,,,
SH_05_FAP_AVBL_FORM_WEBSITE,SH-P05-T00-FAP-COMMUNITY-BENEFIT-POLICY,PC,text,ONE,1,SH-P05-T03-FACILITY-POLICIES-PRACTICES,PC,text,MANY,1,SH_05_FAP_AVBL_FORM_WEBSITE,0,SH_05_FAP_AVBL_FORM_WEBSITE,0,moved_table,,,,
SH_05_FAP_AVBL_FORM_WEBSITE_X,SH-P05-T00-FAP-COMMUNITY-BENEFIT-POLICY,PC,checkbox,ONE,1,SH-P05-T03-FACILITY-POLICIES-PRACTICES,PC,checkbox,MANY,1,SH_05_FAP_AVBL_FORM_WEBSITE_X,0,SH_05_FAP_AVBL_FORM_WEBSITE_X,0,moved_table,,,,
SH_05_FAP_AVBL_NOTIFY_COPY_X,,,,,,SH-P05-T03-FACILITY-POLICIES-PRACTICES,PC,checkbox,MANY,1,,,"",1,new_in_v2,,,,
SH_05_FAP_AVBL_OTH_PUBLICITY_X,SH-P05-T00-FAP-COMMUNITY-BENEFIT-POLICY,PC,checkbox,ONE,1,SH-P05-T03-FACILITY-POLICIES-PRACTICES,PC,checkbox,MANY,1,SH_05_FAP_AVBL_OTH_PUBLICITY_X,0,SH_05_FAP_AVBL_OTH_PUBLICITY_X,0,moved_table,,,,
SH_05_FAP_AVBL_PUBLICITY_X,SH-P05-T00-FAP-COMMUNITY-BENEFIT-POLICY,PC,checkbox,ONE,1,SH-P05-T03-FACILITY-POLICIES-PRACTICES,PC,checkbox,MANY,1,SH_05_FAP_AVBL_PUBLICITY_X,0,SH_05_FAP_AVBL_PUBLICITY_X,0,moved_table,,,,
SH_05_FAP_AVBL_REQUEST_X,SH-P05-T00-FAP-COMMUNITY-BENEFIT-POLICY,PC,checkbox,ONE,1,SH-P05-T03-FACILITY-POLICIES-PRACTICES,PC,checkbox,MANY,1,SH_05_FAP_AVBL_REQUEST_X,0,SH_05_FAP_AVBL_REQUEST_X,0,moved_table,,,,
SH_05_FAP_AVBL_SUMMARY_REQUEST_X,SH-P05-T00-FAP-COMMUNITY-BENEFIT-POLICY,PC,checkbox,ONE,1,SH-P05-T03-FACILITY-POLICIES-PRACTICES,PC,checkbox,MANY,1,SH_05_FAP_AVBL_SUMMARY_REQUEST_X,0,SH_05_FAP_AVBL_SUMMARY_REQUEST_X,0,moved_table,,,,
SH_05_FAP_AVBL_SUMMARY_WEBSITE,SH-P05-T00-FAP-COMMUNITY-BENEFIT-POLICY,PC,text,ONE,1,SH-P05-T03-FACILITY-POLICIES-PRACTICES,PC,text,MANY,1,SH_05_FAP_AVBL_SUMMARY_WEBSITE,0,SH_05_FAP_AVBL_SUMMARY_WEBSITE,0,moved_table,,,,
SH_05_FAP_AVBL_SUMMARY_WEBSITE_X,SH-P05-T00-FAP-COMMUNITY-BENEFIT-POLICY,PC,checkbox,ONE,1,SH-P05-T03-FACILITY-POLICIES-PRACTICES,PC,checkbox,MANY,1,SH_05_FAP_AVBL_SUMMARY_WEBSITE_X,0,SH_05_FAP_AVBL_SUMMARY_WEBSITE_X,0,moved_table,,,,
SH_05_FAP_AVBL_TRANSLATED_X,,,,,,SH-P05-T03-FACILITY-POLICIES-PRACTICES,PC,checkbox,MANY,1,,,"",1,new_in_v2,,,,
SH_05_FAP_AVBL_WEBSITE,SH-P05-T00-FAP-COMMUNITY-BENEFIT-POLICY,PC,text,ONE,1,SH-P05-T03-FACILITY-POLICIES-PRACTICES,PC,text,MANY,1,SH_05_FAP_AVBL_WEBSITE,0,SH_05_FAP_AVBL_WEBSITE,0,moved_table,,,,
SH_05_FAP_AVBL_WEBSITE_X,SH-P05-T00-FAP-COMMUNITY-BENEFIT-POLICY,PC,checkbox,ONE,1,SH-P05-T03-FACILITY-POLICIES-PRACTICES,PC,checkbox,MANY,1,SH_05_FAP_AVBL_WEBSITE_X,0,SH_05_FAP_AVBL_WEBSITE_X,0,moved_table,,,,
SH_05_FAP_BASIS_EXPLAIN_X,SH-P05-T00-FAP-COMMUNITY-BENEFIT-POLICY,PC,checkbox,ONE,2,SH-P05-T03-FACILITY-POLICIES-PRACTICES,PC,checkbox,MANY,2,SH_05_FAP_BASIS_EXPLAIN_X,0,SH_05_FAP_BASIS_EXPLAIN_X,0,moved_table,,,,
SH_05_FAP_CRITERIA_ASSET_X,SH-P05-T00-FAP-COMMUNITY-BENEFIT-POLICY,PC,checkbox,ONE,1,SH-P05-T03-FACILITY-POLICIES-PRACTICES,PC,checkbox,MANY,1,SH_05_FAP_CRITERIA_ASSET_X,0,SH_05_FAP_CRITERIA_ASSET_X,0,moved_table,,,,
SH_05_FAP_CRITERIA_EXPLAIN_X,SH-P05-T00-FAP-COMMUNITY-BENEFIT-POLICY,PC,checkbox,ONE,2,SH-P05-T03-FACILITY-POLICIES-PRACTICES,PC,checkbox,MANY,2,SH_05_FAP_CRITERIA_EXPLAIN_X,0,SH_05_FAP_CRITERIA_EXPLAIN_X,0,moved_table,,,,
SH_05_FAP_CRITERIA_INCOME_X,SH-P05-T00-FAP-COMMUNITY-BENEFIT-POLICY,PC,checkbox,ONE,1,SH-P05-T03-FACILITY-POLICIES-PRACTICES,PC,checkbox,MANY,1,SH_05_FAP_CRITERIA_INCOME_X,0,SH_05_FAP_CRITERIA_INCOME_X,0,moved_table,,,,
SH_05_FAP_CRITERIA_INDIGENCY_X,SH-P05-T00-FAP-COMMUNITY-BENEFIT-POLICY,PC,checkbox,ONE,1,SH-P05-T03-FACILITY-POLICIES-PRACTICES,PC,checkbox,MANY,1,SH_05_FAP_CRITERIA_INDIGENCY_X,0,SH_05_FAP_CRITERIA_INDIGENCY_X,0,moved_table,,,,
SH_05_FAP_CRITERIA_INSURANCE_X,SH-P05-T00-FAP-COMMUNITY-BENEFIT-POLICY,PC,checkbox,ONE,1,SH-P05-T03-FACILITY-POLICIES-PRACTICES,PC,checkbox,MANY,1,SH_05_FAP_CRITERIA_INSURANCE_X,0,SH_05_FAP_CRITERIA_INSURANCE_X,0,moved_table,,,,
SH_05_FAP_CRITERIA_OTH_X,SH-P05-T00-FAP-COMMUNITY-BENEFIT-POLICY,PC,checkbox,ONE,1,SH-P05-T03-FACILITY-POLICIES-PRACTICES,PC,checkbox,MANY,1,SH_05_FAP_CRITERIA_OTH_X,0,SH_05_FAP_CRITERIA_OTH_X,0,moved_table,,,,
SH_05_FAP_CRITERIA_PCT_FPG_DCNT,SH-P05-T00-FAP-COMMUNITY-BENEFIT-POLICY,PC,numeric,ONE,1,SH-P05-T03-FACILITY-POLICIES-PRACTICES,PC,numeric,MANY,1,SH_05_FAP_CRITERIA_PCT_FPG_DCNT,0,SH_05_FAP_CRITERIA_PCT_FPG_DCNT,0,moved_table,,,,
SH_05_FAP_CRITERIA_PCT_FPG_FREE,SH-P05-T00-FAP-COMMUNITY-BENEFIT-POLICY,PC,numeric,ONE,1,SH-P05-T03-FACILITY-POLICIES-PRACTICES,PC,numeric,MANY,1,SH_05_FAP_CRITERIA_PCT_FPG_FREE,0,SH_05_FAP_CRITERIA_PCT_FPG_FREE,0,moved_table,,,,
SH_05_FAP_CRITERIA_PCT_FPG_X,SH-P05-T00-FAP-COMMUNITY-BENEFIT-POLICY,PC,checkbox,ONE,1,SH-P05-T03-FACILITY-POLICIES-PRACTICES,PC,checkbox,MANY,1,SH_05_FAP_CRITERIA_PCT_FPG_X,0,SH_05_FAP_CRITERIA_PCT_FPG_X,0,moved_table,,,,
SH_05_FAP_CRITERIA_RESIDENCY_X,SH-P05-T00-FAP-COMMUNITY-BENEFIT-POLICY,PC,checkbox,ONE,1,SH-P05-T03-FACILITY-POLICIES-PRACTICES,PC,checkbox,MANY,1,SH_05_FAP_CRITERIA_RESIDENCY_X,0,SH_05_FAP_CRITERIA_RESIDENCY_X,0,moved_table,,,,
SH_05_FAP_CRITERIA_UNINSURED_X,SH-P05-T00-FAP-COMMUNITY-BENEFIT-POLICY,PC,checkbox,ONE,1,SH-P05-T03-FACILITY-POLICIES-PRACTICES,PC,checkbox,MANY,1,SH_05_FAP_CRITERIA_UNINSURED_X,0,SH_05_FAP_CRITERIA_UNINSURED_X,0,moved_table,,,,
SH_05_FAP_METHOD_DESC_DOC_X,SH-P05-T00-FAP-COMMUNITY-BENEFIT-POLICY,PC,checkbox,ONE,1,SH-P05-T03-FACILITY-POLICIES-PRACTICES,PC,checkbox,MANY,1,SH_05_FAP_METHOD_DESC_DOC_X,0,SH_05_FAP_METHOD_DESC_DOC_X,0,moved_table,,,,
SH_05_FAP_METHOD_DESC_INFO_X,SH-P05-T00-FAP-COMMUNITY-BENEFIT-POLICY,PC,checkbox,ONE,1,SH-P05-T03-FACILITY-POLICIES-PRACTICES,PC,checkbox,MANY,1,SH_05_FAP_METHOD_DESC_INFO_X,0,SH_05_FAP_METHOD_DESC_INFO_X,0,moved_table,,,,
SH_05_FAP_METHOD_EXPLAIN_X,SH-P05-T00-FAP-COMMUNITY-BENEFIT-POLICY,PC,checkbox,ONE,2,SH-P05-T03-FACILITY-POLICIES-PRACTICES,PC,checkbox,MANY,2,SH_05_FAP_METHOD_EXPLAIN_X,0,SH_05_FAP_METHOD_EXPLAIN_X,0,moved_table,,,,
SH_05_FAP_METHOD_INFO_HOSPITAL_X,SH-P05-T00-FAP-COMMUNITY-BENEFIT-POLICY,PC,checkbox,ONE,1,SH-P05-T03-FACILITY-POLICIES-PRACTICES,PC,checkbox,MANY,1,SH_05_FAP_METHOD_INFO_HOSPITAL_X,0,SH_05_FAP_METHOD_INFO_HOSPITAL_X,0,moved_table,,,,
SH_05_FAP_METHOD_INFO_NPO_X,SH-P05-T00-FAP-COMMUNITY-BENEFIT-POLICY,PC,checkbox,ONE,1,SH-P05-T03-FACILITY-POLICIES-PRACTICES,PC,checkbox,MANY,1,SH_05_FAP_METHOD_INFO_NPO_X,0,SH_05_FAP_METHOD_INFO_NPO_X,0,moved_table,,,,
SH_05_FAP_METHOD_OTH_X,SH-P05-T00-FAP-COMMUNITY-BENEFIT-POLICY,PC,checkbox,ONE,1,SH-P05-T03-FACILITY-POLICIES-PRACTICES,PC,checkbox,MANY,1,SH_05_FAP_METHOD_OTH_X,0,SH_05_FAP_METHOD_OTH_X,0,moved_table,,,,
SH_05_FAP_METHOD_WRITTEN_X,SH-P05-T00-FAP-COMMUNITY-BENEFIT-POLICY,PC,checkbox,ONE,1,SH-P05-T03-FACILITY-POLICIES-PRACTICES,PC,checkbox,MANY,1,SH_05_FAP_METHOD_WRITTEN_X,0,SH_05_FAP_METHOD_WRITTEN_X,0,moved_table,,,,
SH_05_FORM_LINE_REFERENCE,SH-P05-T99-SUPPLEMENTAL-INFO,PC,text,ONE,2,SH-P05-T99-SUPPLEMENTAL-INFO,PC,text,MANY,1,SH_05_FORM_LINE_REFERENCE;SH_06_RETURN_REFERENCE,0,SH_05_FORM_LINE_REFERENCE,0,kept,FALSE,FALSE,TRUE,TRUE
SH_05_HOSPITAL_ADDR_CITY,SH-P05-T01-HOSPITAL-FACILITY,PC,text,MANY,6,SH-P05-T01-HOSPITAL-FACILITY,PC,text,MANY,6,SH_05_HOSPITAL_ADDR_CITY,0,SH_05_HOSPITAL_ADDR_CITY,0,kept,FALSE,FALSE,FALSE,FALSE
SH_05_HOSPITAL_ADDR_CNTR,SH-P05-T01-HOSPITAL-FACILITY,PC,text,MANY,1,SH-P05-T01-HOSPITAL-FACILITY,PC,text,MANY,1,SH_05_HOSPITAL_ADDR_CNTR,0,SH_05_HOSPITAL_ADDR_CNTR,0,kept,FALSE,FALSE,FALSE,FALSE
SH_05_HOSPITAL_ADDR_L1,SH-P05-T01-HOSPITAL-FACILITY,PC,text,MANY,6,SH-P05-T01-HOSPITAL-FACILITY,PC,text,MANY,6,SH_05_HOSPITAL_ADDR_L1,0,SH_05_HOSPITAL_ADDR_L1,0,kept,FALSE,FALSE,FALSE,FALSE
SH_05_HOSPITAL_ADDR_L2,SH-P05-T01-HOSPITAL-FACILITY,PC,text,MANY,6,SH-P05-T01-HOSPITAL-FACILITY,PC,text,MANY,6,SH_05_HOSPITAL_ADDR_L2,0,SH_05_HOSPITAL_ADDR_L2,0,kept,FALSE,FALSE,FALSE,FALSE
SH_05_HOSPITAL_ADDR_STATE,SH-P05-T01-HOSPITAL-FACILITY,PC,text,MANY,6,SH-P05-T01-HOSPITAL-FACILITY,PC,text,MANY,6,SH_05_HOSPITAL_ADDR_STATE,0,SH_05_HOSPITAL_ADDR_STATE,0,kept,FALSE,FALSE,FALSE,FALSE
SH_05_HOSPITAL_ADDR_ZIP,SH-P05-T01-HOSPITAL-FACILITY,PC,text,MANY,6,SH-P05-T01-HOSPITAL-FACILITY,PC,text,MANY,6,SH_05_HOSPITAL_ADDR_ZIP,0,SH_05_HOSPITAL_ADDR_ZIP,0,kept,FALSE,FALSE,FALSE,FALSE
SH_05_HOSPITAL_CHILDREN_X,SH-P05-T01-HOSPITAL-FACILITY,PC,checkbox,MANY,3,SH-P05-T01-HOSPITAL-FACILITY,PC,checkbox,MANY,3,SH_05_HOSPITAL_CHILDREN_X,0,SH_05_HOSPITAL_CHILDREN_X,0,kept,FALSE,FALSE,FALSE,FALSE
SH_05_HOSPITAL_CRITICAL_ACCESS_X,SH-P05-T01-HOSPITAL-FACILITY,PC,checkbox,MANY,3,SH-P05-T01-HOSPITAL-FACILITY,PC,checkbox,MANY,3,SH_05_HOSPITAL_CRITICAL_ACCESS_X,0,SH_05_HOSPITAL_CRITICAL_ACCESS_X,0,kept,FALSE,FALSE,FALSE,FALSE
SH_05_HOSPITAL_ER_24HOURS_X,SH-P05-T01-HOSPITAL-FACILITY,PC,checkbox,MANY,3,SH-P05-T01-HOSPITAL-FACILITY,PC,checkbox,MANY,3,SH_05_HOSPITAL_ER_24HOURS_X,0,SH_05_HOSPITAL_ER_24HOURS_X,0,kept,FALSE,FALSE,FALSE,FALSE
SH_05_HOSPITAL_ER_OTH_X,SH-P05-T01-HOSPITAL-FACILITY,PC,checkbox,MANY,3,SH-P05-T01-HOSPITAL-FACILITY,PC,checkbox,MANY,3,SH_05_HOSPITAL_ER_OTH_X,0,SH_05_HOSPITAL_ER_OTH_X,0,kept,FALSE,FALSE,FALSE,FALSE
SH_05_HOSPITAL_FACILITY_GROUP,SH-P05-T01-HOSPITAL-FACILITY,PC,numeric,MANY,2,SH-P05-T01-HOSPITAL-FACILITY,PC,text,MANY,2,SH_05_HOSPITAL_FACILITY_GROUP,0,SH_05_HOSPITAL_FACILITY_GROUP,0,kept,FALSE,TRUE,FALSE,FALSE
SH_05_HOSPITAL_FACILITY_LINE_NUM,SH-P05-T00-FAP-COMMUNITY-BENEFIT-POLICY,PC,numeric,ONE,2,SH-P05-T03-FACILITY-POLICIES-PRACTICES,PC,numeric,MANY,2,SH_05_HOSPITAL_FACILITY_LINE_NUM,0,SH_05_HOSPITAL_FACILITY_LINE_NUM,0,moved_table,,,,
SH_05_HOSPITAL_FACILITY_NAME_L1,SH-P05-T00-FAP-COMMUNITY-BENEFIT-POLICY,PC,text,ONE,3,SH-P05-T03-FACILITY-POLICIES-PRACTICES,PC,text,MANY,3,SH_05_HOSPITAL_FACILITY_NAME_L1,0,SH_05_HOSPITAL_FACILITY_NAME_L1,0,moved_table,,,,
SH_05_HOSPITAL_FACILITY_NAME_L2,SH-P05-T00-FAP-COMMUNITY-BENEFIT-POLICY,PC,text,ONE,3,SH-P05-T03-FACILITY-POLICIES-PRACTICES,PC,text,MANY,3,SH_05_HOSPITAL_FACILITY_NAME_L2,0,SH_05_HOSPITAL_FACILITY_NAME_L2,0,moved_table,,,,
SH_05_HOSPITAL_FACILITY_NUM,,,,,,SH-P05-T01-HOSPITAL-FACILITY,PC,numeric,MANY,2,,,SH_05_HOSPITAL_NUM,0,new_in_v2,,,,
SH_05_HOSPITAL_LIC_X,SH-P05-T01-HOSPITAL-FACILITY,PC,checkbox,MANY,3,SH-P05-T01-HOSPITAL-FACILITY,PC,checkbox,MANY,3,SH_05_HOSPITAL_LIC_X,0,SH_05_HOSPITAL_LIC_X,0,kept,FALSE,FALSE,FALSE,FALSE
SH_05_HOSPITAL_MEDICAL_X,SH-P05-T01-HOSPITAL-FACILITY,PC,checkbox,MANY,3,SH-P05-T01-HOSPITAL-FACILITY,PC,checkbox,MANY,3,SH_05_HOSPITAL_MEDICAL_X,0,SH_05_HOSPITAL_MEDICAL_X,0,kept,FALSE,FALSE,FALSE,FALSE
SH_05_HOSPITAL_NAME_L1,SH-P05-T01-HOSPITAL-FACILITY,PC,text,MANY,4,SH-P05-T01-HOSPITAL-FACILITY,PC,text,MANY,4,SH_05_HOSPITAL_NAME_L1,0,SH_05_HOSPITAL_NAME_L1,0,kept,FALSE,FALSE,FALSE,FALSE
SH_05_HOSPITAL_NAME_L2,SH-P05-T01-HOSPITAL-FACILITY,PC,text,MANY,4,SH-P05-T01-HOSPITAL-FACILITY,PC,text,MANY,4,SH_05_HOSPITAL_NAME_L2,0,SH_05_HOSPITAL_NAME_L2,0,kept,FALSE,FALSE,FALSE,FALSE
SH_05_HOSPITAL_NUM,SH-P05-T00-FAP-COMMUNITY-BENEFIT-POLICY,PC,numeric,ONE,4,SH-P05-T00-FAP-COMMUNITY-BENEFIT-POLICY,PC,numeric,ONE,2,SH_05_HOSPITAL_FACILITY_NUM;SH_05_HOSPITAL_NUM,0,SH_05_HOSPITAL_NUM,0,kept,FALSE,FALSE,FALSE,TRUE
SH_05_HOSPITAL_OTH,SH-P05-T01-HOSPITAL-FACILITY,PC,text,MANY,3,SH-P05-T01-HOSPITAL-FACILITY,PC,text,MANY,3,SH_05_HOSPITAL_OTH,0,SH_05_HOSPITAL_OTH,0,kept,FALSE,FALSE,FALSE,FALSE
SH_05_HOSPITAL_RSRCH_FACILITY_X,SH-P05-T01-HOSPITAL-FACILITY,PC,checkbox,MANY,3,SH-P05-T01-HOSPITAL-FACILITY,PC,checkbox,MANY,3,SH_05_HOSPITAL_RSRCH_FACILITY_X,0,SH_05_HOSPITAL_RSRCH_FACILITY_X,0,kept,FALSE,FALSE,FALSE,FALSE
SH_05_HOSPITAL_STATE_LIC_NUM,SH-P05-T01-HOSPITAL-FACILITY,PC,text,MANY,1,SH-P05-T01-HOSPITAL-FACILITY,PC,text,MANY,1,SH_05_HOSPITAL_STATE_LIC_NUM,0,SH_05_HOSPITAL_STATE_LIC_NUM,0,kept,FALSE,FALSE,FALSE,FALSE
SH_05_HOSPITAL_SUBORD_EIN,SH-P05-T01-HOSPITAL-FACILITY,PC,text,MANY,1,SH-P05-T01-HOSPITAL-FACILITY,PC,text,MANY,1,SH_05_HOSPITAL_SUBORD_EIN,0,SH_05_HOSPITAL_SUBORD_EIN,0,kept,FALSE,FALSE,FALSE,FALSE
SH_05_HOSPITAL_SUBORD_NAME_L1,SH-P05-T01-HOSPITAL-FACILITY,PC,text,MANY,1,SH-P05-T01-HOSPITAL-FACILITY,PC,text,MANY,1,SH_05_HOSPITAL_SUBORD_NAME_L1,0,SH_05_HOSPITAL_SUBORD_NAME_L1,0,kept,FALSE,FALSE,FALSE,FALSE
SH_05_HOSPITAL_SUBORD_NAME_L2,SH-P05-T01-HOSPITAL-FACILITY,PC,text,MANY,1,SH-P05-T01-HOSPITAL-FACILITY,PC,text,MANY,1,SH_05_HOSPITAL_SUBORD_NAME_L2,0,SH_05_HOSPITAL_SUBORD_NAME_L2,0,kept,FALSE,FALSE,FALSE,FALSE
SH_05_HOSPITAL_TEACHING_X,SH-P05-T01-HOSPITAL-FACILITY,PC,checkbox,MANY,3,SH-P05-T01-HOSPITAL-FACILITY,PC,checkbox,MANY,3,SH_05_HOSPITAL_TEACHING_X,0,SH_05_HOSPITAL_TEACHING_X,0,kept,FALSE,FALSE,FALSE,FALSE
SH_05_HOSPITAL_WEBSITE,SH-P05-T01-HOSPITAL-FACILITY,PC,text,MANY,2,SH-P05-T01-HOSPITAL-FACILITY,PC,text,MANY,2,SH_05_HOSPITAL_WEBSITE,0,SH_05_HOSPITAL_WEBSITE,0,kept,FALSE,FALSE,FALSE,FALSE
SH_05_IDENTIFIER,SH-P05-T99-SUPPLEMENTAL-INFO,PC,text,ONE,1,,,,,,SH_06_IDENTIFIER,0,,,removed_or_renamed,,,,
SH_05_NON_HOSPITAL_ADDR_CITY,SH-P05-T02-NON-HOSPITAL-FACILITY,PC,text,MANY,3,SH-P05-T02-NON-HOSPITAL-FACILITY,PC,text,MANY,3,SH_05_NON_HOSPITAL_ADDR_CITY,0,SH_05_NON_HOSPITAL_ADDR_CITY,0,kept,FALSE,FALSE,FALSE,FALSE
SH_05_NON_HOSPITAL_ADDR_L1,SH-P05-T02-NON-HOSPITAL-FACILITY,PC,text,MANY,3,SH-P05-T02-NON-HOSPITAL-FACILITY,PC,text,MANY,3,SH_05_NON_HOSPITAL_ADDR_L1,0,SH_05_NON_HOSPITAL_ADDR_L1,0,kept,FALSE,FALSE,FALSE,FALSE
SH_05_NON_HOSPITAL_ADDR_L2,SH-P05-T02-NON-HOSPITAL-FACILITY,PC,text,MANY,3,SH-P05-T02-NON-HOSPITAL-FACILITY,PC,text,MANY,3,SH_05_NON_HOSPITAL_ADDR_L2,0,SH_05_NON_HOSPITAL_ADDR_L2,0,kept,FALSE,FALSE,FALSE,FALSE
SH_05_NON_HOSPITAL_ADDR_STATE,SH-P05-T02-NON-HOSPITAL-FACILITY,PC,text,MANY,3,SH-P05-T02-NON-HOSPITAL-FACILITY,PC,text,MANY,3,SH_05_NON_HOSPITAL_ADDR_STATE,0,SH_05_NON_HOSPITAL_ADDR_STATE,0,kept,FALSE,FALSE,FALSE,FALSE
SH_05_NON_HOSPITAL_ADDR_ZIP,SH-P05-T02-NON-HOSPITAL-FACILITY,PC,text,MANY,3,SH-P05-T02-NON-HOSPITAL-FACILITY,PC,text,MANY,3,SH_05_NON_HOSPITAL_ADDR_ZIP,0,SH_05_NON_HOSPITAL_ADDR_ZIP,0,kept,FALSE,FALSE,FALSE,FALSE
SH_05_NON_HOSPITAL_FACILITY_NUM,,,,,,SH-P05-T02-NON-HOSPITAL-FACILITY,PC,numeric,MANY,1,,,SH_05_NON_HOSPITAL_NUM,0,new_in_v2,,,,
SH_05_NON_HOSPITAL_FACILITY_TYPE,SH-P05-T02-NON-HOSPITAL-FACILITY,PC,text,MANY,2,SH-P05-T02-NON-HOSPITAL-FACILITY,PC,text,MANY,2,SH_05_NON_HOSPITAL_FACILITY_TYPE,0,SH_05_NON_HOSPITAL_FACILITY_TYPE,0,kept,FALSE,FALSE,FALSE,FALSE
SH_05_NON_HOSPITAL_NAME_L1,SH-P05-T02-NON-HOSPITAL-FACILITY,PC,text,MANY,3,SH-P05-T02-NON-HOSPITAL-FACILITY,PC,text,MANY,3,SH_05_NON_HOSPITAL_NAME_L1,0,SH_05_NON_HOSPITAL_NAME_L1,0,kept,FALSE,FALSE,FALSE,FALSE
SH_05_NON_HOSPITAL_NAME_L2,SH-P05-T02-NON-HOSPITAL-FACILITY,PC,text,MANY,3,SH-P05-T02-NON-HOSPITAL-FACILITY,PC,text,MANY,3,SH_05_NON_HOSPITAL_NAME_L2,0,SH_05_NON_HOSPITAL_NAME_L2,0,kept,FALSE,FALSE,FALSE,FALSE
SH_05_NON_HOSPITAL_NUM,SH-P05-T00-FAP-COMMUNITY-BENEFIT-POLICY,PC,numeric,ONE,3,SH-P05-T00-FAP-COMMUNITY-BENEFIT-POLICY,PC,numeric,ONE,2,SH_05_NON_HOSPITAL_FACILITY_NUM;SH_05_NON_HOSPITAL_NUM,0,SH_05_NON_HOSPITAL_NUM,0,kept,FALSE,FALSE,FALSE,TRUE
SH_06_EXPLANATION_ADDITIONAL,SH-P06-T99-SUPPLEMENTAL-INFO,PC,text,ONE,1,SH-P06-T99-SUPPLEMENTAL-INFO,PC,text,MANY,1,SH_06_EXPLANATION_ADDITIONAL,0,SH_06_EXPLANATION_ADDITIONAL,0,kept,FALSE,FALSE,TRUE,FALSE
SH_06_EXPLANATION_COM_BLDG_ACT,SH-P06-T99-SUPPLEMENTAL-INFO,PC,text,ONE,1,SH-P06-T99-SUPPLEMENTAL-INFO,PC,text,MANY,1,SH_06_EXPLANATION_COM_BLDG_ACT,0,SH_06_EXPLANATION_COM_BLDG_ACT,0,kept,FALSE,FALSE,TRUE,FALSE
SH_06_EXPLANATION_COM_INFO,SH-P06-T99-SUPPLEMENTAL-INFO,PC,text,ONE,1,SH-P06-T99-SUPPLEMENTAL-INFO,PC,text,MANY,1,SH_06_EXPLANATION_COM_INFO,0,SH_06_EXPLANATION_COM_INFO,0,kept,FALSE,FALSE,TRUE,FALSE
SH_06_EXPLANATION_FACILITY_TYPE,SH-P06-T99-SUPPLEMENTAL-INFO,PC,text,ONE,1,SH-P06-T99-SUPPLEMENTAL-INFO,PC,text,MANY,1,SH_06_EXPLANATION_FACILITY_TYPE,0,SH_06_EXPLANATION_FACILITY_TYPE,0,kept,FALSE,FALSE,TRUE,FALSE
SH_06_EXPLANATION_HEALTH_SYSTEM,SH-P06-T99-SUPPLEMENTAL-INFO,PC,text,ONE,1,SH-P06-T99-SUPPLEMENTAL-INFO,PC,text,MANY,1,SH_06_EXPLANATION_HEALTH_SYSTEM,0,SH_06_EXPLANATION_HEALTH_SYSTEM,0,kept,FALSE,FALSE,TRUE,FALSE
SH_06_EXPLANATION_NEED_ASSESS,SH-P06-T99-SUPPLEMENTAL-INFO,PC,text,ONE,1,SH-P06-T99-SUPPLEMENTAL-INFO,PC,text,MANY,1,SH_06_EXPLANATION_NEED_ASSESS,0,SH_06_EXPLANATION_NEED_ASSESS,0,kept,FALSE,FALSE,TRUE,FALSE
SH_06_EXPLANATION_OTH_INFO,SH-P06-T99-SUPPLEMENTAL-INFO,PC,text,ONE,1,SH-P06-T99-SUPPLEMENTAL-INFO,PC,text,MANY,1,SH_06_EXPLANATION_OTH_INFO,0,SH_06_EXPLANATION_OTH_INFO,0,kept,FALSE,FALSE,TRUE,FALSE
SH_06_EXPLANATION_PART_01_L3C,SH-P06-T99-SUPPLEMENTAL-INFO,PC,text,ONE,2,SH-P06-T99-SUPPLEMENTAL-INFO,PC,text,MANY,2,SH_06_EXPLANATION_PART_01_L3C,0,SH_06_EXPLANATION_PART_01_L3C,0,kept,FALSE,FALSE,TRUE,FALSE
SH_06_EXPLANATION_PART_01_L6A,SH-P06-T99-SUPPLEMENTAL-INFO,PC,text,ONE,1,SH-P06-T99-SUPPLEMENTAL-INFO,PC,text,MANY,1,SH_06_EXPLANATION_PART_01_L6A,0,SH_06_EXPLANATION_PART_01_L6A,0,kept,FALSE,FALSE,TRUE,FALSE
SH_06_EXPLANATION_PART_01_L7,SH-P06-T99-SUPPLEMENTAL-INFO,PC,text,ONE,1,SH-P06-T99-SUPPLEMENTAL-INFO,PC,text,MANY,1,SH_06_EXPLANATION_PART_01_L7,0,SH_06_EXPLANATION_PART_01_L7,0,kept,FALSE,FALSE,TRUE,FALSE
SH_06_EXPLANATION_PART_01_L7G,SH-P06-T99-SUPPLEMENTAL-INFO,PC,text,ONE,1,SH-P06-T99-SUPPLEMENTAL-INFO,PC,text,MANY,1,SH_06_EXPLANATION_PART_01_L7G,0,SH_06_EXPLANATION_PART_01_L7G,0,kept,FALSE,FALSE,TRUE,FALSE
SH_06_EXPLANATION_PART_01_L7_F,,,,,,SH-P06-T99-SUPPLEMENTAL-INFO,PC,text,MANY,1,,,SH_06_EXPLANATION_PART_01_L7_f,0,new_in_v2,,,,
SH_06_EXPLANATION_PART_01_L7_f,SH-P06-T99-SUPPLEMENTAL-INFO,PC,text,ONE,1,,,,,,SH_06_EXPLANATION_PART_01_L7_F,0,,,removed_or_renamed,,,,
SH_06_EXPLANATION_PART_03_L4,SH-P06-T99-SUPPLEMENTAL-INFO,PC,text,ONE,2,SH-P06-T99-SUPPLEMENTAL-INFO,PC,text,MANY,2,SH_06_EXPLANATION_PART_03_L4,0,SH_06_EXPLANATION_PART_03_L4,0,kept,FALSE,FALSE,TRUE,FALSE
SH_06_EXPLANATION_PART_03_L8,SH-P06-T99-SUPPLEMENTAL-INFO,PC,text,ONE,2,SH-P06-T99-SUPPLEMENTAL-INFO,PC,text,MANY,2,SH_06_EXPLANATION_PART_03_L8,0,SH_06_EXPLANATION_PART_03_L8,0,kept,FALSE,FALSE,TRUE,FALSE
SH_06_EXPLANATION_PART_03_L9B,SH-P06-T99-SUPPLEMENTAL-INFO,PC,text,ONE,2,SH-P06-T99-SUPPLEMENTAL-INFO,PC,text,MANY,2,SH_06_EXPLANATION_PART_03_L9B,0,SH_06_EXPLANATION_PART_03_L9B,0,kept,FALSE,FALSE,TRUE,FALSE
SH_06_EXPLANATION_PATIENT_EDU,SH-P06-T99-SUPPLEMENTAL-INFO,PC,text,ONE,1,SH-P06-T99-SUPPLEMENTAL-INFO,PC,text,MANY,1,SH_06_EXPLANATION_PATIENT_EDU,0,SH_06_EXPLANATION_PATIENT_EDU,0,kept,FALSE,FALSE,TRUE,FALSE
SH_06_EXPLANATION_REP_STATES,SH-P06-T99-SUPPLEMENTAL-INFO,PC,text,ONE,1,SH-P06-T99-SUPPLEMENTAL-INFO,PC,text,MANY,1,SH_06_EXPLANATION_REP_STATES,0,SH_06_EXPLANATION_REP_STATES,0,kept,FALSE,FALSE,TRUE,FALSE
SH_06_EXPLANATION_TEXT,SH-P06-T99-SUPPLEMENTAL-INFO,PC,text,ONE,1,SH-P06-T99-SUPPLEMENTAL-INFO,PC,text,MANY,2,SH_06_EXPLANATION_TEXT,0,SH_05_EXPLANATION_TEXT;SH_06_EXPLANATION_TEXT,0,kept,FALSE,FALSE,TRUE,TRUE
SH_06_IDENTIFIER,SH-P06-T99-SUPPLEMENTAL-INFO,PC,text,ONE,1,SH-P06-T99-SUPPLEMENTAL-INFO,PC,text,MANY,2,SH_06_IDENTIFIER,0,SH_05_IDENTIFIER;SH_06_IDENTIFIER,0,kept,FALSE,FALSE,TRUE,TRUE
SH_06_RETURN_REFERENCE,SH-P06-T99-SUPPLEMENTAL-INFO,PC,text,ONE,1,SH-P06-T99-SUPPLEMENTAL-INFO,PC,text,MANY,2,SH_06_RETURN_REFERENCE,0,SH_05_FORM_LINE_REFERENCE;SH_06_RETURN_REFERENCE,0,kept,FALSE,FALSE,TRUE,TRUE
SH_99_BILL_3RD_PARTY_BODY_X,SH-P99-T00-FAP-COMMUNITY-BENEFIT-POLICY,PC,checkbox,ONE,2,SH-P99-T01-FAP-COMMUNITY-BENEFIT-POLICY,PC,checkbox,MANY,2,SH_99_BILL_3RD_PARTY_BODY_X,0,SH_99_BILL_3RD_PARTY_BODY_X,0,moved_table,,,,
SH_99_BILL_3RD_PARTY_LAWSUIT_X,SH-P99-T00-FAP-COMMUNITY-BENEFIT-POLICY,PC,checkbox,ONE,2,SH-P99-T01-FAP-COMMUNITY-BENEFIT-POLICY,PC,checkbox,MANY,2,SH_99_BILL_3RD_PARTY_LAWSUIT_X,0,SH_99_BILL_3RD_PARTY_LAWSUIT_X,0,moved_table,,,,
SH_99_BILL_3RD_PARTY_LIEN_X,SH-P99-T00-FAP-COMMUNITY-BENEFIT-POLICY,PC,checkbox,ONE,2,SH-P99-T01-FAP-COMMUNITY-BENEFIT-POLICY,PC,checkbox,MANY,2,SH_99_BILL_3RD_PARTY_LIEN_X,0,SH_99_BILL_3RD_PARTY_LIEN_X,0,moved_table,,,,
SH_99_BILL_NOTIFIED_ADM_X,SH-P99-T00-FAP-COMMUNITY-BENEFIT-POLICY,PC,checkbox,ONE,2,SH-P99-T01-FAP-COMMUNITY-BENEFIT-POLICY,PC,checkbox,MANY,2,SH_99_BILL_NOTIFIED_ADM_X,0,SH_99_BILL_NOTIFIED_ADM_X,0,moved_table,,,,
SH_99_BILL_NOTIFIED_DISCHARGE_X,SH-P99-T00-FAP-COMMUNITY-BENEFIT-POLICY,PC,checkbox,ONE,2,SH-P99-T01-FAP-COMMUNITY-BENEFIT-POLICY,PC,checkbox,MANY,2,SH_99_BILL_NOTIFIED_DISCHARGE_X,0,SH_99_BILL_NOTIFIED_DISCHARGE_X,0,moved_table,,,,
SH_99_BILL_NOTIFIED_DOC_X,SH-P99-T00-FAP-COMMUNITY-BENEFIT-POLICY,PC,checkbox,ONE,2,SH-P99-T01-FAP-COMMUNITY-BENEFIT-POLICY,PC,checkbox,MANY,2,SH_99_BILL_NOTIFIED_DOC_X,0,SH_99_BILL_NOTIFIED_DOC_X,0,moved_table,,,,
SH_99_BILL_NOTIFIED_OTH_ACT_X,SH-P99-T00-FAP-COMMUNITY-BENEFIT-POLICY,PC,checkbox,ONE,1,SH-P99-T01-FAP-COMMUNITY-BENEFIT-POLICY,PC,checkbox,MANY,1,SH_99_BILL_NOTIFIED_OTH_ACT_X,0,SH_99_BILL_NOTIFIED_OTH_ACT_X,0,moved_table,,,,
SH_99_BILL_NOTIFIED_PATIENT_X,SH-P99-T00-FAP-COMMUNITY-BENEFIT-POLICY,PC,checkbox,ONE,2,SH-P99-T01-FAP-COMMUNITY-BENEFIT-POLICY,PC,checkbox,MANY,2,SH_99_BILL_NOTIFIED_PATIENT_X,0,SH_99_BILL_NOTIFIED_PATIENT_X,0,moved_table,,,,
SH_99_BILL_PERMIT_BODY_ATTACH_X,SH-P99-T00-FAP-COMMUNITY-BENEFIT-POLICY,PC,checkbox,ONE,2,SH-P99-T01-FAP-COMMUNITY-BENEFIT-POLICY,PC,checkbox,MANY,2,SH_99_BILL_PERMIT_BODY_ATTACH_X,0,SH_99_BILL_PERMIT_BODY_ATTACH_X,0,moved_table,,,,
SH_99_BILL_PERMIT_LAWSUIT_X,SH-P99-T00-FAP-COMMUNITY-BENEFIT-POLICY,PC,checkbox,ONE,2,SH-P99-T01-FAP-COMMUNITY-BENEFIT-POLICY,PC,checkbox,MANY,2,SH_99_BILL_PERMIT_LAWSUIT_X,0,SH_99_BILL_PERMIT_LAWSUIT_X,0,moved_table,,,,
SH_99_BILL_PERMIT_LIEN_X,SH-P99-T00-FAP-COMMUNITY-BENEFIT-POLICY,PC,checkbox,ONE,2,SH-P99-T01-FAP-COMMUNITY-BENEFIT-POLICY,PC,checkbox,MANY,2,SH_99_BILL_PERMIT_LIEN_X,0,SH_99_BILL_PERMIT_LIEN_X,0,moved_table,,,,
SH_99_CHARGE_AVE_RATE_X,SH-P99-T00-FAP-COMMUNITY-BENEFIT-POLICY,PC,checkbox,ONE,2,SH-P99-T01-FAP-COMMUNITY-BENEFIT-POLICY,PC,checkbox,MANY,2,SH_99_CHARGE_AVE_RATE_X,0,SH_99_CHARGE_AVE_RATE_X,0,moved_table,,,,
SH_99_CHARGE_LOW_RATE_X,SH-P99-T00-FAP-COMMUNITY-BENEFIT-POLICY,PC,checkbox,ONE,2,SH-P99-T01-FAP-COMMUNITY-BENEFIT-POLICY,PC,checkbox,MANY,2,SH_99_CHARGE_LOW_RATE_X,0,SH_99_CHARGE_LOW_RATE_X,0,moved_table,,,,
SH_99_CHARGE_MT_MEDICARE_RATE_X,SH-P99-T00-FAP-COMMUNITY-BENEFIT-POLICY,PC,checkbox,ONE,2,SH-P99-T01-FAP-COMMUNITY-BENEFIT-POLICY,PC,checkbox,MANY,2,SH_99_CHARGE_MT_MEDICARE_RATE_X,0,SH_99_CHARGE_MT_MEDICARE_RATE_X,0,moved_table,,,,
SH_99_CHARGE_OTH_METHOD_X,SH-P99-T00-FAP-COMMUNITY-BENEFIT-POLICY,PC,checkbox,ONE,2,SH-P99-T01-FAP-COMMUNITY-BENEFIT-POLICY,PC,checkbox,MANY,2,SH_99_CHARGE_OTH_METHOD_X,0,SH_99_CHARGE_OTH_METHOD_X,0,moved_table,,,,
SH_99_CHNA_AVBL_REQUEST_X,SH-P99-T00-FAP-COMMUNITY-BENEFIT-POLICY,PC,checkbox,ONE,2,SH-P99-T01-FAP-COMMUNITY-BENEFIT-POLICY,PC,checkbox,MANY,2,SH_99_CHNA_AVBL_REQUEST_X,0,SH_99_CHNA_AVBL_REQUEST_X,0,moved_table,,,,
SH_99_CHNA_NEED_ADOPT_BUDGET_X,SH-P99-T00-FAP-COMMUNITY-BENEFIT-POLICY,PC,checkbox,ONE,2,SH-P99-T01-FAP-COMMUNITY-BENEFIT-POLICY,PC,checkbox,MANY,2,SH_99_CHNA_NEED_ADOPT_BUDGET_X,0,SH_99_CHNA_NEED_ADOPT_BUDGET_X,0,moved_table,,,,
SH_99_CHNA_NEED_ADOPT_IMP_X,SH-P99-T00-FAP-COMMUNITY-BENEFIT-POLICY,PC,checkbox,ONE,2,SH-P99-T01-FAP-COMMUNITY-BENEFIT-POLICY,PC,checkbox,MANY,2,SH_99_CHNA_NEED_ADOPT_IMP_X,0,SH_99_CHNA_NEED_ADOPT_IMP_X,0,moved_table,,,,
SH_99_CHNA_NEED_ALL_ADDRESSED_X,SH-P99-T00-FAP-COMMUNITY-BENEFIT-POLICY,PC,checkbox,ONE,2,SH-P99-T01-FAP-COMMUNITY-BENEFIT-POLICY,PC,checkbox,MANY,2,SH_99_CHNA_NEED_ALL_ADDRESSED_X,0,SH_99_CHNA_NEED_ALL_ADDRESSED_X,0,moved_table,,,,
SH_99_CHNA_NEED_DEVELOP_PLAN_X,SH-P99-T00-FAP-COMMUNITY-BENEFIT-POLICY,PC,checkbox,ONE,2,SH-P99-T01-FAP-COMMUNITY-BENEFIT-POLICY,PC,checkbox,MANY,2,SH_99_CHNA_NEED_DEVELOP_PLAN_X,0,SH_99_CHNA_NEED_DEVELOP_PLAN_X,0,moved_table,,,,
SH_99_CHNA_NEED_EXECUTE_IMP_X,SH-P99-T00-FAP-COMMUNITY-BENEFIT-POLICY,PC,checkbox,ONE,2,SH-P99-T01-FAP-COMMUNITY-BENEFIT-POLICY,PC,checkbox,MANY,2,SH_99_CHNA_NEED_EXECUTE_IMP_X,0,SH_99_CHNA_NEED_EXECUTE_IMP_X,0,moved_table,,,,
SH_99_CHNA_NEED_INCL_PLAN_X,SH-P99-T00-FAP-COMMUNITY-BENEFIT-POLICY,PC,checkbox,ONE,2,SH-P99-T01-FAP-COMMUNITY-BENEFIT-POLICY,PC,checkbox,MANY,2,SH_99_CHNA_NEED_INCL_PLAN_X,0,SH_99_CHNA_NEED_INCL_PLAN_X,0,moved_table,,,,
SH_99_CHNA_NEED_OTH_X,SH-P99-T00-FAP-COMMUNITY-BENEFIT-POLICY,PC,checkbox,ONE,2,SH-P99-T01-FAP-COMMUNITY-BENEFIT-POLICY,PC,checkbox,MANY,2,SH_99_CHNA_NEED_OTH_X,0,SH_99_CHNA_NEED_OTH_X,0,moved_table,,,,
SH_99_CHNA_NEED_PARTICIPA_PLAN_X,SH-P99-T00-FAP-COMMUNITY-BENEFIT-POLICY,PC,checkbox,ONE,2,SH-P99-T01-FAP-COMMUNITY-BENEFIT-POLICY,PC,checkbox,MANY,2,SH_99_CHNA_NEED_PARTICIPA_PLAN_X,0,SH_99_CHNA_NEED_PARTICIPA_PLAN_X,0,moved_table,,,,
SH_99_CHNA_NEED_PRIORITIZA_SVC_X,SH-P99-T00-FAP-COMMUNITY-BENEFIT-POLICY,PC,checkbox,ONE,2,SH-P99-T01-FAP-COMMUNITY-BENEFIT-POLICY,PC,checkbox,MANY,2,SH_99_CHNA_NEED_PRIORITIZA_SVC_X,0,SH_99_CHNA_NEED_PRIORITIZA_SVC_X,0,moved_table,,,,
SH_99_CHNA_NEED_PRIORITIZA_X,SH-P99-T00-FAP-COMMUNITY-BENEFIT-POLICY,PC,checkbox,ONE,2,SH-P99-T01-FAP-COMMUNITY-BENEFIT-POLICY,PC,checkbox,MANY,2,SH_99_CHNA_NEED_PRIORITIZA_X,0,SH_99_CHNA_NEED_PRIORITIZA_X,0,moved_table,,,,
SH_99_FAP_AVBL_NOTICE_DISPLAY_X,SH-P99-T00-FAP-COMMUNITY-BENEFIT-POLICY,PC,checkbox,ONE,1,SH-P99-T01-FAP-COMMUNITY-BENEFIT-POLICY,PC,checkbox,MANY,1,SH_99_FAP_AVBL_NOTICE_DISPLAY_X,0,SH_99_FAP_AVBL_NOTICE_DISPLAY_X,0,moved_table,,,,
SH_99_FAP_FACTOR_ASSET_X,SH-P99-T00-FAP-COMMUNITY-BENEFIT-POLICY,PC,checkbox,ONE,2,SH-P99-T01-FAP-COMMUNITY-BENEFIT-POLICY,PC,checkbox,MANY,2,SH_99_FAP_FACTOR_ASSET_X,0,SH_99_FAP_FACTOR_ASSET_X,0,moved_table,,,,
SH_99_FAP_FACTOR_INCOME_X,SH-P99-T00-FAP-COMMUNITY-BENEFIT-POLICY,PC,checkbox,ONE,2,SH-P99-T01-FAP-COMMUNITY-BENEFIT-POLICY,PC,checkbox,MANY,2,SH_99_FAP_FACTOR_INCOME_X,0,SH_99_FAP_FACTOR_INCOME_X,0,moved_table,,,,
SH_99_FAP_FACTOR_INDIGENCY_X,SH-P99-T00-FAP-COMMUNITY-BENEFIT-POLICY,PC,checkbox,ONE,2,SH-P99-T01-FAP-COMMUNITY-BENEFIT-POLICY,PC,checkbox,MANY,2,SH_99_FAP_FACTOR_INDIGENCY_X,0,SH_99_FAP_FACTOR_INDIGENCY_X,0,moved_table,,,,
SH_99_FAP_FACTOR_INSURANCE_X,SH-P99-T00-FAP-COMMUNITY-BENEFIT-POLICY,PC,checkbox,ONE,2,SH-P99-T01-FAP-COMMUNITY-BENEFIT-POLICY,PC,checkbox,MANY,2,SH_99_FAP_FACTOR_INSURANCE_X,0,SH_99_FAP_FACTOR_INSURANCE_X,0,moved_table,,,,
SH_99_FAP_FACTOR_MEDICAID_X,SH-P99-T00-FAP-COMMUNITY-BENEFIT-POLICY,PC,checkbox,ONE,2,SH-P99-T01-FAP-COMMUNITY-BENEFIT-POLICY,PC,checkbox,MANY,2,SH_99_FAP_FACTOR_MEDICAID_X,0,SH_99_FAP_FACTOR_MEDICAID_X,0,moved_table,,,,
SH_99_FAP_FACTOR_OTH_X,SH-P99-T00-FAP-COMMUNITY-BENEFIT-POLICY,PC,checkbox,ONE,2,SH-P99-T01-FAP-COMMUNITY-BENEFIT-POLICY,PC,checkbox,MANY,2,SH_99_FAP_FACTOR_OTH_X,0,SH_99_FAP_FACTOR_OTH_X,0,moved_table,,,,
SH_99_FAP_FACTOR_RESIDENCY_X,SH-P99-T00-FAP-COMMUNITY-BENEFIT-POLICY,PC,checkbox,ONE,1,SH-P99-T01-FAP-COMMUNITY-BENEFIT-POLICY,PC,checkbox,MANY,1,SH_99_FAP_FACTOR_RESIDENCY_X,0,SH_99_FAP_FACTOR_RESIDENCY_X,0,moved_table,,,,
SH_99_FAP_FACTOR_STATE_REG_X,SH-P99-T00-FAP-COMMUNITY-BENEFIT-POLICY,PC,checkbox,ONE,2,SH-P99-T01-FAP-COMMUNITY-BENEFIT-POLICY,PC,checkbox,MANY,2,SH_99_FAP_FACTOR_STATE_REG_X,0,SH_99_FAP_FACTOR_STATE_REG_X,0,moved_table,,,,
SH_99_FAP_FACTOR_UNINSURED_X,SH-P99-T00-FAP-COMMUNITY-BENEFIT-POLICY,PC,checkbox,ONE,2,SH-P99-T01-FAP-COMMUNITY-BENEFIT-POLICY,PC,checkbox,MANY,2,SH_99_FAP_FACTOR_UNINSURED_X,0,SH_99_FAP_FACTOR_UNINSURED_X,0,moved_table,,,,
SH_99_FAP_PROV_ADM_OFFICE_X,SH-P99-T00-FAP-COMMUNITY-BENEFIT-POLICY,PC,checkbox,ONE,2,SH-P99-T01-FAP-COMMUNITY-BENEFIT-POLICY,PC,checkbox,MANY,2,SH_99_FAP_PROV_ADM_OFFICE_X,0,SH_99_FAP_PROV_ADM_OFFICE_X,0,moved_table,,,,
SH_99_FAP_PROV_ADM_X,SH-P99-T00-FAP-COMMUNITY-BENEFIT-POLICY,PC,checkbox,ONE,2,SH-P99-T01-FAP-COMMUNITY-BENEFIT-POLICY,PC,checkbox,MANY,2,SH_99_FAP_PROV_ADM_X,0,SH_99_FAP_PROV_ADM_X,0,moved_table,,,,
SH_99_FAP_PROV_ATTACH_INVOICE_X,SH-P99-T00-FAP-COMMUNITY-BENEFIT-POLICY,PC,checkbox,ONE,2,SH-P99-T01-FAP-COMMUNITY-BENEFIT-POLICY,PC,checkbox,MANY,2,SH_99_FAP_PROV_ATTACH_INVOICE_X,0,SH_99_FAP_PROV_ATTACH_INVOICE_X,0,moved_table,,,,
SH_99_FAP_PROV_EMERGENCY_ROOM_X,SH-P99-T00-FAP-COMMUNITY-BENEFIT-POLICY,PC,checkbox,ONE,2,SH-P99-T01-FAP-COMMUNITY-BENEFIT-POLICY,PC,checkbox,MANY,2,SH_99_FAP_PROV_EMERGENCY_ROOM_X,0,SH_99_FAP_PROV_EMERGENCY_ROOM_X,0,moved_table,,,,
SH_99_FAP_PROV_OTH_X,SH-P99-T00-FAP-COMMUNITY-BENEFIT-POLICY,PC,checkbox,ONE,1,SH-P99-T01-FAP-COMMUNITY-BENEFIT-POLICY,PC,checkbox,MANY,1,SH_99_FAP_PROV_OTH_X,0,SH_99_FAP_PROV_OTH_X,0,moved_table,,,,
SH_99_FAP_PROV_PUBLICITY_X,SH-P99-T00-FAP-COMMUNITY-BENEFIT-POLICY,PC,checkbox,ONE,1,SH-P99-T01-FAP-COMMUNITY-BENEFIT-POLICY,PC,checkbox,MANY,1,SH_99_FAP_PROV_PUBLICITY_X,0,SH_99_FAP_PROV_PUBLICITY_X,0,moved_table,,,,
SH_99_FAP_PROV_REQUEST_X,SH-P99-T00-FAP-COMMUNITY-BENEFIT-POLICY,PC,checkbox,ONE,2,SH-P99-T01-FAP-COMMUNITY-BENEFIT-POLICY,PC,checkbox,MANY,2,SH_99_FAP_PROV_REQUEST_X,0,SH_99_FAP_PROV_REQUEST_X,0,moved_table,,,,
SH_99_FAP_PROV_WEBSITE_X,SH-P99-T00-FAP-COMMUNITY-BENEFIT-POLICY,PC,checkbox,ONE,2,SH-P99-T01-FAP-COMMUNITY-BENEFIT-POLICY,PC,checkbox,MANY,2,SH_99_FAP_PROV_WEBSITE_X,0,SH_99_FAP_PROV_WEBSITE_X,0,moved_table,,,,
SH_99_FAP_USE_FPG_DCNT_CARE_PCT,SH-P99-T00-FAP-COMMUNITY-BENEFIT-POLICY,PC,numeric,ONE,1,SH-P99-T01-FAP-COMMUNITY-BENEFIT-POLICY,PC,numeric,MANY,1,SH_99_FAP_USE_FPG_DCNT_CARE_PCT,0,SH_99_FAP_USE_FPG_DCNT_CARE_PCT,0,moved_table,,,,
SH_99_FAP_USE_FPG_DCNT_CARE_X,SH-P99-T00-FAP-COMMUNITY-BENEFIT-POLICY,PC,checkbox,ONE,2,SH-P99-T01-FAP-COMMUNITY-BENEFIT-POLICY,PC,checkbox,MANY,2,SH_99_FAP_USE_FPG_DCNT_CARE_X,0,SH_99_FAP_USE_FPG_DCNT_CARE_X,0,moved_table,,,,
SH_99_FAP_USE_FPG_FREE_CARE_PCT,SH-P99-T00-FAP-COMMUNITY-BENEFIT-POLICY,PC,numeric,ONE,1,SH-P99-T01-FAP-COMMUNITY-BENEFIT-POLICY,PC,numeric,MANY,1,SH_99_FAP_USE_FPG_FREE_CARE_PCT,0,SH_99_FAP_USE_FPG_FREE_CARE_PCT,0,moved_table,,,,
SH_99_FAP_USE_FPG_FREE_CARE_X,SH-P99-T00-FAP-COMMUNITY-BENEFIT-POLICY,PC,checkbox,ONE,2,SH-P99-T01-FAP-COMMUNITY-BENEFIT-POLICY,PC,checkbox,MANY,2,SH_99_FAP_USE_FPG_FREE_CARE_X,0,SH_99_FAP_USE_FPG_FREE_CARE_X,0,moved_table,,,,
SI_01_GRANT_RECORD_MAINT_X,SI-P01-T00-GRANTS-INFO,PC,checkbox,ONE,3,SI-P01-T00-GRANTS-INFO,PC,checkbox,ONE,3,SI_01_GRANT_RECORD_MAINT_X,0,SI_01_GRANT_RECORD_MAINT_X,0,kept,FALSE,FALSE,FALSE,FALSE
SI_02_GRANT_US_ORG_501C3_TOT,SI-P02-T00-GRANTS-US-ORGS-GOVTS,PC,numeric,ONE,3,SI-P02-T00-GRANTS-US-ORGS-GOVTS,PC,numeric,ONE,3,SI_02_GRANT_US_ORG_501C3_TOT,0,SI_02_GRANT_US_ORG_501C3_TOT,0,kept,FALSE,FALSE,FALSE,FALSE
SI_02_GRANT_US_ORG_ADDR_CITY,SI-P02-T01-GRANTS-US-ORGS-GOVTS,PC,text,MANY,8,SI-P02-T01-GRANTS-US-ORGS-GOVTS,PC,text,MANY,8,SI_02_GRANT_US_ORG_ADDR_CITY,0,SI_02_GRANT_US_ORG_ADDR_CITY,0,kept,FALSE,FALSE,FALSE,FALSE
SI_02_GRANT_US_ORG_ADDR_CNTR,SI-P02-T01-GRANTS-US-ORGS-GOVTS,PC,text,MANY,4,SI-P02-T01-GRANTS-US-ORGS-GOVTS,PC,text,MANY,4,SI_02_GRANT_US_ORG_ADDR_CNTR,0,SI_02_GRANT_US_ORG_ADDR_CNTR,0,kept,FALSE,FALSE,FALSE,FALSE
SI_02_GRANT_US_ORG_ADDR_L1,SI-P02-T01-GRANTS-US-ORGS-GOVTS,PC,text,MANY,8,SI-P02-T01-GRANTS-US-ORGS-GOVTS,PC,text,MANY,8,SI_02_GRANT_US_ORG_ADDR_L1,0,SI_02_GRANT_US_ORG_ADDR_L1,0,kept,FALSE,FALSE,FALSE,FALSE
SI_02_GRANT_US_ORG_ADDR_L2,SI-P02-T01-GRANTS-US-ORGS-GOVTS,PC,text,MANY,8,SI-P02-T01-GRANTS-US-ORGS-GOVTS,PC,text,MANY,8,SI_02_GRANT_US_ORG_ADDR_L2,0,SI_02_GRANT_US_ORG_ADDR_L2,0,kept,FALSE,FALSE,FALSE,FALSE
SI_02_GRANT_US_ORG_ADDR_STATE,SI-P02-T01-GRANTS-US-ORGS-GOVTS,PC,text,MANY,8,SI-P02-T01-GRANTS-US-ORGS-GOVTS,PC,text,MANY,8,SI_02_GRANT_US_ORG_ADDR_STATE,0,SI_02_GRANT_US_ORG_ADDR_STATE,0,kept,FALSE,FALSE,FALSE,FALSE
SI_02_GRANT_US_ORG_ADDR_ZIP,SI-P02-T01-GRANTS-US-ORGS-GOVTS,PC,text,MANY,8,SI-P02-T01-GRANTS-US-ORGS-GOVTS,PC,text,MANY,8,SI_02_GRANT_US_ORG_ADDR_ZIP,0,SI_02_GRANT_US_ORG_ADDR_ZIP,0,kept,FALSE,FALSE,FALSE,FALSE
SI_02_GRANT_US_ORG_AMT_CASH,SI-P02-T01-GRANTS-US-ORGS-GOVTS,PC,numeric,MANY,3,SI-P02-T01-GRANTS-US-ORGS-GOVTS,PC,numeric,MANY,3,SI_02_GRANT_US_ORG_AMT_CASH,0,SI_02_GRANT_US_ORG_AMT_CASH,0,kept,FALSE,FALSE,FALSE,FALSE
SI_02_GRANT_US_ORG_AMT_NONCSH,SI-P02-T01-GRANTS-US-ORGS-GOVTS,PC,numeric,MANY,3,SI-P02-T01-GRANTS-US-ORGS-GOVTS,PC,numeric,MANY,3,SI_02_GRANT_US_ORG_AMT_NONCSH,0,SI_02_GRANT_US_ORG_AMT_NONCSH,0,kept,FALSE,FALSE,FALSE,FALSE
SI_02_GRANT_US_ORG_DESC_NONCSH,SI-P02-T01-GRANTS-US-ORGS-GOVTS,PC,text,MANY,3,SI-P02-T01-GRANTS-US-ORGS-GOVTS,PC,text,MANY,3,SI_02_GRANT_US_ORG_DESC_NONCSH,0,SI_02_GRANT_US_ORG_DESC_NONCSH,0,kept,FALSE,FALSE,FALSE,FALSE
SI_02_GRANT_US_ORG_EIN,SI-P02-T01-GRANTS-US-ORGS-GOVTS,PC,numeric,MANY,3,SI-P02-T01-GRANTS-US-ORGS-GOVTS,PC,text,MANY,3,SI_02_GRANT_US_ORG_EIN,0,SI_02_GRANT_US_ORG_EIN,0,kept,FALSE,TRUE,FALSE,FALSE
SI_02_GRANT_US_ORG_IRC_SECTION,SI-P02-T01-GRANTS-US-ORGS-GOVTS,PC,text,MANY,3,SI-P02-T01-GRANTS-US-ORGS-GOVTS,PC,text,MANY,3,SI_02_GRANT_US_ORG_IRC_SECTION,0,SI_02_GRANT_US_ORG_IRC_SECTION,0,kept,FALSE,FALSE,FALSE,FALSE
SI_02_GRANT_US_ORG_MOV,SI-P02-T01-GRANTS-US-ORGS-GOVTS,PC,text,MANY,3,SI-P02-T01-GRANTS-US-ORGS-GOVTS,PC,text,MANY,3,SI_02_GRANT_US_ORG_MOV,0,SI_02_GRANT_US_ORG_MOV,0,kept,FALSE,FALSE,FALSE,FALSE
SI_02_GRANT_US_ORG_NAME_L1,SI-P02-T01-GRANTS-US-ORGS-GOVTS,PC,text,MANY,4,SI-P02-T01-GRANTS-US-ORGS-GOVTS,PC,text,MANY,4,SI_02_GRANT_US_ORG_NAME_L1,0,SI_02_GRANT_US_ORG_NAME_L1,0,kept,FALSE,FALSE,FALSE,FALSE
SI_02_GRANT_US_ORG_NAME_L2,SI-P02-T01-GRANTS-US-ORGS-GOVTS,PC,text,MANY,4,SI-P02-T01-GRANTS-US-ORGS-GOVTS,PC,text,MANY,4,SI_02_GRANT_US_ORG_NAME_L2,0,SI_02_GRANT_US_ORG_NAME_L2,0,kept,FALSE,FALSE,FALSE,FALSE
SI_02_GRANT_US_ORG_OTH_TOT,SI-P02-T00-GRANTS-US-ORGS-GOVTS,PC,numeric,ONE,3,SI-P02-T00-GRANTS-US-ORGS-GOVTS,PC,numeric,ONE,3,SI_02_GRANT_US_ORG_OTH_TOT,0,SI_02_GRANT_US_ORG_OTH_TOT,0,kept,FALSE,FALSE,FALSE,FALSE
SI_02_GRANT_US_ORG_PURPOSE,SI-P02-T01-GRANTS-US-ORGS-GOVTS,PC,text,MANY,3,SI-P02-T01-GRANTS-US-ORGS-GOVTS,PC,text,MANY,3,SI_02_GRANT_US_ORG_PURPOSE,0,SI_02_GRANT_US_ORG_PURPOSE,0,kept,FALSE,FALSE,FALSE,FALSE
SI_03_GRANT_US_INDIV_AMT_CASH,SI-P03-T01-GRANTS-US-INDIV,PC,numeric,MANY,2,SI-P03-T01-GRANTS-US-INDIV,PC,numeric,MANY,2,SI_03_GRANT_US_INDIV_AMT_CASH,0,SI_03_GRANT_US_INDIV_AMT_CASH,0,kept,FALSE,FALSE,FALSE,FALSE
SI_03_GRANT_US_INDIV_AMT_NONCSH,SI-P03-T01-GRANTS-US-INDIV,PC,numeric,MANY,2,SI-P03-T01-GRANTS-US-INDIV,PC,numeric,MANY,2,SI_03_GRANT_US_INDIV_AMT_NONCSH,0,SI_03_GRANT_US_INDIV_AMT_NONCSH,0,kept,FALSE,FALSE,FALSE,FALSE
SI_03_GRANT_US_INDIV_DESC_NONCSH,SI-P03-T01-GRANTS-US-INDIV,PC,text,MANY,2,SI-P03-T01-GRANTS-US-INDIV,PC,text,MANY,2,SI_03_GRANT_US_INDIV_DESC_NONCSH,0,SI_03_GRANT_US_INDIV_DESC_NONCSH,0,kept,FALSE,FALSE,FALSE,FALSE
SI_03_GRANT_US_INDIV_MOV,SI-P03-T01-GRANTS-US-INDIV,PC,text,MANY,2,SI-P03-T01-GRANTS-US-INDIV,PC,text,MANY,2,SI_03_GRANT_US_INDIV_MOV,0,SI_03_GRANT_US_INDIV_MOV,0,kept,FALSE,FALSE,FALSE,FALSE
SI_03_GRANT_US_INDIV_NUM,SI-P03-T01-GRANTS-US-INDIV,PC,numeric,MANY,2,SI-P03-T01-GRANTS-US-INDIV,PC,numeric,MANY,2,SI_03_GRANT_US_INDIV_NUM,0,SI_03_GRANT_US_INDIV_NUM,0,kept,FALSE,FALSE,FALSE,FALSE
SI_03_GRANT_US_INDIV_TYPE_GRANT,SI-P03-T01-GRANTS-US-INDIV,PC,text,MANY,2,SI-P03-T01-GRANTS-US-INDIV,PC,text,MANY,2,SI_03_GRANT_US_INDIV_TYPE_GRANT,0,SI_03_GRANT_US_INDIV_TYPE_GRANT,0,kept,FALSE,FALSE,FALSE,FALSE
SI_04_EXPLANATION_TEXT,SI-P04-T99-SUPPLEMENTAL-INFO,PC,text,ONE,2,SI-P04-T99-SUPPLEMENTAL-INFO,PC,text,MANY,2,SI_04_EXPLANATION_TEXT,0,SI_04_EXPLANATION_TEXT,0,kept,FALSE,FALSE,TRUE,FALSE
SI_04_FORM_LINE_REFERENCE,SI-P04-T99-SUPPLEMENTAL-INFO,PC,text,ONE,1,SI-P04-T99-SUPPLEMENTAL-INFO,PC,text,MANY,1,SI_04_FORM_LINE_REFERENCE,0,SI_04_FORM_LINE_REFERENCE,0,kept,FALSE,FALSE,TRUE,FALSE
SI_04_IDENTIFIER,SI-P04-T99-SUPPLEMENTAL-INFO,PC,text,ONE,2,SI-P04-T99-SUPPLEMENTAL-INFO,PC,text,MANY,2,SI_04_IDENTIFIER,0,SI_04_IDENTIFIER,0,kept,FALSE,FALSE,TRUE,FALSE
SI_04_RETURN_REFERENCE,SI-P04-T99-SUPPLEMENTAL-INFO,PC,text,ONE,1,SI-P04-T99-SUPPLEMENTAL-INFO,PC,text,MANY,1,SI_04_RETURN_REFERENCE,0,SI_04_RETURN_REFERENCE,0,kept,FALSE,FALSE,TRUE,FALSE
SI_99_GRANT_US_ORG_LT_5K_X,SI-P99-T00-GRANTS-US-ORGS-GOVTS,PC,checkbox,ONE,2,SI-P99-T00-GRANTS-US-ORGS-GOVTS,PC,checkbox,ONE,2,SI_99_GRANT_US_ORG_LT_5K_X,0,SI_99_GRANT_US_ORG_LT_5K_X,0,kept,FALSE,FALSE,FALSE,FALSE
SJ_01_COMP_CONTINGENT_NET_ORG_X,SJ-P01-T00-COMPENSATION,PC,checkbox,ONE,3,SJ-P01-T00-COMPENSATION,PC,checkbox,ONE,3,SJ_01_COMP_CONTINGENT_NET_ORG_X,0,SJ_01_COMP_CONTINGENT_NET_ORG_X,0,kept,FALSE,FALSE,FALSE,FALSE
SJ_01_COMP_CONTINGENT_NET_RLTD_X,SJ-P01-T00-COMPENSATION,PC,checkbox,ONE,3,SJ-P01-T00-COMPENSATION,PC,checkbox,ONE,3,SJ_01_COMP_CONTINGENT_NET_RLTD_X,0,SJ_01_COMP_CONTINGENT_NET_RLTD_X,0,kept,FALSE,FALSE,FALSE,FALSE
SJ_01_COMP_CONTINGENT_REV_ORG_X,SJ-P01-T00-COMPENSATION,PC,checkbox,ONE,3,SJ-P01-T00-COMPENSATION,PC,checkbox,ONE,3,SJ_01_COMP_CONTINGENT_REV_ORG_X,0,SJ_01_COMP_CONTINGENT_REV_ORG_X,0,kept,FALSE,FALSE,FALSE,FALSE
SJ_01_COMP_CONTINGENT_REV_RLTD_X,SJ-P01-T00-COMPENSATION,PC,checkbox,ONE,3,SJ-P01-T00-COMPENSATION,PC,checkbox,ONE,3,SJ_01_COMP_CONTINGENT_REV_RLTD_X,0,SJ_01_COMP_CONTINGENT_REV_RLTD_X,0,kept,FALSE,FALSE,FALSE,FALSE
SJ_01_COMP_KONTR_EXCEPTION_X,SJ-P01-T00-COMPENSATION,PC,checkbox,ONE,3,SJ-P01-T00-COMPENSATION,PC,checkbox,ONE,3,SJ_01_COMP_KONTR_EXCEPTION_X,0,SJ_01_COMP_KONTR_EXCEPTION_X,0,kept,FALSE,FALSE,FALSE,FALSE
SJ_01_COMP_METHOD_BOARD_APPROV_X,SJ-P01-T00-COMPENSATION,PC,checkbox,ONE,3,SJ-P01-T00-COMPENSATION,PC,checkbox,ONE,3,SJ_01_COMP_METHOD_BOARD_APPROV_X,0,SJ_01_COMP_METHOD_BOARD_APPROV_X,0,kept,FALSE,FALSE,FALSE,FALSE
SJ_01_COMP_METHOD_COMMITTEE_X,SJ-P01-T00-COMPENSATION,PC,checkbox,ONE,3,SJ-P01-T00-COMPENSATION,PC,checkbox,ONE,3,SJ_01_COMP_METHOD_COMMITTEE_X,0,SJ_01_COMP_METHOD_COMMITTEE_X,0,kept,FALSE,FALSE,FALSE,FALSE
SJ_01_COMP_METHOD_CONSULTANT_X,SJ-P01-T00-COMPENSATION,PC,checkbox,ONE,3,SJ-P01-T00-COMPENSATION,PC,checkbox,ONE,3,SJ_01_COMP_METHOD_CONSULTANT_X,0,SJ_01_COMP_METHOD_CONSULTANT_X,0,kept,FALSE,FALSE,FALSE,FALSE
SJ_01_COMP_METHOD_EMPL_KONTR_X,SJ-P01-T00-COMPENSATION,PC,checkbox,ONE,3,SJ-P01-T00-COMPENSATION,PC,checkbox,ONE,3,SJ_01_COMP_METHOD_EMPL_KONTR_X,0,SJ_01_COMP_METHOD_EMPL_KONTR_X,0,kept,FALSE,FALSE,FALSE,FALSE
SJ_01_COMP_METHOD_OTH_ORG_990_X,SJ-P01-T00-COMPENSATION,PC,checkbox,ONE,3,SJ-P01-T00-COMPENSATION,PC,checkbox,ONE,3,SJ_01_COMP_METHOD_OTH_ORG_990_X,0,SJ_01_COMP_METHOD_OTH_ORG_990_X,0,kept,FALSE,FALSE,FALSE,FALSE
SJ_01_COMP_METHOD_SURVEY_X,SJ-P01-T00-COMPENSATION,PC,checkbox,ONE,3,SJ-P01-T00-COMPENSATION,PC,checkbox,ONE,3,SJ_01_COMP_METHOD_SURVEY_X,0,SJ_01_COMP_METHOD_SURVEY_X,0,kept,FALSE,FALSE,FALSE,FALSE
SJ_01_COMP_NON_FIXED_PAYMENT_X,SJ-P01-T00-COMPENSATION,PC,checkbox,ONE,3,SJ-P01-T00-COMPENSATION,PC,checkbox,ONE,3,SJ_01_COMP_NON_FIXED_PAYMENT_X,0,SJ_01_COMP_NON_FIXED_PAYMENT_X,0,kept,FALSE,FALSE,FALSE,FALSE
SJ_01_COMP_PAY_EQUITY_BASED_X,SJ-P01-T00-COMPENSATION,PC,checkbox,ONE,3,SJ-P01-T00-COMPENSATION,PC,checkbox,ONE,3,SJ_01_COMP_PAY_EQUITY_BASED_X,0,SJ_01_COMP_PAY_EQUITY_BASED_X,0,kept,FALSE,FALSE,FALSE,FALSE
SJ_01_COMP_PAY_RETIREMENT_PLAN_X,SJ-P01-T00-COMPENSATION,PC,checkbox,ONE,3,SJ-P01-T00-COMPENSATION,PC,checkbox,ONE,3,SJ_01_COMP_PAY_RETIREMENT_PLAN_X,0,SJ_01_COMP_PAY_RETIREMENT_PLAN_X,0,kept,FALSE,FALSE,FALSE,FALSE
SJ_01_COMP_PAY_SEVERANCE_X,SJ-P01-T00-COMPENSATION,PC,checkbox,ONE,3,SJ-P01-T00-COMPENSATION,PC,checkbox,ONE,3,SJ_01_COMP_PAY_SEVERANCE_X,0,SJ_01_COMP_PAY_SEVERANCE_X,0,kept,FALSE,FALSE,FALSE,FALSE
SJ_01_COMP_PROV_CLUB_DUE_FEE_X,SJ-P01-T00-COMPENSATION,PC,checkbox,ONE,3,SJ-P01-T00-COMPENSATION,PC,checkbox,ONE,3,SJ_01_COMP_PROV_CLUB_DUE_FEE_X,0,SJ_01_COMP_PROV_CLUB_DUE_FEE_X,0,kept,FALSE,FALSE,FALSE,FALSE
SJ_01_COMP_PROV_DISCRETIONARY_X,SJ-P01-T00-COMPENSATION,PC,checkbox,ONE,3,SJ-P01-T00-COMPENSATION,PC,checkbox,ONE,3,SJ_01_COMP_PROV_DISCRETIONARY_X,0,SJ_01_COMP_PROV_DISCRETIONARY_X,0,kept,FALSE,FALSE,FALSE,FALSE
SJ_01_COMP_PROV_FIRST_CLASS_X,SJ-P01-T00-COMPENSATION,PC,checkbox,ONE,3,SJ-P01-T00-COMPENSATION,PC,checkbox,ONE,3,SJ_01_COMP_PROV_FIRST_CLASS_X,0,SJ_01_COMP_PROV_FIRST_CLASS_X,0,kept,FALSE,FALSE,FALSE,FALSE
SJ_01_COMP_PROV_HOUSING_ALLOW_X,SJ-P01-T00-COMPENSATION,PC,checkbox,ONE,3,SJ-P01-T00-COMPENSATION,PC,checkbox,ONE,3,SJ_01_COMP_PROV_HOUSING_ALLOW_X,0,SJ_01_COMP_PROV_HOUSING_ALLOW_X,0,kept,FALSE,FALSE,FALSE,FALSE
SJ_01_COMP_PROV_INDEMNIFY_X,SJ-P01-T00-COMPENSATION,PC,checkbox,ONE,3,SJ-P01-T00-COMPENSATION,PC,checkbox,ONE,3,SJ_01_COMP_PROV_INDEMNIFY_X,0,SJ_01_COMP_PROV_INDEMNIFY_X,0,kept,FALSE,FALSE,FALSE,FALSE
SJ_01_COMP_PROV_PERSONAL_SVC_X,SJ-P01-T00-COMPENSATION,PC,checkbox,ONE,3,SJ-P01-T00-COMPENSATION,PC,checkbox,ONE,3,SJ_01_COMP_PROV_PERSONAL_SVC_X,0,SJ_01_COMP_PROV_PERSONAL_SVC_X,0,kept,FALSE,FALSE,FALSE,FALSE
SJ_01_COMP_PROV_TRAVEL_X,SJ-P01-T00-COMPENSATION,PC,checkbox,ONE,3,SJ-P01-T00-COMPENSATION,PC,checkbox,ONE,3,SJ_01_COMP_PROV_TRAVEL_X,0,SJ_01_COMP_PROV_TRAVEL_X,0,kept,FALSE,FALSE,FALSE,FALSE
SJ_01_COMP_PROV_USE_RESIDENCE_X,SJ-P01-T00-COMPENSATION,PC,checkbox,ONE,3,SJ-P01-T00-COMPENSATION,PC,checkbox,ONE,3,SJ_01_COMP_PROV_USE_RESIDENCE_X,0,SJ_01_COMP_PROV_USE_RESIDENCE_X,0,kept,FALSE,FALSE,FALSE,FALSE
SJ_01_COMP_REBUTTABLE_PROC_X,SJ-P01-T00-COMPENSATION,PC,checkbox,ONE,2,SJ-P01-T00-COMPENSATION,PC,checkbox,ONE,2,SJ_01_COMP_REBUTTABLE_PROC_X,0,SJ_01_COMP_REBUTTABLE_PROC_X,0,kept,FALSE,FALSE,FALSE,FALSE
SJ_01_COMP_SUBSTANTIATION_REQ_X,SJ-P01-T00-COMPENSATION,PC,checkbox,ONE,3,SJ-P01-T00-COMPENSATION,PC,checkbox,ONE,3,SJ_01_COMP_SUBSTANTIATION_REQ_X,0,SJ_01_COMP_SUBSTANTIATION_REQ_X,0,kept,FALSE,FALSE,FALSE,FALSE
SJ_01_COMP_WRITTEN_POLICY_X,SJ-P01-T00-COMPENSATION,PC,checkbox,ONE,3,SJ-P01-T00-COMPENSATION,PC,checkbox,ONE,3,SJ_01_COMP_WRITTEN_POLICY_X,0,SJ_01_COMP_WRITTEN_POLICY_X,0,kept,FALSE,FALSE,FALSE,FALSE
SJ_02_COMP_DTK_BASE_ORG,SJ-P02-T01-COMPENSATION-DTK,PC,numeric,MANY,2,SJ-P02-T01-COMPENSATION-DTK,PC,numeric,MANY,2,SJ_02_COMP_DTK_BASE_ORG,0,SJ_02_COMP_DTK_BASE_ORG,0,kept,FALSE,FALSE,FALSE,FALSE
SJ_02_COMP_DTK_BASE_RLTD,SJ-P02-T01-COMPENSATION-DTK,PC,numeric,MANY,2,SJ-P02-T01-COMPENSATION-DTK,PC,numeric,MANY,2,SJ_02_COMP_DTK_BASE_RLTD,0,SJ_02_COMP_DTK_BASE_RLTD,0,kept,FALSE,FALSE,FALSE,FALSE
SJ_02_COMP_DTK_BENFIT_ORG,SJ-P02-T01-COMPENSATION-DTK,PC,numeric,MANY,2,SJ-P02-T01-COMPENSATION-DTK,PC,numeric,MANY,2,SJ_02_COMP_DTK_BENFIT_ORG,0,SJ_02_COMP_DTK_BENFIT_ORG,0,kept,FALSE,FALSE,FALSE,FALSE
SJ_02_COMP_DTK_BENFIT_RLTD,SJ-P02-T01-COMPENSATION-DTK,PC,numeric,MANY,2,SJ-P02-T01-COMPENSATION-DTK,PC,numeric,MANY,2,SJ_02_COMP_DTK_BENFIT_RLTD,0,SJ_02_COMP_DTK_BENFIT_RLTD,0,kept,FALSE,FALSE,FALSE,FALSE
SJ_02_COMP_DTK_BONUS_ORG,SJ-P02-T01-COMPENSATION-DTK,PC,numeric,MANY,2,SJ-P02-T01-COMPENSATION-DTK,PC,numeric,MANY,2,SJ_02_COMP_DTK_BONUS_ORG,0,SJ_02_COMP_DTK_BONUS_ORG,0,kept,FALSE,FALSE,FALSE,FALSE
SJ_02_COMP_DTK_BONUS_RLTD,SJ-P02-T01-COMPENSATION-DTK,PC,numeric,MANY,2,SJ-P02-T01-COMPENSATION-DTK,PC,numeric,MANY,2,SJ_02_COMP_DTK_BONUS_RLTD,0,SJ_02_COMP_DTK_BONUS_RLTD,0,kept,FALSE,FALSE,FALSE,FALSE
SJ_02_COMP_DTK_DEFERRED_ORG,SJ-P02-T01-COMPENSATION-DTK,PC,numeric,MANY,2,SJ-P02-T01-COMPENSATION-DTK,PC,numeric,MANY,2,SJ_02_COMP_DTK_DEFERRED_ORG,0,SJ_02_COMP_DTK_DEFERRED_ORG,0,kept,FALSE,FALSE,FALSE,FALSE
SJ_02_COMP_DTK_DEFERRED_RLTD,SJ-P02-T01-COMPENSATION-DTK,PC,numeric,MANY,2,SJ-P02-T01-COMPENSATION-DTK,PC,numeric,MANY,2,SJ_02_COMP_DTK_DEFERRED_RLTD,0,SJ_02_COMP_DTK_DEFERRED_RLTD,0,kept,FALSE,FALSE,FALSE,FALSE
SJ_02_COMP_DTK_NAME_ORG_L1,SJ-P02-T01-COMPENSATION-DTK,PC,text,MANY,3,SJ-P02-T01-COMPENSATION-DTK,PC,text,MANY,3,SJ_02_COMP_DTK_NAME_ORG_L1,0,SJ_02_COMP_DTK_NAME_ORG_L1,0,kept,FALSE,FALSE,FALSE,FALSE
SJ_02_COMP_DTK_NAME_ORG_L2,SJ-P02-T01-COMPENSATION-DTK,PC,text,MANY,3,SJ-P02-T01-COMPENSATION-DTK,PC,text,MANY,3,SJ_02_COMP_DTK_NAME_ORG_L2,0,SJ_02_COMP_DTK_NAME_ORG_L2,0,kept,FALSE,FALSE,FALSE,FALSE
SJ_02_COMP_DTK_NAME_PERS,SJ-P02-T01-COMPENSATION-DTK,PC,text,MANY,2,SJ-P02-T01-COMPENSATION-DTK,PC,text,MANY,2,SJ_02_COMP_DTK_NAME_PERS,0,SJ_02_COMP_DTK_NAME_PERS,0,kept,FALSE,FALSE,FALSE,FALSE
SJ_02_COMP_DTK_OTH_ORG,SJ-P02-T01-COMPENSATION-DTK,PC,numeric,MANY,2,SJ-P02-T01-COMPENSATION-DTK,PC,numeric,MANY,2,SJ_02_COMP_DTK_OTH_ORG,0,SJ_02_COMP_DTK_OTH_ORG,0,kept,FALSE,FALSE,FALSE,FALSE
SJ_02_COMP_DTK_OTH_RLTD,SJ-P02-T01-COMPENSATION-DTK,PC,numeric,MANY,2,SJ-P02-T01-COMPENSATION-DTK,PC,numeric,MANY,2,SJ_02_COMP_DTK_OTH_RLTD,0,SJ_02_COMP_DTK_OTH_RLTD,0,kept,FALSE,FALSE,FALSE,FALSE
SJ_02_COMP_DTK_PRIOR_990_ORG,SJ-P02-T01-COMPENSATION-DTK,PC,numeric,MANY,2,SJ-P02-T01-COMPENSATION-DTK,PC,numeric,MANY,2,SJ_02_COMP_DTK_PRIOR_990_ORG,0,SJ_02_COMP_DTK_PRIOR_990_ORG,0,kept,FALSE,FALSE,FALSE,FALSE
SJ_02_COMP_DTK_PRIOR_990_RLTD,SJ-P02-T01-COMPENSATION-DTK,PC,numeric,MANY,2,SJ-P02-T01-COMPENSATION-DTK,PC,numeric,MANY,2,SJ_02_COMP_DTK_PRIOR_990_RLTD,0,SJ_02_COMP_DTK_PRIOR_990_RLTD,0,kept,FALSE,FALSE,FALSE,FALSE
SJ_02_COMP_DTK_TITLE,SJ-P02-T01-COMPENSATION-DTK,PC,text,MANY,2,SJ-P02-T01-COMPENSATION-DTK,PC,text,MANY,2,SJ_02_COMP_DTK_TITLE,0,SJ_02_COMP_DTK_TITLE,0,kept,FALSE,FALSE,FALSE,FALSE
SJ_02_COMP_DTK_TOT_ORG,SJ-P02-T01-COMPENSATION-DTK,PC,numeric,MANY,2,SJ-P02-T01-COMPENSATION-DTK,PC,numeric,MANY,2,SJ_02_COMP_DTK_TOT_ORG,0,SJ_02_COMP_DTK_TOT_ORG,0,kept,FALSE,FALSE,FALSE,FALSE
SJ_02_COMP_DTK_TOT_RLTD,SJ-P02-T01-COMPENSATION-DTK,PC,numeric,MANY,2,SJ-P02-T01-COMPENSATION-DTK,PC,numeric,MANY,2,SJ_02_COMP_DTK_TOT_RLTD,0,SJ_02_COMP_DTK_TOT_RLTD,0,kept,FALSE,FALSE,FALSE,FALSE
SJ_03_EXPLANATION_TEXT,SJ-P03-T99-SUPPLEMENTAL-INFO,PC,text,ONE,2,SJ-P03-T99-SUPPLEMENTAL-INFO,PC,text,MANY,2,SJ_03_EXPLANATION_TEXT,0,SJ_03_EXPLANATION_TEXT,0,kept,FALSE,FALSE,TRUE,FALSE
SJ_03_FORM_LINE_REFERENCE,SJ-P03-T99-SUPPLEMENTAL-INFO,PC,text,ONE,1,SJ-P03-T99-SUPPLEMENTAL-INFO,PC,text,MANY,1,SJ_03_FORM_LINE_REFERENCE,0,SJ_03_FORM_LINE_REFERENCE,0,kept,FALSE,FALSE,TRUE,FALSE
SJ_03_IDENTIFIER,SJ-P03-T99-SUPPLEMENTAL-INFO,PC,text,ONE,2,SJ-P03-T99-SUPPLEMENTAL-INFO,PC,text,MANY,2,SJ_03_IDENTIFIER,0,SJ_03_IDENTIFIER,0,kept,FALSE,FALSE,TRUE,FALSE
SJ_03_RETURN_REFERENCE,SJ-P03-T99-SUPPLEMENTAL-INFO,PC,text,ONE,1,SJ-P03-T99-SUPPLEMENTAL-INFO,PC,text,MANY,1,SJ_03_RETURN_REFERENCE,0,SJ_03_RETURN_REFERENCE,0,kept,FALSE,FALSE,TRUE,FALSE
SK_01_BOND_ISSUER_EIN,SK-P01-T01-BOND-ISSUES,PC,numeric,MANY,2,SK-P01-T01-BOND-ISSUES,PC,text,MANY,2,SK_01_BOND_ISSUER_EIN,0,SK_01_BOND_ISSUER_EIN,0,kept,FALSE,TRUE,FALSE,FALSE
SK_01_BOND_ISSUER_NAME_L1,SK-P01-T01-BOND-ISSUES,PC,text,MANY,3,SK-P01-T01-BOND-ISSUES,PC,text,MANY,3,SK_01_BOND_ISSUER_NAME_L1,0,SK_01_BOND_ISSUER_NAME_L1,0,kept,FALSE,FALSE,FALSE,FALSE
SK_01_BOND_ISSUER_NAME_L2,SK-P01-T01-BOND-ISSUES,PC,text,MANY,3,SK-P01-T01-BOND-ISSUES,PC,text,MANY,3,SK_01_BOND_ISSUER_NAME_L2,0,SK_01_BOND_ISSUER_NAME_L2,0,kept,FALSE,FALSE,FALSE,FALSE
SK_01_BOND_ISSUER_ON_BEHALF_OF_X,SK-P01-T01-BOND-ISSUES,PC,checkbox,MANY,2,SK-P01-T01-BOND-ISSUES,PC,checkbox,MANY,2,SK_01_BOND_ISSUER_ON_BEHALF_OF_X,0,SK_01_BOND_ISSUER_ON_BEHALF_OF_X,0,kept,FALSE,FALSE,FALSE,FALSE
SK_01_BOND_ISSUE_CUSIP_NUM,SK-P01-T01-BOND-ISSUES,PC,numeric,MANY,2,SK-P01-T01-BOND-ISSUES,PC,text,MANY,2,SK_01_BOND_ISSUE_CUSIP_NUM,0,SK_01_BOND_ISSUE_CUSIP_NUM,0,kept,FALSE,TRUE,FALSE,FALSE
SK_01_BOND_ISSUE_DATE,SK-P01-T01-BOND-ISSUES,PC,date,MANY,2,SK-P01-T01-BOND-ISSUES,PC,date,MANY,2,SK_01_BOND_ISSUE_DATE,0,SK_01_BOND_ISSUE_DATE,0,kept,FALSE,FALSE,FALSE,FALSE
SK_01_BOND_ISSUE_DEFEASED_X,SK-P01-T01-BOND-ISSUES,PC,checkbox,MANY,2,SK-P01-T01-BOND-ISSUES,PC,checkbox,MANY,2,SK_01_BOND_ISSUE_DEFEASED_X,0,SK_01_BOND_ISSUE_DEFEASED_X,0,kept,FALSE,FALSE,FALSE,FALSE
SK_01_BOND_ISSUE_POOL_FIN_X,SK-P01-T01-BOND-ISSUES,PC,checkbox,MANY,2,SK-P01-T01-BOND-ISSUES,PC,checkbox,MANY,2,SK_01_BOND_ISSUE_POOL_FIN_X,0,SK_01_BOND_ISSUE_POOL_FIN_X,0,kept,FALSE,FALSE,FALSE,FALSE
SK_01_BOND_ISSUE_PRICE,SK-P01-T01-BOND-ISSUES,PC,numeric,MANY,2,SK-P01-T01-BOND-ISSUES,PC,numeric,MANY,2,SK_01_BOND_ISSUE_PRICE,0,SK_01_BOND_ISSUE_PRICE,0,kept,FALSE,FALSE,FALSE,FALSE
SK_01_BOND_ISSUE_PURPOSE_DESC,SK-P01-T01-BOND-ISSUES,PC,text,MANY,2,SK-P01-T01-BOND-ISSUES,PC,text,MANY,2,SK_01_BOND_ISSUE_PURPOSE_DESC,0,SK_01_BOND_ISSUE_PURPOSE_DESC,0,kept,FALSE,FALSE,FALSE,FALSE
SK_01_BOND_ISSUE_REFERENCE_NUM,SK-P01-T01-BOND-ISSUES,PC,text,MANY,2,SK-P01-T01-BOND-ISSUES,PC,text,MANY,2,SK_01_BOND_ISSUE_REFERENCE_NUM,0,SK_01_BOND_ISSUE_REFERENCE_NUM,0,kept,FALSE,FALSE,FALSE,FALSE
SK_02_BOND_ISSUE_REFERENCE_NUM,SK-P02-T01-BOND-PROCEEDS,PC,text,MANY,2,SK-P02-T01-BOND-PROCEEDS,PC,text,MANY,2,SK_02_BOND_ISSUE_REFERENCE_NUM,0,SK_02_BOND_ISSUE_REFERENCE_NUM,0,kept,FALSE,FALSE,FALSE,FALSE
SK_02_BOND_PROCEED_ALLOC_FINAL_X,SK-P02-T01-BOND-PROCEEDS,PC,checkbox,MANY,2,SK-P02-T01-BOND-PROCEEDS,PC,checkbox,MANY,2,SK_02_BOND_PROCEED_ALLOC_FINAL_X,0,SK_02_BOND_PROCEED_ALLOC_FINAL_X,0,kept,FALSE,FALSE,FALSE,FALSE
SK_02_BOND_PROCEED_AMT_DEFEASED,SK-P02-T01-BOND-PROCEEDS,PC,numeric,MANY,3,SK-P02-T01-BOND-PROCEEDS,PC,numeric,MANY,3,SK_02_BOND_PROCEED_AMT_DEFEASED,0,SK_02_BOND_PROCEED_AMT_DEFEASED,0,kept,FALSE,FALSE,FALSE,FALSE
SK_02_BOND_PROCEED_AMT_RETIRED,SK-P02-T01-BOND-PROCEEDS,PC,numeric,MANY,2,SK-P02-T01-BOND-PROCEEDS,PC,numeric,MANY,2,SK_02_BOND_PROCEED_AMT_RETIRED,0,SK_02_BOND_PROCEED_AMT_RETIRED,0,kept,FALSE,FALSE,FALSE,FALSE
SK_02_BOND_PROCEED_BOOK_RECORD_X,SK-P02-T01-BOND-PROCEEDS,PC,checkbox,MANY,2,SK-P02-T01-BOND-PROCEEDS,PC,checkbox,MANY,2,SK_02_BOND_PROCEED_BOOK_RECORD_X,0,SK_02_BOND_PROCEED_BOOK_RECORD_X,0,kept,FALSE,FALSE,FALSE,FALSE
SK_02_BOND_PROCEED_CAP_EXP,SK-P02-T01-BOND-PROCEEDS,PC,numeric,MANY,2,SK-P02-T01-BOND-PROCEEDS,PC,numeric,MANY,2,SK_02_BOND_PROCEED_CAP_EXP,0,SK_02_BOND_PROCEED_CAP_EXP,0,kept,FALSE,FALSE,FALSE,FALSE
SK_02_BOND_PROCEED_CAP_EXP_WORK,SK-P02-T01-BOND-PROCEEDS,PC,numeric,MANY,2,SK-P02-T01-BOND-PROCEEDS,PC,numeric,MANY,2,SK_02_BOND_PROCEED_CAP_EXP_WORK,0,SK_02_BOND_PROCEED_CAP_EXP_WORK,0,kept,FALSE,FALSE,FALSE,FALSE
SK_02_BOND_PROCEED_CREDIT_ENHANC,SK-P02-T01-BOND-PROCEEDS,PC,numeric,MANY,2,SK-P02-T01-BOND-PROCEEDS,PC,numeric,MANY,2,SK_02_BOND_PROCEED_CREDIT_ENHANC,0,SK_02_BOND_PROCEED_CREDIT_ENHANC,0,kept,FALSE,FALSE,FALSE,FALSE
SK_02_BOND_PROCEED_INT_CAP,SK-P02-T01-BOND-PROCEEDS,PC,numeric,MANY,2,SK-P02-T01-BOND-PROCEEDS,PC,numeric,MANY,2,SK_02_BOND_PROCEED_INT_CAP,0,SK_02_BOND_PROCEED_INT_CAP,0,kept,FALSE,FALSE,FALSE,FALSE
SK_02_BOND_PROCEED_ISSUANCE_COST,SK-P02-T01-BOND-PROCEEDS,PC,numeric,MANY,2,SK-P02-T01-BOND-PROCEEDS,PC,numeric,MANY,2,SK_02_BOND_PROCEED_ISSUANCE_COST,0,SK_02_BOND_PROCEED_ISSUANCE_COST,0,kept,FALSE,FALSE,FALSE,FALSE
SK_02_BOND_PROCEED_OTH_SPENT,SK-P02-T01-BOND-PROCEEDS,PC,numeric,MANY,2,SK-P02-T01-BOND-PROCEEDS,PC,numeric,MANY,2,SK_02_BOND_PROCEED_OTH_SPENT,0,SK_02_BOND_PROCEED_OTH_SPENT,0,kept,FALSE,FALSE,FALSE,FALSE
SK_02_BOND_PROCEED_OTH_UNSPENT,SK-P02-T01-BOND-PROCEEDS,PC,numeric,MANY,2,SK-P02-T01-BOND-PROCEEDS,PC,numeric,MANY,2,SK_02_BOND_PROCEED_OTH_UNSPENT,0,SK_02_BOND_PROCEED_OTH_UNSPENT,0,kept,FALSE,FALSE,FALSE,FALSE
SK_02_BOND_PROCEED_REFUND_ADVC_X,SK-P02-T01-BOND-PROCEEDS,PC,checkbox,MANY,4,SK-P02-T01-BOND-PROCEEDS,PC,checkbox,MANY,3,SK_02_BOND_PROCEED_REFUND_ADVC_X;SK_02_BOND_PROCEED_REFUND_CURR_X,0,SK_02_BOND_PROCEED_REFUND_ADVC_X,0,kept,FALSE,FALSE,FALSE,TRUE
SK_02_BOND_PROCEED_REFUND_CURR_X,SK-P02-T01-BOND-PROCEEDS,PC,checkbox,MANY,2,SK-P02-T01-BOND-PROCEEDS,PC,checkbox,MANY,3,SK_02_BOND_PROCEED_REFUND_CURR_X,0,SK_02_BOND_PROCEED_REFUND_ADVC_X;SK_02_BOND_PROCEED_REFUND_CURR_X,0,kept,FALSE,FALSE,FALSE,TRUE
SK_02_BOND_PROCEED_REFUND_ESCROW,SK-P02-T01-BOND-PROCEEDS,PC,numeric,MANY,2,SK-P02-T01-BOND-PROCEEDS,PC,numeric,MANY,2,SK_02_BOND_PROCEED_REFUND_ESCROW,0,SK_02_BOND_PROCEED_REFUND_ESCROW,0,kept,FALSE,FALSE,FALSE,FALSE
SK_02_BOND_PROCEED_RESERVE_FUND,SK-P02-T01-BOND-PROCEEDS,PC,numeric,MANY,2,SK-P02-T01-BOND-PROCEEDS,PC,numeric,MANY,2,SK_02_BOND_PROCEED_RESERVE_FUND,0,SK_02_BOND_PROCEED_RESERVE_FUND,0,kept,FALSE,FALSE,FALSE,FALSE
SK_02_BOND_PROCEED_TOT,SK-P02-T01-BOND-PROCEEDS,PC,numeric,MANY,2,SK-P02-T01-BOND-PROCEEDS,PC,numeric,MANY,2,SK_02_BOND_PROCEED_TOT,0,SK_02_BOND_PROCEED_TOT,0,kept,FALSE,FALSE,FALSE,FALSE
SK_02_BOND_PROCEED_Y_COMPLETION,SK-P02-T01-BOND-PROCEEDS,PC,numeric,MANY,2,SK-P02-T01-BOND-PROCEEDS,PC,numeric,MANY,2,SK_02_BOND_PROCEED_Y_COMPLETION,0,SK_02_BOND_PROCEED_Y_COMPLETION,0,kept,FALSE,FALSE,FALSE,FALSE
SK_03_BOND_BIZUSE_CHANGE_PCT,SK-P03-T01-BOND-PRIVATE-BIZ-USE,PC,numeric,MANY,2,SK-P03-T01-BOND-PRIVATE-BIZ-USE,PC,numeric,MANY,2,SK_03_BOND_BIZUSE_CHANGE_PCT,0,SK_03_BOND_BIZUSE_CHANGE_PCT,0,kept,FALSE,FALSE,FALSE,FALSE
SK_03_BOND_BIZUSE_CHANGE_X,SK-P03-T01-BOND-PRIVATE-BIZ-USE,PC,checkbox,MANY,2,SK-P03-T01-BOND-PRIVATE-BIZ-USE,PC,checkbox,MANY,2,SK_03_BOND_BIZUSE_CHANGE_X,0,SK_03_BOND_BIZUSE_CHANGE_X,0,kept,FALSE,FALSE,FALSE,FALSE
SK_03_BOND_BIZUSE_COUNS_ENGAGE_X,SK-P03-T01-BOND-PRIVATE-BIZ-USE,PC,checkbox,MANY,1,SK-P03-T01-BOND-PRIVATE-BIZ-USE,PC,checkbox,MANY,1,SK_03_BOND_BIZUSE_COUNS_ENGAGE_X,0,SK_03_BOND_BIZUSE_COUNS_ENGAGE_X,0,kept,FALSE,FALSE,FALSE,FALSE
SK_03_BOND_BIZUSE_COUNS_KONTR_X,SK-P03-T01-BOND-PRIVATE-BIZ-USE,PC,checkbox,MANY,2,SK-P03-T01-BOND-PRIVATE-BIZ-USE,PC,checkbox,MANY,2,SK_03_BOND_BIZUSE_COUNS_KONTR_X,0,SK_03_BOND_BIZUSE_COUNS_KONTR_X,0,kept,FALSE,FALSE,FALSE,FALSE
SK_03_BOND_BIZUSE_COUNS_RSRCH_X,SK-P03-T01-BOND-PRIVATE-BIZ-USE,PC,checkbox,MANY,2,SK-P03-T01-BOND-PRIVATE-BIZ-USE,PC,checkbox,MANY,2,SK_03_BOND_BIZUSE_COUNS_RSRCH_X,0,SK_03_BOND_BIZUSE_COUNS_RSRCH_X,0,kept,FALSE,FALSE,FALSE,FALSE
SK_03_BOND_BIZUSE_LEASEARRANGE_X,SK-P03-T01-BOND-PRIVATE-BIZ-USE,PC,checkbox,MANY,2,SK-P03-T01-BOND-PRIVATE-BIZ-USE,PC,checkbox,MANY,2,SK_03_BOND_BIZUSE_LEASEARRANGE_X,0,SK_03_BOND_BIZUSE_LEASEARRANGE_X,0,kept,FALSE,FALSE,FALSE,FALSE
SK_03_BOND_BIZUSE_MGMT_KONTR_X,SK-P03-T01-BOND-PRIVATE-BIZ-USE,PC,checkbox,MANY,2,SK-P03-T01-BOND-PRIVATE-BIZ-USE,PC,checkbox,MANY,2,SK_03_BOND_BIZUSE_MGMT_KONTR_X,0,SK_03_BOND_BIZUSE_MGMT_KONTR_X,0,kept,FALSE,FALSE,FALSE,FALSE
SK_03_BOND_BIZUSE_PCT_BY_OTH,SK-P03-T01-BOND-PRIVATE-BIZ-USE,PC,numeric,MANY,2,SK-P03-T01-BOND-PRIVATE-BIZ-USE,PC,numeric,MANY,2,SK_03_BOND_BIZUSE_PCT_BY_OTH,0,SK_03_BOND_BIZUSE_PCT_BY_OTH,0,kept,FALSE,FALSE,FALSE,FALSE
SK_03_BOND_BIZUSE_PCT_TOT_L45,SK-P03-T01-BOND-PRIVATE-BIZ-USE,PC,numeric,MANY,3,SK-P03-T01-BOND-PRIVATE-BIZ-USE,PC,numeric,MANY,3,SK_03_BOND_BIZUSE_PCT_TOT_L45,0,SK_03_BOND_BIZUSE_PCT_TOT_L45,0,kept,FALSE,FALSE,FALSE,FALSE
SK_03_BOND_BIZUSE_PCT_UBIZ,SK-P03-T01-BOND-PRIVATE-BIZ-USE,PC,numeric,MANY,2,SK-P03-T01-BOND-PRIVATE-BIZ-USE,PC,numeric,MANY,2,SK_03_BOND_BIZUSE_PCT_UBIZ,0,SK_03_BOND_BIZUSE_PCT_UBIZ,0,kept,FALSE,FALSE,FALSE,FALSE
SK_03_BOND_BIZUSE_POST_ISSUANC_X,SK-P03-T01-BOND-PRIVATE-BIZ-USE,PC,checkbox,MANY,1,SK-P03-T01-BOND-PRIVATE-BIZ-USE,PC,checkbox,MANY,1,SK_03_BOND_BIZUSE_POST_ISSUANC_X,0,SK_03_BOND_BIZUSE_POST_ISSUANC_X,0,kept,FALSE,FALSE,FALSE,FALSE
SK_03_BOND_BIZUSE_PRIVATE_SEC_X,SK-P03-T01-BOND-PRIVATE-BIZ-USE,PC,checkbox,MANY,2,SK-P03-T01-BOND-PRIVATE-BIZ-USE,PC,checkbox,MANY,2,SK_03_BOND_BIZUSE_PRIVATE_SEC_X,0,SK_03_BOND_BIZUSE_PRIVATE_SEC_X,0,kept,FALSE,FALSE,FALSE,FALSE
SK_03_BOND_BIZUSE_PTR_OWN_X,SK-P03-T01-BOND-PRIVATE-BIZ-USE,PC,checkbox,MANY,2,SK-P03-T01-BOND-PRIVATE-BIZ-USE,PC,checkbox,MANY,2,SK_03_BOND_BIZUSE_PTR_OWN_X,0,SK_03_BOND_BIZUSE_PTR_OWN_X,0,kept,FALSE,FALSE,FALSE,FALSE
SK_03_BOND_BIZUSE_REMEDIAL_ACT_X,SK-P03-T01-BOND-PRIVATE-BIZ-USE,PC,checkbox,MANY,2,SK-P03-T01-BOND-PRIVATE-BIZ-USE,PC,checkbox,MANY,2,SK_03_BOND_BIZUSE_REMEDIAL_ACT_X,0,SK_03_BOND_BIZUSE_REMEDIAL_ACT_X,0,kept,FALSE,FALSE,FALSE,FALSE
SK_03_BOND_BIZUSE_REMEDIATED_X,SK-P03-T01-BOND-PRIVATE-BIZ-USE,PC,checkbox,MANY,2,SK-P03-T01-BOND-PRIVATE-BIZ-USE,PC,checkbox,MANY,2,SK_03_BOND_BIZUSE_REMEDIATED_X,0,SK_03_BOND_BIZUSE_REMEDIATED_X,0,kept,FALSE,FALSE,FALSE,FALSE
SK_03_BOND_BIZUSE_RSRCH_AGREE_X,SK-P03-T01-BOND-PRIVATE-BIZ-USE,PC,checkbox,MANY,2,SK-P03-T01-BOND-PRIVATE-BIZ-USE,PC,checkbox,MANY,2,SK_03_BOND_BIZUSE_RSRCH_AGREE_X,0,SK_03_BOND_BIZUSE_RSRCH_AGREE_X,0,kept,FALSE,FALSE,FALSE,FALSE
SK_03_BOND_ISSUE_REFERENCE_NUM,SK-P03-T01-BOND-PRIVATE-BIZ-USE,PC,text,MANY,2,SK-P03-T01-BOND-PRIVATE-BIZ-USE,PC,text,MANY,2,SK_03_BOND_ISSUE_REFERENCE_NUM,0,SK_03_BOND_ISSUE_REFERENCE_NUM,0,kept,FALSE,FALSE,FALSE,FALSE
SK_04_BOND_ARB_FORM_8038_FILED_X,SK-P04-T01-BOND-ARBITRAGE,PC,checkbox,MANY,2,SK-P04-T01-BOND-ARBITRAGE,PC,checkbox,MANY,2,SK_04_BOND_ARB_FORM_8038_FILED_X,0,SK_04_BOND_ARB_FORM_8038_FILED_X,0,kept,FALSE,FALSE,FALSE,FALSE
SK_04_BOND_ARB_GIC_INVESTED_X,SK-P04-T01-BOND-ARBITRAGE,PC,checkbox,MANY,2,SK-P04-T01-BOND-ARBITRAGE,PC,checkbox,MANY,2,SK_04_BOND_ARB_GIC_INVESTED_X,0,SK_04_BOND_ARB_GIC_INVESTED_X,0,kept,FALSE,FALSE,FALSE,FALSE
SK_04_BOND_ARB_GIC_PROV_NAME_L1,SK-P04-T01-BOND-ARBITRAGE,PC,text,MANY,3,SK-P04-T01-BOND-ARBITRAGE,PC,text,MANY,3,SK_04_BOND_ARB_GIC_PROV_NAME_L1,0,SK_04_BOND_ARB_GIC_PROV_NAME_L1,0,kept,FALSE,FALSE,FALSE,FALSE
SK_04_BOND_ARB_GIC_PROV_NAME_L2,SK-P04-T01-BOND-ARBITRAGE,PC,text,MANY,3,SK-P04-T01-BOND-ARBITRAGE,PC,text,MANY,3,SK_04_BOND_ARB_GIC_PROV_NAME_L2,0,SK_04_BOND_ARB_GIC_PROV_NAME_L2,0,kept,FALSE,FALSE,FALSE,FALSE
SK_04_BOND_ARB_GIC_SAFE_HARBOR_X,SK-P04-T01-BOND-ARBITRAGE,PC,checkbox,MANY,2,SK-P04-T01-BOND-ARBITRAGE,PC,checkbox,MANY,2,SK_04_BOND_ARB_GIC_SAFE_HARBOR_X,0,SK_04_BOND_ARB_GIC_SAFE_HARBOR_X,0,kept,FALSE,FALSE,FALSE,FALSE
SK_04_BOND_ARB_GIC_TERM,SK-P04-T01-BOND-ARBITRAGE,PC,numeric,MANY,2,SK-P04-T01-BOND-ARBITRAGE,PC,numeric,MANY,2,SK_04_BOND_ARB_GIC_TERM,0,SK_04_BOND_ARB_GIC_TERM,0,kept,FALSE,FALSE,FALSE,FALSE
SK_04_BOND_ARB_HEDGE_IDENTIFY_X,SK-P04-T01-BOND-ARBITRAGE,PC,checkbox,MANY,2,SK-P04-T01-BOND-ARBITRAGE,PC,checkbox,MANY,2,SK_04_BOND_ARB_HEDGE_IDENTIFY_X,0,SK_04_BOND_ARB_HEDGE_IDENTIFY_X,0,kept,FALSE,FALSE,FALSE,FALSE
SK_04_BOND_ARB_HEDGE_INTEGRATE_X,SK-P04-T01-BOND-ARBITRAGE,PC,checkbox,MANY,2,SK-P04-T01-BOND-ARBITRAGE,PC,checkbox,MANY,2,SK_04_BOND_ARB_HEDGE_INTEGRATE_X,0,SK_04_BOND_ARB_HEDGE_INTEGRATE_X,0,kept,FALSE,FALSE,FALSE,FALSE
SK_04_BOND_ARB_HEDGE_NAME_L1,SK-P04-T01-BOND-ARBITRAGE,PC,text,MANY,3,SK-P04-T01-BOND-ARBITRAGE,PC,text,MANY,3,SK_04_BOND_ARB_HEDGE_NAME_L1,0,SK_04_BOND_ARB_HEDGE_NAME_L1,0,kept,FALSE,FALSE,FALSE,FALSE
SK_04_BOND_ARB_HEDGE_NAME_L2,SK-P04-T01-BOND-ARBITRAGE,PC,text,MANY,3,SK-P04-T01-BOND-ARBITRAGE,PC,text,MANY,3,SK_04_BOND_ARB_HEDGE_NAME_L2,0,SK_04_BOND_ARB_HEDGE_NAME_L2,0,kept,FALSE,FALSE,FALSE,FALSE
SK_04_BOND_ARB_HEDGE_TERM,SK-P04-T01-BOND-ARBITRAGE,PC,numeric,MANY,2,SK-P04-T01-BOND-ARBITRAGE,PC,numeric,MANY,2,SK_04_BOND_ARB_HEDGE_TERM,0,SK_04_BOND_ARB_HEDGE_TERM,0,kept,FALSE,FALSE,FALSE,FALSE
SK_04_BOND_ARB_HEDGE_TERMINATE_X,SK-P04-T01-BOND-ARBITRAGE,PC,checkbox,MANY,2,SK-P04-T01-BOND-ARBITRAGE,PC,checkbox,MANY,2,SK_04_BOND_ARB_HEDGE_TERMINATE_X,0,SK_04_BOND_ARB_HEDGE_TERMINATE_X,0,kept,FALSE,FALSE,FALSE,FALSE
SK_04_BOND_ARB_NO_REBATE_DUE_X,SK-P04-T01-BOND-ARBITRAGE,PC,checkbox,MANY,2,SK-P04-T01-BOND-ARBITRAGE,PC,checkbox,MANY,2,SK_04_BOND_ARB_NO_REBATE_DUE_X,0,SK_04_BOND_ARB_NO_REBATE_DUE_X,0,kept,FALSE,FALSE,FALSE,FALSE
SK_04_BOND_ARB_PROCEED_INVEST_X,SK-P04-T01-BOND-ARBITRAGE,PC,checkbox,MANY,2,SK-P04-T01-BOND-ARBITRAGE,PC,checkbox,MANY,2,SK_04_BOND_ARB_PROCEED_INVEST_X,0,SK_04_BOND_ARB_PROCEED_INVEST_X,0,kept,FALSE,FALSE,FALSE,FALSE
SK_04_BOND_ARB_REBATE_EXCEPT_X,SK-P04-T01-BOND-ARBITRAGE,PC,checkbox,MANY,2,SK-P04-T01-BOND-ARBITRAGE,PC,checkbox,MANY,2,SK_04_BOND_ARB_REBATE_EXCEPT_X,0,SK_04_BOND_ARB_REBATE_EXCEPT_X,0,kept,FALSE,FALSE,FALSE,FALSE
SK_04_BOND_ARB_REBATE_NOT_DUE_X,SK-P04-T01-BOND-ARBITRAGE,PC,checkbox,MANY,2,SK-P04-T01-BOND-ARBITRAGE,PC,checkbox,MANY,2,SK_04_BOND_ARB_REBATE_NOT_DUE_X,0,SK_04_BOND_ARB_REBATE_NOT_DUE_X,0,kept,FALSE,FALSE,FALSE,FALSE
SK_04_BOND_ARB_VAR_RATE_ISSUE_X,SK-P04-T01-BOND-ARBITRAGE,PC,checkbox,MANY,2,SK-P04-T01-BOND-ARBITRAGE,PC,checkbox,MANY,2,SK_04_BOND_ARB_VAR_RATE_ISSUE_X,0,SK_04_BOND_ARB_VAR_RATE_ISSUE_X,0,kept,FALSE,FALSE,FALSE,FALSE
SK_04_BOND_ARB_WRITTEN_PROC_X,SK-P04-T01-BOND-ARBITRAGE,PC,checkbox,MANY,2,SK-P04-T01-BOND-ARBITRAGE,PC,checkbox,MANY,2,SK_04_BOND_ARB_WRITTEN_PROC_X,0,SK_04_BOND_ARB_WRITTEN_PROC_X,0,kept,FALSE,FALSE,FALSE,FALSE
SK_04_BOND_ISSUE_REFERENCE_NUM,SK-P04-T01-BOND-ARBITRAGE,PC,text,MANY,2,SK-P04-T01-BOND-ARBITRAGE,PC,text,MANY,2,SK_04_BOND_ISSUE_REFERENCE_NUM,0,SK_04_BOND_ISSUE_REFERENCE_NUM,0,kept,FALSE,FALSE,FALSE,FALSE
SK_05_BOND_ISSUE_REFERENCE_NUM,SK-P05-T01-PROCEDURE-CORRECTIVE-ACT,PC,text,MANY,2,SK-P05-T01-PROCEDURE-CORRECTIVE-ACT,PC,text,MANY,2,SK_05_BOND_ISSUE_REFERENCE_NUM,0,SK_05_BOND_ISSUE_REFERENCE_NUM,0,kept,FALSE,FALSE,FALSE,FALSE
SK_05_PROC_CORRECTIVE_ACT_X,SK-P05-T01-PROCEDURE-CORRECTIVE-ACT,PC,checkbox,MANY,3,SK-P05-T01-PROCEDURE-CORRECTIVE-ACT,PC,checkbox,MANY,3,SK_05_PROC_CORRECTIVE_ACT_X,0,SK_05_PROC_CORRECTIVE_ACT_X,0,kept,FALSE,FALSE,FALSE,FALSE
SK_06_EXPLANATION_TEXT,SK-P06-T99-SUPPLEMENTAL-INFO,PC,text,ONE,3,SK-P06-T99-SUPPLEMENTAL-INFO,PC,text,MANY,3,SK_06_EXPLANATION_TEXT,0,SK_06_EXPLANATION_TEXT,0,kept,FALSE,FALSE,TRUE,FALSE
SK_06_FORM_LINE_REFERENCE,SK-P06-T99-SUPPLEMENTAL-INFO,PC,text,ONE,1,SK-P06-T99-SUPPLEMENTAL-INFO,PC,text,MANY,1,SK_06_FORM_LINE_REFERENCE,0,SK_06_FORM_LINE_REFERENCE,0,kept,FALSE,FALSE,TRUE,FALSE
SK_06_IDENTIFIER,SK-P06-T99-SUPPLEMENTAL-INFO,PC,text,ONE,3,SK-P06-T99-SUPPLEMENTAL-INFO,PC,text,MANY,3,SK_06_IDENTIFIER,0,SK_06_IDENTIFIER,0,kept,FALSE,FALSE,TRUE,FALSE
SK_06_RETURN_REFERENCE,SK-P06-T99-SUPPLEMENTAL-INFO,PC,text,ONE,2,SK-P06-T99-SUPPLEMENTAL-INFO,PC,text,MANY,2,SK_06_RETURN_REFERENCE,0,SK_06_RETURN_REFERENCE,0,kept,FALSE,FALSE,TRUE,FALSE
SL_01_TRANSAC_AMT_TAX_IMPOSED,SL-P01-T00-EXCESS-BENEFIT-TRANSAC,PZ,numeric,ONE,3,SL-P01-T00-EXCESS-BENEFIT-TRANSAC,PZ,numeric,ONE,3,SL_01_TRANSAC_AMT_TAX_IMPOSED,0,SL_01_TRANSAC_AMT_TAX_IMPOSED,0,kept,FALSE,FALSE,FALSE,FALSE
SL_01_TRANSAC_AMT_TAX_REIMBURSED,SL-P01-T00-EXCESS-BENEFIT-TRANSAC,PZ,numeric,ONE,3,SL-P01-T00-EXCESS-BENEFIT-TRANSAC,PZ,numeric,ONE,3,SL_01_TRANSAC_AMT_TAX_REIMBURSED,0,SL_01_TRANSAC_AMT_TAX_REIMBURSED,0,kept,FALSE,FALSE,FALSE,FALSE
SL_01_TRANSAC_CORRECTED_X,SL-P01-T01-EXCESS-BENEFIT-TRANSAC,PZ,checkbox,MANY,3,SL-P01-T01-EXCESS-BENEFIT-TRANSAC,PZ,checkbox,MANY,3,SL_01_TRANSAC_CORRECTED_X,0,SL_01_TRANSAC_CORRECTED_X,0,kept,FALSE,FALSE,FALSE,FALSE
SL_01_TRANSAC_DESC,SL-P01-T01-EXCESS-BENEFIT-TRANSAC,PZ,text,MANY,3,SL-P01-T01-EXCESS-BENEFIT-TRANSAC,PZ,text,MANY,3,SL_01_TRANSAC_DESC,0,SL_01_TRANSAC_DESC,0,kept,FALSE,FALSE,FALSE,FALSE
SL_01_TRANSAC_DSQ_NAME_ORG_L1,SL-P01-T01-EXCESS-BENEFIT-TRANSAC,PZ,text,MANY,4,SL-P01-T01-EXCESS-BENEFIT-TRANSAC,PZ,text,MANY,4,SL_01_TRANSAC_DSQ_NAME_ORG_L1,0,SL_01_TRANSAC_DSQ_NAME_ORG_L1,0,kept,FALSE,FALSE,FALSE,FALSE
SL_01_TRANSAC_DSQ_NAME_ORG_L2,SL-P01-T01-EXCESS-BENEFIT-TRANSAC,PZ,text,MANY,4,SL-P01-T01-EXCESS-BENEFIT-TRANSAC,PZ,text,MANY,4,SL_01_TRANSAC_DSQ_NAME_ORG_L2,0,SL_01_TRANSAC_DSQ_NAME_ORG_L2,0,kept,FALSE,FALSE,FALSE,FALSE
SL_01_TRANSAC_DSQ_NAME_PERS,SL-P01-T01-EXCESS-BENEFIT-TRANSAC,PZ,text,MANY,3,SL-P01-T01-EXCESS-BENEFIT-TRANSAC,PZ,text,MANY,3,SL_01_TRANSAC_DSQ_NAME_PERS,0,SL_01_TRANSAC_DSQ_NAME_PERS,0,kept,FALSE,FALSE,FALSE,FALSE
SL_01_TRANSAC_RELATIONSHIP,SL-P01-T01-EXCESS-BENEFIT-TRANSAC,PZ,text,MANY,2,SL-P01-T01-EXCESS-BENEFIT-TRANSAC,PZ,text,MANY,2,SL_01_TRANSAC_RELATIONSHIP,0,SL_01_TRANSAC_RELATIONSHIP,0,kept,FALSE,FALSE,FALSE,FALSE
SL_02_LOAN_AMT_ORIGIN_PRINCIPAL,SL-P02-T01-LOANS-INTERESTED-PERS,PZ,numeric,MANY,3,SL-P02-T01-LOANS-INTERESTED-PERS,PZ,numeric,MANY,3,SL_02_LOAN_AMT_ORIGIN_PRINCIPAL,0,SL_02_LOAN_AMT_ORIGIN_PRINCIPAL,0,kept,FALSE,FALSE,FALSE,FALSE
SL_02_LOAN_BALANCE_DUE,SL-P02-T01-LOANS-INTERESTED-PERS,PZ,numeric,MANY,3,SL-P02-T01-LOANS-INTERESTED-PERS,PZ,numeric,MANY,3,SL_02_LOAN_BALANCE_DUE,0,SL_02_LOAN_BALANCE_DUE,0,kept,FALSE,FALSE,FALSE,FALSE
SL_02_LOAN_BALANCE_DUE_TOT,SL-P02-T00-LOANS-INTERESTED-PERS,PZ,numeric,ONE,3,SL-P02-T00-LOANS-INTERESTED-PERS,PZ,numeric,ONE,3,SL_02_LOAN_BALANCE_DUE_TOT,0,SL_02_LOAN_BALANCE_DUE_TOT,0,kept,FALSE,FALSE,FALSE,FALSE
SL_02_LOAN_BOARD_APPROV_X,SL-P02-T01-LOANS-INTERESTED-PERS,PZ,checkbox,MANY,3,SL-P02-T01-LOANS-INTERESTED-PERS,PZ,checkbox,MANY,3,SL_02_LOAN_BOARD_APPROV_X,0,SL_02_LOAN_BOARD_APPROV_X,0,kept,FALSE,FALSE,FALSE,FALSE
SL_02_LOAN_DEFAULT_X,SL-P02-T01-LOANS-INTERESTED-PERS,PZ,checkbox,MANY,3,SL-P02-T01-LOANS-INTERESTED-PERS,PZ,checkbox,MANY,3,SL_02_LOAN_DEFAULT_X,0,SL_02_LOAN_DEFAULT_X,0,kept,FALSE,FALSE,FALSE,FALSE
SL_02_LOAN_FROM_ORG_X,SL-P02-T01-LOANS-INTERESTED-PERS,PZ,checkbox,MANY,3,SL-P02-T01-LOANS-INTERESTED-PERS,PZ,checkbox,MANY,3,SL_02_LOAN_FROM_ORG_X,0,SL_02_LOAN_FROM_ORG_X,0,kept,FALSE,FALSE,FALSE,FALSE
SL_02_LOAN_INT_NAME_ORG_L1,SL-P02-T01-LOANS-INTERESTED-PERS,PZ,text,MANY,4,SL-P02-T01-LOANS-INTERESTED-PERS,PZ,text,MANY,4,SL_02_LOAN_INT_NAME_ORG_L1,0,SL_02_LOAN_INT_NAME_ORG_L1,0,kept,FALSE,FALSE,FALSE,FALSE
SL_02_LOAN_INT_NAME_ORG_L2,SL-P02-T01-LOANS-INTERESTED-PERS,PZ,text,MANY,4,SL-P02-T01-LOANS-INTERESTED-PERS,PZ,text,MANY,4,SL_02_LOAN_INT_NAME_ORG_L2,0,SL_02_LOAN_INT_NAME_ORG_L2,0,kept,FALSE,FALSE,FALSE,FALSE
SL_02_LOAN_INT_NAME_PERS,SL-P02-T01-LOANS-INTERESTED-PERS,PZ,text,MANY,3,SL-P02-T01-LOANS-INTERESTED-PERS,PZ,text,MANY,3,SL_02_LOAN_INT_NAME_PERS,0,SL_02_LOAN_INT_NAME_PERS,0,kept,FALSE,FALSE,FALSE,FALSE
SL_02_LOAN_PURPOSE,SL-P02-T01-LOANS-INTERESTED-PERS,PZ,text,MANY,3,SL-P02-T01-LOANS-INTERESTED-PERS,PZ,text,MANY,3,SL_02_LOAN_PURPOSE,0,SL_02_LOAN_PURPOSE,0,kept,FALSE,FALSE,FALSE,FALSE
SL_02_LOAN_RELATIONSHIP,SL-P02-T01-LOANS-INTERESTED-PERS,PZ,text,MANY,2,SL-P02-T01-LOANS-INTERESTED-PERS,PZ,text,MANY,2,SL_02_LOAN_RELATIONSHIP,0,SL_02_LOAN_RELATIONSHIP,0,kept,FALSE,FALSE,FALSE,FALSE
SL_02_LOAN_TO_ORG_X,SL-P02-T01-LOANS-INTERESTED-PERS,PZ,checkbox,MANY,3,SL-P02-T01-LOANS-INTERESTED-PERS,PZ,checkbox,MANY,3,SL_02_LOAN_TO_ORG_X,0,SL_02_LOAN_TO_ORG_X,0,kept,FALSE,FALSE,FALSE,FALSE
SL_02_LOAN_WRITTEN_AGREEMENT_X,SL-P02-T01-LOANS-INTERESTED-PERS,PZ,checkbox,MANY,3,SL-P02-T01-LOANS-INTERESTED-PERS,PZ,checkbox,MANY,3,SL_02_LOAN_WRITTEN_AGREEMENT_X,0,SL_02_LOAN_WRITTEN_AGREEMENT_X,0,kept,FALSE,FALSE,FALSE,FALSE
SL_03_GRANT_AMT,SL-P03-T01-GRANTS-INTERESTED-PERS,PZ,numeric,MANY,3,SL-P03-T01-GRANTS-INTERESTED-PERS,PZ,numeric,MANY,3,SL_03_GRANT_AMT,0,SL_03_GRANT_AMT,0,kept,FALSE,FALSE,FALSE,FALSE
SL_03_GRANT_INT_NAME_ORG_L1,SL-P03-T01-GRANTS-INTERESTED-PERS,PZ,text,MANY,4,SL-P03-T01-GRANTS-INTERESTED-PERS,PZ,text,MANY,4,SL_03_GRANT_INT_NAME_ORG_L1,0,SL_03_GRANT_INT_NAME_ORG_L1,0,kept,FALSE,FALSE,FALSE,FALSE
SL_03_GRANT_INT_NAME_ORG_L2,SL-P03-T01-GRANTS-INTERESTED-PERS,PZ,text,MANY,4,SL-P03-T01-GRANTS-INTERESTED-PERS,PZ,text,MANY,4,SL_03_GRANT_INT_NAME_ORG_L2,0,SL_03_GRANT_INT_NAME_ORG_L2,0,kept,FALSE,FALSE,FALSE,FALSE
SL_03_GRANT_INT_NAME_PERS,SL-P03-T01-GRANTS-INTERESTED-PERS,PZ,text,MANY,3,SL-P03-T01-GRANTS-INTERESTED-PERS,PZ,text,MANY,3,SL_03_GRANT_INT_NAME_PERS,0,SL_03_GRANT_INT_NAME_PERS,0,kept,FALSE,FALSE,FALSE,FALSE
SL_03_GRANT_PURPOSE,SL-P03-T01-GRANTS-INTERESTED-PERS,PZ,text,MANY,2,SL-P03-T01-GRANTS-INTERESTED-PERS,PZ,text,MANY,2,SL_03_GRANT_PURPOSE,0,SL_03_GRANT_PURPOSE,0,kept,FALSE,FALSE,FALSE,FALSE
SL_03_GRANT_RELATIONSHIP,SL-P03-T01-GRANTS-INTERESTED-PERS,PZ,text,MANY,2,SL-P03-T01-GRANTS-INTERESTED-PERS,PZ,text,MANY,2,SL_03_GRANT_RELATIONSHIP,0,SL_03_GRANT_RELATIONSHIP,0,kept,FALSE,FALSE,FALSE,FALSE
SL_03_GRANT_TYPE,SL-P03-T01-GRANTS-INTERESTED-PERS,PZ,text,MANY,3,SL-P03-T01-GRANTS-INTERESTED-PERS,PZ,text,MANY,3,SL_03_GRANT_TYPE,0,SL_03_GRANT_TYPE,0,kept,FALSE,FALSE,FALSE,FALSE
SL_04_BIZTRANSAC_AMT,SL-P04-T01-BIZ-TRANSAC-INTERESTED-PERS,PZ,numeric,MANY,2,SL-P04-T01-BIZ-TRANSAC-INTERESTED-PERS,PZ,numeric,MANY,2,SL_04_BIZTRANSAC_AMT,0,SL_04_BIZTRANSAC_AMT,0,kept,FALSE,FALSE,FALSE,FALSE
SL_04_BIZTRANSAC_DESC,SL-P04-T01-BIZ-TRANSAC-INTERESTED-PERS,PZ,text,MANY,2,SL-P04-T01-BIZ-TRANSAC-INTERESTED-PERS,PZ,text,MANY,2,SL_04_BIZTRANSAC_DESC,0,SL_04_BIZTRANSAC_DESC,0,kept,FALSE,FALSE,FALSE,FALSE
SL_04_BIZTRANSAC_INT_NAME_ORG_L1,SL-P04-T01-BIZ-TRANSAC-INTERESTED-PERS,PZ,text,MANY,3,SL-P04-T01-BIZ-TRANSAC-INTERESTED-PERS,PZ,text,MANY,3,SL_04_BIZTRANSAC_INT_NAME_ORG_L1,0,SL_04_BIZTRANSAC_INT_NAME_ORG_L1,0,kept,FALSE,FALSE,FALSE,FALSE
SL_04_BIZTRANSAC_INT_NAME_ORG_L2,SL-P04-T01-BIZ-TRANSAC-INTERESTED-PERS,PZ,text,MANY,3,SL-P04-T01-BIZ-TRANSAC-INTERESTED-PERS,PZ,text,MANY,3,SL_04_BIZTRANSAC_INT_NAME_ORG_L2,0,SL_04_BIZTRANSAC_INT_NAME_ORG_L2,0,kept,FALSE,FALSE,FALSE,FALSE
SL_04_BIZTRANSAC_INT_NAME_PERS,SL-P04-T01-BIZ-TRANSAC-INTERESTED-PERS,PZ,text,MANY,2,SL-P04-T01-BIZ-TRANSAC-INTERESTED-PERS,PZ,text,MANY,2,SL_04_BIZTRANSAC_INT_NAME_PERS,0,SL_04_BIZTRANSAC_INT_NAME_PERS,0,kept,FALSE,FALSE,FALSE,FALSE
SL_04_BIZTRANSAC_RELATIONSHIP,SL-P04-T01-BIZ-TRANSAC-INTERESTED-PERS,PZ,text,MANY,2,SL-P04-T01-BIZ-TRANSAC-INTERESTED-PERS,PZ,text,MANY,2,SL_04_BIZTRANSAC_RELATIONSHIP,0,SL_04_BIZTRANSAC_RELATIONSHIP,0,kept,FALSE,FALSE,FALSE,FALSE
SL_04_BIZTRANSAC_SHARING_REV_X,SL-P04-T01-BIZ-TRANSAC-INTERESTED-PERS,PZ,checkbox,MANY,2,SL-P04-T01-BIZ-TRANSAC-INTERESTED-PERS,PZ,checkbox,MANY,2,SL_04_BIZTRANSAC_SHARING_REV_X,0,SL_04_BIZTRANSAC_SHARING_REV_X,0,kept,FALSE,FALSE,FALSE,FALSE
SL_05_EXPLANATION_TEXT,SL-P05-T99-SUPPLEMENTAL-INFO,PZ,text,ONE,2,SL-P05-T99-SUPPLEMENTAL-INFO,PZ,text,MANY,2,SL_05_EXPLANATION_TEXT,0,SL_05_EXPLANATION_TEXT,0,kept,FALSE,FALSE,TRUE,FALSE
SL_05_FORM_LINE_REFERENCE,SL-P05-T99-SUPPLEMENTAL-INFO,PZ,text,ONE,1,SL-P05-T99-SUPPLEMENTAL-INFO,PZ,text,MANY,1,SL_05_FORM_LINE_REFERENCE,0,SL_05_FORM_LINE_REFERENCE,0,kept,FALSE,FALSE,TRUE,FALSE
SL_05_IDENTIFIER,SL-P05-T99-SUPPLEMENTAL-INFO,PZ,text,ONE,2,SL-P05-T99-SUPPLEMENTAL-INFO,PZ,text,MANY,2,SL_05_IDENTIFIER,0,SL_05_IDENTIFIER,0,kept,FALSE,FALSE,TRUE,FALSE
SL_05_RETURN_REFERENCE,SL-P05-T99-SUPPLEMENTAL-INFO,PZ,text,ONE,1,SL-P05-T99-SUPPLEMENTAL-INFO,PZ,text,MANY,1,SL_05_RETURN_REFERENCE,0,SL_05_RETURN_REFERENCE,0,kept,FALSE,FALSE,TRUE,FALSE
SM_01_ARCHAE_METHOD_REV,SM-P01-T00-NONCASH-CONTRIBUTIONS,PC,text,ONE,3,SM-P01-T00-NONCASH-CONTRIBUTIONS,PC,text,ONE,3,SM_01_ARCHAE_METHOD_REV,0,SM_01_ARCHAE_METHOD_REV,0,kept,FALSE,FALSE,FALSE,FALSE
SM_01_ARCHAE_NONCSH_CONTR,SM-P01-T00-NONCASH-CONTRIBUTIONS,PC,numeric,ONE,3,SM-P01-T00-NONCASH-CONTRIBUTIONS,PC,numeric,ONE,3,SM_01_ARCHAE_NONCSH_CONTR,0,SM_01_ARCHAE_NONCSH_CONTR,0,kept,FALSE,FALSE,FALSE,FALSE
SM_01_ARCHAE_NONCSH_X,SM-P01-T00-NONCASH-CONTRIBUTIONS,PC,checkbox,ONE,3,SM-P01-T00-NONCASH-CONTRIBUTIONS,PC,checkbox,ONE,3,SM_01_ARCHAE_NONCSH_X,0,SM_01_ARCHAE_NONCSH_X,0,kept,FALSE,FALSE,FALSE,FALSE
SM_01_ARCHAE_NUM_CONTR,SM-P01-T00-NONCASH-CONTRIBUTIONS,PC,numeric,ONE,3,SM-P01-T00-NONCASH-CONTRIBUTIONS,PC,numeric,ONE,3,SM_01_ARCHAE_NUM_CONTR,0,SM_01_ARCHAE_NUM_CONTR,0,kept,FALSE,FALSE,FALSE,FALSE
SM_01_ART_FRACT_INT_METHOD_REV,SM-P01-T00-NONCASH-CONTRIBUTIONS,PC,text,ONE,3,SM-P01-T00-NONCASH-CONTRIBUTIONS,PC,text,ONE,3,SM_01_ART_FRACT_INT_METHOD_REV,0,SM_01_ART_FRACT_INT_METHOD_REV,0,kept,FALSE,FALSE,FALSE,FALSE
SM_01_ART_FRACT_INT_NONCSH_CONTR,SM-P01-T00-NONCASH-CONTRIBUTIONS,PC,numeric,ONE,3,SM-P01-T00-NONCASH-CONTRIBUTIONS,PC,numeric,ONE,3,SM_01_ART_FRACT_INT_NONCSH_CONTR,0,SM_01_ART_FRACT_INT_NONCSH_CONTR,0,kept,FALSE,FALSE,FALSE,FALSE
SM_01_ART_FRACT_INT_NONCSH_X,SM-P01-T00-NONCASH-CONTRIBUTIONS,PC,checkbox,ONE,3,SM-P01-T00-NONCASH-CONTRIBUTIONS,PC,checkbox,ONE,3,SM_01_ART_FRACT_INT_NONCSH_X,0,SM_01_ART_FRACT_INT_NONCSH_X,0,kept,FALSE,FALSE,FALSE,FALSE
SM_01_ART_FRACT_INT_NUM_CONTR,SM-P01-T00-NONCASH-CONTRIBUTIONS,PC,numeric,ONE,3,SM-P01-T00-NONCASH-CONTRIBUTIONS,PC,numeric,ONE,3,SM_01_ART_FRACT_INT_NUM_CONTR,0,SM_01_ART_FRACT_INT_NUM_CONTR,0,kept,FALSE,FALSE,FALSE,FALSE
SM_01_ART_HIST_METHOD_REV,SM-P01-T00-NONCASH-CONTRIBUTIONS,PC,text,ONE,3,SM-P01-T00-NONCASH-CONTRIBUTIONS,PC,text,ONE,3,SM_01_ART_HIST_METHOD_REV,0,SM_01_ART_HIST_METHOD_REV,0,kept,FALSE,FALSE,FALSE,FALSE
SM_01_ART_HIST_NONCSH_CONTR,SM-P01-T00-NONCASH-CONTRIBUTIONS,PC,numeric,ONE,3,SM-P01-T00-NONCASH-CONTRIBUTIONS,PC,numeric,ONE,3,SM_01_ART_HIST_NONCSH_CONTR,0,SM_01_ART_HIST_NONCSH_CONTR,0,kept,FALSE,FALSE,FALSE,FALSE
SM_01_ART_HIST_NUM_CONTR,SM-P01-T00-NONCASH-CONTRIBUTIONS,PC,numeric,ONE,3,SM-P01-T00-NONCASH-CONTRIBUTIONS,PC,numeric,ONE,3,SM_01_ART_HIST_NUM_CONTR,0,SM_01_ART_HIST_NUM_CONTR,0,kept,FALSE,FALSE,FALSE,FALSE
SM_01_ART_HIST_TREASURE_NONCSH_X,SM-P01-T00-NONCASH-CONTRIBUTIONS,PC,checkbox,ONE,3,SM-P01-T00-NONCASH-CONTRIBUTIONS,PC,checkbox,ONE,3,SM_01_ART_HIST_TREASURE_NONCSH_X,0,SM_01_ART_HIST_TREASURE_NONCSH_X,0,kept,FALSE,FALSE,FALSE,FALSE
SM_01_ART_WORK_METHOD_REV,SM-P01-T00-NONCASH-CONTRIBUTIONS,PC,text,ONE,3,SM-P01-T00-NONCASH-CONTRIBUTIONS,PC,text,ONE,3,SM_01_ART_WORK_METHOD_REV,0,SM_01_ART_WORK_METHOD_REV,0,kept,FALSE,FALSE,FALSE,FALSE
SM_01_ART_WORK_NONCSH_CONTR,SM-P01-T00-NONCASH-CONTRIBUTIONS,PC,numeric,ONE,3,SM-P01-T00-NONCASH-CONTRIBUTIONS,PC,numeric,ONE,3,SM_01_ART_WORK_NONCSH_CONTR,0,SM_01_ART_WORK_NONCSH_CONTR,0,kept,FALSE,FALSE,FALSE,FALSE
SM_01_ART_WORK_NONCSH_X,SM-P01-T00-NONCASH-CONTRIBUTIONS,PC,checkbox,ONE,3,SM-P01-T00-NONCASH-CONTRIBUTIONS,PC,checkbox,ONE,3,SM_01_ART_WORK_NONCSH_X,0,SM_01_ART_WORK_NONCSH_X,0,kept,FALSE,FALSE,FALSE,FALSE
SM_01_ART_WORK_NUM_CONTR,SM-P01-T00-NONCASH-CONTRIBUTIONS,PC,numeric,ONE,3,SM-P01-T00-NONCASH-CONTRIBUTIONS,PC,numeric,ONE,3,SM_01_ART_WORK_NUM_CONTR,0,SM_01_ART_WORK_NUM_CONTR,0,kept,FALSE,FALSE,FALSE,FALSE
SM_01_BOAT_PLANE_METHOD_REV,SM-P01-T00-NONCASH-CONTRIBUTIONS,PC,text,ONE,3,SM-P01-T00-NONCASH-CONTRIBUTIONS,PC,text,ONE,3,SM_01_BOAT_PLANE_METHOD_REV,0,SM_01_BOAT_PLANE_METHOD_REV,0,kept,FALSE,FALSE,FALSE,FALSE
SM_01_BOAT_PLANE_NONCSH_CONTR,SM-P01-T00-NONCASH-CONTRIBUTIONS,PC,numeric,ONE,3,SM-P01-T00-NONCASH-CONTRIBUTIONS,PC,numeric,ONE,3,SM_01_BOAT_PLANE_NONCSH_CONTR,0,SM_01_BOAT_PLANE_NONCSH_CONTR,0,kept,FALSE,FALSE,FALSE,FALSE
SM_01_BOAT_PLANE_NONCSH_X,SM-P01-T00-NONCASH-CONTRIBUTIONS,PC,checkbox,ONE,3,SM-P01-T00-NONCASH-CONTRIBUTIONS,PC,checkbox,ONE,3,SM_01_BOAT_PLANE_NONCSH_X,0,SM_01_BOAT_PLANE_NONCSH_X,0,kept,FALSE,FALSE,FALSE,FALSE
SM_01_BOAT_PLANE_NUM_CONTR,SM-P01-T00-NONCASH-CONTRIBUTIONS,PC,numeric,ONE,3,SM-P01-T00-NONCASH-CONTRIBUTIONS,PC,numeric,ONE,3,SM_01_BOAT_PLANE_NUM_CONTR,0,SM_01_BOAT_PLANE_NUM_CONTR,0,kept,FALSE,FALSE,FALSE,FALSE
SM_01_BOOK_PUBLICA_METHOD_REV,SM-P01-T00-NONCASH-CONTRIBUTIONS,PC,text,ONE,3,SM-P01-T00-NONCASH-CONTRIBUTIONS,PC,text,ONE,3,SM_01_BOOK_PUBLICA_METHOD_REV,0,SM_01_BOOK_PUBLICA_METHOD_REV,0,kept,FALSE,FALSE,FALSE,FALSE
SM_01_BOOK_PUBLICA_NONCSH_CONTR,SM-P01-T00-NONCASH-CONTRIBUTIONS,PC,numeric,ONE,3,SM-P01-T00-NONCASH-CONTRIBUTIONS,PC,numeric,ONE,3,SM_01_BOOK_PUBLICA_NONCSH_CONTR,0,SM_01_BOOK_PUBLICA_NONCSH_CONTR,0,kept,FALSE,FALSE,FALSE,FALSE
SM_01_BOOK_PUBLICA_NONCSH_X,SM-P01-T00-NONCASH-CONTRIBUTIONS,PC,checkbox,ONE,3,SM-P01-T00-NONCASH-CONTRIBUTIONS,PC,checkbox,ONE,3,SM_01_BOOK_PUBLICA_NONCSH_X,0,SM_01_BOOK_PUBLICA_NONCSH_X,0,kept,FALSE,FALSE,FALSE,FALSE
SM_01_CAR_BEHICLE_METHOD_REV,SM-P01-T00-NONCASH-CONTRIBUTIONS,PC,text,ONE,3,SM-P01-T00-NONCASH-CONTRIBUTIONS,PC,text,ONE,3,SM_01_CAR_BEHICLE_METHOD_REV,0,SM_01_CAR_BEHICLE_METHOD_REV,0,kept,FALSE,FALSE,FALSE,FALSE
SM_01_CAR_BEHICLE_NONCSH_CONTR,SM-P01-T00-NONCASH-CONTRIBUTIONS,PC,numeric,ONE,3,SM-P01-T00-NONCASH-CONTRIBUTIONS,PC,numeric,ONE,3,SM_01_CAR_BEHICLE_NONCSH_CONTR,0,SM_01_CAR_BEHICLE_NONCSH_CONTR,0,kept,FALSE,FALSE,FALSE,FALSE
SM_01_CAR_BEHICLE_NONCSH_X,SM-P01-T00-NONCASH-CONTRIBUTIONS,PC,checkbox,ONE,3,SM-P01-T00-NONCASH-CONTRIBUTIONS,PC,checkbox,ONE,3,SM_01_CAR_BEHICLE_NONCSH_X,0,SM_01_CAR_BEHICLE_NONCSH_X,0,kept,FALSE,FALSE,FALSE,FALSE
SM_01_CAR_BEHICLE_NUM_CONTR,SM-P01-T00-NONCASH-CONTRIBUTIONS,PC,numeric,ONE,3,SM-P01-T00-NONCASH-CONTRIBUTIONS,PC,numeric,ONE,3,SM_01_CAR_BEHICLE_NUM_CONTR,0,SM_01_CAR_BEHICLE_NUM_CONTR,0,kept,FALSE,FALSE,FALSE,FALSE
SM_01_CLOTHING_METHOD_REV,SM-P01-T00-NONCASH-CONTRIBUTIONS,PC,text,ONE,3,SM-P01-T00-NONCASH-CONTRIBUTIONS,PC,text,ONE,3,SM_01_CLOTHING_METHOD_REV,0,SM_01_CLOTHING_METHOD_REV,0,kept,FALSE,FALSE,FALSE,FALSE
SM_01_CLOTHING_NONCSH_CONTR,SM-P01-T00-NONCASH-CONTRIBUTIONS,PC,numeric,ONE,3,SM-P01-T00-NONCASH-CONTRIBUTIONS,PC,numeric,ONE,3,SM_01_CLOTHING_NONCSH_CONTR,0,SM_01_CLOTHING_NONCSH_CONTR,0,kept,FALSE,FALSE,FALSE,FALSE
SM_01_CLOTHING_NONCSH_X,SM-P01-T00-NONCASH-CONTRIBUTIONS,PC,checkbox,ONE,3,SM-P01-T00-NONCASH-CONTRIBUTIONS,PC,checkbox,ONE,3,SM_01_CLOTHING_NONCSH_X,0,SM_01_CLOTHING_NONCSH_X,0,kept,FALSE,FALSE,FALSE,FALSE
SM_01_COLLECTIBLES_METHOD_REV,SM-P01-T00-NONCASH-CONTRIBUTIONS,PC,text,ONE,3,SM-P01-T00-NONCASH-CONTRIBUTIONS,PC,text,ONE,3,SM_01_COLLECTIBLES_METHOD_REV,0,SM_01_COLLECTIBLES_METHOD_REV,0,kept,FALSE,FALSE,FALSE,FALSE
SM_01_COLLECTIBLES_NONCSH_CONTR,SM-P01-T00-NONCASH-CONTRIBUTIONS,PC,numeric,ONE,3,SM-P01-T00-NONCASH-CONTRIBUTIONS,PC,numeric,ONE,3,SM_01_COLLECTIBLES_NONCSH_CONTR,0,SM_01_COLLECTIBLES_NONCSH_CONTR,0,kept,FALSE,FALSE,FALSE,FALSE
SM_01_COLLECTIBLES_NONCSH_X,SM-P01-T00-NONCASH-CONTRIBUTIONS,PC,checkbox,ONE,3,SM-P01-T00-NONCASH-CONTRIBUTIONS,PC,checkbox,ONE,3,SM_01_COLLECTIBLES_NONCSH_X,0,SM_01_COLLECTIBLES_NONCSH_X,0,kept,FALSE,FALSE,FALSE,FALSE
SM_01_COLLECTIBLES_NUM_CONTR,SM-P01-T00-NONCASH-CONTRIBUTIONS,PC,numeric,ONE,3,SM-P01-T00-NONCASH-CONTRIBUTIONS,PC,numeric,ONE,3,SM_01_COLLECTIBLES_NUM_CONTR,0,SM_01_COLLECTIBLES_NUM_CONTR,0,kept,FALSE,FALSE,FALSE,FALSE
SM_01_DRUG_MEDICAL_METHOD_REV,SM-P01-T00-NONCASH-CONTRIBUTIONS,PC,text,ONE,3,SM-P01-T00-NONCASH-CONTRIBUTIONS,PC,text,ONE,3,SM_01_DRUG_MEDICAL_METHOD_REV,0,SM_01_DRUG_MEDICAL_METHOD_REV,0,kept,FALSE,FALSE,FALSE,FALSE
SM_01_DRUG_MEDICAL_NONCSH_CONTR,SM-P01-T00-NONCASH-CONTRIBUTIONS,PC,numeric,ONE,3,SM-P01-T00-NONCASH-CONTRIBUTIONS,PC,numeric,ONE,3,SM_01_DRUG_MEDICAL_NONCSH_CONTR,0,SM_01_DRUG_MEDICAL_NONCSH_CONTR,0,kept,FALSE,FALSE,FALSE,FALSE
SM_01_DRUG_MEDICAL_NONCSH_X,SM-P01-T00-NONCASH-CONTRIBUTIONS,PC,checkbox,ONE,3,SM-P01-T00-NONCASH-CONTRIBUTIONS,PC,checkbox,ONE,3,SM_01_DRUG_MEDICAL_NONCSH_X,0,SM_01_DRUG_MEDICAL_NONCSH_X,0,kept,FALSE,FALSE,FALSE,FALSE
SM_01_DRUG_MEDICAL_NUM_CONTR,SM-P01-T00-NONCASH-CONTRIBUTIONS,PC,numeric,ONE,3,SM-P01-T00-NONCASH-CONTRIBUTIONS,PC,numeric,ONE,3,SM_01_DRUG_MEDICAL_NUM_CONTR,0,SM_01_DRUG_MEDICAL_NUM_CONTR,0,kept,FALSE,FALSE,FALSE,FALSE
SM_01_FOOD_INV_METHOD_REV,SM-P01-T00-NONCASH-CONTRIBUTIONS,PC,text,ONE,3,SM-P01-T00-NONCASH-CONTRIBUTIONS,PC,text,ONE,3,SM_01_FOOD_INV_METHOD_REV,0,SM_01_FOOD_INV_METHOD_REV,0,kept,FALSE,FALSE,FALSE,FALSE
SM_01_FOOD_INV_NONCSH_CONTR,SM-P01-T00-NONCASH-CONTRIBUTIONS,PC,numeric,ONE,3,SM-P01-T00-NONCASH-CONTRIBUTIONS,PC,numeric,ONE,3,SM_01_FOOD_INV_NONCSH_CONTR,0,SM_01_FOOD_INV_NONCSH_CONTR,0,kept,FALSE,FALSE,FALSE,FALSE
SM_01_FOOD_INV_NONCSH_X,SM-P01-T00-NONCASH-CONTRIBUTIONS,PC,checkbox,ONE,3,SM-P01-T00-NONCASH-CONTRIBUTIONS,PC,checkbox,ONE,3,SM_01_FOOD_INV_NONCSH_X,0,SM_01_FOOD_INV_NONCSH_X,0,kept,FALSE,FALSE,FALSE,FALSE
SM_01_FOOD_INV_NUM_CONTR,SM-P01-T00-NONCASH-CONTRIBUTIONS,PC,numeric,ONE,3,SM-P01-T00-NONCASH-CONTRIBUTIONS,PC,numeric,ONE,3,SM_01_FOOD_INV_NUM_CONTR,0,SM_01_FOOD_INV_NUM_CONTR,0,kept,FALSE,FALSE,FALSE,FALSE
SM_01_HIST_ARTIFACT_METHOD_REV,SM-P01-T00-NONCASH-CONTRIBUTIONS,PC,text,ONE,3,SM-P01-T00-NONCASH-CONTRIBUTIONS,PC,text,ONE,3,SM_01_HIST_ARTIFACT_METHOD_REV,0,SM_01_HIST_ARTIFACT_METHOD_REV,0,kept,FALSE,FALSE,FALSE,FALSE
SM_01_HIST_ARTIFACT_NONCSH_CONTR,SM-P01-T00-NONCASH-CONTRIBUTIONS,PC,numeric,ONE,3,SM-P01-T00-NONCASH-CONTRIBUTIONS,PC,numeric,ONE,3,SM_01_HIST_ARTIFACT_NONCSH_CONTR,0,SM_01_HIST_ARTIFACT_NONCSH_CONTR,0,kept,FALSE,FALSE,FALSE,FALSE
SM_01_HIST_ARTIFACT_NONCSH_X,SM-P01-T00-NONCASH-CONTRIBUTIONS,PC,checkbox,ONE,3,SM-P01-T00-NONCASH-CONTRIBUTIONS,PC,checkbox,ONE,3,SM_01_HIST_ARTIFACT_NONCSH_X,0,SM_01_HIST_ARTIFACT_NONCSH_X,0,kept,FALSE,FALSE,FALSE,FALSE
SM_01_HIST_ARTIFACT_NUM_CONTR,SM-P01-T00-NONCASH-CONTRIBUTIONS,PC,numeric,ONE,3,SM-P01-T00-NONCASH-CONTRIBUTIONS,PC,numeric,ONE,3,SM_01_HIST_ARTIFACT_NUM_CONTR,0,SM_01_HIST_ARTIFACT_NUM_CONTR,0,kept,FALSE,FALSE,FALSE,FALSE
SM_01_IP_METHOD_REV,SM-P01-T00-NONCASH-CONTRIBUTIONS,PC,text,ONE,3,SM-P01-T00-NONCASH-CONTRIBUTIONS,PC,text,ONE,3,SM_01_IP_METHOD_REV,0,SM_01_IP_METHOD_REV,0,kept,FALSE,FALSE,FALSE,FALSE
SM_01_IP_NONCSH_CONTR,SM-P01-T00-NONCASH-CONTRIBUTIONS,PC,numeric,ONE,3,SM-P01-T00-NONCASH-CONTRIBUTIONS,PC,numeric,ONE,3,SM_01_IP_NONCSH_CONTR,0,SM_01_IP_NONCSH_CONTR,0,kept,FALSE,FALSE,FALSE,FALSE
SM_01_IP_NONCSH_X,SM-P01-T00-NONCASH-CONTRIBUTIONS,PC,checkbox,ONE,3,SM-P01-T00-NONCASH-CONTRIBUTIONS,PC,checkbox,ONE,3,SM_01_IP_NONCSH_X,0,SM_01_IP_NONCSH_X,0,kept,FALSE,FALSE,FALSE,FALSE
SM_01_IP_NUM_CONTR,SM-P01-T00-NONCASH-CONTRIBUTIONS,PC,numeric,ONE,3,SM-P01-T00-NONCASH-CONTRIBUTIONS,PC,numeric,ONE,3,SM_01_IP_NUM_CONTR,0,SM_01_IP_NUM_CONTR,0,kept,FALSE,FALSE,FALSE,FALSE
SM_01_NUM_FORM_8283_REC,SM-P01-T00-NONCASH-CONTRIBUTIONS,PC,numeric,ONE,3,SM-P01-T00-NONCASH-CONTRIBUTIONS,PC,numeric,ONE,3,SM_01_NUM_FORM_8283_REC,0,SM_01_NUM_FORM_8283_REC,0,kept,FALSE,FALSE,FALSE,FALSE
SM_01_OTH_METHOD_REV,SM-P01-T01-NONCASH-CONTRIBUTIONS,PC,text,MANY,3,SM-P01-T01-NONCASH-CONTRIBUTIONS,PC,text,MANY,3,SM_01_OTH_METHOD_REV,0,SM_01_OTH_METHOD_REV,0,kept,FALSE,FALSE,FALSE,FALSE
SM_01_OTH_NONCSH_CONTR,SM-P01-T01-NONCASH-CONTRIBUTIONS,PC,numeric,MANY,3,SM-P01-T01-NONCASH-CONTRIBUTIONS,PC,numeric,MANY,3,SM_01_OTH_NONCSH_CONTR,0,SM_01_OTH_NONCSH_CONTR,0,kept,FALSE,FALSE,FALSE,FALSE
SM_01_OTH_NONCSH_DESC,SM-P01-T01-NONCASH-CONTRIBUTIONS,PC,text,MANY,3,SM-P01-T01-NONCASH-CONTRIBUTIONS,PC,text,MANY,3,SM_01_OTH_NONCSH_DESC,0,SM_01_OTH_NONCSH_DESC,0,kept,FALSE,FALSE,FALSE,FALSE
SM_01_OTH_NONCSH_X,SM-P01-T01-NONCASH-CONTRIBUTIONS,PC,checkbox,MANY,3,SM-P01-T01-NONCASH-CONTRIBUTIONS,PC,checkbox,MANY,3,SM_01_OTH_NONCSH_X,0,SM_01_OTH_NONCSH_X,0,kept,FALSE,FALSE,FALSE,FALSE
SM_01_OTH_NUM_CONTR,SM-P01-T01-NONCASH-CONTRIBUTIONS,PC,numeric,MANY,3,SM-P01-T01-NONCASH-CONTRIBUTIONS,PC,numeric,MANY,3,SM_01_OTH_NUM_CONTR,0,SM_01_OTH_NUM_CONTR,0,kept,FALSE,FALSE,FALSE,FALSE
SM_01_PROP_HELD_X,SM-P01-T00-NONCASH-CONTRIBUTIONS,PC,checkbox,ONE,3,SM-P01-T00-NONCASH-CONTRIBUTIONS,PC,checkbox,ONE,3,SM_01_PROP_HELD_X,0,SM_01_PROP_HELD_X,0,kept,FALSE,FALSE,FALSE,FALSE
SM_01_QUAL_HIST_METHOD_REV,SM-P01-T00-NONCASH-CONTRIBUTIONS,PC,text,ONE,3,SM-P01-T00-NONCASH-CONTRIBUTIONS,PC,text,ONE,3,SM_01_QUAL_HIST_METHOD_REV,0,SM_01_QUAL_HIST_METHOD_REV,0,kept,FALSE,FALSE,FALSE,FALSE
SM_01_QUAL_HIST_NONCSH_CONTR,SM-P01-T00-NONCASH-CONTRIBUTIONS,PC,numeric,ONE,3,SM-P01-T00-NONCASH-CONTRIBUTIONS,PC,numeric,ONE,3,SM_01_QUAL_HIST_NONCSH_CONTR,0,SM_01_QUAL_HIST_NONCSH_CONTR,0,kept,FALSE,FALSE,FALSE,FALSE
SM_01_QUAL_HIST_NONCSH_X,SM-P01-T00-NONCASH-CONTRIBUTIONS,PC,checkbox,ONE,3,SM-P01-T00-NONCASH-CONTRIBUTIONS,PC,checkbox,ONE,3,SM_01_QUAL_HIST_NONCSH_X,0,SM_01_QUAL_HIST_NONCSH_X,0,kept,FALSE,FALSE,FALSE,FALSE
SM_01_QUAL_HIST_NUM_CONTR,SM-P01-T00-NONCASH-CONTRIBUTIONS,PC,numeric,ONE,3,SM-P01-T00-NONCASH-CONTRIBUTIONS,PC,numeric,ONE,3,SM_01_QUAL_HIST_NUM_CONTR,0,SM_01_QUAL_HIST_NUM_CONTR,0,kept,FALSE,FALSE,FALSE,FALSE
SM_01_QUAL_OTH_METHOD_REV,SM-P01-T00-NONCASH-CONTRIBUTIONS,PC,text,ONE,3,SM-P01-T00-NONCASH-CONTRIBUTIONS,PC,text,ONE,3,SM_01_QUAL_OTH_METHOD_REV,0,SM_01_QUAL_OTH_METHOD_REV,0,kept,FALSE,FALSE,FALSE,FALSE
SM_01_QUAL_OTH_NONCSH_CONTR,SM-P01-T00-NONCASH-CONTRIBUTIONS,PC,numeric,ONE,3,SM-P01-T00-NONCASH-CONTRIBUTIONS,PC,numeric,ONE,3,SM_01_QUAL_OTH_NONCSH_CONTR,0,SM_01_QUAL_OTH_NONCSH_CONTR,0,kept,FALSE,FALSE,FALSE,FALSE
SM_01_QUAL_OTH_NONCSH_X,SM-P01-T00-NONCASH-CONTRIBUTIONS,PC,checkbox,ONE,3,SM-P01-T00-NONCASH-CONTRIBUTIONS,PC,checkbox,ONE,3,SM_01_QUAL_OTH_NONCSH_X,0,SM_01_QUAL_OTH_NONCSH_X,0,kept,FALSE,FALSE,FALSE,FALSE
SM_01_QUAL_OTH_NUM_CONTR,SM-P01-T00-NONCASH-CONTRIBUTIONS,PC,numeric,ONE,3,SM-P01-T00-NONCASH-CONTRIBUTIONS,PC,numeric,ONE,3,SM_01_QUAL_OTH_NUM_CONTR,0,SM_01_QUAL_OTH_NUM_CONTR,0,kept,FALSE,FALSE,FALSE,FALSE
SM_01_REVIEW_PROCESS_UNUSUAL_X,SM-P01-T00-NONCASH-CONTRIBUTIONS,PC,checkbox,ONE,3,SM-P01-T00-NONCASH-CONTRIBUTIONS,PC,checkbox,ONE,3,SM_01_REVIEW_PROCESS_UNUSUAL_X,0,SM_01_REVIEW_PROCESS_UNUSUAL_X,0,kept,FALSE,FALSE,FALSE,FALSE
SM_01_RE_COMMERCIAL_METHOD_REV,SM-P01-T00-NONCASH-CONTRIBUTIONS,PC,text,ONE,3,SM-P01-T00-NONCASH-CONTRIBUTIONS,PC,text,ONE,3,SM_01_RE_COMMERCIAL_METHOD_REV,0,SM_01_RE_COMMERCIAL_METHOD_REV,0,kept,FALSE,FALSE,FALSE,FALSE
SM_01_RE_COMMERCIAL_NONCSH_CONTR,SM-P01-T00-NONCASH-CONTRIBUTIONS,PC,numeric,ONE,3,SM-P01-T00-NONCASH-CONTRIBUTIONS,PC,numeric,ONE,3,SM_01_RE_COMMERCIAL_NONCSH_CONTR,0,SM_01_RE_COMMERCIAL_NONCSH_CONTR,0,kept,FALSE,FALSE,FALSE,FALSE
SM_01_RE_COMMERCIAL_NONCSH_X,SM-P01-T00-NONCASH-CONTRIBUTIONS,PC,checkbox,ONE,3,SM-P01-T00-NONCASH-CONTRIBUTIONS,PC,checkbox,ONE,3,SM_01_RE_COMMERCIAL_NONCSH_X,0,SM_01_RE_COMMERCIAL_NONCSH_X,0,kept,FALSE,FALSE,FALSE,FALSE
SM_01_RE_COMMERCIAL_NUM_CONTR,SM-P01-T00-NONCASH-CONTRIBUTIONS,PC,numeric,ONE,3,SM-P01-T00-NONCASH-CONTRIBUTIONS,PC,numeric,ONE,3,SM_01_RE_COMMERCIAL_NUM_CONTR,0,SM_01_RE_COMMERCIAL_NUM_CONTR,0,kept,FALSE,FALSE,FALSE,FALSE
SM_01_RE_OTH_METHOD_REV,SM-P01-T00-NONCASH-CONTRIBUTIONS,PC,text,ONE,3,SM-P01-T00-NONCASH-CONTRIBUTIONS,PC,text,ONE,3,SM_01_RE_OTH_METHOD_REV,0,SM_01_RE_OTH_METHOD_REV,0,kept,FALSE,FALSE,FALSE,FALSE
SM_01_RE_OTH_NONCSH_CONTR,SM-P01-T00-NONCASH-CONTRIBUTIONS,PC,numeric,ONE,2,SM-P01-T00-NONCASH-CONTRIBUTIONS,PC,numeric,ONE,3,SM_01_RE_OTH_NONCSH_CONTR,0,SM_01_RE_OTH_NONCSH_CONTR,1,kept,FALSE,FALSE,FALSE,TRUE
SM_01_RE_OTH_NONCSH_X,SM-P01-T00-NONCASH-CONTRIBUTIONS,PC,checkbox,ONE,3,SM-P01-T00-NONCASH-CONTRIBUTIONS,PC,checkbox,ONE,3,SM_01_RE_OTH_NONCSH_X,0,SM_01_RE_OTH_NONCSH_X,0,kept,FALSE,FALSE,FALSE,FALSE
SM_01_RE_OTH_NUM_CONTR,SM-P01-T00-NONCASH-CONTRIBUTIONS,PC,numeric,ONE,3,SM-P01-T00-NONCASH-CONTRIBUTIONS,PC,numeric,ONE,3,SM_01_RE_OTH_NUM_CONTR,0,SM_01_RE_OTH_NUM_CONTR,0,kept,FALSE,FALSE,FALSE,FALSE
SM_01_RE_RESID_METHOD_REV,SM-P01-T00-NONCASH-CONTRIBUTIONS,PC,text,ONE,3,SM-P01-T00-NONCASH-CONTRIBUTIONS,PC,text,ONE,3,SM_01_RE_RESID_METHOD_REV,0,SM_01_RE_RESID_METHOD_REV,0,kept,FALSE,FALSE,FALSE,FALSE
SM_01_RE_RESID_NONCSH_CONTR,SM-P01-T00-NONCASH-CONTRIBUTIONS,PC,numeric,ONE,3,SM-P01-T00-NONCASH-CONTRIBUTIONS,PC,numeric,ONE,3,SM_01_RE_RESID_NONCSH_CONTR,0,SM_01_RE_RESID_NONCSH_CONTR,0,kept,FALSE,FALSE,FALSE,FALSE
SM_01_RE_RESID_NONCSH_X,SM-P01-T00-NONCASH-CONTRIBUTIONS,PC,checkbox,ONE,3,SM-P01-T00-NONCASH-CONTRIBUTIONS,PC,checkbox,ONE,3,SM_01_RE_RESID_NONCSH_X,0,SM_01_RE_RESID_NONCSH_X,0,kept,FALSE,FALSE,FALSE,FALSE
SM_01_RE_RESID_NUM_CONTR,SM-P01-T00-NONCASH-CONTRIBUTIONS,PC,numeric,ONE,3,SM-P01-T00-NONCASH-CONTRIBUTIONS,PC,numeric,ONE,3,SM_01_RE_RESID_NUM_CONTR,0,SM_01_RE_RESID_NUM_CONTR,0,kept,FALSE,FALSE,FALSE,FALSE
SM_01_SEC_MISC_METHOD_REV,SM-P01-T00-NONCASH-CONTRIBUTIONS,PC,text,ONE,3,SM-P01-T00-NONCASH-CONTRIBUTIONS,PC,text,ONE,3,SM_01_SEC_MISC_METHOD_REV,0,SM_01_SEC_MISC_METHOD_REV,0,kept,FALSE,FALSE,FALSE,FALSE
SM_01_SEC_MISC_NONCSH_CONTR,SM-P01-T00-NONCASH-CONTRIBUTIONS,PC,numeric,ONE,3,SM-P01-T00-NONCASH-CONTRIBUTIONS,PC,numeric,ONE,3,SM_01_SEC_MISC_NONCSH_CONTR,0,SM_01_SEC_MISC_NONCSH_CONTR,0,kept,FALSE,FALSE,FALSE,FALSE
SM_01_SEC_MISC_NONCSH_X,SM-P01-T00-NONCASH-CONTRIBUTIONS,PC,checkbox,ONE,3,SM-P01-T00-NONCASH-CONTRIBUTIONS,PC,checkbox,ONE,3,SM_01_SEC_MISC_NONCSH_X,0,SM_01_SEC_MISC_NONCSH_X,0,kept,FALSE,FALSE,FALSE,FALSE
SM_01_SEC_MISC_NUM_CONTR,SM-P01-T00-NONCASH-CONTRIBUTIONS,PC,numeric,ONE,3,SM-P01-T00-NONCASH-CONTRIBUTIONS,PC,numeric,ONE,3,SM_01_SEC_MISC_NUM_CONTR,0,SM_01_SEC_MISC_NUM_CONTR,0,kept,FALSE,FALSE,FALSE,FALSE
SM_01_SEC_PTR_METHOD_REV,SM-P01-T00-NONCASH-CONTRIBUTIONS,PC,text,ONE,3,SM-P01-T00-NONCASH-CONTRIBUTIONS,PC,text,ONE,3,SM_01_SEC_PTR_METHOD_REV,0,SM_01_SEC_PTR_METHOD_REV,0,kept,FALSE,FALSE,FALSE,FALSE
SM_01_SEC_PTR_NONCSH_CONTR,SM-P01-T00-NONCASH-CONTRIBUTIONS,PC,numeric,ONE,3,SM-P01-T00-NONCASH-CONTRIBUTIONS,PC,numeric,ONE,3,SM_01_SEC_PTR_NONCSH_CONTR,0,SM_01_SEC_PTR_NONCSH_CONTR,0,kept,FALSE,FALSE,FALSE,FALSE
SM_01_SEC_PTR_NONCSH_X,SM-P01-T00-NONCASH-CONTRIBUTIONS,PC,checkbox,ONE,3,SM-P01-T00-NONCASH-CONTRIBUTIONS,PC,checkbox,ONE,3,SM_01_SEC_PTR_NONCSH_X,0,SM_01_SEC_PTR_NONCSH_X,0,kept,FALSE,FALSE,FALSE,FALSE
SM_01_SEC_PTR_NUM_CONTR,SM-P01-T00-NONCASH-CONTRIBUTIONS,PC,numeric,ONE,3,SM-P01-T00-NONCASH-CONTRIBUTIONS,PC,numeric,ONE,3,SM_01_SEC_PTR_NUM_CONTR,0,SM_01_SEC_PTR_NUM_CONTR,0,kept,FALSE,FALSE,FALSE,FALSE
SM_01_SEC_PUB_TRADE_METHOD_REV,SM-P01-T00-NONCASH-CONTRIBUTIONS,PC,text,ONE,3,SM-P01-T00-NONCASH-CONTRIBUTIONS,PC,text,ONE,3,SM_01_SEC_PUB_TRADE_METHOD_REV,0,SM_01_SEC_PUB_TRADE_METHOD_REV,0,kept,FALSE,FALSE,FALSE,FALSE
SM_01_SEC_PUB_TRADE_NONCSH_CONTR,SM-P01-T00-NONCASH-CONTRIBUTIONS,PC,numeric,ONE,3,SM-P01-T00-NONCASH-CONTRIBUTIONS,PC,numeric,ONE,3,SM_01_SEC_PUB_TRADE_NONCSH_CONTR,0,SM_01_SEC_PUB_TRADE_NONCSH_CONTR,0,kept,FALSE,FALSE,FALSE,FALSE
SM_01_SEC_PUB_TRADE_NONCSH_X,SM-P01-T00-NONCASH-CONTRIBUTIONS,PC,checkbox,ONE,3,SM-P01-T00-NONCASH-CONTRIBUTIONS,PC,checkbox,ONE,3,SM_01_SEC_PUB_TRADE_NONCSH_X,0,SM_01_SEC_PUB_TRADE_NONCSH_X,0,kept,FALSE,FALSE,FALSE,FALSE
SM_01_SEC_PUB_TRADE_NUM_CONTR,SM-P01-T00-NONCASH-CONTRIBUTIONS,PC,numeric,ONE,3,SM-P01-T00-NONCASH-CONTRIBUTIONS,PC,numeric,ONE,3,SM_01_SEC_PUB_TRADE_NUM_CONTR,0,SM_01_SEC_PUB_TRADE_NUM_CONTR,0,kept,FALSE,FALSE,FALSE,FALSE
SM_01_SEC_STCK_METHOD_REV,SM-P01-T00-NONCASH-CONTRIBUTIONS,PC,text,ONE,3,SM-P01-T00-NONCASH-CONTRIBUTIONS,PC,text,ONE,3,SM_01_SEC_STCK_METHOD_REV,0,SM_01_SEC_STCK_METHOD_REV,0,kept,FALSE,FALSE,FALSE,FALSE
SM_01_SEC_STCK_NONCSH_CONTR,SM-P01-T00-NONCASH-CONTRIBUTIONS,PC,numeric,ONE,3,SM-P01-T00-NONCASH-CONTRIBUTIONS,PC,numeric,ONE,3,SM_01_SEC_STCK_NONCSH_CONTR,0,SM_01_SEC_STCK_NONCSH_CONTR,0,kept,FALSE,FALSE,FALSE,FALSE
SM_01_SEC_STCK_NONCSH_X,SM-P01-T00-NONCASH-CONTRIBUTIONS,PC,checkbox,ONE,3,SM-P01-T00-NONCASH-CONTRIBUTIONS,PC,checkbox,ONE,3,SM_01_SEC_STCK_NONCSH_X,0,SM_01_SEC_STCK_NONCSH_X,0,kept,FALSE,FALSE,FALSE,FALSE
SM_01_SEC_STCK_NUM_CONTR,SM-P01-T00-NONCASH-CONTRIBUTIONS,PC,numeric,ONE,3,SM-P01-T00-NONCASH-CONTRIBUTIONS,PC,numeric,ONE,3,SM_01_SEC_STCK_NUM_CONTR,0,SM_01_SEC_STCK_NUM_CONTR,0,kept,FALSE,FALSE,FALSE,FALSE
SM_01_SPECIMENS_METHOD_REV,SM-P01-T00-NONCASH-CONTRIBUTIONS,PC,text,ONE,3,SM-P01-T00-NONCASH-CONTRIBUTIONS,PC,text,ONE,3,SM_01_SPECIMENS_METHOD_REV,0,SM_01_SPECIMENS_METHOD_REV,0,kept,FALSE,FALSE,FALSE,FALSE
SM_01_SPECIMENS_NONCSH_CONTR,SM-P01-T00-NONCASH-CONTRIBUTIONS,PC,numeric,ONE,3,SM-P01-T00-NONCASH-CONTRIBUTIONS,PC,numeric,ONE,3,SM_01_SPECIMENS_NONCSH_CONTR,0,SM_01_SPECIMENS_NONCSH_CONTR,0,kept,FALSE,FALSE,FALSE,FALSE
SM_01_SPECIMENS_NONCSH_X,SM-P01-T00-NONCASH-CONTRIBUTIONS,PC,checkbox,ONE,3,SM-P01-T00-NONCASH-CONTRIBUTIONS,PC,checkbox,ONE,3,SM_01_SPECIMENS_NONCSH_X,0,SM_01_SPECIMENS_NONCSH_X,0,kept,FALSE,FALSE,FALSE,FALSE
SM_01_SPECIMENS_NUM_CONTR,SM-P01-T00-NONCASH-CONTRIBUTIONS,PC,numeric,ONE,3,SM-P01-T00-NONCASH-CONTRIBUTIONS,PC,numeric,ONE,3,SM_01_SPECIMENS_NUM_CONTR,0,SM_01_SPECIMENS_NUM_CONTR,0,kept,FALSE,FALSE,FALSE,FALSE
SM_01_TAXIDERMY_METHOD_REV,SM-P01-T00-NONCASH-CONTRIBUTIONS,PC,text,ONE,3,SM-P01-T00-NONCASH-CONTRIBUTIONS,PC,text,ONE,3,SM_01_TAXIDERMY_METHOD_REV,0,SM_01_TAXIDERMY_METHOD_REV,0,kept,FALSE,FALSE,FALSE,FALSE
SM_01_TAXIDERMY_NONCSH_CONTR,SM-P01-T00-NONCASH-CONTRIBUTIONS,PC,numeric,ONE,3,SM-P01-T00-NONCASH-CONTRIBUTIONS,PC,numeric,ONE,3,SM_01_TAXIDERMY_NONCSH_CONTR,0,SM_01_TAXIDERMY_NONCSH_CONTR,0,kept,FALSE,FALSE,FALSE,FALSE
SM_01_TAXIDERMY_NONCSH_X,SM-P01-T00-NONCASH-CONTRIBUTIONS,PC,checkbox,ONE,3,SM-P01-T00-NONCASH-CONTRIBUTIONS,PC,checkbox,ONE,3,SM_01_TAXIDERMY_NONCSH_X,0,SM_01_TAXIDERMY_NONCSH_X,0,kept,FALSE,FALSE,FALSE,FALSE
SM_01_TAXIDERMY_NUM_CONTR,SM-P01-T00-NONCASH-CONTRIBUTIONS,PC,numeric,ONE,3,SM-P01-T00-NONCASH-CONTRIBUTIONS,PC,numeric,ONE,3,SM_01_TAXIDERMY_NUM_CONTR,0,SM_01_TAXIDERMY_NUM_CONTR,0,kept,FALSE,FALSE,FALSE,FALSE
SM_01_THIRD_PARTIES_USED_X,SM-P01-T00-NONCASH-CONTRIBUTIONS,PC,checkbox,ONE,3,SM-P01-T00-NONCASH-CONTRIBUTIONS,PC,checkbox,ONE,3,SM_01_THIRD_PARTIES_USED_X,0,SM_01_THIRD_PARTIES_USED_X,0,kept,FALSE,FALSE,FALSE,FALSE
SM_02_EXPLANATION_TEXT,SM-P02-T99-SUPPLEMENTAL-INFO,PC,text,ONE,2,SM-P02-T99-SUPPLEMENTAL-INFO,PC,text,MANY,2,SM_02_EXPLANATION_TEXT,0,SM_02_EXPLANATION_TEXT,0,kept,FALSE,FALSE,TRUE,FALSE
SM_02_FORM_LINE_REFERENCE,SM-P02-T99-SUPPLEMENTAL-INFO,PC,text,ONE,1,SM-P02-T99-SUPPLEMENTAL-INFO,PC,text,MANY,1,SM_02_FORM_LINE_REFERENCE,0,SM_02_FORM_LINE_REFERENCE,0,kept,FALSE,FALSE,TRUE,FALSE
SM_02_IDENTIFIER,SM-P02-T99-SUPPLEMENTAL-INFO,PC,text,ONE,2,SM-P02-T99-SUPPLEMENTAL-INFO,PC,text,MANY,2,SM_02_IDENTIFIER,0,SM_02_IDENTIFIER,0,kept,FALSE,FALSE,TRUE,FALSE
SM_02_RETURN_REFERENCE,SM-P02-T99-SUPPLEMENTAL-INFO,PC,text,ONE,1,SM-P02-T99-SUPPLEMENTAL-INFO,PC,text,MANY,1,SM_02_RETURN_REFERENCE,0,SM_02_RETURN_REFERENCE,0,kept,FALSE,FALSE,TRUE,FALSE
SN_01_LTD_ASSET_DIST_DATE,SN-P01-T01-LIQUIDATION-TERMINATION-DISSOLUTION,PZ,date,MANY,4,SN-P01-T01-LIQUIDATION-TERMINATION-DISSOLUTION,PZ,date,MANY,4,SN_01_LTD_ASSET_DIST_DATE,0,SN_01_LTD_ASSET_DIST_DATE,0,kept,FALSE,FALSE,FALSE,FALSE
SN_01_LTD_ASSET_DIST_DESC,SN-P01-T01-LIQUIDATION-TERMINATION-DISSOLUTION,PZ,text,MANY,4,SN-P01-T01-LIQUIDATION-TERMINATION-DISSOLUTION,PZ,text,MANY,4,SN_01_LTD_ASSET_DIST_DESC,0,SN_01_LTD_ASSET_DIST_DESC,0,kept,FALSE,FALSE,FALSE,FALSE
SN_01_LTD_ASSET_DIST_FMV,SN-P01-T01-LIQUIDATION-TERMINATION-DISSOLUTION,PZ,numeric,MANY,4,SN-P01-T01-LIQUIDATION-TERMINATION-DISSOLUTION,PZ,numeric,MANY,4,SN_01_LTD_ASSET_DIST_FMV,0,SN_01_LTD_ASSET_DIST_FMV,0,kept,FALSE,FALSE,FALSE,FALSE
SN_01_LTD_ASSET_DIST_FMV_METHOD,SN-P01-T01-LIQUIDATION-TERMINATION-DISSOLUTION,PZ,text,MANY,4,SN-P01-T01-LIQUIDATION-TERMINATION-DISSOLUTION,PZ,text,MANY,4,SN_01_LTD_ASSET_DIST_FMV_METHOD,0,SN_01_LTD_ASSET_DIST_FMV_METHOD,0,kept,FALSE,FALSE,FALSE,FALSE
SN_01_LTD_RECIP_ADDR_CITY,SN-P01-T01-LIQUIDATION-TERMINATION-DISSOLUTION,PZ,text,MANY,10,SN-P01-T01-LIQUIDATION-TERMINATION-DISSOLUTION,PZ,text,MANY,10,SN_01_LTD_RECIP_ADDR_CITY,0,SN_01_LTD_RECIP_ADDR_CITY,0,kept,FALSE,FALSE,FALSE,FALSE
SN_01_LTD_RECIP_ADDR_CNTR,SN-P01-T01-LIQUIDATION-TERMINATION-DISSOLUTION,PZ,text,MANY,5,SN-P01-T01-LIQUIDATION-TERMINATION-DISSOLUTION,PZ,text,MANY,5,SN_01_LTD_RECIP_ADDR_CNTR,0,SN_01_LTD_RECIP_ADDR_CNTR,0,kept,FALSE,FALSE,FALSE,FALSE
SN_01_LTD_RECIP_ADDR_L1,SN-P01-T01-LIQUIDATION-TERMINATION-DISSOLUTION,PZ,text,MANY,10,SN-P01-T01-LIQUIDATION-TERMINATION-DISSOLUTION,PZ,text,MANY,10,SN_01_LTD_RECIP_ADDR_L1,0,SN_01_LTD_RECIP_ADDR_L1,0,kept,FALSE,FALSE,FALSE,FALSE
SN_01_LTD_RECIP_ADDR_L2,SN-P01-T01-LIQUIDATION-TERMINATION-DISSOLUTION,PZ,text,MANY,10,SN-P01-T01-LIQUIDATION-TERMINATION-DISSOLUTION,PZ,text,MANY,10,SN_01_LTD_RECIP_ADDR_L2,0,SN_01_LTD_RECIP_ADDR_L2,0,kept,FALSE,FALSE,FALSE,FALSE
SN_01_LTD_RECIP_ADDR_STATE,SN-P01-T01-LIQUIDATION-TERMINATION-DISSOLUTION,PZ,text,MANY,10,SN-P01-T01-LIQUIDATION-TERMINATION-DISSOLUTION,PZ,text,MANY,10,SN_01_LTD_RECIP_ADDR_STATE,0,SN_01_LTD_RECIP_ADDR_STATE,0,kept,FALSE,FALSE,FALSE,FALSE
SN_01_LTD_RECIP_ADDR_ZIP,SN-P01-T01-LIQUIDATION-TERMINATION-DISSOLUTION,PZ,text,MANY,10,SN-P01-T01-LIQUIDATION-TERMINATION-DISSOLUTION,PZ,text,MANY,10,SN_01_LTD_RECIP_ADDR_ZIP,0,SN_01_LTD_RECIP_ADDR_ZIP,0,kept,FALSE,FALSE,FALSE,FALSE
SN_01_LTD_RECIP_EIN,SN-P01-T01-LIQUIDATION-TERMINATION-DISSOLUTION,PZ,numeric,MANY,4,SN-P01-T01-LIQUIDATION-TERMINATION-DISSOLUTION,PZ,text,MANY,4,SN_01_LTD_RECIP_EIN,0,SN_01_LTD_RECIP_EIN,0,kept,FALSE,TRUE,FALSE,FALSE
SN_01_LTD_RECIP_IRC_SECTION,SN-P01-T01-LIQUIDATION-TERMINATION-DISSOLUTION,PZ,text,MANY,4,SN-P01-T01-LIQUIDATION-TERMINATION-DISSOLUTION,PZ,text,MANY,4,SN_01_LTD_RECIP_IRC_SECTION,0,SN_01_LTD_RECIP_IRC_SECTION,0,kept,FALSE,FALSE,FALSE,FALSE
SN_01_LTD_RECIP_NAME_ORG_L1,SN-P01-T01-LIQUIDATION-TERMINATION-DISSOLUTION,PZ,text,MANY,5,SN-P01-T01-LIQUIDATION-TERMINATION-DISSOLUTION,PZ,text,MANY,5,SN_01_LTD_RECIP_NAME_ORG_L1,0,SN_01_LTD_RECIP_NAME_ORG_L1,0,kept,FALSE,FALSE,FALSE,FALSE
SN_01_LTD_RECIP_NAME_ORG_L2,SN-P01-T01-LIQUIDATION-TERMINATION-DISSOLUTION,PZ,text,MANY,5,SN-P01-T01-LIQUIDATION-TERMINATION-DISSOLUTION,PZ,text,MANY,5,SN_01_LTD_RECIP_NAME_ORG_L2,0,SN_01_LTD_RECIP_NAME_ORG_L2,0,kept,FALSE,FALSE,FALSE,FALSE
SN_01_LTD_RECIP_NAME_PERS,SN-P01-T01-LIQUIDATION-TERMINATION-DISSOLUTION,PZ,text,MANY,4,SN-P01-T01-LIQUIDATION-TERMINATION-DISSOLUTION,PZ,text,MANY,4,SN_01_LTD_RECIP_NAME_PERS,0,SN_01_LTD_RECIP_NAME_PERS,0,kept,FALSE,FALSE,FALSE,FALSE
SN_01_ORG_ASSET_DIST_GVRN_X,SN-P01-T00-LIQUIDATION-TERMINATION-DISSOLUTION,PZ,checkbox,ONE,3,SN-P01-T00-LIQUIDATION-TERMINATION-DISSOLUTION,PZ,checkbox,ONE,3,SN_01_ORG_ASSET_DIST_GVRN_X,0,SN_01_ORG_ASSET_DIST_GVRN_X,0,kept,FALSE,FALSE,FALSE,FALSE
SN_01_ORG_ATTORNEY_NOTIFIED_X,SN-P01-T00-LIQUIDATION-TERMINATION-DISSOLUTION,PZ,checkbox,ONE,3,SN-P01-T00-LIQUIDATION-TERMINATION-DISSOLUTION,PZ,checkbox,ONE,3,SN_01_ORG_ATTORNEY_NOTIFIED_X,0,SN_01_ORG_ATTORNEY_NOTIFIED_X,0,kept,FALSE,FALSE,FALSE,FALSE
SN_01_ORG_BOND_LIAB_DISCHARGED_X,SN-P01-T00-LIQUIDATION-TERMINATION-DISSOLUTION,PZ,checkbox,ONE,3,SN-P01-T00-LIQUIDATION-TERMINATION-DISSOLUTION,PZ,checkbox,ONE,3,SN_01_ORG_BOND_LIAB_DISCHARGED_X,0,SN_01_ORG_BOND_LIAB_DISCHARGED_X,0,kept,FALSE,FALSE,FALSE,FALSE
SN_01_ORG_BOND_OUTSTANDING_X,SN-P01-T00-LIQUIDATION-TERMINATION-DISSOLUTION,PZ,checkbox,ONE,3,SN-P01-T00-LIQUIDATION-TERMINATION-DISSOLUTION,PZ,checkbox,ONE,3,SN_01_ORG_BOND_OUTSTANDING_X,0,SN_01_ORG_BOND_OUTSTANDING_X,0,kept,FALSE,FALSE,FALSE,FALSE
SN_01_ORG_DTK_DIR_SUCCESSOR_X,SN-P01-T00-LIQUIDATION-TERMINATION-DISSOLUTION,PZ,checkbox,ONE,3,SN-P01-T00-LIQUIDATION-TERMINATION-DISSOLUTION,PZ,checkbox,ONE,3,SN_01_ORG_DTK_DIR_SUCCESSOR_X,0,SN_01_ORG_DTK_DIR_SUCCESSOR_X,0,kept,FALSE,FALSE,FALSE,FALSE
SN_01_ORG_DTK_EMPL_SUCCESSOR_X,SN-P01-T00-LIQUIDATION-TERMINATION-DISSOLUTION,PZ,checkbox,ONE,3,SN-P01-T00-LIQUIDATION-TERMINATION-DISSOLUTION,PZ,checkbox,ONE,3,SN_01_ORG_DTK_EMPL_SUCCESSOR_X,0,SN_01_ORG_DTK_EMPL_SUCCESSOR_X,0,kept,FALSE,FALSE,FALSE,FALSE
SN_01_ORG_DTK_OWN_SUCCESSOR_X,SN-P01-T00-LIQUIDATION-TERMINATION-DISSOLUTION,PZ,checkbox,ONE,3,SN-P01-T00-LIQUIDATION-TERMINATION-DISSOLUTION,PZ,checkbox,ONE,3,SN_01_ORG_DTK_OWN_SUCCESSOR_X,0,SN_01_ORG_DTK_OWN_SUCCESSOR_X,0,kept,FALSE,FALSE,FALSE,FALSE
SN_01_ORG_DTK_REC_COMP_X,SN-P01-T00-LIQUIDATION-TERMINATION-DISSOLUTION,PZ,checkbox,ONE,3,SN-P01-T00-LIQUIDATION-TERMINATION-DISSOLUTION,PZ,checkbox,ONE,3,SN_01_ORG_DTK_REC_COMP_X,0,SN_01_ORG_DTK_REC_COMP_X,0,kept,FALSE,FALSE,FALSE,FALSE
SN_01_ORG_LIAB_PAID_X,SN-P01-T00-LIQUIDATION-TERMINATION-DISSOLUTION,PZ,checkbox,ONE,3,SN-P01-T00-LIQUIDATION-TERMINATION-DISSOLUTION,PZ,checkbox,ONE,3,SN_01_ORG_LIAB_PAID_X,0,SN_01_ORG_LIAB_PAID_X,0,kept,FALSE,FALSE,FALSE,FALSE
SN_01_ORG_REQ_NOTIFY_ATTORNEY_X,SN-P01-T00-LIQUIDATION-TERMINATION-DISSOLUTION,PZ,checkbox,ONE,3,SN-P01-T00-LIQUIDATION-TERMINATION-DISSOLUTION,PZ,checkbox,ONE,3,SN_01_ORG_REQ_NOTIFY_ATTORNEY_X,0,SN_01_ORG_REQ_NOTIFY_ATTORNEY_X,0,kept,FALSE,FALSE,FALSE,FALSE
SN_02_DOA_ASSET_DIST_DATE,SN-P02-T01-DISPOSITION-OF-ASSETS,PZ,date,MANY,3,SN-P02-T01-DISPOSITION-OF-ASSETS,PZ,date,MANY,3,SN_02_DOA_ASSET_DIST_DATE,0,SN_02_DOA_ASSET_DIST_DATE,0,kept,FALSE,FALSE,FALSE,FALSE
SN_02_DOA_ASSET_DIST_DESC,SN-P02-T01-DISPOSITION-OF-ASSETS,PZ,text,MANY,3,SN-P02-T01-DISPOSITION-OF-ASSETS,PZ,text,MANY,3,SN_02_DOA_ASSET_DIST_DESC,0,SN_02_DOA_ASSET_DIST_DESC,0,kept,FALSE,FALSE,FALSE,FALSE
SN_02_DOA_ASSET_DIST_FMV,SN-P02-T01-DISPOSITION-OF-ASSETS,PZ,numeric,MANY,3,SN-P02-T01-DISPOSITION-OF-ASSETS,PZ,numeric,MANY,3,SN_02_DOA_ASSET_DIST_FMV,0,SN_02_DOA_ASSET_DIST_FMV,0,kept,FALSE,FALSE,FALSE,FALSE
SN_02_DOA_ASSET_DIST_FMV_METHOD,SN-P02-T01-DISPOSITION-OF-ASSETS,PZ,text,MANY,3,SN-P02-T01-DISPOSITION-OF-ASSETS,PZ,text,MANY,3,SN_02_DOA_ASSET_DIST_FMV_METHOD,0,SN_02_DOA_ASSET_DIST_FMV_METHOD,0,kept,FALSE,FALSE,FALSE,FALSE
SN_02_DOA_RECIP_ADDR_CITY,SN-P02-T01-DISPOSITION-OF-ASSETS,PZ,text,MANY,8,SN-P02-T01-DISPOSITION-OF-ASSETS,PZ,text,MANY,8,SN_02_DOA_RECIP_ADDR_CITY,0,SN_02_DOA_RECIP_ADDR_CITY,0,kept,FALSE,FALSE,FALSE,FALSE
SN_02_DOA_RECIP_ADDR_CNTR,SN-P02-T01-DISPOSITION-OF-ASSETS,PZ,text,MANY,4,SN-P02-T01-DISPOSITION-OF-ASSETS,PZ,text,MANY,4,SN_02_DOA_RECIP_ADDR_CNTR,0,SN_02_DOA_RECIP_ADDR_CNTR,0,kept,FALSE,FALSE,FALSE,FALSE
SN_02_DOA_RECIP_ADDR_L1,SN-P02-T01-DISPOSITION-OF-ASSETS,PZ,text,MANY,8,SN-P02-T01-DISPOSITION-OF-ASSETS,PZ,text,MANY,8,SN_02_DOA_RECIP_ADDR_L1,0,SN_02_DOA_RECIP_ADDR_L1,0,kept,FALSE,FALSE,FALSE,FALSE
SN_02_DOA_RECIP_ADDR_L2,SN-P02-T01-DISPOSITION-OF-ASSETS,PZ,text,MANY,8,SN-P02-T01-DISPOSITION-OF-ASSETS,PZ,text,MANY,8,SN_02_DOA_RECIP_ADDR_L2,0,SN_02_DOA_RECIP_ADDR_L2,0,kept,FALSE,FALSE,FALSE,FALSE
SN_02_DOA_RECIP_ADDR_STATE,SN-P02-T01-DISPOSITION-OF-ASSETS,PZ,text,MANY,8,SN-P02-T01-DISPOSITION-OF-ASSETS,PZ,text,MANY,8,SN_02_DOA_RECIP_ADDR_STATE,0,SN_02_DOA_RECIP_ADDR_STATE,0,kept,FALSE,FALSE,FALSE,FALSE
SN_02_DOA_RECIP_ADDR_ZIP,SN-P02-T01-DISPOSITION-OF-ASSETS,PZ,text,MANY,8,SN-P02-T01-DISPOSITION-OF-ASSETS,PZ,text,MANY,8,SN_02_DOA_RECIP_ADDR_ZIP,0,SN_02_DOA_RECIP_ADDR_ZIP,0,kept,FALSE,FALSE,FALSE,FALSE
SN_02_DOA_RECIP_EIN,SN-P02-T01-DISPOSITION-OF-ASSETS,PZ,numeric,MANY,3,SN-P02-T01-DISPOSITION-OF-ASSETS,PZ,text,MANY,3,SN_02_DOA_RECIP_EIN,0,SN_02_DOA_RECIP_EIN,0,kept,FALSE,TRUE,FALSE,FALSE
SN_02_DOA_RECIP_IRC_SECTION,SN-P02-T01-DISPOSITION-OF-ASSETS,PZ,text,MANY,3,SN-P02-T01-DISPOSITION-OF-ASSETS,PZ,text,MANY,3,SN_02_DOA_RECIP_IRC_SECTION,0,SN_02_DOA_RECIP_IRC_SECTION,0,kept,FALSE,FALSE,FALSE,FALSE
SN_02_DOA_RECIP_NAME_ORG_L1,SN-P02-T01-DISPOSITION-OF-ASSETS,PZ,text,MANY,4,SN-P02-T01-DISPOSITION-OF-ASSETS,PZ,text,MANY,4,SN_02_DOA_RECIP_NAME_ORG_L1,0,SN_02_DOA_RECIP_NAME_ORG_L1,0,kept,FALSE,FALSE,FALSE,FALSE
SN_02_DOA_RECIP_NAME_ORG_L2,SN-P02-T01-DISPOSITION-OF-ASSETS,PZ,text,MANY,4,SN-P02-T01-DISPOSITION-OF-ASSETS,PZ,text,MANY,4,SN_02_DOA_RECIP_NAME_ORG_L2,0,SN_02_DOA_RECIP_NAME_ORG_L2,0,kept,FALSE,FALSE,FALSE,FALSE
SN_02_DOA_RECIP_NAME_PERS,SN-P02-T01-DISPOSITION-OF-ASSETS,PZ,text,MANY,3,SN-P02-T01-DISPOSITION-OF-ASSETS,PZ,text,MANY,3,SN_02_DOA_RECIP_NAME_PERS,0,SN_02_DOA_RECIP_NAME_PERS,0,kept,FALSE,FALSE,FALSE,FALSE
SN_02_ORG_DTK_DIR_SUCCESSOR_X,SN-P02-T00-DISPOSITION-OF-ASSETS,PZ,checkbox,ONE,3,SN-P02-T00-DISPOSITION-OF-ASSETS,PZ,checkbox,ONE,3,SN_02_ORG_DTK_DIR_SUCCESSOR_X,0,SN_02_ORG_DTK_DIR_SUCCESSOR_X,0,kept,FALSE,FALSE,FALSE,FALSE
SN_02_ORG_DTK_EMPL_SUCCESSOR_X,SN-P02-T00-DISPOSITION-OF-ASSETS,PZ,checkbox,ONE,3,SN-P02-T00-DISPOSITION-OF-ASSETS,PZ,checkbox,ONE,3,SN_02_ORG_DTK_EMPL_SUCCESSOR_X,0,SN_02_ORG_DTK_EMPL_SUCCESSOR_X,0,kept,FALSE,FALSE,FALSE,FALSE
SN_02_ORG_DTK_OWN_SUCCESSOR_X,SN-P02-T00-DISPOSITION-OF-ASSETS,PZ,checkbox,ONE,3,SN-P02-T00-DISPOSITION-OF-ASSETS,PZ,checkbox,ONE,3,SN_02_ORG_DTK_OWN_SUCCESSOR_X,0,SN_02_ORG_DTK_OWN_SUCCESSOR_X,0,kept,FALSE,FALSE,FALSE,FALSE
SN_02_ORG_DTK_REC_COMP_X,SN-P02-T00-DISPOSITION-OF-ASSETS,PZ,checkbox,ONE,3,SN-P02-T00-DISPOSITION-OF-ASSETS,PZ,checkbox,ONE,3,SN_02_ORG_DTK_REC_COMP_X,0,SN_02_ORG_DTK_REC_COMP_X,0,kept,FALSE,FALSE,FALSE,FALSE
SN_03_EXPLANATION_TEXT,SN-P03-T99-SUPPLEMENTAL-INFO,PZ,;text,ONE,4,SN-P03-T99-SUPPLEMENTAL-INFO,PZ,text,MANY,4,SN_03_EXPLANATION_TEXT,0,SN_03_EXPLANATION_TEXT,0,kept,FALSE,TRUE,TRUE,FALSE
SN_03_FORM_LINE_REFERENCE,SN-P03-T99-SUPPLEMENTAL-INFO,PZ,text,ONE,1,SN-P03-T99-SUPPLEMENTAL-INFO,PZ,text,MANY,1,SN_03_FORM_LINE_REFERENCE,0,SN_03_FORM_LINE_REFERENCE,0,kept,FALSE,FALSE,TRUE,FALSE
SN_03_IDENTIFIER,SN-P03-T99-SUPPLEMENTAL-INFO,PZ,text,ONE,2,SN-P03-T99-SUPPLEMENTAL-INFO,PZ,text,MANY,2,SN_03_IDENTIFIER,0,SN_03_IDENTIFIER,0,kept,FALSE,FALSE,TRUE,FALSE
SN_03_RETURN_REFERENCE,SN-P03-T99-SUPPLEMENTAL-INFO,PZ,text,ONE,1,SN-P03-T99-SUPPLEMENTAL-INFO,PZ,text,MANY,1,SN_03_RETURN_REFERENCE,0,SN_03_RETURN_REFERENCE,0,kept,FALSE,FALSE,TRUE,FALSE
SN_99_ORG_DATE_LETTER,SN-P99-T00-LIQUIDATION-TERMINATION-DISSOLUTION,PZ,date,ONE,2,SN-P99-T00-LIQUIDATION-TERMINATION-DISSOLUTION,PZ,date,ONE,2,SN_99_ORG_DATE_LETTER,0,SN_99_ORG_DATE_LETTER,0,kept,FALSE,FALSE,FALSE,FALSE
SN_99_ORG_DETERMIN_LETTER_X,SN-P99-T00-LIQUIDATION-TERMINATION-DISSOLUTION,PZ,checkbox,ONE,2,SN-P99-T00-LIQUIDATION-TERMINATION-DISSOLUTION,PZ,checkbox,ONE,2,SN_99_ORG_DETERMIN_LETTER_X,0,SN_99_ORG_DETERMIN_LETTER_X,0,kept,FALSE,FALSE,FALSE,FALSE
SO_00_EXPLANATION_TEXT,SO-T99-SUPPLEMENTAL-INFO,PZ,text,MANY,2,SO-P00-T99-SUPPLEMENTAL-INFO,PZ,text,MANY,2,SO_00_EXPLANATION_TEXT,0,SO_00_EXPLANATION_TEXT,0,moved_table,,,,
SO_00_FORM_LINE_REFERENCE,SO-T99-SUPPLEMENTAL-INFO,PZ,text,MANY,1,SO-P00-T99-SUPPLEMENTAL-INFO,PZ,text,MANY,1,SO_00_FORM_LINE_REFERENCE,0,SO_00_FORM_LINE_REFERENCE,0,moved_table,,,,
SO_00_IDENTIFIER,SO-T99-SUPPLEMENTAL-INFO,PZ,text,MANY,2,SO-P00-T99-SUPPLEMENTAL-INFO,PZ,text,MANY,2,SO_00_IDENTIFIER,0,SO_00_IDENTIFIER,0,moved_table,,,,
SO_00_RETURN_REFERENCE,SO-T99-SUPPLEMENTAL-INFO,PZ,text,MANY,1,SO-P00-T99-SUPPLEMENTAL-INFO,PZ,text,MANY,1,SO_00_RETURN_REFERENCE,0,SO_00_RETURN_REFERENCE,0,moved_table,,,,
SR_01_DISREG_ENTITY_ADDR_CITY,SR-P01-T01-ID-DISREGARDED-ENTITIES,PC,text,MANY,6,SR-P01-T01-ID-DISREGARDED-ENTITIES,PC,text,MANY,6,SR_01_DISREG_ENTITY_ADDR_CITY,0,SR_01_DISREG_ENTITY_ADDR_CITY,0,kept,FALSE,FALSE,FALSE,FALSE
SR_01_DISREG_ENTITY_ADDR_CNTR,SR-P01-T01-ID-DISREGARDED-ENTITIES,PC,text,MANY,3,SR-P01-T01-ID-DISREGARDED-ENTITIES,PC,text,MANY,3,SR_01_DISREG_ENTITY_ADDR_CNTR,0,SR_01_DISREG_ENTITY_ADDR_CNTR,0,kept,FALSE,FALSE,FALSE,FALSE
SR_01_DISREG_ENTITY_ADDR_L1,SR-P01-T01-ID-DISREGARDED-ENTITIES,PC,text,MANY,6,SR-P01-T01-ID-DISREGARDED-ENTITIES,PC,text,MANY,6,SR_01_DISREG_ENTITY_ADDR_L1,0,SR_01_DISREG_ENTITY_ADDR_L1,0,kept,FALSE,FALSE,FALSE,FALSE
SR_01_DISREG_ENTITY_ADDR_L2,SR-P01-T01-ID-DISREGARDED-ENTITIES,PC,text,MANY,6,SR-P01-T01-ID-DISREGARDED-ENTITIES,PC,text,MANY,6,SR_01_DISREG_ENTITY_ADDR_L2,0,SR_01_DISREG_ENTITY_ADDR_L2,0,kept,FALSE,FALSE,FALSE,FALSE
SR_01_DISREG_ENTITY_ADDR_STATE,SR-P01-T01-ID-DISREGARDED-ENTITIES,PC,text,MANY,6,SR-P01-T01-ID-DISREGARDED-ENTITIES,PC,text,MANY,6,SR_01_DISREG_ENTITY_ADDR_STATE,0,SR_01_DISREG_ENTITY_ADDR_STATE,0,kept,FALSE,FALSE,FALSE,FALSE
SR_01_DISREG_ENTITY_ADDR_ZIP,SR-P01-T01-ID-DISREGARDED-ENTITIES,PC,text,MANY,6,SR-P01-T01-ID-DISREGARDED-ENTITIES,PC,text,MANY,6,SR_01_DISREG_ENTITY_ADDR_ZIP,0,SR_01_DISREG_ENTITY_ADDR_ZIP,0,kept,FALSE,FALSE,FALSE,FALSE
SR_01_DISREG_ENTITY_ASSETS_EOY,SR-P01-T01-ID-DISREGARDED-ENTITIES,PC,numeric,MANY,2,SR-P01-T01-ID-DISREGARDED-ENTITIES,PC,numeric,MANY,2,SR_01_DISREG_ENTITY_ASSETS_EOY,0,SR_01_DISREG_ENTITY_ASSETS_EOY,0,kept,FALSE,FALSE,FALSE,FALSE
SR_01_DISREG_ENTITY_CTRL_NA,SR-P01-T01-ID-DISREGARDED-ENTITIES,PC,text,MANY,3,SR-P01-T01-ID-DISREGARDED-ENTITIES,PC,text,MANY,3,SR_01_DISREG_ENTITY_CTRL_NA,0,SR_01_DISREG_ENTITY_CTRL_NA,0,kept,FALSE,FALSE,FALSE,FALSE
SR_01_DISREG_ENTITY_CTRL_NAME_L1,SR-P01-T01-ID-DISREGARDED-ENTITIES,PC,text,MANY,4,SR-P01-T01-ID-DISREGARDED-ENTITIES,PC,text,MANY,4,SR_01_DISREG_ENTITY_CTRL_NAME_L1,0,SR_01_DISREG_ENTITY_CTRL_NAME_L1,0,kept,FALSE,FALSE,FALSE,FALSE
SR_01_DISREG_ENTITY_CTRL_NAME_L2,SR-P01-T01-ID-DISREGARDED-ENTITIES,PC,text,MANY,4,SR-P01-T01-ID-DISREGARDED-ENTITIES,PC,text,MANY,4,SR_01_DISREG_ENTITY_CTRL_NAME_L2,0,SR_01_DISREG_ENTITY_CTRL_NAME_L2,0,kept,FALSE,FALSE,FALSE,FALSE
SR_01_DISREG_ENTITY_DMCL_CNTR,SR-P01-T01-ID-DISREGARDED-ENTITIES,PC,text,MANY,3,SR-P01-T01-ID-DISREGARDED-ENTITIES,PC,text,MANY,3,SR_01_DISREG_ENTITY_DMCL_CNTR,0,SR_01_DISREG_ENTITY_DMCL_CNTR,0,kept,FALSE,FALSE,FALSE,FALSE
SR_01_DISREG_ENTITY_DMCL_STATE,SR-P01-T01-ID-DISREGARDED-ENTITIES,PC,text,MANY,3,SR-P01-T01-ID-DISREGARDED-ENTITIES,PC,text,MANY,3,SR_01_DISREG_ENTITY_DMCL_STATE,0,SR_01_DISREG_ENTITY_DMCL_STATE,0,kept,FALSE,FALSE,FALSE,FALSE
SR_01_DISREG_ENTITY_EIN,SR-P01-T01-ID-DISREGARDED-ENTITIES,PC,numeric,MANY,2,SR-P01-T01-ID-DISREGARDED-ENTITIES,PC,text,MANY,2,SR_01_DISREG_ENTITY_EIN,0,SR_01_DISREG_ENTITY_EIN,0,kept,FALSE,TRUE,FALSE,FALSE
SR_01_DISREG_ENTITY_INCOME_TOT,SR-P01-T01-ID-DISREGARDED-ENTITIES,PC,numeric,MANY,2,SR-P01-T01-ID-DISREGARDED-ENTITIES,PC,numeric,MANY,2,SR_01_DISREG_ENTITY_INCOME_TOT,0,SR_01_DISREG_ENTITY_INCOME_TOT,0,kept,FALSE,FALSE,FALSE,FALSE
SR_01_DISREG_ENTITY_NAME_L1,SR-P01-T01-ID-DISREGARDED-ENTITIES,PC,text,MANY,3,SR-P01-T01-ID-DISREGARDED-ENTITIES,PC,text,MANY,3,SR_01_DISREG_ENTITY_NAME_L1,0,SR_01_DISREG_ENTITY_NAME_L1,0,kept,FALSE,FALSE,FALSE,FALSE
SR_01_DISREG_ENTITY_NAME_L2,SR-P01-T01-ID-DISREGARDED-ENTITIES,PC,text,MANY,3,SR-P01-T01-ID-DISREGARDED-ENTITIES,PC,text,MANY,3,SR_01_DISREG_ENTITY_NAME_L2,0,SR_01_DISREG_ENTITY_NAME_L2,0,kept,FALSE,FALSE,FALSE,FALSE
SR_01_DISREG_ENTITY_PRIMARY_ACT,SR-P01-T01-ID-DISREGARDED-ENTITIES,PC,text,MANY,2,SR-P01-T01-ID-DISREGARDED-ENTITIES,PC,text,MANY,2,SR_01_DISREG_ENTITY_PRIMARY_ACT,0,SR_01_DISREG_ENTITY_PRIMARY_ACT,0,kept,FALSE,FALSE,FALSE,FALSE
SR_02_RLTD_ORG_ADDR_CITY,SR-P02-T01-ID-RLTD-TAX-EXEMPED-ORGS,PC,text,MANY,6,SR-P02-T01-ID-RLTD-TAX-EXEMPED-ORGS,PC,text,MANY,6,SR_02_RLTD_ORG_ADDR_CITY,0,SR_02_RLTD_ORG_ADDR_CITY,0,kept,FALSE,FALSE,FALSE,FALSE
SR_02_RLTD_ORG_ADDR_CNTR,SR-P02-T01-ID-RLTD-TAX-EXEMPED-ORGS,PC,text,MANY,3,SR-P02-T01-ID-RLTD-TAX-EXEMPED-ORGS,PC,text,MANY,3,SR_02_RLTD_ORG_ADDR_CNTR,0,SR_02_RLTD_ORG_ADDR_CNTR,0,kept,FALSE,FALSE,FALSE,FALSE
SR_02_RLTD_ORG_ADDR_L1,SR-P02-T01-ID-RLTD-TAX-EXEMPED-ORGS,PC,text,MANY,6,SR-P02-T01-ID-RLTD-TAX-EXEMPED-ORGS,PC,text,MANY,6,SR_02_RLTD_ORG_ADDR_L1,0,SR_02_RLTD_ORG_ADDR_L1,0,kept,FALSE,FALSE,FALSE,FALSE
SR_02_RLTD_ORG_ADDR_L2,SR-P02-T01-ID-RLTD-TAX-EXEMPED-ORGS,PC,text,MANY,6,SR-P02-T01-ID-RLTD-TAX-EXEMPED-ORGS,PC,text,MANY,6,SR_02_RLTD_ORG_ADDR_L2,0,SR_02_RLTD_ORG_ADDR_L2,0,kept,FALSE,FALSE,FALSE,FALSE
SR_02_RLTD_ORG_ADDR_STATE,SR-P02-T01-ID-RLTD-TAX-EXEMPED-ORGS,PC,text,MANY,6,SR-P02-T01-ID-RLTD-TAX-EXEMPED-ORGS,PC,text,MANY,6,SR_02_RLTD_ORG_ADDR_STATE,0,SR_02_RLTD_ORG_ADDR_STATE,0,kept,FALSE,FALSE,FALSE,FALSE
SR_02_RLTD_ORG_ADDR_ZIP,SR-P02-T01-ID-RLTD-TAX-EXEMPED-ORGS,PC,text,MANY,6,SR-P02-T01-ID-RLTD-TAX-EXEMPED-ORGS,PC,text,MANY,6,SR_02_RLTD_ORG_ADDR_ZIP,0,SR_02_RLTD_ORG_ADDR_ZIP,0,kept,FALSE,FALSE,FALSE,FALSE
SR_02_RLTD_ORG_CTRL_512_X,SR-P02-T01-ID-RLTD-TAX-EXEMPED-ORGS,PC,checkbox,MANY,2,SR-P02-T01-ID-RLTD-TAX-EXEMPED-ORGS,PC,checkbox,MANY,2,SR_02_RLTD_ORG_CTRL_512_X,0,SR_02_RLTD_ORG_CTRL_512_X,0,kept,FALSE,FALSE,FALSE,FALSE
SR_02_RLTD_ORG_CTRL_NA,SR-P02-T01-ID-RLTD-TAX-EXEMPED-ORGS,PC,text,MANY,3,SR-P02-T01-ID-RLTD-TAX-EXEMPED-ORGS,PC,text,MANY,3,SR_02_RLTD_ORG_CTRL_NA,0,SR_02_RLTD_ORG_CTRL_NA,0,kept,FALSE,FALSE,FALSE,FALSE
SR_02_RLTD_ORG_CTRL_NAME_L1,SR-P02-T01-ID-RLTD-TAX-EXEMPED-ORGS,PC,text,MANY,4,SR-P02-T01-ID-RLTD-TAX-EXEMPED-ORGS,PC,text,MANY,4,SR_02_RLTD_ORG_CTRL_NAME_L1,0,SR_02_RLTD_ORG_CTRL_NAME_L1,0,kept,FALSE,FALSE,FALSE,FALSE
SR_02_RLTD_ORG_CTRL_NAME_L2,SR-P02-T01-ID-RLTD-TAX-EXEMPED-ORGS,PC,text,MANY,4,SR-P02-T01-ID-RLTD-TAX-EXEMPED-ORGS,PC,text,MANY,4,SR_02_RLTD_ORG_CTRL_NAME_L2,0,SR_02_RLTD_ORG_CTRL_NAME_L2,0,kept,FALSE,FALSE,FALSE,FALSE
SR_02_RLTD_ORG_DMCL_CNTR,SR-P02-T01-ID-RLTD-TAX-EXEMPED-ORGS,PC,text,MANY,3,SR-P02-T01-ID-RLTD-TAX-EXEMPED-ORGS,PC,text,MANY,3,SR_02_RLTD_ORG_DMCL_CNTR,0,SR_02_RLTD_ORG_DMCL_CNTR,0,kept,FALSE,FALSE,FALSE,FALSE
SR_02_RLTD_ORG_DMCL_STATE,SR-P02-T01-ID-RLTD-TAX-EXEMPED-ORGS,PC,text,MANY,3,SR-P02-T01-ID-RLTD-TAX-EXEMPED-ORGS,PC,text,MANY,3,SR_02_RLTD_ORG_DMCL_STATE,0,SR_02_RLTD_ORG_DMCL_STATE,0,kept,FALSE,FALSE,FALSE,FALSE
SR_02_RLTD_ORG_EIN,SR-P02-T01-ID-RLTD-TAX-EXEMPED-ORGS,PC,numeric,MANY,2,SR-P02-T01-ID-RLTD-TAX-EXEMPED-ORGS,PC,text,MANY,2,SR_02_RLTD_ORG_EIN,0,SR_02_RLTD_ORG_EIN,0,kept,FALSE,TRUE,FALSE,FALSE
SR_02_RLTD_ORG_EXEMPT_CODE,SR-P02-T01-ID-RLTD-TAX-EXEMPED-ORGS,PC,text,MANY,2,SR-P02-T01-ID-RLTD-TAX-EXEMPED-ORGS,PC,text,MANY,2,SR_02_RLTD_ORG_EXEMPT_CODE,0,SR_02_RLTD_ORG_EXEMPT_CODE,0,kept,FALSE,FALSE,FALSE,FALSE
SR_02_RLTD_ORG_NAME_L1,SR-P02-T01-ID-RLTD-TAX-EXEMPED-ORGS,PC,text,MANY,3,SR-P02-T01-ID-RLTD-TAX-EXEMPED-ORGS,PC,text,MANY,3,SR_02_RLTD_ORG_NAME_L1,0,SR_02_RLTD_ORG_NAME_L1,0,kept,FALSE,FALSE,FALSE,FALSE
SR_02_RLTD_ORG_NAME_L2,SR-P02-T01-ID-RLTD-TAX-EXEMPED-ORGS,PC,text,MANY,3,SR-P02-T01-ID-RLTD-TAX-EXEMPED-ORGS,PC,text,MANY,3,SR_02_RLTD_ORG_NAME_L2,0,SR_02_RLTD_ORG_NAME_L2,0,kept,FALSE,FALSE,FALSE,FALSE
SR_02_RLTD_ORG_PCSTAT,SR-P02-T01-ID-RLTD-TAX-EXEMPED-ORGS,PC,text,MANY,2,SR-P02-T01-ID-RLTD-TAX-EXEMPED-ORGS,PC,text,MANY,2,SR_02_RLTD_ORG_PCSTAT,0,SR_02_RLTD_ORG_PCSTAT,0,kept,FALSE,FALSE,FALSE,FALSE
SR_02_RLTD_ORG_PRIMARY_ACT,SR-P02-T01-ID-RLTD-TAX-EXEMPED-ORGS,PC,text,MANY,2,SR-P02-T01-ID-RLTD-TAX-EXEMPED-ORGS,PC,text,MANY,2,SR_02_RLTD_ORG_PRIMARY_ACT,0,SR_02_RLTD_ORG_PRIMARY_ACT,0,kept,FALSE,FALSE,FALSE,FALSE
SR_03_RLTD_ORG_PTR_ADDR_CITY,SR-P03-T01-ID-RLTD-ORGS-TAXABLE-PARTNERSHIP,PC,text,MANY,6,SR-P03-T01-ID-RLTD-ORGS-TAXABLE-PARTNERSHIP,PC,text,MANY,6,SR_03_RLTD_ORG_PTR_ADDR_CITY,0,SR_03_RLTD_ORG_PTR_ADDR_CITY,0,kept,FALSE,FALSE,FALSE,FALSE
SR_03_RLTD_ORG_PTR_ADDR_CNTR,SR-P03-T01-ID-RLTD-ORGS-TAXABLE-PARTNERSHIP,PC,text,MANY,3,SR-P03-T01-ID-RLTD-ORGS-TAXABLE-PARTNERSHIP,PC,text,MANY,3,SR_03_RLTD_ORG_PTR_ADDR_CNTR,0,SR_03_RLTD_ORG_PTR_ADDR_CNTR,0,kept,FALSE,FALSE,FALSE,FALSE
SR_03_RLTD_ORG_PTR_ADDR_L1,SR-P03-T01-ID-RLTD-ORGS-TAXABLE-PARTNERSHIP,PC,text,MANY,6,SR-P03-T01-ID-RLTD-ORGS-TAXABLE-PARTNERSHIP,PC,text,MANY,6,SR_03_RLTD_ORG_PTR_ADDR_L1,0,SR_03_RLTD_ORG_PTR_ADDR_L1,0,kept,FALSE,FALSE,FALSE,FALSE
SR_03_RLTD_ORG_PTR_ADDR_L2,SR-P03-T01-ID-RLTD-ORGS-TAXABLE-PARTNERSHIP,PC,text,MANY,6,SR-P03-T01-ID-RLTD-ORGS-TAXABLE-PARTNERSHIP,PC,text,MANY,6,SR_03_RLTD_ORG_PTR_ADDR_L2,0,SR_03_RLTD_ORG_PTR_ADDR_L2,0,kept,FALSE,FALSE,FALSE,FALSE
SR_03_RLTD_ORG_PTR_ADDR_STATE,SR-P03-T01-ID-RLTD-ORGS-TAXABLE-PARTNERSHIP,PC,text,MANY,6,SR-P03-T01-ID-RLTD-ORGS-TAXABLE-PARTNERSHIP,PC,text,MANY,6,SR_03_RLTD_ORG_PTR_ADDR_STATE,0,SR_03_RLTD_ORG_PTR_ADDR_STATE,0,kept,FALSE,FALSE,FALSE,FALSE
SR_03_RLTD_ORG_PTR_ADDR_ZIP,SR-P03-T01-ID-RLTD-ORGS-TAXABLE-PARTNERSHIP,PC,text,MANY,6,SR-P03-T01-ID-RLTD-ORGS-TAXABLE-PARTNERSHIP,PC,text,MANY,6,SR_03_RLTD_ORG_PTR_ADDR_ZIP,0,SR_03_RLTD_ORG_PTR_ADDR_ZIP,0,kept,FALSE,FALSE,FALSE,FALSE
SR_03_RLTD_ORG_PTR_ALLOC_X,SR-P03-T01-ID-RLTD-ORGS-TAXABLE-PARTNERSHIP,PC,checkbox,MANY,2,SR-P03-T01-ID-RLTD-ORGS-TAXABLE-PARTNERSHIP,PC,checkbox,MANY,2,SR_03_RLTD_ORG_PTR_ALLOC_X,0,SR_03_RLTD_ORG_PTR_ALLOC_X,0,kept,FALSE,FALSE,FALSE,FALSE
SR_03_RLTD_ORG_PTR_CODE_V_AMT,SR-P03-T01-ID-RLTD-ORGS-TAXABLE-PARTNERSHIP,PC,numeric,MANY,2,SR-P03-T01-ID-RLTD-ORGS-TAXABLE-PARTNERSHIP,PC,numeric,MANY,2,SR_03_RLTD_ORG_PTR_CODE_V_AMT,0,SR_03_RLTD_ORG_PTR_CODE_V_AMT,0,kept,FALSE,FALSE,FALSE,FALSE
SR_03_RLTD_ORG_PTR_CTRL_NA,SR-P03-T01-ID-RLTD-ORGS-TAXABLE-PARTNERSHIP,PC,text,MANY,3,SR-P03-T01-ID-RLTD-ORGS-TAXABLE-PARTNERSHIP,PC,text,MANY,3,SR_03_RLTD_ORG_PTR_CTRL_NA,0,SR_03_RLTD_ORG_PTR_CTRL_NA,0,kept,FALSE,FALSE,FALSE,FALSE
SR_03_RLTD_ORG_PTR_CTRL_NAME_L1,SR-P03-T01-ID-RLTD-ORGS-TAXABLE-PARTNERSHIP,PC,text,MANY,5,SR-P03-T01-ID-RLTD-ORGS-TAXABLE-PARTNERSHIP,PC,text,MANY,5,SR_03_RLTD_ORG_PTR_CTRL_NAME_L1,0,SR_03_RLTD_ORG_PTR_CTRL_NAME_L1,0,kept,FALSE,FALSE,FALSE,FALSE
SR_03_RLTD_ORG_PTR_CTRL_NAME_L2,SR-P03-T01-ID-RLTD-ORGS-TAXABLE-PARTNERSHIP,PC,text,MANY,3,SR-P03-T01-ID-RLTD-ORGS-TAXABLE-PARTNERSHIP,PC,text,MANY,3,SR_03_RLTD_ORG_PTR_CTRL_NAME_L2,0,SR_03_RLTD_ORG_PTR_CTRL_NAME_L2,0,kept,FALSE,FALSE,FALSE,FALSE
SR_03_RLTD_ORG_PTR_DMCL_CNTR,SR-P03-T01-ID-RLTD-ORGS-TAXABLE-PARTNERSHIP,PC,text,MANY,3,SR-P03-T01-ID-RLTD-ORGS-TAXABLE-PARTNERSHIP,PC,text,MANY,3,SR_03_RLTD_ORG_PTR_DMCL_CNTR,0,SR_03_RLTD_ORG_PTR_DMCL_CNTR,0,kept,FALSE,FALSE,FALSE,FALSE
SR_03_RLTD_ORG_PTR_DMCL_STATE,SR-P03-T01-ID-RLTD-ORGS-TAXABLE-PARTNERSHIP,PC,text,MANY,3,SR-P03-T01-ID-RLTD-ORGS-TAXABLE-PARTNERSHIP,PC,text,MANY,3,SR_03_RLTD_ORG_PTR_DMCL_STATE,0,SR_03_RLTD_ORG_PTR_DMCL_STATE,0,kept,FALSE,FALSE,FALSE,FALSE
SR_03_RLTD_ORG_PTR_EIN,SR-P03-T01-ID-RLTD-ORGS-TAXABLE-PARTNERSHIP,PC,numeric,MANY,2,SR-P03-T01-ID-RLTD-ORGS-TAXABLE-PARTNERSHIP,PC,text,MANY,2,SR_03_RLTD_ORG_PTR_EIN,0,SR_03_RLTD_ORG_PTR_EIN,0,kept,FALSE,TRUE,FALSE,FALSE
SR_03_RLTD_ORG_PTR_EOY_ASSETS,SR-P03-T01-ID-RLTD-ORGS-TAXABLE-PARTNERSHIP,PC,numeric,MANY,2,SR-P03-T01-ID-RLTD-ORGS-TAXABLE-PARTNERSHIP,PC,numeric,MANY,2,SR_03_RLTD_ORG_PTR_EOY_ASSETS,0,SR_03_RLTD_ORG_PTR_EOY_ASSETS,0,kept,FALSE,FALSE,FALSE,FALSE
SR_03_RLTD_ORG_PTR_GENERAL_X,SR-P03-T01-ID-RLTD-ORGS-TAXABLE-PARTNERSHIP,PC,checkbox,MANY,2,SR-P03-T01-ID-RLTD-ORGS-TAXABLE-PARTNERSHIP,PC,checkbox,MANY,2,SR_03_RLTD_ORG_PTR_GENERAL_X,0,SR_03_RLTD_ORG_PTR_GENERAL_X,0,kept,FALSE,FALSE,FALSE,FALSE
SR_03_RLTD_ORG_PTR_NAME_L1,SR-P03-T01-ID-RLTD-ORGS-TAXABLE-PARTNERSHIP,PC,text,MANY,3,SR-P03-T01-ID-RLTD-ORGS-TAXABLE-PARTNERSHIP,PC,text,MANY,3,SR_03_RLTD_ORG_PTR_NAME_L1,0,SR_03_RLTD_ORG_PTR_NAME_L1,0,kept,FALSE,FALSE,FALSE,FALSE
SR_03_RLTD_ORG_PTR_NAME_L2,SR-P03-T01-ID-RLTD-ORGS-TAXABLE-PARTNERSHIP,PC,text,MANY,3,SR-P03-T01-ID-RLTD-ORGS-TAXABLE-PARTNERSHIP,PC,text,MANY,3,SR_03_RLTD_ORG_PTR_NAME_L2,0,SR_03_RLTD_ORG_PTR_NAME_L2,0,kept,FALSE,FALSE,FALSE,FALSE
SR_03_RLTD_ORG_PTR_PCT_OWN,SR-P03-T01-ID-RLTD-ORGS-TAXABLE-PARTNERSHIP,PC,numeric,MANY,2,SR-P03-T01-ID-RLTD-ORGS-TAXABLE-PARTNERSHIP,PC,numeric,MANY,2,SR_03_RLTD_ORG_PTR_PCT_OWN,0,SR_03_RLTD_ORG_PTR_PCT_OWN,0,kept,FALSE,FALSE,FALSE,FALSE
SR_03_RLTD_ORG_PTR_PREDMNTINCOME,SR-P03-T01-ID-RLTD-ORGS-TAXABLE-PARTNERSHIP,PC,text,MANY,2,SR-P03-T01-ID-RLTD-ORGS-TAXABLE-PARTNERSHIP,PC,text,MANY,2,SR_03_RLTD_ORG_PTR_PREDMNTINCOME,0,SR_03_RLTD_ORG_PTR_PREDMNTINCOME,0,kept,FALSE,FALSE,FALSE,FALSE
SR_03_RLTD_ORG_PTR_PRIMARY_ACT,SR-P03-T01-ID-RLTD-ORGS-TAXABLE-PARTNERSHIP,PC,text,MANY,2,SR-P03-T01-ID-RLTD-ORGS-TAXABLE-PARTNERSHIP,PC,text,MANY,2,SR_03_RLTD_ORG_PTR_PRIMARY_ACT,0,SR_03_RLTD_ORG_PTR_PRIMARY_ACT,0,kept,FALSE,FALSE,FALSE,FALSE
SR_03_RLTD_ORG_PTR_TOT_INCOME,SR-P03-T01-ID-RLTD-ORGS-TAXABLE-PARTNERSHIP,PC,numeric,MANY,2,SR-P03-T01-ID-RLTD-ORGS-TAXABLE-PARTNERSHIP,PC,numeric,MANY,2,SR_03_RLTD_ORG_PTR_TOT_INCOME,0,SR_03_RLTD_ORG_PTR_TOT_INCOME,0,kept,FALSE,FALSE,FALSE,FALSE
SR_04_RLTD_ORG_CORP_ADDR_CITY,SR-P04-T01-ID-RLTD-ORGS-TAXABLE-CORPORATION,PC,text,MANY,6,SR-P04-T01-ID-RLTD-ORGS-TAXABLE-CORPORATION,PC,text,MANY,6,SR_04_RLTD_ORG_CORP_ADDR_CITY,0,SR_04_RLTD_ORG_CORP_ADDR_CITY,0,kept,FALSE,FALSE,FALSE,FALSE
SR_04_RLTD_ORG_CORP_ADDR_CNTR,SR-P04-T01-ID-RLTD-ORGS-TAXABLE-CORPORATION,PC,text,MANY,3,SR-P04-T01-ID-RLTD-ORGS-TAXABLE-CORPORATION,PC,text,MANY,3,SR_04_RLTD_ORG_CORP_ADDR_CNTR,0,SR_04_RLTD_ORG_CORP_ADDR_CNTR,0,kept,FALSE,FALSE,FALSE,FALSE
SR_04_RLTD_ORG_CORP_ADDR_L1,SR-P04-T01-ID-RLTD-ORGS-TAXABLE-CORPORATION,PC,text,MANY,6,SR-P04-T01-ID-RLTD-ORGS-TAXABLE-CORPORATION,PC,text,MANY,6,SR_04_RLTD_ORG_CORP_ADDR_L1,0,SR_04_RLTD_ORG_CORP_ADDR_L1,0,kept,FALSE,FALSE,FALSE,FALSE
SR_04_RLTD_ORG_CORP_ADDR_L2,SR-P04-T01-ID-RLTD-ORGS-TAXABLE-CORPORATION,PC,text,MANY,6,SR-P04-T01-ID-RLTD-ORGS-TAXABLE-CORPORATION,PC,text,MANY,6,SR_04_RLTD_ORG_CORP_ADDR_L2,0,SR_04_RLTD_ORG_CORP_ADDR_L2,0,kept,FALSE,FALSE,FALSE,FALSE
SR_04_RLTD_ORG_CORP_ADDR_STATE,SR-P04-T01-ID-RLTD-ORGS-TAXABLE-CORPORATION,PC,text,MANY,6,SR-P04-T01-ID-RLTD-ORGS-TAXABLE-CORPORATION,PC,text,MANY,6,SR_04_RLTD_ORG_CORP_ADDR_STATE,0,SR_04_RLTD_ORG_CORP_ADDR_STATE,0,kept,FALSE,FALSE,FALSE,FALSE
SR_04_RLTD_ORG_CORP_ADDR_ZIP,SR-P04-T01-ID-RLTD-ORGS-TAXABLE-CORPORATION,PC,text,MANY,6,SR-P04-T01-ID-RLTD-ORGS-TAXABLE-CORPORATION,PC,text,MANY,6,SR_04_RLTD_ORG_CORP_ADDR_ZIP,0,SR_04_RLTD_ORG_CORP_ADDR_ZIP,0,kept,FALSE,FALSE,FALSE,FALSE
SR_04_RLTD_ORG_CORP_CTRL_512_X,SR-P04-T01-ID-RLTD-ORGS-TAXABLE-CORPORATION,PC,checkbox,MANY,2,SR-P04-T01-ID-RLTD-ORGS-TAXABLE-CORPORATION,PC,checkbox,MANY,2,SR_04_RLTD_ORG_CORP_CTRL_512_X,0,SR_04_RLTD_ORG_CORP_CTRL_512_X,0,kept,FALSE,FALSE,FALSE,FALSE
SR_04_RLTD_ORG_CORP_CTRL_NA,SR-P04-T01-ID-RLTD-ORGS-TAXABLE-CORPORATION,PC,text,MANY,3,SR-P04-T01-ID-RLTD-ORGS-TAXABLE-CORPORATION,PC,text,MANY,3,SR_04_RLTD_ORG_CORP_CTRL_NA,0,SR_04_RLTD_ORG_CORP_CTRL_NA,0,kept,FALSE,FALSE,FALSE,FALSE
SR_04_RLTD_ORG_CORP_CTRL_NAME_L1,SR-P04-T01-ID-RLTD-ORGS-TAXABLE-CORPORATION,PC,text,MANY,4,SR-P04-T01-ID-RLTD-ORGS-TAXABLE-CORPORATION,PC,text,MANY,4,SR_04_RLTD_ORG_CORP_CTRL_NAME_L1,0,SR_04_RLTD_ORG_CORP_CTRL_NAME_L1,0,kept,FALSE,FALSE,FALSE,FALSE
SR_04_RLTD_ORG_CORP_CTRL_NAME_L2,SR-P04-T01-ID-RLTD-ORGS-TAXABLE-CORPORATION,PC,text,MANY,4,SR-P04-T01-ID-RLTD-ORGS-TAXABLE-CORPORATION,PC,text,MANY,4,SR_04_RLTD_ORG_CORP_CTRL_NAME_L2,0,SR_04_RLTD_ORG_CORP_CTRL_NAME_L2,0,kept,FALSE,FALSE,FALSE,FALSE
SR_04_RLTD_ORG_CORP_DMCL_CNTR,SR-P04-T01-ID-RLTD-ORGS-TAXABLE-CORPORATION,PC,text,MANY,3,SR-P04-T01-ID-RLTD-ORGS-TAXABLE-CORPORATION,PC,text,MANY,3,SR_04_RLTD_ORG_CORP_DMCL_CNTR,0,SR_04_RLTD_ORG_CORP_DMCL_CNTR,0,kept,FALSE,FALSE,FALSE,FALSE
SR_04_RLTD_ORG_CORP_DMCL_STATE,SR-P04-T01-ID-RLTD-ORGS-TAXABLE-CORPORATION,PC,text,MANY,3,SR-P04-T01-ID-RLTD-ORGS-TAXABLE-CORPORATION,PC,text,MANY,3,SR_04_RLTD_ORG_CORP_DMCL_STATE,0,SR_04_RLTD_ORG_CORP_DMCL_STATE,0,kept,FALSE,FALSE,FALSE,FALSE
SR_04_RLTD_ORG_CORP_EIN,SR-P04-T01-ID-RLTD-ORGS-TAXABLE-CORPORATION,PC,numeric,MANY,2,SR-P04-T01-ID-RLTD-ORGS-TAXABLE-CORPORATION,PC,text,MANY,2,SR_04_RLTD_ORG_CORP_EIN,0,SR_04_RLTD_ORG_CORP_EIN,0,kept,FALSE,TRUE,FALSE,FALSE
SR_04_RLTD_ORG_CORP_EOY_ASSETS,SR-P04-T01-ID-RLTD-ORGS-TAXABLE-CORPORATION,PC,numeric,MANY,2,SR-P04-T01-ID-RLTD-ORGS-TAXABLE-CORPORATION,PC,numeric,MANY,2,SR_04_RLTD_ORG_CORP_EOY_ASSETS,0,SR_04_RLTD_ORG_CORP_EOY_ASSETS,0,kept,FALSE,FALSE,FALSE,FALSE
SR_04_RLTD_ORG_CORP_NAME_L1,SR-P04-T01-ID-RLTD-ORGS-TAXABLE-CORPORATION,PC,text,MANY,3,SR-P04-T01-ID-RLTD-ORGS-TAXABLE-CORPORATION,PC,text,MANY,3,SR_04_RLTD_ORG_CORP_NAME_L1,0,SR_04_RLTD_ORG_CORP_NAME_L1,0,kept,FALSE,FALSE,FALSE,FALSE
SR_04_RLTD_ORG_CORP_NAME_L2,SR-P04-T01-ID-RLTD-ORGS-TAXABLE-CORPORATION,PC,text,MANY,3,SR-P04-T01-ID-RLTD-ORGS-TAXABLE-CORPORATION,PC,text,MANY,3,SR_04_RLTD_ORG_CORP_NAME_L2,0,SR_04_RLTD_ORG_CORP_NAME_L2,0,kept,FALSE,FALSE,FALSE,FALSE
SR_04_RLTD_ORG_CORP_PCT_OWN,SR-P04-T01-ID-RLTD-ORGS-TAXABLE-CORPORATION,PC,numeric,MANY,2,SR-P04-T01-ID-RLTD-ORGS-TAXABLE-CORPORATION,PC,numeric,MANY,2,SR_04_RLTD_ORG_CORP_PCT_OWN,0,SR_04_RLTD_ORG_CORP_PCT_OWN,0,kept,FALSE,FALSE,FALSE,FALSE
SR_04_RLTD_ORG_CORP_PRIMARY_ACT,SR-P04-T01-ID-RLTD-ORGS-TAXABLE-CORPORATION,PC,text,MANY,2,SR-P04-T01-ID-RLTD-ORGS-TAXABLE-CORPORATION,PC,text,MANY,2,SR_04_RLTD_ORG_CORP_PRIMARY_ACT,0,SR_04_RLTD_ORG_CORP_PRIMARY_ACT,0,kept,FALSE,FALSE,FALSE,FALSE
SR_04_RLTD_ORG_CORP_TOT_INCOME,SR-P04-T01-ID-RLTD-ORGS-TAXABLE-CORPORATION,PC,numeric,MANY,2,SR-P04-T01-ID-RLTD-ORGS-TAXABLE-CORPORATION,PC,numeric,MANY,2,SR_04_RLTD_ORG_CORP_TOT_INCOME,0,SR_04_RLTD_ORG_CORP_TOT_INCOME,0,kept,FALSE,FALSE,FALSE,FALSE
SR_04_RLTD_ORG_CORP_TYPE,SR-P04-T01-ID-RLTD-ORGS-TAXABLE-CORPORATION,PC,text,MANY,2,SR-P04-T01-ID-RLTD-ORGS-TAXABLE-CORPORATION,PC,text,MANY,2,SR_04_RLTD_ORG_CORP_TYPE,0,SR_04_RLTD_ORG_CORP_TYPE,0,kept,FALSE,FALSE,FALSE,FALSE
SR_05_TRANSAC_AMT_INVOLVED,SR-P05-T01-TRANSACTIONS-RLTD-ORGS,PC,numeric,MANY,3,SR-P05-T01-TRANSACTIONS-RLTD-ORGS,PC,numeric,MANY,3,SR_05_TRANSAC_AMT_INVOLVED,0,SR_05_TRANSAC_AMT_INVOLVED,0,kept,FALSE,FALSE,FALSE,FALSE
SR_05_TRANSAC_DIVIDEND_X,SR-P05-T00-TRANSACTIONS-RLTD-ORGS,PC,checkbox,ONE,2,SR-P05-T00-TRANSACTIONS-RLTD-ORGS,PC,checkbox,ONE,2,SR_05_TRANSAC_DIVIDEND_X,0,SR_05_TRANSAC_DIVIDEND_X,0,kept,FALSE,FALSE,FALSE,FALSE
SR_05_TRANSAC_EXCHANGE_ASSET_X,SR-P05-T00-TRANSACTIONS-RLTD-ORGS,PC,checkbox,ONE,3,SR-P05-T00-TRANSACTIONS-RLTD-ORGS,PC,checkbox,ONE,3,SR_05_TRANSAC_EXCHANGE_ASSET_X,0,SR_05_TRANSAC_EXCHANGE_ASSET_X,0,kept,FALSE,FALSE,FALSE,FALSE
SR_05_TRANSAC_GIFT_GRANT_FROM_X,SR-P05-T00-TRANSACTIONS-RLTD-ORGS,PC,checkbox,ONE,3,SR-P05-T00-TRANSACTIONS-RLTD-ORGS,PC,checkbox,ONE,3,SR_05_TRANSAC_GIFT_GRANT_FROM_X,0,SR_05_TRANSAC_GIFT_GRANT_FROM_X,0,kept,FALSE,FALSE,FALSE,FALSE
SR_05_TRANSAC_GIFT_GRANT_TO_X,SR-P05-T00-TRANSACTIONS-RLTD-ORGS,PC,checkbox,ONE,3,SR-P05-T00-TRANSACTIONS-RLTD-ORGS,PC,checkbox,ONE,3,SR_05_TRANSAC_GIFT_GRANT_TO_X,0,SR_05_TRANSAC_GIFT_GRANT_TO_X,0,kept,FALSE,FALSE,FALSE,FALSE
SR_05_TRANSAC_LEASE_FROM_X,SR-P05-T00-TRANSACTIONS-RLTD-ORGS,PC,checkbox,ONE,3,SR-P05-T00-TRANSACTIONS-RLTD-ORGS,PC,checkbox,ONE,3,SR_05_TRANSAC_LEASE_FROM_X,0,SR_05_TRANSAC_LEASE_FROM_X,0,kept,FALSE,FALSE,FALSE,FALSE
SR_05_TRANSAC_LEASE_TO_X,SR-P05-T00-TRANSACTIONS-RLTD-ORGS,PC,checkbox,ONE,3,SR-P05-T00-TRANSACTIONS-RLTD-ORGS,PC,checkbox,ONE,3,SR_05_TRANSAC_LEASE_TO_X,0,SR_05_TRANSAC_LEASE_TO_X,0,kept,FALSE,FALSE,FALSE,FALSE
SR_05_TRANSAC_LOAN_BY_X,SR-P05-T00-TRANSACTIONS-RLTD-ORGS,PC,checkbox,ONE,3,SR-P05-T00-TRANSACTIONS-RLTD-ORGS,PC,checkbox,ONE,3,SR_05_TRANSAC_LOAN_BY_X,0,SR_05_TRANSAC_LOAN_BY_X,0,kept,FALSE,FALSE,FALSE,FALSE
SR_05_TRANSAC_LOAN_TO_X,SR-P05-T00-TRANSACTIONS-RLTD-ORGS,PC,checkbox,ONE,3,SR-P05-T00-TRANSACTIONS-RLTD-ORGS,PC,checkbox,ONE,3,SR_05_TRANSAC_LOAN_TO_X,0,SR_05_TRANSAC_LOAN_TO_X,0,kept,FALSE,FALSE,FALSE,FALSE
SR_05_TRANSAC_METHOD_DETERMIN,SR-P05-T01-TRANSACTIONS-RLTD-ORGS,PC,text,MANY,2,SR-P05-T01-TRANSACTIONS-RLTD-ORGS,PC,text,MANY,2,SR_05_TRANSAC_METHOD_DETERMIN,0,SR_05_TRANSAC_METHOD_DETERMIN,0,kept,FALSE,FALSE,FALSE,FALSE
SR_05_TRANSAC_NAME_L1,SR-P05-T01-TRANSACTIONS-RLTD-ORGS,PC,text,MANY,4,SR-P05-T01-TRANSACTIONS-RLTD-ORGS,PC,text,MANY,4,SR_05_TRANSAC_NAME_L1,0,SR_05_TRANSAC_NAME_L1,0,kept,FALSE,FALSE,FALSE,FALSE
SR_05_TRANSAC_NAME_L2,SR-P05-T01-TRANSACTIONS-RLTD-ORGS,PC,text,MANY,4,SR-P05-T01-TRANSACTIONS-RLTD-ORGS,PC,text,MANY,4,SR_05_TRANSAC_NAME_L2,0,SR_05_TRANSAC_NAME_L2,0,kept,FALSE,FALSE,FALSE,FALSE
SR_05_TRANSAC_OTH_CASH_FROM_X,SR-P05-T00-TRANSACTIONS-RLTD-ORGS,PC,checkbox,ONE,3,SR-P05-T00-TRANSACTIONS-RLTD-ORGS,PC,checkbox,ONE,3,SR_05_TRANSAC_OTH_CASH_FROM_X,0,SR_05_TRANSAC_OTH_CASH_FROM_X,0,kept,FALSE,FALSE,FALSE,FALSE
SR_05_TRANSAC_OTH_CASH_TO_X,SR-P05-T00-TRANSACTIONS-RLTD-ORGS,PC,checkbox,ONE,3,SR-P05-T00-TRANSACTIONS-RLTD-ORGS,PC,checkbox,ONE,3,SR_05_TRANSAC_OTH_CASH_TO_X,0,SR_05_TRANSAC_OTH_CASH_TO_X,0,kept,FALSE,FALSE,FALSE,FALSE
SR_05_TRANSAC_PERFORM_SVC_BY_X,SR-P05-T00-TRANSACTIONS-RLTD-ORGS,PC,checkbox,ONE,3,SR-P05-T00-TRANSACTIONS-RLTD-ORGS,PC,checkbox,ONE,3,SR_05_TRANSAC_PERFORM_SVC_BY_X,0,SR_05_TRANSAC_PERFORM_SVC_BY_X,0,kept,FALSE,FALSE,FALSE,FALSE
SR_05_TRANSAC_PERFORM_SVC_FOR_X,SR-P05-T00-TRANSACTIONS-RLTD-ORGS,PC,checkbox,ONE,3,SR-P05-T00-TRANSACTIONS-RLTD-ORGS,PC,checkbox,ONE,3,SR_05_TRANSAC_PERFORM_SVC_FOR_X,0,SR_05_TRANSAC_PERFORM_SVC_FOR_X,0,kept,FALSE,FALSE,FALSE,FALSE
SR_05_TRANSAC_PURCHASE_ASSET_X,SR-P05-T00-TRANSACTIONS-RLTD-ORGS,PC,checkbox,ONE,3,SR-P05-T00-TRANSACTIONS-RLTD-ORGS,PC,checkbox,ONE,3,SR_05_TRANSAC_PURCHASE_ASSET_X,0,SR_05_TRANSAC_PURCHASE_ASSET_X,0,kept,FALSE,FALSE,FALSE,FALSE
SR_05_TRANSAC_RCPT_INT_X,SR-P05-T00-TRANSACTIONS-RLTD-ORGS,PC,checkbox,ONE,3,SR-P05-T00-TRANSACTIONS-RLTD-ORGS,PC,checkbox,ONE,3,SR_05_TRANSAC_RCPT_INT_X,0,SR_05_TRANSAC_RCPT_INT_X,0,kept,FALSE,FALSE,FALSE,FALSE
SR_05_TRANSAC_REIMBURSEMENT_BY_X,SR-P05-T00-TRANSACTIONS-RLTD-ORGS,PC,checkbox,ONE,3,SR-P05-T00-TRANSACTIONS-RLTD-ORGS,PC,checkbox,ONE,3,SR_05_TRANSAC_REIMBURSEMENT_BY_X,0,SR_05_TRANSAC_REIMBURSEMENT_BY_X,0,kept,FALSE,FALSE,FALSE,FALSE
SR_05_TRANSAC_REIMBURSEMENT_TO_X,SR-P05-T00-TRANSACTIONS-RLTD-ORGS,PC,checkbox,ONE,3,SR-P05-T00-TRANSACTIONS-RLTD-ORGS,PC,checkbox,ONE,3,SR_05_TRANSAC_REIMBURSEMENT_TO_X,0,SR_05_TRANSAC_REIMBURSEMENT_TO_X,0,kept,FALSE,FALSE,FALSE,FALSE
SR_05_TRANSAC_SALE_ASSET_X,SR-P05-T00-TRANSACTIONS-RLTD-ORGS,PC,checkbox,ONE,3,SR-P05-T00-TRANSACTIONS-RLTD-ORGS,PC,checkbox,ONE,3,SR_05_TRANSAC_SALE_ASSET_X,0,SR_05_TRANSAC_SALE_ASSET_X,0,kept,FALSE,FALSE,FALSE,FALSE
SR_05_TRANSAC_SHARE_FACILITIES_X,SR-P05-T00-TRANSACTIONS-RLTD-ORGS,PC,checkbox,ONE,3,SR-P05-T00-TRANSACTIONS-RLTD-ORGS,PC,checkbox,ONE,3,SR_05_TRANSAC_SHARE_FACILITIES_X,0,SR_05_TRANSAC_SHARE_FACILITIES_X,0,kept,FALSE,FALSE,FALSE,FALSE
SR_05_TRANSAC_SHARE_PAID_EMPL_X,SR-P05-T00-TRANSACTIONS-RLTD-ORGS,PC,checkbox,ONE,3,SR-P05-T00-TRANSACTIONS-RLTD-ORGS,PC,checkbox,ONE,3,SR_05_TRANSAC_SHARE_PAID_EMPL_X,0,SR_05_TRANSAC_SHARE_PAID_EMPL_X,0,kept,FALSE,FALSE,FALSE,FALSE
SR_05_TRANSAC_TYPE,SR-P05-T01-TRANSACTIONS-RLTD-ORGS,PC,text,MANY,3,SR-P05-T01-TRANSACTIONS-RLTD-ORGS,PC,text,MANY,3,SR_05_TRANSAC_TYPE,0,SR_05_TRANSAC_TYPE,0,kept,FALSE,FALSE,FALSE,FALSE
SR_06_UNRLTD_ORG_PTR_501C3_X,SR-P06-T01-UNRLTD-ORGS-TAXABLE-PARTNERSHIP,PC,checkbox,MANY,2,SR-P06-T01-UNRLTD-ORGS-TAXABLE-PARTNERSHIP,PC,checkbox,MANY,2,SR_06_UNRLTD_ORG_PTR_501C3_X,0,SR_06_UNRLTD_ORG_PTR_501C3_X,0,kept,FALSE,FALSE,FALSE,FALSE
SR_06_UNRLTD_ORG_PTR_ADDR_CITY,SR-P06-T01-UNRLTD-ORGS-TAXABLE-PARTNERSHIP,PC,text,MANY,6,SR-P06-T01-UNRLTD-ORGS-TAXABLE-PARTNERSHIP,PC,text,MANY,6,SR_06_UNRLTD_ORG_PTR_ADDR_CITY,0,SR_06_UNRLTD_ORG_PTR_ADDR_CITY,0,kept,FALSE,FALSE,FALSE,FALSE
SR_06_UNRLTD_ORG_PTR_ADDR_CNTR,SR-P06-T01-UNRLTD-ORGS-TAXABLE-PARTNERSHIP,PC,text,MANY,3,SR-P06-T01-UNRLTD-ORGS-TAXABLE-PARTNERSHIP,PC,text,MANY,3,SR_06_UNRLTD_ORG_PTR_ADDR_CNTR,0,SR_06_UNRLTD_ORG_PTR_ADDR_CNTR,0,kept,FALSE,FALSE,FALSE,FALSE
SR_06_UNRLTD_ORG_PTR_ADDR_L1,SR-P06-T01-UNRLTD-ORGS-TAXABLE-PARTNERSHIP,PC,text,MANY,6,SR-P06-T01-UNRLTD-ORGS-TAXABLE-PARTNERSHIP,PC,text,MANY,6,SR_06_UNRLTD_ORG_PTR_ADDR_L1,0,SR_06_UNRLTD_ORG_PTR_ADDR_L1,0,kept,FALSE,FALSE,FALSE,FALSE
SR_06_UNRLTD_ORG_PTR_ADDR_L2,SR-P06-T01-UNRLTD-ORGS-TAXABLE-PARTNERSHIP,PC,text,MANY,6,SR-P06-T01-UNRLTD-ORGS-TAXABLE-PARTNERSHIP,PC,text,MANY,6,SR_06_UNRLTD_ORG_PTR_ADDR_L2,0,SR_06_UNRLTD_ORG_PTR_ADDR_L2,0,kept,FALSE,FALSE,FALSE,FALSE
SR_06_UNRLTD_ORG_PTR_ADDR_STATE,SR-P06-T01-UNRLTD-ORGS-TAXABLE-PARTNERSHIP,PC,text,MANY,6,SR-P06-T01-UNRLTD-ORGS-TAXABLE-PARTNERSHIP,PC,text,MANY,6,SR_06_UNRLTD_ORG_PTR_ADDR_STATE,0,SR_06_UNRLTD_ORG_PTR_ADDR_STATE,0,kept,FALSE,FALSE,FALSE,FALSE
SR_06_UNRLTD_ORG_PTR_ADDR_ZIP,SR-P06-T01-UNRLTD-ORGS-TAXABLE-PARTNERSHIP,PC,text,MANY,6,SR-P06-T01-UNRLTD-ORGS-TAXABLE-PARTNERSHIP,PC,text,MANY,6,SR_06_UNRLTD_ORG_PTR_ADDR_ZIP,0,SR_06_UNRLTD_ORG_PTR_ADDR_ZIP,0,kept,FALSE,FALSE,FALSE,FALSE
SR_06_UNRLTD_ORG_PTR_ALLOC_X,SR-P06-T01-UNRLTD-ORGS-TAXABLE-PARTNERSHIP,PC,checkbox,MANY,2,SR-P06-T01-UNRLTD-ORGS-TAXABLE-PARTNERSHIP,PC,checkbox,MANY,2,SR_06_UNRLTD_ORG_PTR_ALLOC_X,0,SR_06_UNRLTD_ORG_PTR_ALLOC_X,0,kept,FALSE,FALSE,FALSE,FALSE
SR_06_UNRLTD_ORG_PTR_CODE_V_AMT,SR-P06-T01-UNRLTD-ORGS-TAXABLE-PARTNERSHIP,PC,numeric,MANY,2,SR-P06-T01-UNRLTD-ORGS-TAXABLE-PARTNERSHIP,PC,numeric,MANY,2,SR_06_UNRLTD_ORG_PTR_CODE_V_AMT,0,SR_06_UNRLTD_ORG_PTR_CODE_V_AMT,0,kept,FALSE,FALSE,FALSE,FALSE
SR_06_UNRLTD_ORG_PTR_DMCL_CNTR,SR-P06-T01-UNRLTD-ORGS-TAXABLE-PARTNERSHIP,PC,text,MANY,3,SR-P06-T01-UNRLTD-ORGS-TAXABLE-PARTNERSHIP,PC,text,MANY,3,SR_06_UNRLTD_ORG_PTR_DMCL_CNTR,0,SR_06_UNRLTD_ORG_PTR_DMCL_CNTR,0,kept,FALSE,FALSE,FALSE,FALSE
SR_06_UNRLTD_ORG_PTR_DMCL_STATE,SR-P06-T01-UNRLTD-ORGS-TAXABLE-PARTNERSHIP,PC,text,MANY,3,SR-P06-T01-UNRLTD-ORGS-TAXABLE-PARTNERSHIP,PC,text,MANY,3,SR_06_UNRLTD_ORG_PTR_DMCL_STATE,0,SR_06_UNRLTD_ORG_PTR_DMCL_STATE,0,kept,FALSE,FALSE,FALSE,FALSE
SR_06_UNRLTD_ORG_PTR_EIN,SR-P06-T01-UNRLTD-ORGS-TAXABLE-PARTNERSHIP,PC,numeric,MANY,2,SR-P06-T01-UNRLTD-ORGS-TAXABLE-PARTNERSHIP,PC,text,MANY,2,SR_06_UNRLTD_ORG_PTR_EIN,0,SR_06_UNRLTD_ORG_PTR_EIN,0,kept,FALSE,TRUE,FALSE,FALSE
SR_06_UNRLTD_ORG_PTR_EOY_ASSETS,SR-P06-T01-UNRLTD-ORGS-TAXABLE-PARTNERSHIP,PC,numeric,MANY,2,SR-P06-T01-UNRLTD-ORGS-TAXABLE-PARTNERSHIP,PC,numeric,MANY,2,SR_06_UNRLTD_ORG_PTR_EOY_ASSETS,0,SR_06_UNRLTD_ORG_PTR_EOY_ASSETS,0,kept,FALSE,FALSE,FALSE,FALSE
SR_06_UNRLTD_ORG_PTR_GENERAL_X,SR-P06-T01-UNRLTD-ORGS-TAXABLE-PARTNERSHIP,PC,checkbox,MANY,2,SR-P06-T01-UNRLTD-ORGS-TAXABLE-PARTNERSHIP,PC,checkbox,MANY,2,SR_06_UNRLTD_ORG_PTR_GENERAL_X,0,SR_06_UNRLTD_ORG_PTR_GENERAL_X,0,kept,FALSE,FALSE,FALSE,FALSE
SR_06_UNRLTD_ORG_PTR_NAME_L1,SR-P06-T01-UNRLTD-ORGS-TAXABLE-PARTNERSHIP,PC,text,MANY,3,SR-P06-T01-UNRLTD-ORGS-TAXABLE-PARTNERSHIP,PC,text,MANY,3,SR_06_UNRLTD_ORG_PTR_NAME_L1,0,SR_06_UNRLTD_ORG_PTR_NAME_L1,0,kept,FALSE,FALSE,FALSE,FALSE
SR_06_UNRLTD_ORG_PTR_NAME_L2,SR-P06-T01-UNRLTD-ORGS-TAXABLE-PARTNERSHIP,PC,text,MANY,3,SR-P06-T01-UNRLTD-ORGS-TAXABLE-PARTNERSHIP,PC,text,MANY,3,SR_06_UNRLTD_ORG_PTR_NAME_L2,0,SR_06_UNRLTD_ORG_PTR_NAME_L2,0,kept,FALSE,FALSE,FALSE,FALSE
SR_06_UNRLTD_ORG_PTR_PCT_OWN,SR-P06-T01-UNRLTD-ORGS-TAXABLE-PARTNERSHIP,PC,numeric,MANY,2,SR-P06-T01-UNRLTD-ORGS-TAXABLE-PARTNERSHIP,PC,numeric,MANY,2,SR_06_UNRLTD_ORG_PTR_PCT_OWN,0,SR_06_UNRLTD_ORG_PTR_PCT_OWN,0,kept,FALSE,FALSE,FALSE,FALSE
SR_06_UNRLTD_ORG_PTR_PREDMNT,SR-P06-T01-UNRLTD-ORGS-TAXABLE-PARTNERSHIP,PC,text,MANY,2,SR-P06-T01-UNRLTD-ORGS-TAXABLE-PARTNERSHIP,PC,text,MANY,2,SR_06_UNRLTD_ORG_PTR_PREDMNT,0,SR_06_UNRLTD_ORG_PTR_PREDMNT,0,kept,FALSE,FALSE,FALSE,FALSE
SR_06_UNRLTD_ORG_PTR_PRIMARY_ACT,SR-P06-T01-UNRLTD-ORGS-TAXABLE-PARTNERSHIP,PC,text,MANY,2,SR-P06-T01-UNRLTD-ORGS-TAXABLE-PARTNERSHIP,PC,text,MANY,2,SR_06_UNRLTD_ORG_PTR_PRIMARY_ACT,0,SR_06_UNRLTD_ORG_PTR_PRIMARY_ACT,0,kept,FALSE,FALSE,FALSE,FALSE
SR_06_UNRLTD_ORG_PTR_TOT_INCOME,SR-P06-T01-UNRLTD-ORGS-TAXABLE-PARTNERSHIP,PC,numeric,MANY,2,SR-P06-T01-UNRLTD-ORGS-TAXABLE-PARTNERSHIP,PC,numeric,MANY,2,SR_06_UNRLTD_ORG_PTR_TOT_INCOME,0,SR_06_UNRLTD_ORG_PTR_TOT_INCOME,0,kept,FALSE,FALSE,FALSE,FALSE
SR_07_EXPLANATION_TEXT,SR-P07-T99-SUPPLEMENTAL-INFO,PC,text,ONE,2,SR-P07-T99-SUPPLEMENTAL-INFO,PC,text,MANY,2,SR_07_EXPLANATION_TEXT,0,SR_07_EXPLANATION_TEXT,0,kept,FALSE,FALSE,TRUE,FALSE
SR_07_FORM_LINE_REFERENCE,SR-P07-T99-SUPPLEMENTAL-INFO,PC,text,ONE,1,SR-P07-T99-SUPPLEMENTAL-INFO,PC,text,MANY,1,SR_07_FORM_LINE_REFERENCE,0,SR_07_FORM_LINE_REFERENCE,0,kept,FALSE,FALSE,TRUE,FALSE
SR_07_IDENTIFIER,SR-P07-T99-SUPPLEMENTAL-INFO,PC,text,ONE,2,SR-P07-T99-SUPPLEMENTAL-INFO,PC,text,MANY,2,SR_07_IDENTIFIER,0,SR_07_IDENTIFIER,0,kept,FALSE,FALSE,TRUE,FALSE
SR_07_RETURN_REFERENCE,SR-P07-T99-SUPPLEMENTAL-INFO,PC,text,ONE,1,SR-P07-T99-SUPPLEMENTAL-INFO,PC,text,MANY,1,SR_07_RETURN_REFERENCE,0,SR_07_RETURN_REFERENCE,0,kept,FALSE,FALSE,TRUE,FALSE
