variable_name,family_id,table_id,label,description,location_code_family,variable_scope,data_type_simple,multi_value
F9_00_BUILD_TIME_STAMP,F9_00_BUILD_TIME_STAMP,F9-P00-T00-HEADER,Build time stamp,Build time stamp - IRS internal field,F990-PC-PART-00-LINE-00,HD,date,
F9_00_NAME_ORG_CTRL,F9_00_NAME_ORG_CTRL,F9-P00-T00-HEADER,Organization name,Name of Filing Organization (Control Text),F990-PC-PART-00-LINE-00,HD,text,
F9_00_RETURN_TIME_STAMP,F9_00_RETURN_TIME_STAMP,F9-P00-T00-HEADER,Return time stamp,The date and time when the return was created,F990-PC-PART-00-LINE-00,HD,date,
F9_00_RETURN_TYPE,F9_00_RETURN_TYPE,F9-P00-T00-HEADER,Return type,Return type,F990-PC-PART-00-LINE-00,HD,text,
F9_00_SPECIAL_COND_DESC,F9_00_SPECIAL_COND_DESC,F9-P00-T00-HEADER,Special condition description,Special condition description,F990-PC-PART-00-LINE-00,HD,text,TRUE
F9_00_DISASTER_RELIEF,F9_00_DISASTER_RELIEF,F9-P00-T00-HEADER,,Disaster relief text,F990-PC-PART-00-X,HD,text,
F9_00_FORM_8822B_X,F9_00_FORM_8822B_X,F9-P00-T00-HEADER,,Change of address form?,F990-PC-PART-00-X,HD,checkbox,
F9_00_IRS_RESP_PARTY_INFO_CURR_X,F9_00_IRS_RESP_PARTY_INFO_CURR_X,F9-P00-T00-HEADER,,Verification,F990-PC-PART-00-X,HD,checkbox,
F9_00_IRS_SEC_DEVICE_ID,F9_00_IRS_SEC_DEVICE_ID,F9-P00-T00-HEADER,Device id at submission creation,Verification: device id when the submission was created,F990-PC-PART-00-X,HD,text,
F9_00_IRS_SEC_FILING_LIC_TYPE,F9_00_IRS_SEC_FILING_LIC_TYPE,F9-P00-T00-HEADER,,Verification,F990-PC-PART-00-X,HD,text,
F9_00_IRS_SEC_IP_ADDR,F9_00_IRS_SEC_IP_ADDR,F9-P00-T00-HEADER,,Verification,F990-PC-PART-00-X,HD,text,
F9_00_IRS_SEC_IP_DATE,F9_00_IRS_SEC_IP_DATE,F9-P00-T00-HEADER,,Verification,F990-PC-PART-00-X,HD,date,
F9_00_IRS_SEC_IP_TIME,F9_00_IRS_SEC_IP_TIME,F9-P00-T00-HEADER,,Verification,F990-PC-PART-00-X,HD,text,
F9_00_IRS_SEC_IP_TIME_ZONE,F9_00_IRS_SEC_IP_TIME_ZONE,F9-P00-T00-HEADER,,Verification,F990-PC-PART-00-X,HD,text,
F9_00_IRS_SEC_SUBMISSION_ID,F9_00_IRS_SEC_SUBMISSION_ID,F9-P00-T00-HEADER,Federal original submission id,Verification: id of the federal original submission,F990-PC-PART-00-X,HD,text,
F9_00_IRS_TRUST_AUTENTICATED_X,F9_00_IRS_TRUST_AUTENTICATED_X,F9-P00-T00-HEADER,,Verification,F990-PC-PART-00-X,HD,text,
F9_00_IRS_TRUST_CUSTOMER_X,F9_00_IRS_TRUST_CUSTOMER_X,F9-P00-T00-HEADER,,Verification,F990-PC-PART-00-X,HD,text,
F9_00_IRS_TRUST_FED_ASSURANCE_X,F9_00_IRS_TRUST_FED_ASSURANCE_X,F9-P00-T00-HEADER,,Verification,F990-PC-PART-00-X,HD,text,
F9_00_IRS_TRUST_IDENTITY_X,F9_00_IRS_TRUST_IDENTITY_X,F9-P00-T00-HEADER,,Verification,F990-PC-PART-00-X,HD,text,
F9_00_IRS_TRUST_OOB_VERIFIED_X,F9_00_IRS_TRUST_OOB_VERIFIED_X,F9-P00-T00-HEADER,,Verification,F990-PC-PART-00-X,HD,text,
F9_00_IRS_TRUST_PROFILE_CHANGE_X,F9_00_IRS_TRUST_PROFILE_CHANGE_X,F9-P00-T00-HEADER,,Verification,F990-PC-PART-00-X,HD,checkbox,
F9_00_IRS_TRUST_PW_CHANGE_X,F9_00_IRS_TRUST_PW_CHANGE_X,F9-P00-T00-HEADER,,Verification,F990-PC-PART-00-X,HD,checkbox,
F9_00_IRS_TRUST_RQR_OOB_X,F9_00_IRS_TRUST_RQR_OOB_X,F9-P00-T00-HEADER,,Verification,F990-PC-PART-00-X,HD,text,
F9_00_IRS_TRUST_USRNAME_CHANGE_X,F9_00_IRS_TRUST_USRNAME_CHANGE_X,F9-P00-T00-HEADER,,Verification,F990-PC-PART-00-X,HD,checkbox,
F9_00_REASONABLE_CAUSE_TXT,F9_00_REASONABLE_CAUSE_TXT,F9-P00-T00-HEADER,Reasonable-cause explanation for not filing on time.,"If the return isn't filed by the due date (including any extension granted), provide a reasonable-cause explanation giving the reasons for not filing on time.",F990-PC-PART-00-X,HD,text,
F9_00_TAX_PERIOD_BEGIN_DATE,F9_00_TAX_PERIOD_BEGIN_DATE,F9-P00-T00-HEADER,Tax period begin date,Tax period begin date,F990-PC-PART-00-SECTION-A,HD,date,
F9_00_TAX_PERIOD_END_DATE,F9_00_TAX_PERIOD_END_DATE,F9-P00-T00-HEADER,Tax period end date,Tax period end date,F990-PC-PART-00-SECTION-A,HD,date,
F9_00_TAX_YEAR,F9_00_TAX_YEAR,F9-P00-T00-HEADER,Tax year,Tax year,F990-PC-PART-00-SECTION-A,HD,date,
F9_00_ORG_NAME_CHANGE_X,F9_00_ORG_NAME_CHANGE_X,F9-P00-T00-HEADER,Name change [x],Indicates that the organization changed its name,F990-PC-PART-00-SECTION-B,HD,checkbox,
F9_00_RETURN_ADDR_CHANGE_X,F9_00_RETURN_ADDR_CHANGE_X,F9-P00-T00-HEADER,Address change [x],Indicates this form has an address change,F990-PC-PART-00-SECTION-B,HD,checkbox,
F9_00_RETURN_AMENDED_X,F9_00_RETURN_AMENDED_X,F9-P00-T00-HEADER,Amended return [x],Inidcates this form is an amended return,F990-PC-PART-00-SECTION-B,HD,checkbox,
F9_00_RETURN_APP_PENDING_X,F9_00_RETURN_APP_PENDING_X,F9-P00-T00-HEADER,Application pending [x],Indicates that the application for tax exempt status is pending,F990-PC-PART-00-SECTION-B,HD,checkbox,
F9_00_RETURN_FINAL_X,F9_00_RETURN_FINAL_X,F9-P00-T00-HEADER,Final return [x],Inidcates this form is a final return,F990-PC-PART-00-SECTION-B,HD,checkbox,
F9_00_RETURN_INITIAL_X,F9_00_RETURN_INITIAL_X,F9-P00-T00-HEADER,Initial return [x],Inidcates this form is an initial return,F990-PC-PART-00-SECTION-B,HD,checkbox,
F9_00_ORG_ADDR_CITY,F9_00_ORG_ADDR_CITY,F9-P00-T00-HEADER,Organization city,Address of Filing Organization (US City),F990-PC-PART-00-SECTION-C,HD,text,
F9_00_ORG_ADDR_CNTR,F9_00_ORG_ADDR_CNTR,F9-P00-T00-HEADER,Organization country,Address of Filing Organization (Foreign Country),F990-PC-PART-00-SECTION-C,HD,text,
F9_00_ORG_ADDR_IN_CARE_OF,F9_00_ORG_ADDR_IN_CARE_OF,F9-P00-T00-HEADER,In care of,In care of,F990-PC-PART-00-SECTION-C,HD,text,
F9_00_ORG_ADDR_L1,F9_00_ORG_ADDR_L1,F9-P00-T00-HEADER,Organization street address line 1,Address of Filing Organization (US Line 1),F990-PC-PART-00-SECTION-C,HD,text,
F9_00_ORG_ADDR_L2,F9_00_ORG_ADDR_L2,F9-P00-T00-HEADER,Organization street address line 2,Address of Filing Organization (Foreign Line 2),F990-PC-PART-00-SECTION-C,HD,text,
F9_00_ORG_ADDR_STATE,F9_00_ORG_ADDR_STATE,F9-P00-T00-HEADER,Organization state,Address of Filing Organization (US State),F990-PC-PART-00-SECTION-C,HD,text,
F9_00_ORG_ADDR_ZIP,F9_00_ORG_ADDR_ZIP,F9-P00-T00-HEADER,Organization zip,Address of Filing Organization (US Zip Code),F990-PC-PART-00-SECTION-C,HD,text,
F9_00_ORG_NAME_DBA_L1,F9_00_ORG_NAME_DBA_L1,F9-P00-T00-HEADER,Doing business as 1,Doing business as (line 1),F990-PC-PART-00-SECTION-C,HD,text,
F9_00_ORG_NAME_DBA_L2,F9_00_ORG_NAME_DBA_L2,F9-P00-T00-HEADER,Doing business as 2,Doing business as (line 2),F990-PC-PART-00-SECTION-C,HD,text,
F9_00_ORG_NAME_L1,F9_00_ORG_NAME_L1,F9-P00-T00-HEADER,Organization name line 1,Name of Filing Organization (line 1),F990-PC-PART-00-SECTION-C,HD,text,
F9_00_ORG_NAME_L2,F9_00_ORG_NAME_L2,F9-P00-T00-HEADER,Organization name line 2,Name of Filing Organization (line 2),F990-PC-PART-00-SECTION-C,HD,text,
F9_00_ORG_EIN,F9_00_ORG_EIN,F9-P00-T00-HEADER,EIN,Orgainization Employer Identification Number (EIN),F990-PC-PART-00-SECTION-D,HD,text,
F9_00_ORG_PHONE,F9_00_ORG_PHONE,F9-P00-T00-HEADER,Organization phone,Filing Organization Telephone Number,F990-PC-PART-00-SECTION-E,HD,text,
F9_00_PRIN_OFF_ADDR_CITY,F9_00_PRIN_OFF_ADDR_CITY,F9-P00-T00-HEADER,Principal officer city,Address of Filing Organization (Foreign City),F990-PC-PART-00-SECTION-F,HD,text,
F9_00_PRIN_OFF_ADDR_CNTR,F9_00_PRIN_OFF_ADDR_CNTR,F9-P00-T00-HEADER,Principal officer country,Address of Filing Organization (Foreign Country),F990-PC-PART-00-SECTION-F,HD,text,
F9_00_PRIN_OFF_ADDR_L1,F9_00_PRIN_OFF_ADDR_L1,F9-P00-T00-HEADER,Principal officer street address line 1,Address of Filing Organization (Foreign Line 1),F990-PC-PART-00-SECTION-F,HD,text,
F9_00_PRIN_OFF_ADDR_L2,F9_00_PRIN_OFF_ADDR_L2,F9-P00-T00-HEADER,Principal officer street address line 2,Address of Filing Organization (Foreign Line 2),F990-PC-PART-00-SECTION-F,HD,text,
F9_00_PRIN_OFF_ADDR_STATE,F9_00_PRIN_OFF_ADDR_STATE,F9-P00-T00-HEADER,Principal officer state,Address of Filing Organization (Foreign Province or State),F990-PC-PART-00-SECTION-F,HD,text,
F9_00_PRIN_OFF_ADDR_ZIP,F9_00_PRIN_OFF_ADDR_ZIP,F9-P00-T00-HEADER,Principal officer zip,Address of Filing Organization (Foreign Postal Code),F990-PC-PART-00-SECTION-F,HD,text,
F9_00_PRIN_OFF_NAME_ORG_L1,F9_00_PRIN_OFF_NAME_ORG_L1,F9-P00-T00-HEADER,Principal officer organization name line 1,"Name of Principal Officer (Business, Line 1)",F990-PC-PART-00-SECTION-F,HD,text,
F9_00_PRIN_OFF_NAME_ORG_L2,F9_00_PRIN_OFF_NAME_ORG_L2,F9-P00-T00-HEADER,Principal officer organization name line 2,"Name of Principal Officer (Business, Line 2)",F990-PC-PART-00-SECTION-F,HD,text,
F9_00_PRIN_OFF_NAME_PERS,F9_00_PRIN_OFF_NAME_PERS,F9-P00-T00-HEADER,Principal officer person name,Name of Principal Officer (Person),F990-PC-PART-00-SECTION-F,HD,text,
F9_00_GRO_RCPT,F9_00_GRO_RCPT,F9-P00-T00-HEADER,Gross receipts,Gross Receipts (Header),F990-PC-PART-00-SECTION-G,HD,numeric,
F9_00_RETURN_GROUP_X,F9_00_RETURN_GROUP_X,F9-P00-T00-HEADER,Group return for subordinates [x],Indicates this form is a group return for subordinates,F990-PC-PART-00-SECTION-HA,HD,checkbox,
F9_00_ALL_AFFIL_INCL_X,F9_00_ALL_AFFIL_INCL_X,F9-P00-T00-HEADER,All subordinates included [x],Indicates this form includes all subordinate organizations,F990-PC-PART-00-SECTION-HB,HD,checkbox,
F9_00_GROUP_EXEMPT_NUM,F9_00_GROUP_EXEMPT_NUM,F9-P00-T00-HEADER,Group exemption number,Group exemption number,F990-PC-PART-00-SECTION-HC,HD,numeric,
F9_00_EXEMPT_STAT_4947A1_X,F9_00_EXEMPT_STAT_4947A1_X,F9-P00-T00-HEADER,4947(a)(1) organization [x],Indicates a 4947(a)(1) organization,F990-PC-PART-00-SECTION-I,HD,checkbox,
F9_00_EXEMPT_STAT_501C_X,F9_00_EXEMPT_STAT_501C_X,F9-P00-T00-HEADER,501(c) organization [x],Indicates a 501(c) organization,F990-PC-PART-00-SECTION-I,HD,checkbox,
F9_00_EXEMPT_STAT_501C3_X,F9_00_EXEMPT_STAT_501C3_X,F9-P00-T00-HEADER,501(c)(3) organization [x],Indicates a 501(c)(3) organization,F990-PC-PART-00-SECTION-I,HD,checkbox,
F9_00_EXEMPT_STAT_527_X,F9_00_EXEMPT_STAT_527_X,F9-P00-T00-HEADER,527 organization [x],Indicates a 527 organization,F990-PC-PART-00-SECTION-I,HD,checkbox,
F9_00_ORG_WEBSITE,F9_00_ORG_WEBSITE,F9-P00-T00-HEADER,Website,Website,F990-PC-PART-00-SECTION-J,HD,text,
F9_00_GRO_RCPT_LT50K_X,F9_00_GRO_RCPT_LT50K_X,F9-P00-T00-HEADER,Gross receipts less than $25K/$50K [x],Gross receipts are less than the filing threshold ($25K or $50K depending on the year of the form),F990-PC-PART-00-SECTION-K,HD,checkbox,
F9_00_TYPE_ORG_ASSOC_X,F9_00_TYPE_ORG_ASSOC_X,F9-P00-T00-HEADER,Association [x],Form of organization: Association,F990-PC-PART-00-SECTION-K,HD,checkbox,
F9_00_TYPE_ORG_CORP_X,F9_00_TYPE_ORG_CORP_X,F9-P00-T00-HEADER,Corporation [x],Form of organization: Corporation,F990-PC-PART-00-SECTION-K,HD,checkbox,
F9_00_TYPE_ORG_OTH_DESC,F9_00_TYPE_ORG_OTH_DESC,F9-P00-T00-HEADER,Other form of organization description,Form of organization: Other Description,F990-PC-PART-00-SECTION-K,HD,text,
F9_00_TYPE_ORG_OTH_X,F9_00_TYPE_ORG_OTH_X,F9-P00-T00-HEADER,Other form of organization [x],Form of organization: Other,F990-PC-PART-00-SECTION-K,HD,checkbox,
F9_00_TYPE_ORG_TRUST_X,F9_00_TYPE_ORG_TRUST_X,F9-P00-T00-HEADER,Trust [x],Form of organization: Trust,F990-PC-PART-00-SECTION-K,HD,checkbox,
F9_00_YEAR_FORMATION,F9_00_YEAR_FORMATION,F9-P00-T00-HEADER,Year of formation,Year of formation,F990-PC-PART-00-SECTION-L,HD,date,
F9_00_LEGAL_DMCL_CNTR,F9_00_LEGAL_DMCL_CNTR,F9-P00-T00-HEADER,Country of legal domicile,Countryof legam domicile,F990-PC-PART-00-SECTION-M,HD,text,
F9_00_LEGAL_DMCL_STATE,F9_00_LEGAL_DMCL_STATE,F9-P00-T00-HEADER,State of legal domicile,State of legal domicile,F990-PC-PART-00-SECTION-M,HD,text,
F9_01_ACT_GVRN_ACT_MISSION,F9_01_ACT_GVRN_ACT_MISSION,F9-P01-T00-SUMMARY,Mission or most significant activities,Organization mission or most signif activities,F990-PC-PART-01-LINE-01,PC,text,
F9_01_ACT_GVRN_TERMIN_KONTR_X,F9_01_ACT_GVRN_TERMIN_KONTR_X,F9-P01-T00-SUMMARY,Termination or contraction [x],Termination or contraction,F990-PC-PART-01-LINE-02,PC,checkbox,
F9_01_ACT_GVRN_NUM_VOTE_MEMB,F9_01_ACT_GVRN_NUM_VOTE_MEMB,F9-P01-T00-SUMMARY,Number of voting members of governing body,Number of voting members of gov body,F990-PC-PART-01-LINE-03,PC,numeric,
F9_01_ACT_GVRN_NUM_VOTE_MEMB_IND,F9_01_ACT_GVRN_NUM_VOTE_MEMB_IND,F9-P01-T00-SUMMARY,Number of independent voting members of governing body,Number of indep voting members of gov body,F990-PC-PART-01-LINE-04,PC,numeric,
F9_01_ACT_GVRN_EMPL_TOT,F9_01_ACT_GVRN_EMPL_TOT,F9-P01-T00-SUMMARY,Total number of employees,Tot Individuals Employed,F990-PC-PART-01-LINE-05,PC,numeric,
F9_01_ACT_GVRN_VOL_TOT,F9_01_ACT_GVRN_VOL_TOT,F9-P01-T00-SUMMARY,Total number of volunteers,Tot Volunteers,F990-PC-PART-01-LINE-06,PC,numeric,
F9_01_ACT_GVRN_UBIZ_REV_TOT,F9_01_ACT_GVRN_UBIZ_REV_TOT,F9-P01-T00-SUMMARY,Total gross unrelated business revenue,Tot unrelated business revenue - gross,F990-PC-PART-01-LINE-07A,PC,numeric,
F9_01_ACT_GVRN_UBIZ_TAXABLE_NET,F9_01_ACT_GVRN_UBIZ_TAXABLE_NET,F9-P01-T00-SUMMARY,Net unrelated business taxable income,Tot unrelated business revenue - net,F990-PC-PART-01-LINE-07B,PC,numeric,
F9_01_REV_CONTR_TOT_CY,F9_01_REV_CONTR_TOT_CY,F9-P01-T00-SUMMARY,Contributions and grants - current year,Contributions and grants - current year,F990-PC-PART-01-LINE-08-CY,PZ,numeric,
F9_01_REV_CONTR_TOT_CY_V2,F9_01_REV_CONTR_TOT_CY_V2,F9-P01-T00-SUMMARY,"Contributions, gifts, grants, and similar amounts received",Contributions; gifts; grants; and similar amounts received,F990-PC-PART-01-LINE-08-CY,PZ,numeric,
F9_01_REV_CONTR_TOT_PY,F9_01_REV_CONTR_TOT_PY,F9-P01-T00-SUMMARY,Contributions and grants - prior year,Contributions and grants - prior year,F990-PC-PART-01-LINE-08-PY,PC,numeric,
F9_01_REV_PROG_TOT_CY,F9_01_REV_PROG_TOT_CY,F9-P01-T00-SUMMARY,Program service revenue - current year,Program service revenue - current year,F990-PC-PART-01-LINE-09-CY,PZ,numeric,
F9_01_REV_PROG_TOT_PY,F9_01_REV_PROG_TOT_PY,F9-P01-T00-SUMMARY,Program service revenue - prior year,Program service revenue - prior year,F990-PC-PART-01-LINE-09-PY,PC,numeric,
F9_01_REV_INVEST_TOT_CY,F9_01_REV_INVEST_TOT_CY,F9-P01-T00-SUMMARY,Investment income - current year,Investment income - current year,F990-PC-PART-01-LINE-10-CY,PZ,numeric,
F9_01_REV_INVEST_TOT_PY,F9_01_REV_INVEST_TOT_PY,F9-P01-T00-SUMMARY,Investment income - prior year,Investment income - prior year,F990-PC-PART-01-LINE-10-PY,PC,numeric,
F9_01_REV_OTH_CY,F9_01_REV_OTH_CY,F9-P01-T00-SUMMARY,Other revenue - current year,Other revenue - current year,F990-PC-PART-01-LINE-11-CY,PZ,numeric,
F9_01_REV_OTH_PY,F9_01_REV_OTH_PY,F9-P01-T00-SUMMARY,Other revenue - prior year,Other revenue - prior year,F990-PC-PART-01-LINE-11-PY,PC,numeric,
F9_01_REV_TOT_CY,F9_01_REV_TOT_CY,F9-P01-T00-SUMMARY,Total revenue - current year,Total revenue - CY,F990-PC-PART-01-LINE-12-CY,PZ,numeric,
F9_01_REV_TOT_PY,F9_01_REV_TOT_PY,F9-P01-T00-SUMMARY,Total revenue - prior year,Total revenue - PY,F990-PC-PART-01-LINE-12-PY,PC,numeric,
F9_01_EXP_GRANT_SIMILAR_CY,F9_01_EXP_GRANT_SIMILAR_CY,F9-P01-T00-SUMMARY,Grants and similar amounts paid - current year,Grants and similar amounts - CY,F990-PC-PART-01-LINE-13-CY,PZ,numeric,
F9_01_EXP_GRANT_SIMILAR_PY,F9_01_EXP_GRANT_SIMILAR_PY,F9-P01-T00-SUMMARY,Grants and similar amounts paid - prior year,Grants and similar amounts - prior year,F990-PC-PART-01-LINE-13-PY,PC,numeric,
F9_01_EXP_BEN_PAID_MEMB_CY,F9_01_EXP_BEN_PAID_MEMB_CY,F9-P01-T00-SUMMARY,Benefits paid to or for members - current year,Benefits paid to or for members,F990-PC-PART-01-LINE-14-CY,PZ,numeric,
F9_01_EXP_BEN_PAID_MEMB_PY,F9_01_EXP_BEN_PAID_MEMB_PY,F9-P01-T00-SUMMARY,Benefits paid to or for members - prior year,Benefits paid to members - PY,F990-PC-PART-01-LINE-14-PY,PC,numeric,
F9_01_EXP_SAL_ETC_CY,F9_01_EXP_SAL_ETC_CY,F9-P01-T00-SUMMARY,"Salaries, other comp., employee benefits - current year","Salaries, other compensation, and employee benefits",F990-PC-PART-01-LINE-15-CY,PZ,numeric,
F9_01_EXP_SAL_ETC_PY,F9_01_EXP_SAL_ETC_PY,F9-P01-T00-SUMMARY,"Salaries, other comp., employee benefits - prior year","Salaries, etc - PY",F990-PC-PART-01-LINE-15-PY,PC,numeric,
F9_01_EXP_PROF_FUNDR_TOT_CY,F9_01_EXP_PROF_FUNDR_TOT_CY,F9-P01-T00-SUMMARY,Professional fundraising fees - current year,Total professional fundraising expense - CY,F990-PC-PART-01-LINE-16A-CY,PC,numeric,
F9_01_EXP_PROF_FUNDR_TOT_PY,F9_01_EXP_PROF_FUNDR_TOT_PY,F9-P01-T00-SUMMARY,Professional fundraising fees - prior year,Total professional fundraising expense - PY,F990-PC-PART-01-LINE-16A-PY,PC,numeric,
F9_01_EXP_FUNDR_TOT_CY,F9_01_EXP_FUNDR_TOT_CY,F9-P01-T00-SUMMARY,Total fundraising expenses - current year,Total fundraising expense - CY,F990-PC-PART-01-LINE-16B-CY,PC,numeric,
F9_01_EXP_OTH_CY,F9_01_EXP_OTH_CY,F9-P01-T00-SUMMARY,Other expenses - current year,Other expenses -CY,F990-PC-PART-01-LINE-17-CY,PZ,numeric,
F9_01_EXP_OTH_CY_V2,F9_01_EXP_OTH_CY_V2,F9-P01-T00-SUMMARY,Other expenses - current year,Other expenses - total - CY,F990-PC-PART-01-LINE-17-CY,PZ,numeric,
F9_01_EXP_OTH_PY,F9_01_EXP_OTH_PY,F9-P01-T00-SUMMARY,Other expenses - prior year,Other expenses - PY,F990-PC-PART-01-LINE-17-PY,PC,numeric,
F9_01_EXP_TOT_CY,F9_01_EXP_TOT_CY,F9-P01-T00-SUMMARY,Total expenses - current year,Total Expenses - CY,F990-PC-PART-01-LINE-18-CY,PZ,numeric,
F9_01_EXP_TOT_PY,F9_01_EXP_TOT_PY,F9-P01-T00-SUMMARY,Total expenses - prior year,Total Expenses - PY,F990-PC-PART-01-LINE-18-PY,PC,numeric,
F9_01_EXP_REV_LESS_EXP_CY,F9_01_EXP_REV_LESS_EXP_CY,F9-P01-T00-SUMMARY,Revenue less expenses - current year,Excess or deficit - CY,F990-PC-PART-01-LINE-19-CY,PZ,numeric,
F9_01_EXP_REV_LESS_EXP_PY,F9_01_EXP_REV_LESS_EXP_PY,F9-P01-T00-SUMMARY,Revenue less expenses - prior year,Revenues less expenses - prior year,F990-PC-PART-01-LINE-19-PY,PC,numeric,
F9_01_NAFB_ASSET_TOT_BOY,F9_01_NAFB_ASSET_TOT_BOY,F9-P01-T00-SUMMARY,Total assets - beginning of year,Total Assets; BOY,F990-PC-PART-01-LINE-20-BOY,PZ,numeric,
F9_01_NAFB_ASSET_TOT_EOY,F9_01_NAFB_ASSET_TOT_EOY,F9-P01-T00-SUMMARY,Total assets - end of year,"Total Assets, EOY",F990-PC-PART-01-LINE-20-EOY,PZ,numeric,
F9_01_NAFB_LIAB_TOT_BOY,F9_01_NAFB_LIAB_TOT_BOY,F9-P01-T00-SUMMARY,Total liabilities - beginning of year,Total Liabilities; BOY,F990-PC-PART-01-LINE-21-BOY,PZ,numeric,
F9_01_NAFB_LIAB_TOT_EOY,F9_01_NAFB_LIAB_TOT_EOY,F9-P01-T00-SUMMARY,Total liabilities - end of year,"Total Liabilities, EOY",F990-PC-PART-01-LINE-21-EOY,PZ,numeric,
F9_01_NAFB_TOT_BOY,F9_01_NAFB_TOT_BOY,F9-P01-T00-SUMMARY,Net assets or fund balances - beginning of year,Net Assets or Fund Balances; BOY,F990-PC-PART-01-LINE-22-BOY,PZ,numeric,
F9_01_NAFB_TOT_EOY,F9_01_NAFB_TOT_EOY,F9-P01-T00-SUMMARY,Net assets or fund balances - end of year,Net assets EOY,F990-PC-PART-01-LINE-22-EOY,PZ,numeric,
F9_01_INFO_SCHED_O_X,F9_01_INFO_SCHED_O_X,F9-P01-T00-SUMMARY-EZ,Schedule O contains response to Part 1 [x],Schedule O contains a response to a question in Part I,F990-EZ-PART-01-LINE-00,EZ,checkbox,
F9_01_EXP_FEE_OTH_PAY_KONTR,F9_01_EXP_FEE_OTH_PAY_KONTR,F9-P01-T00-SUMMARY-EZ,Prof. fees and other payments to independent contractors,Professional fees and other payments to independent contractors,F990-EZ-PART-01-LINE-13,EZ,numeric,
F9_02_DISC_PREP_THIRD_PARTY_X,F9_02_DISC_PREP_THIRD_PARTY_X,F9-P02-T00-SIGNATURE,IRS may discuss return with preparer [x],Indicates whether IRS may discuss return with preparer,F990-PC-PART-02,SG,checkbox,
F9_02_PREP_FIRM_ADDR_CITY,F9_02_PREP_FIRM_ADDR_CITY,F9-P02-T00-SIGNATURE,Preparer firm city,Foreign Address of Preparer Firm (City),F990-PC-PART-02,SG,text,
F9_02_PREP_FIRM_ADDR_CNTR,F9_02_PREP_FIRM_ADDR_CNTR,F9-P02-T00-SIGNATURE,Preparer firm country,Foreign Address of Preparer Firm (Country),F990-PC-PART-02,SG,text,
F9_02_PREP_FIRM_ADDR_L1,F9_02_PREP_FIRM_ADDR_L1,F9-P02-T00-SIGNATURE,Preparer firm street address line 1,Foreign Address of Preparer FIrm (Line 1),F990-PC-PART-02,SG,text,
F9_02_PREP_FIRM_ADDR_L2,F9_02_PREP_FIRM_ADDR_L2,F9-P02-T00-SIGNATURE,Preparer firm street address line 2,Foreign Address of Preparer Firm (Line 2),F990-PC-PART-02,SG,text,
F9_02_PREP_FIRM_ADDR_STATE,F9_02_PREP_FIRM_ADDR_STATE,F9-P02-T00-SIGNATURE,Preparer firm state,Foreign Address of Preparer Firm (Province or State),F990-PC-PART-02,SG,text,
F9_02_PREP_FIRM_ADDR_ZIP,F9_02_PREP_FIRM_ADDR_ZIP,F9-P02-T00-SIGNATURE,Preparer firm zip,Foreign Address of Preparer Firm (Postal Code),F990-PC-PART-02,SG,text,
F9_02_PREP_FIRM_EIN,F9_02_PREP_FIRM_EIN,F9-P02-T00-SIGNATURE,Preparer firm EIN,Employer Identification Number of Preparer Firm,F990-PC-PART-02,SG,text,
F9_02_PREP_FIRM_NAME_L1,F9_02_PREP_FIRM_NAME_L1,F9-P02-T00-SIGNATURE,Preparer firm name line 1,Paid Preparer Firm Name (Line 1),F990-PC-PART-02,SG,text,
F9_02_PREP_FIRM_NAME_L2,F9_02_PREP_FIRM_NAME_L2,F9-P02-T00-SIGNATURE,Preparer firm name line 2,Paid Preparer Firm Name (Line 2),F990-PC-PART-02,SG,text,
F9_02_PREP_PERS_NAME,F9_02_PREP_PERS_NAME,F9-P02-T00-SIGNATURE,Preparer name,Paid Preparer Name,F990-PC-PART-02,SG,text,
F9_02_PREP_PERS_PHONE,F9_02_PREP_PERS_PHONE,F9-P02-T00-SIGNATURE,Preparer phone,Paid Preparer Phone,F990-PC-PART-02,SG,text,
F9_02_PREP_PERS_PTIN,F9_02_PREP_PERS_PTIN,F9-P02-T00-SIGNATURE,Preparer PTIN,Paid Preparer PTIN,F990-PC-PART-02,SG,text,
F9_02_PREP_PERS_SELF_EMPL_X,F9_02_PREP_PERS_SELF_EMPL_X,F9-P02-T00-SIGNATURE,Preparer is self-employed [x],Indicates that Paid Preparer is Self-Employed,F990-PC-PART-02,SG,checkbox,
F9_02_PREP_PERS_SIGNTR_DATE,F9_02_PREP_PERS_SIGNTR_DATE,F9-P02-T00-SIGNATURE,Preparer signature date,Date of Paid Preparer's Signature,F990-PC-PART-02,SG,date,
F9_02_PREP_SELF_EMPL_X,F9_02_PREP_SELF_EMPL_X,F9-P02-T00-SIGNATURE,Preparer is self-employed [x],Indicates that Paid Preparer is Self-Employed,F990-PC-PART-02,SG,checkbox,
F9_02_SIGNING_OFF_NAME,F9_02_SIGNING_OFF_NAME,F9-P02-T00-SIGNATURE,Signing officer name,Signing Officer Name,F990-PC-PART-02,SG,text,
F9_02_SIGNING_OFF_NAME_FIRST,F9_02_SIGNING_OFF_NAME_FIRST,F9-P02-T00-SIGNATURE,Signing officer name,Signing Officer Name,F990-PC-PART-02,SG,text,
F9_02_SIGNING_OFF_NAME_LAST,F9_02_SIGNING_OFF_NAME_LAST,F9-P02-T00-SIGNATURE,Signing officer name,Signing Officer Name,F990-PC-PART-02,SG,text,
F9_02_SIGNING_OFF_PHONE,F9_02_SIGNING_OFF_PHONE,F9-P02-T00-SIGNATURE,Signing officer phone,Signing Officer Phone Number,F990-PC-PART-02,SG,text,
F9_02_SIGNING_OFF_SIGNTR_DATE,F9_02_SIGNING_OFF_SIGNTR_DATE,F9-P02-T00-SIGNATURE,Signing officer signature date,Date of Signing Officer's Signature,F990-PC-PART-02,SG,date,
F9_02_SIGNING_OFF_SSN,F9_02_SIGNING_OFF_SSN,F9-P02-T00-SIGNATURE,Signing officer SSN,Signing officer SSN,F990-PC-PART-02,SG,text,
F9_02_SIGNING_OFF_TITLE,F9_02_SIGNING_OFF_TITLE,F9-P02-T00-SIGNATURE,Signing officer title,Signing Officer Title,F990-PC-PART-02,SG,text,
F9_02_PREP_PERS_SSN,F9_02_PREP_PERS_SSN,F9-P02-T00-SIGNATURE,,,F990-PC-PART-02-LINE-00,PC,text,
F9_03_ORG_MISSION_PURPOSE,F9_03_ORG_MISSION_PURPOSE,F9-P03-T00-MISSION,Organization mission,Organization's Mission/Organization's primary exempt purpose,F990-PC-PART-03-LINE-01,PZ,text,
F9_03_PROG_NEW_X,F9_03_PROG_NEW_X,F9-P03-T00-MISSION,Undertook significant new program services [x],Significant new programs?,F990-PC-PART-03-LINE-02,PZ,checkbox,
F9_03_PROG_CHANGE_X,F9_03_PROG_CHANGE_X,F9-P03-T00-MISSION,Ceased conducting or made significant changes to program services [x],Significant changed programs?,F990-PC-PART-03-LINE-03,PC,checkbox,
F9_03_PROG_CODE,F9_03_PROG_CODE,F9-P03-T00-PROGRAM-ONE,Activity code,IRS990 - Activity code,F990-PC-PART-03-LINE-04-ABCD,PC,text,
F9_03_PROG_DESC,F9_03_PROG_DESC,F9-P03-T01-PROGRAMS-OTHER,Program service accomplishment,Program Accomplishment Description,F990-PC-PART-03-LINE-04-ABCD,PZ,text,
F9_03_PROG_EXP,F9_03_PROG_EXP,F9-P03-T01-PROGRAMS-OTHER,Program accomplishment expenses,Program Accomplishment Expenses,F990-PC-PART-03-LINE-04-ABCD,PZ,numeric,
F9_03_PROG_GRANT,F9_03_PROG_GRANT,F9-P03-T00-PROGRAM-ONE,Program accomplishment grants and allocations to others,Program Accomplishment Grants,F990-PC-PART-03-LINE-04-ABCD,PZ,numeric,
F9_03_PROG_REV,F9_03_PROG_REV,F9-P03-T00-PROGRAM-ONE,Program service accomplishment revenue,Program Accomplishment Revenue,F990-PC-PART-03-LINE-04-ABCD,PC,numeric,
F9_03_INFO_SCHED_O_X,F9_03_INFO_SCHED_O_X,F9-P03-T00-PROGRAMS,Schedule O contains response to Part 3 [x],Was Schedule O used to respond to any part of Part III?,F990-PC-PART-03-LINE-00,PZ,checkbox,
F9_03_PROG_EXP_OTH_TOT,F9_03_PROG_EXP_OTH_TOT,F9-P03-T00-PROGRAMS,Program accomplishment expenses,Total of other program service expense,F990-PC-PART-03-LINE-04-ABCD,PZ,numeric,
F9_03_PROG_GRANT_OTH_TOT,F9_03_PROG_GRANT_OTH_TOT,F9-P03-T00-PROGRAMS,Program accomplishment grants and allocations to others,Total of other program service grants,F990-PC-PART-03-LINE-04-ABCD,PZ,numeric,
F9_03_PROG_REV_OTH_TOT,F9_03_PROG_REV_OTH_TOT,F9-P03-T00-PROGRAMS,Program service accomplishment revenue,Total of other program service revenue,F990-PC-PART-03-LINE-04-ABCD,PC,numeric,
F9_03_PROG_EXP_TOT,F9_03_PROG_EXP_TOT,F9-P03-T00-PROGRAMS,Total program service expenses,Total Program Service Revenue (Accomplishments Summary),F990-PC-PART-03-LINE-04E,PZ,numeric,
F9_03_PROG_GRANT_FRGN_X,F9_03_PROG_GRANT_FRGN_X,F9-P03-T02-PROGRAMS-EZ,Program service accomplishment grant includes foreign grants [x],Were any foreign grants included for this program,F990-PC-PART-03-LINE-04-ABCD,EZ,checkbox,
F9_04_DESC_IN_501C3_X,F9_04_DESC_IN_501C3_X,F9-P04-T00-REQUIRED-SCHEDULES,Described in 501(c)(3) [x],Described in 501(c)(3)?,F990-PC-PART-04-LINE-01,PC,checkbox,
F9_04_SCHED_B_REQ_X,F9_04_SCHED_B_REQ_X,F9-P04-T00-REQUIRED-SCHEDULES,Required to complete Schedule B [x],Indicates Schedule B is required,F990-PC-PART-04-LINE-02,PZ,checkbox,
F9_04_POLI_ACT_X,F9_04_POLI_ACT_X,F9-P04-T00-REQUIRED-SCHEDULES,Engaged in political campaign activities [x],Political activities?,F990-PC-PART-04-LINE-03,PZ,checkbox,
F9_04_LOB_ACT_X,F9_04_LOB_ACT_X,F9-P04-T00-REQUIRED-SCHEDULES,Engaged in lobbying or had a section 501(h) election [x],Lobbying activities?,F990-PC-PART-04-LINE-04,PZ,checkbox,
F9_04_PROXY_TAX_X,F9_04_PROXY_TAX_X,F9-P04-T00-REQUIRED-SCHEDULES,Subject to proxy tax [x],Subject to proxy tax?,F990-PC-PART-04-LINE-05,PZ,checkbox,
F9_04_DAF_X,F9_04_DAF_X,F9-P04-T00-REQUIRED-SCHEDULES,Maintained donor advised funds [x],Donor advised funds?,F990-PC-PART-04-LINE-06,PZ,checkbox,
F9_04_CONSERV_EMT_X,F9_04_CONSERV_EMT_X,F9-P04-T00-REQUIRED-SCHEDULES,Received or held a conservation easement [x],Conservation easements?,F990-PC-PART-04-LINE-07,PC,checkbox,
F9_04_COLLEC_ART_X,F9_04_COLLEC_ART_X,F9-P04-T00-REQUIRED-SCHEDULES,"Maintained collections of art, historical treasures, or other similar assets [x]",Collections of art?,F990-PC-PART-04-LINE-08,PC,checkbox,
F9_04_CREDIT_COUNS_X,F9_04_CREDIT_COUNS_X,F9-P04-T00-REQUIRED-SCHEDULES,"Reported an amount of escrow or custodial account liability, served as a custodian or amounts not listed in Part 10; or provided credit counseling, debt management, credit repair, or debt negotiation services [x]",Credit counseling?,F990-PC-PART-04-LINE-09,PC,checkbox,
F9_04_ENDOW_X,F9_04_ENDOW_X,F9-P04-T00-REQUIRED-SCHEDULES,Held assets in donor-restricted or quasi endowments [x],Term or permanent endowments?,F990-PC-PART-04-LINE-10,PC,checkbox,
F9_04_REP_BALANCE_SHEET_AMT_X,F9_04_REP_BALANCE_SHEET_AMT_X,F9-P04-T00-REQUIRED-SCHEDULES,Reported balance sheet amounts [x],Balance sheet amounts reported?,F990-PC-PART-04-LINE-11,PC,checkbox,
F9_04_REP_LAND_BLDG_EQUIP_X,F9_04_REP_LAND_BLDG_EQUIP_X,F9-P04-T00-REQUIRED-SCHEDULES,"Reported land, buildings, and equipment [x]",Balance sheet land; buildings; equipment amounts reported?,F990-PC-PART-04-LINE-11A,PC,checkbox,
F9_04_REP_INVEST_OTH_SEC_X,F9_04_REP_INVEST_OTH_SEC_X,F9-P04-T00-REQUIRED-SCHEDULES,Reported investments - other securities [x],Balance sheet investments - other securities amounts reported?,F990-PC-PART-04-LINE-11B,PC,checkbox,
F9_04_REP_PROG_RLTD_X,F9_04_REP_PROG_RLTD_X,F9-P04-T00-REQUIRED-SCHEDULES,Reported investments - program related [x],Balance sheet investments - program related amounts reported?,F990-PC-PART-04-LINE-11C,PC,checkbox,
F9_04_REP_OTH_ASSET_X,F9_04_REP_OTH_ASSET_X,F9-P04-T00-REQUIRED-SCHEDULES,Reported other assets [x],Balance sheet other assets amounts reported?,F990-PC-PART-04-LINE-11D,PC,checkbox,
F9_04_REP_OTH_LIAB_X,F9_04_REP_OTH_LIAB_X,F9-P04-T00-REQUIRED-SCHEDULES,Reported other liabilities [x],Balance sheet other liabilities amounts reported?,F990-PC-PART-04-LINE-11E,PC,checkbox,
F9_04_REP_FOOTNOTE_FIN48_X,F9_04_REP_FOOTNOTE_FIN48_X,F9-P04-T00-REQUIRED-SCHEDULES,Included footnote for liability under FIN 48 [x],Balance sheet footnote for liability under FIN 48?,F990-PC-PART-04-LINE-11F,PC,checkbox,
F9_04_AFS_IND_X,F9_04_AFS_IND_X,F9-P04-T00-REQUIRED-SCHEDULES,Obtained audited financial statements [x],Independent audited financial statements?,F990-PC-PART-04-LINE-12A,PC,checkbox,
F9_04_AFS_CONSOL_X,F9_04_AFS_CONSOL_X,F9-P04-T00-REQUIRED-SCHEDULES,Included in consolidated independent audited financial statements [x],Consolidated audited financial statement?,F990-PC-PART-04-LINE-12B,PC,checkbox,
F9_04_SCHOOL_X,F9_04_SCHOOL_X,F9-P04-T00-REQUIRED-SCHEDULES,School [x],IRS990 - School?,F990-PC-PART-04-LINE-13,PZ,checkbox,
F9_04_FRGN_OFFICE_X,F9_04_FRGN_OFFICE_X,F9-P04-T00-REQUIRED-SCHEDULES,Maintained a foreign office [x],Foreign office?,F990-PC-PART-04-LINE-14A,PZ,checkbox,
F9_04_FRGN_ACT_X,F9_04_FRGN_ACT_X,F9-P04-T00-REQUIRED-SCHEDULES,"Aggregated revenues or expenses of more than $10,000 from grantmaking, fundraising, business, investment, and program service activities outside the US, or aggregated foreign investments valued at $100,000 or more [x]",Foreign activities; etc?,F990-PC-PART-04-LINE-14B,PC,checkbox,
F9_04_GRANT_MT_5K_FRGN_ORG_X,F9_04_GRANT_MT_5K_FRGN_ORG_X,F9-P04-T00-REQUIRED-SCHEDULES,"Reported more than $5,000 to or for any foreign organization [x]",More than $5000 to organizations Part IX; line 3?,F990-PC-PART-04-LINE-15,PC,checkbox,
F9_04_GRANT_MT_5K_FRGN_INDIV_X,F9_04_GRANT_MT_5K_FRGN_INDIV_X,F9-P04-T00-REQUIRED-SCHEDULES,"Reported more than $5,000 to or for foreign individuals [x]",More than $5000 to individuals Part IX; line 3?,F990-PC-PART-04-LINE-16,PC,checkbox,
F9_04_PROF_FUNDR_X,F9_04_PROF_FUNDR_X,F9-P04-T00-REQUIRED-SCHEDULES,"Reported more than $15,000 for professional fundraising services [x]",Professional fundraising?,F990-PC-PART-04-LINE-17,PC,checkbox,
F9_04_FUNDR_ACT_X,F9_04_FUNDR_ACT_X,F9-P04-T00-REQUIRED-SCHEDULES,"Reported more than $15,000 gross income and contributions from fundraising events [x]",Fundraising activities?,F990-PC-PART-04-LINE-18,PC,checkbox,
F9_04_GAMING_X,F9_04_GAMING_X,F9-P04-T00-REQUIRED-SCHEDULES,"Reported more than $15,000 gross income and contributions from gaming activity [x]",Special events Indicates revenue from gaming,F990-PC-PART-04-LINE-19,PZ,checkbox,
F9_04_HOSPITAL_X,F9_04_HOSPITAL_X,F9-P04-T00-REQUIRED-SCHEDULES,Hospital [x],IRS990 - Hospital?,F990-PC-PART-04-LINE-20A,PZ,checkbox,
F9_04_HOSPITAL_AFS_X,F9_04_HOSPITAL_AFS_X,F9-P04-T00-REQUIRED-SCHEDULES,Hospital and attached audited financial statements [x],Audited financial statements?,F990-PC-PART-04-LINE-20B,PC,checkbox,
F9_04_GRANT_MT_5K_US_INDIV_X,F9_04_GRANT_MT_5K_US_INDIV_X,F9-P04-T00-REQUIRED-SCHEDULES,"Reported more than $5,000 to or for domestic individuals [x]",Grants to individuals?,F990-PC-PART-04-LINE-22,PC,checkbox,
F9_04_GRANT_MT_5K_US_ORG_X,F9_04_GRANT_MT_5K_US_ORG_X,F9-P04-T00-REQUIRED-SCHEDULES,"Reported more than $5,000 to domestic organizations or government [x]",Grants to organizations?,F990-PC-PART-04-LINE-21,PC,checkbox,
F9_04_COMP_DTK_YES_X,F9_04_COMP_DTK_YES_X,F9-P04-T00-REQUIRED-SCHEDULES,Required to complete Schedule J [x],"PartVII; Lines 3; 4; or 5 = ""Yes""?",F990-PC-PART-04-LINE-23,PC,checkbox,
F9_04_TAX_EXEMPT_BOND_X,F9_04_TAX_EXEMPT_BOND_X,F9-P04-T00-REQUIRED-SCHEDULES,"Had a tax-exempt bond with an outstanding principal of more than $100,000 [x]",Tax exempt bonds?,F990-PC-PART-04-LINE-24A,PC,checkbox,
F9_04_TAX_EXEMPT_BOND_INVEST_X,F9_04_TAX_EXEMPT_BOND_INVEST_X,F9-P04-T00-REQUIRED-SCHEDULES,Invested proceeds of tax-exempt bonds [x],Investment income?,F990-PC-PART-04-LINE-24B,PC,checkbox,
F9_04_TAX_EXEMPT_BOND_ISSUER_X,F9_04_TAX_EXEMPT_BOND_ISSUER_X,F9-P04-T00-REQUIRED-SCHEDULES,"Acted as an ""on behalf of"" issuer [x]","Did the organization act as an ""on behalf of"" issuer for bonds outstanding at any time during the year?",F990-PC-PART-04-LINE-24D,PC,checkbox,
F9_04_TAX_EXEMPT_BOND_ESCROW_X,F9_04_TAX_EXEMPT_BOND_ESCROW_X,F9-P04-T00-REQUIRED-SCHEDULES,Maintained an escrow account [x],Escrow account?,F990-PC-PART-04-LINE-24C,PC,checkbox,
F9_04_TRANSAC_ENGAGED_X,F9_04_TRANSAC_ENGAGED_X,F9-P04-T00-REQUIRED-SCHEDULES,Engaged in excess benefit transaction - current year [x],Did the organization engage in an excess benefit transaction with a disqualified person during the year?,F990-PC-PART-04-LINE-25A,PZ,checkbox,
F9_04_TRANSAC_PY_X,F9_04_TRANSAC_PY_X,F9-P04-T00-REQUIRED-SCHEDULES,Engaged in excess benefit transaction - prior year [x],"Is the organization aware that it engaged in an excess benefit transaction with a disqualified person in a prior year, and that the transaction has not been reported on any of the organization's prior Forms 990 or 990-EZ?",F990-PC-PART-04-LINE-25B,PC,checkbox,
F9_04_LOAN_DTK_X,F9_04_LOAN_DTK_X,F9-P04-T00-REQUIRED-SCHEDULES,"Reported loans to or from current or former officers, directors, trustees, or key employees; or had outstanding loans [x]",Did the organization borrow from; or make any loans to; any officer; director; trustee; or key employee or were any such loans made in a prior year and still unpaid at the start of the period caovered by this return?,F990-PC-PART-04-LINE-26,PZ,checkbox,
F9_04_GRANT_RLTD_PERS_X,F9_04_GRANT_RLTD_PERS_X,F9-P04-T00-REQUIRED-SCHEDULES,"Provided grants to current or former officers, directors, trustees, key employees, creators or founders, or substantial contributors, or their family members or controlled entities [x]","Did the organization provide a grant or other asistance to an officer, director, trustee, key employee, substantial contributor or employee thereof, a grant selection committee member, or to a 35% controlled entity or family member or any of these persons?",F990-PC-PART-04-LINE-27,PC,checkbox,
F9_04_BIZ_TRANSAC_DTK_X,F9_04_BIZ_TRANSAC_DTK_X,F9-P04-T00-REQUIRED-SCHEDULES,"Was party to a business transaction with a current or former officer, director, trustee, key employee, creator or founder, or substantial contributor [x]","Was the organization a party to a business transaction with one of the following parties: A current former officer, director, trustee, or key employee?",F990-PC-PART-04-LINE-28A,PC,checkbox,
F9_04_BIZ_TRANSAC_DTK_FAM_X,F9_04_BIZ_TRANSAC_DTK_FAM_X,F9-P04-T00-REQUIRED-SCHEDULES,"Was party to a business transaction with a family member of a current or former officer, director, trustee, key employee, creator or founder, or substantial contributor [x]","Was the organization a party to a business transaction with one of the following parties: A family member of a current or former officer, director, trustee, or key employee?",F990-PC-PART-04-LINE-28B,PC,checkbox,
F9_04_BIZ_TRANSAC_DTK_ENTITY_X,F9_04_BIZ_TRANSAC_DTK_ENTITY_X,F9-P04-T00-REQUIRED-SCHEDULES,"Was party to a business transaction with a controlled entity of a current or former officer, director, trustee, key employee, creator or founder, or substantial contributor [x]","Was the organization a party to a business transaction with one of the following parties: An entity of which a current or former officer, director, trustee, or key employee (or a family member thereof) was an officer, director, trustee, or direct, or indirect owner?",F990-PC-PART-04-LINE-28C,PC,checkbox,
F9_04_CONTR_NONCSH_MT_25K_X,F9_04_CONTR_NONCSH_MT_25K_X,F9-P04-T00-REQUIRED-SCHEDULES,"Received more than $25,000 in non-cash contributions [x]","Did the organization receive more than $25,000 in non-cash contributions?",F990-PC-PART-04-LINE-29,PC,checkbox,
F9_04_CONTR_ART_HIST_X,F9_04_CONTR_ART_HIST_X,F9-P04-T00-REQUIRED-SCHEDULES,"Received contributions of art, historical treasures, or other similar assets, or qualified conservation contributions [x]","Did the organization receive contributions of art, historical treasures, or other similar assets, or qualified conservation contributions?",F990-PC-PART-04-LINE-30,PC,checkbox,
F9_04_LTD_X,F9_04_LTD_X,F9-P04-T00-REQUIRED-SCHEDULES,"Liquidated, terminated, or dissolved and ceased operations [x]","Did the organization liquidate, terminate, or dissolve and cease operations? (F990-PC-PART-04-LINE-31-32-COMBINED: F990-EZ-PART-05-LINE-36)",F990-PC-PART-04-LINE-31,PZ,checkbox,
F9_04_LTD_DOA_X,F9_04_LTD_DOA_X,F9-P04-T00-REQUIRED-SCHEDULES,Discontinued operations or disposed of more than 25% of net assets [x],Discontinued ops or disposed 25pct assets (F990-PC-PART-04-LINE-31-32-COMBINED: F990-EZ-PART-05-LINE-36),F990-PC-PART-04-LINE-31-32,PZ,checkbox,
F9_04_DOA_X,F9_04_DOA_X,F9-P04-T00-REQUIRED-SCHEDULES,Disposed of more than 25% of net assets [x],"Did the organization sell, exchange, dispose of, or transfer more than 25% of its net assets? (F990-PC-PART-04-LINE-31-32-COMBINED: F990-EZ-PART-05-LINE-36)",F990-PC-PART-04-LINE-32,PZ,checkbox,
F9_04_ENTITY_DISREG_X,F9_04_ENTITY_DISREG_X,F9-P04-T00-REQUIRED-SCHEDULES,Owned 100% of a separate disregarded entity [x],Did the organization own 100% of an entity disregarded as sperate from the organization under Regulations sections 301.7701.2 and 301.7701-3?,F990-PC-PART-04-LINE-33,PC,checkbox,
F9_04_ENTITY_RLTD_X,F9_04_ENTITY_RLTD_X,F9-P04-T00-REQUIRED-SCHEDULES,Was related to any tax-exempt or taxable entity [x],Was the organization related to anytax-exempt or taxable entity?,F990-PC-PART-04-LINE-34,PC,checkbox,
F9_04_ENTITY_CTRL_X,F9_04_ENTITY_CTRL_X,F9-P04-T00-REQUIRED-SCHEDULES,Had a controlled entity [x],Did the organization have a controlled entity within the meaning of section 512(b)(13)?,F990-PC-PART-04-LINE-35A,PZ,checkbox,
F9_04_ENTITY_CTRL_TRANSAC_X,F9_04_ENTITY_CTRL_TRANSAC_X,F9-P04-T00-REQUIRED-SCHEDULES,Engaged in transactions with a controlled entity [x],Did the organization have a controlled entity within the meaning of section 512(b)(13)?,F990-PC-PART-04-LINE-35B,PZ,checkbox,
F9_04_TRANSFER_EXEMPT_ORG_X,F9_04_TRANSFER_EXEMPT_ORG_X,F9-P04-T00-REQUIRED-SCHEDULES,Made transfers to an exempt non-charitable related organization [x],Did the organization make any transfers to an exempt non-charitable related organization?,F990-PC-PART-04-LINE-36,PZ,checkbox,
F9_04_PTR_ACT_X,F9_04_PTR_ACT_X,F9-P04-T00-REQUIRED-SCHEDULES,Conducted more than 5% of activities through non-related partner [x],Did the organization conduct more than 5% of its activities through an entity that is not a related organization and thatis treated as a partnership for federal income tax purposes?,F990-PC-PART-04-LINE-37,PC,checkbox,
F9_04_SCHED_O_REQ_X,F9_04_SCHED_O_REQ_X,F9-P04-T00-REQUIRED-SCHEDULES,Completed Schedule O and explained Part VI lines 11b and 19 [x],"Did the organization complete Schedule O and provide explanatios in Schedule O for Part VI, lines 11b and 19?",F990-PC-PART-04-LINE-38,PC,checkbox,
F9_04_LOAN_DTK_AMT,F9_04_LOAN_DTK_AMT,F9-P04-T00-REQUIRED-SCHEDULES-EZ,"Loans to or from officers, directors, trustees, or key employees",Did the organization file Form 1120-POL for this year?,F990-EZ-PART-05-LINE-38B,EZ,numeric,
F9_04_FRGN_OFFICE_CNTR,F9_04_FRGN_OFFICE_CNTR,F9-P04-T00-REQUIRED-SCHEDULES-EZ,Foreign office country,Name of foreign country,F990-EZ-PART-05-LINE-42C,EZ,text,TRUE
F9_04_RLTD_ORG_527_X,F9_04_RLTD_ORG_527_X,F9-P04-T00-REQUIRED-SCHEDULES-EZ,Made transfers to an exempt non-charitable related section 527 organization [x],"If ""Yes;"" was the related organization(s) a section 527 organization?",F990-EZ-PART-06-LINE-49B,EZ,checkbox,
F9_05_INFO_SCHED_O_X,F9_05_INFO_SCHED_O_X,F9-P05-T00-OTHER-IRS-FILING,Schedule O contains response to Part 5 [x],Does Schedule O contains a response to a question in Part V?,F990-PC-PART-05-LINE-00,PZ,checkbox,
F9_05_NUM_FORM_1096_BOX_3,F9_05_NUM_FORM_1096_BOX_3,F9-P05-T00-OTHER-IRS-FILING,Number reported in box 3 of Form 1096,Number forms transmitted with 1096,F990-PC-PART-05-LINE-01A,PC,numeric,
F9_05_NUM_FORM_W2G,F9_05_NUM_FORM_W2G,F9-P05-T00-OTHER-IRS-FILING,Number of Forms W-2G included on line 1a,Number W-2Gs included in 1a,F990-PC-PART-05-LINE-01B,PC,numeric,
F9_05_COMPLY_BACKUP_WITHHOLD_X,F9_05_COMPLY_BACKUP_WITHHOLD_X,F9-P05-T00-OTHER-IRS-FILING,Complied with backup withholding rules [x],Compliance with backup witholding?,F990-PC-PART-05-LINE-01C,PC,checkbox,
F9_05_NUM_EMPL,F9_05_NUM_EMPL,F9-P05-T00-OTHER-IRS-FILING,Number of employees on Form W-3,Number of employees on Form W-3,F990-PC-PART-05-LINE-02A,PC,numeric,
F9_05_EMPL_TAX_RETURN_FILED_X,F9_05_EMPL_TAX_RETURN_FILED_X,F9-P05-T00-OTHER-IRS-FILING,Filed all required federal employment tax returns [x],Employment tax returns filed?,F990-PC-PART-05-LINE-02B,PC,checkbox,
F9_05_UBIZ_IMCOME_OVER_LIMIT_X,F9_05_UBIZ_IMCOME_OVER_LIMIT_X,F9-P05-T00-OTHER-IRS-FILING,"Had unrelated business gross income of $1,000 or more [x]",Unrelated business income?,F990-PC-PART-05-LINE-03A,PZ,checkbox,
F9_05_UBIZ_FORM_990T_FILED_X,F9_05_UBIZ_FORM_990T_FILED_X,F9-P05-T00-OTHER-IRS-FILING,Filed a Form 990-T [x],Form 990-T filed?,F990-PC-PART-05-LINE-03B,PZ,checkbox,
F9_05_FRGN_FIN_ACC_X,F9_05_FRGN_FIN_ACC_X,F9-P05-T00-OTHER-IRS-FILING,Had a foreign financial account [x],Foreign financial account?,F990-PC-PART-05-LINE-04A,PZ,checkbox,
F9_05_FRGN_FIN_ACC_CNTR,F9_05_FRGN_FIN_ACC_CNTR,F9-P05-T00-OTHER-IRS-FILING,Foreign financial account country,Name of foreign country,F990-PC-PART-05-LINE-04B,PZ,text,TRUE
F9_05_PTST_X,F9_05_PTST_X,F9-P05-T00-OTHER-IRS-FILING,Party to a prohibited tax shelter transaction [x],Prohibited tax shelter transaction?,F990-PC-PART-05-LINE-05A,PZ,checkbox,
F9_05_PTST_PARTY_NOTIFY_X,F9_05_PTST_PARTY_NOTIFY_X,F9-P05-T00-OTHER-IRS-FILING,Notified by taxable party of being party to a prohibited tax shelter transaction [x],Taxable party notification?,F990-PC-PART-05-LINE-05B,PC,checkbox,
F9_05_PTST_FORM_8886T_FILED_X,F9_05_PTST_FORM_8886T_FILED_X,F9-P05-T00-OTHER-IRS-FILING,Filed Form 8886-T [x],Form 8886-T filed?,F990-PC-PART-05-LINE-05C,PC,checkbox,
F9_05_NONDEDUCT_CONTR_X,F9_05_NONDEDUCT_CONTR_X,F9-P05-T00-OTHER-IRS-FILING,Solicited non-deductible contributions [x],Non-deductible contributions?,F990-PC-PART-05-LINE-06A,PC,checkbox,
F9_05_NONDEDUCT_CONTR_NOTIFY_X,F9_05_NONDEDUCT_CONTR_NOTIFY_X,F9-P05-T00-OTHER-IRS-FILING,Included express statements with solicitations of non-deductible contributions [x],Non-deductible disclosure?,F990-PC-PART-05-LINE-06B,PC,checkbox,
F9_05_170C_QUID_PRO_QUO_CONTR_X,F9_05_170C_QUID_PRO_QUO_CONTR_X,F9-P05-T00-OTHER-IRS-FILING,"Received payment over $75, partly as contribution and partly for goods and services [x]",Quid pro quo contributions?,F990-PC-PART-05-LINE-07A,PC,checkbox,
F9_05_170C_QUID_PRO_QUO_NOTIFY_X,F9_05_170C_QUID_PRO_QUO_NOTIFY_X,F9-P05-T00-OTHER-IRS-FILING,Notified donor of the value of goods and services provided [x],Quid pro quo disclosure?,F990-PC-PART-05-LINE-07B,PC,checkbox,
F9_05_170C_FORM_8282_REQ_X,F9_05_170C_FORM_8282_REQ_X,F9-P05-T00-OTHER-IRS-FILING,Required to file Form 8282 [x],Form 8282 required?,F990-PC-PART-05-LINE-07C,PC,checkbox,
F9_05_170C_NUM_FORM_8282_FILED_X,F9_05_170C_NUM_FORM_8282_FILED_X,F9-P05-T00-OTHER-IRS-FILING,Number of Forms 8282 filed,Number of 8282s filed,F990-PC-PART-05-LINE-07D,PC,numeric,
F9_05_170C_FUNDS_FOR_PREMIUM_X,F9_05_170C_FUNDS_FOR_PREMIUM_X,F9-P05-T00-OTHER-IRS-FILING,Received funds to pay premiums on a personal benefit contract [x],Funds to pay premiums?,F990-PC-PART-05-LINE-07E,PC,checkbox,
F9_05_170C_PREMIUM_PAID_X,F9_05_170C_PREMIUM_PAID_X,F9-P05-T00-OTHER-IRS-FILING,Paid premiums on a personal benefit contract [x],Premiums paid?,F990-PC-PART-05-LINE-07F,PC,checkbox,
F9_05_170C_FORM_8899_FILED_X,F9_05_170C_FORM_8899_FILED_X,F9-P05-T00-OTHER-IRS-FILING,Filed Form 8899 [x],Form 8899 filed?,F990-PC-PART-05-LINE-07G,PC,checkbox,
F9_05_170C_FORM_1098C_FILED_X,F9_05_170C_FORM_1098C_FILED_X,F9-P05-T00-OTHER-IRS-FILING,Filed Form 1098-C [x],Form 1098-C filed?,F990-PC-PART-05-LINE-07H,PC,checkbox,
F9_05_DAF_EXCESS_BIZ_HOLDING_X,F9_05_DAF_EXCESS_BIZ_HOLDING_X,F9-P05-T00-OTHER-IRS-FILING,Maintained donor advised fund with excess business holdings [x],Donor advised fund have excess business holdings?,F990-PC-PART-05-LINE-08,PC,checkbox,
F9_05_DAF_TAXABLE_DIST_X,F9_05_DAF_TAXABLE_DIST_X,F9-P05-T00-OTHER-IRS-FILING,Made taxable distributions [x],DAFs - Taxable distributions?,F990-PC-PART-05-LINE-09A,PC,checkbox,
F9_05_DAF_DIST_DONOR_X,F9_05_DAF_DIST_DONOR_X,F9-P05-T00-OTHER-IRS-FILING,"Made taxable distributions to a donor, donor advisor, or related person [x]",DAFs - Distribution to donor?,F990-PC-PART-05-LINE-09B,PC,checkbox,
F9_05_501C7_INITIATION_FEES,F9_05_501C7_INITIATION_FEES,F9-P05-T00-OTHER-IRS-FILING,Initiation fees and capital contributions,501(c)(7) orgs: Initiation fees and capital contributions included on line 9,F990-PC-PART-05-LINE-10A,PZ,numeric,
F9_05_501C7_GRO_RCPT_PUB_USE,F9_05_501C7_GRO_RCPT_PUB_USE,F9-P05-T00-OTHER-IRS-FILING,Gross receipts for public use of club facilities,"501(c)(7) orgs: Gross receipts, included on line 9, for public use of club facilities",F990-PC-PART-05-LINE-10B,PZ,numeric,
F9_05_501C12_GRO_INCOME_MEMB,F9_05_501C12_GRO_INCOME_MEMB,F9-P05-T00-OTHER-IRS-FILING,Gross income from members or shareholders,Gross income from members,F990-PC-PART-05-LINE-11A,PC,numeric,
F9_05_501C12_GRO_INCOME_OTH,F9_05_501C12_GRO_INCOME_OTH,F9-P05-T00-OTHER-IRS-FILING,Gross income from other sources,"Gross income, other sources",F990-PC-PART-05-LINE-11B,PC,numeric,
F9_05_4947_FORM_990_FILED_1041_X,F9_05_4947_FORM_990_FILED_1041_X,F9-P05-T00-OTHER-IRS-FILING,Filing Form 990 in lieu of Form 1041 [x],Filed 990 in lieu of 1041?,F990-PC-PART-05-LINE-12A,PZ,checkbox,
F9_05_4947_TAX_EXEMPT_INT_AMT,F9_05_4947_TAX_EXEMPT_INT_AMT,F9-P05-T00-OTHER-IRS-FILING,Tax-exempt interest,Indicates section 4947(a)(1) nonexempt charitable trusts filing Form 990 in lieu of Form 1041,F990-PC-PART-05-LINE-12B,PZ,numeric,
F9_05_501C29_LIC_HEALTH_PLAN_X,F9_05_501C29_LIC_HEALTH_PLAN_X,F9-P05-T00-OTHER-IRS-FILING,Licensed to issue qualified health plans in more than one state [x],Is the organization licensed to issue qualified health plans in more than one state?,F990-PC-PART-05-LINE-13A,PC,checkbox,
F9_05_501C29_STATE_RESERVE_AMT,F9_05_501C29_STATE_RESERVE_AMT,F9-P05-T00-OTHER-IRS-FILING,State required reserves,State required reserves amount,F990-PC-PART-05-LINE-13B,PC,numeric,
F9_05_501C29_RESERVE_MAINT_AMT,F9_05_501C29_RESERVE_MAINT_AMT,F9-P05-T00-OTHER-IRS-FILING,Reserves on hand,Reserves maintained amount,F990-PC-PART-05-LINE-13C,PC,numeric,
F9_05_TANNING_SVC_PROV_X,F9_05_TANNING_SVC_PROV_X,F9-P05-T00-OTHER-IRS-FILING,Received payments for indoor tanning services [x],Payments received for indoor tanning services?,F990-PC-PART-05-LINE-14A,PZ,checkbox,
F9_05_TANNING_FORM_720_FILED_X,F9_05_TANNING_FORM_720_FILED_X,F9-P05-T00-OTHER-IRS-FILING,Filed a Form 720 [x],Form 720 filed and taxes paid on indoor tanning services?,F990-PC-PART-05-LINE-14B,PZ,checkbox,
F9_05_HIGH_RENUM_TAX_X,F9_05_HIGH_RENUM_TAX_X,F9-P05-T00-OTHER-IRS-FILING,Subject to the section 4960 tax on high renumeration?,"Is the organization subject to the section 4960 tax on payment(s) of more than $1,000,000 in remuneration or excess parachute payment(s) during the year? If ""Yes,"" see the instructions and file Form 4720, Schedule N.",F990-PC-PART-05-LINE-15,PC,checkbox,
F9_05_EXCISE_TAX_INVEST_X,F9_05_EXCISE_TAX_INVEST_X,F9-P05-T00-OTHER-IRS-FILING,Subject to excise tax on net investment income?,"Is the organization an educational institution subject to the section 4968 excise tax on net investment income? If ""Yes,"" complete Form 4720, Schedule O.",F990-PC-PART-05-LINE-16,PC,checkbox,
F9_05_EXCISE_TAX_X,F9_05_EXCISE_TAX_X,F9-P05-T00-OTHER-IRS-FILING,Excise tax activities,"Section 501(c)(21) organizations. Did the trust, or any disqualified or other person, engage in any activities that would result in the imposition of an excise tax under section 4951, 4952, or 4953?",F990-PC-PART-05-LINE-17,PC,checkbox,
F9_06_INFO_SCHED_O_X,F9_06_INFO_SCHED_O_X,F9-P06-T00-GOVERNANCE,Schedule O contains response to Part 6 (PC) or Part 5 (EZ) [x],Schedule O contains a response to a question in Part VI,F990-PC-PART-06-LINE-00,PZ,checkbox,
F9_06_GVRN_NUM_VOTING_MEMB,F9_06_GVRN_NUM_VOTING_MEMB,F9-P06-T00-GOVERNANCE,Number of voting members of governing body,Number of voting governing body members,F990-PC-PART-06-SECTION-A-LINE-01A,PC,numeric,
F9_06_GVRN_NUM_VOTING_MEMB_IND,F9_06_GVRN_NUM_VOTING_MEMB_IND,F9-P06-T00-GOVERNANCE,Number of independent voting members of governing body,Number of independent voting members,F990-PC-PART-06-SECTION-A-LINE-01B,PC,numeric,
F9_06_GVRN_DTK_FAMBIZ_RELATION_X,F9_06_GVRN_DTK_FAMBIZ_RELATION_X,F9-P06-T00-GOVERNANCE,"Family or business relationships within officers, directors, trustees, or key employees [x]","Officer, director, trustee, or key employee has family or business relationship with other officer, directore, trustee, or key employee?",F990-PC-PART-06-SECTION-A-LINE-02,PC,checkbox,
F9_06_GVRN_DELEGATE_MGMT_DUTY_X,F9_06_GVRN_DELEGATE_MGMT_DUTY_X,F9-P06-T00-GOVERNANCE,Delegated control over management duties [x],Delegation of management duties?,F990-PC-PART-06-SECTION-A-LINE-03,PC,checkbox,
F9_06_GVRN_CHANGE_DOC_X,F9_06_GVRN_CHANGE_DOC_X,F9-P06-T00-GOVERNANCE,Made significant changes to governing documents [x],Were any changes made in the organizing or governing documents but not reported to the IRS?,F990-PC-PART-06-SECTION-A-LINE-04,PZ,checkbox,
F9_06_GVRN_ASSET_DIVERSION_X,F9_06_GVRN_ASSET_DIVERSION_X,F9-P06-T00-GOVERNANCE,Became aware of a significant diversion of assets [x],Organization became aware of significant diversion of assets?,F990-PC-PART-06-SECTION-A-LINE-05,PC,checkbox,
F9_06_GVRN_MEMB_STCKHLDR_X,F9_06_GVRN_MEMB_STCKHLDR_X,F9-P06-T00-GOVERNANCE,Had members or stockholders [x],Organization has members or stockholders?,F990-PC-PART-06-SECTION-A-LINE-06,PC,checkbox,
F9_06_GVRN_PERS_ELECT_MEMB_X,F9_06_GVRN_PERS_ELECT_MEMB_X,F9-P06-T00-GOVERNANCE,Had members or stockholders with the power to elect or appoint governing body members [x],Organization has persons who had power to elect or appoint board members?,F990-PC-PART-06-SECTION-A-LINE-07A,PC,checkbox,
F9_06_GVRN_DECISION_APPROV_X,F9_06_GVRN_DECISION_APPROV_X,F9-P06-T00-GOVERNANCE,Governance decisions are subject to approval by people outside of governing body [x],Governance decisions subject to approval by others outside governing body?,F990-PC-PART-06-SECTION-A-LINE-07B,PC,checkbox,
F9_06_GVRN_DOC_GVRN_BODY_X,F9_06_GVRN_DOC_GVRN_BODY_X,F9-P06-T00-GOVERNANCE,Documented governing body meeting minutes [x],Organization documents minutes of governing body?,F990-PC-PART-06-SECTION-A-LINE-08A,PC,checkbox,
F9_06_GVRN_DOC_COMMITTEE_X,F9_06_GVRN_DOC_COMMITTEE_X,F9-P06-T00-GOVERNANCE,Documented each committee's meeting minutes [x],Organization documents inutes of committees acting on behalf of governing body?,F990-PC-PART-06-SECTION-A-LINE-08B,PC,checkbox,
F9_06_GVRN_DTK_NO_MAILING_ADDR_X,F9_06_GVRN_DTK_NO_MAILING_ADDR_X,F9-P06-T00-GOVERNANCE,"Officer, direct, trustee, or key employee cannot be reached at organization mailing address [x]","Any officer, director, trustee or key employee who cannot be reached at organization's mailing address?",F990-PC-PART-06-SECTION-A-LINE-09,PC,checkbox,
F9_06_POLICY_CHPTR_AFFIL_X,F9_06_POLICY_CHPTR_AFFIL_X,F9-P06-T00-GOVERNANCE,"Had local chapters, branches, or affiliates [x]","Did the organization have local chapters, branches, or affiliates?",F990-PC-PART-06-SECTION-B-LINE-10A,PC,checkbox,
F9_06_POLICY_CHPTR_REFERENCE_X,F9_06_POLICY_CHPTR_REFERENCE_X,F9-P06-T00-GOVERNANCE,"Had written policies governing chapters, affiliates, and branches [x]","Does the organization have written policies to govern activites of chapters, affiliates, and branches?",F990-PC-PART-06-SECTION-B-LINE-10B,PC,checkbox,
F9_06_POLICY_FORM990_GVRN_BODY_X,F9_06_POLICY_FORM990_GVRN_BODY_X,F9-P06-T00-GOVERNANCE,Provided this completed Form 990 to governing body members [x],Form 990 provided to governing body?,F990-PC-PART-06-SECTION-B-LINE-11A,PC,checkbox,
F9_06_POLICY_COI_X,F9_06_POLICY_COI_X,F9-P06-T00-GOVERNANCE,Had a written conflict of interest policy [x],Organization have conflict of interest policy?,F990-PC-PART-06-SECTION-B-LINE-12A,PC,checkbox,
F9_06_POLICY_COI_DISCLOSURE_X,F9_06_POLICY_COI_DISCLOSURE_X,F9-P06-T00-GOVERNANCE,"Required officers, directors, or trustees, and key employees to annually disclose conflicts of interest [x]",Annual disclosure of interests by covered persons?,F990-PC-PART-06-SECTION-B-LINE-12B,PC,checkbox,
F9_06_POLICY_COI_MONITOR_X,F9_06_POLICY_COI_MONITOR_X,F9-P06-T00-GOVERNANCE,Regularly and closely monitored and enforced conflict of interest policy [x],Regular monitoring and enforcement of conflict of interest policy?,F990-PC-PART-06-SECTION-B-LINE-12C,PC,checkbox,
F9_06_POLICY_WHSTLBLWR_X,F9_06_POLICY_WHSTLBLWR_X,F9-P06-T00-GOVERNANCE,Had a written whistleblower policy [x],Did the organization have a written whistleblower policy?,F990-PC-PART-06-SECTION-B-LINE-13,PC,checkbox,
F9_06_POLICY_DOC_RETENTION_X,F9_06_POLICY_DOC_RETENTION_X,F9-P06-T00-GOVERNANCE,Had a written document retention or destruction policy [x],Organization has written document retention policy?,F990-PC-PART-06-SECTION-B-LINE-14,PC,checkbox,
F9_06_POLICY_COMP_PROCESS_CEO_X,F9_06_POLICY_COMP_PROCESS_CEO_X,F9-P06-T00-GOVERNANCE,Included an independent review process in determining CEO compensation [x],Compensation process CEO?,F990-PC-PART-06-SECTION-B-LINE-15A,PC,checkbox,
F9_06_POLICY_COMP_PROCESS_OTH_X,F9_06_POLICY_COMP_PROCESS_OTH_X,F9-P06-T00-GOVERNANCE,Included an independent review process in determining officer and key employee compensation [x],Compensation process other?,F990-PC-PART-06-SECTION-B-LINE-15B,PC,checkbox,
F9_06_POLICY_JV_X,F9_06_POLICY_JV_X,F9-P06-T00-GOVERNANCE,"Invested in, contributed assets to, or participated in a joint venture or similar arrangement with a taxable entity [x]",Organization has investment in joint venture?,F990-PC-PART-06-SECTION-B-LINE-16A,PC,checkbox,
F9_06_POLICY_JV_PROC_X,F9_06_POLICY_JV_PROC_X,F9-P06-T00-GOVERNANCE,Followed a written policy or procedure to evaluate participation in joint venture arrangements [x],Written policy or procedure governing its joint venture?,F990-PC-PART-06-SECTION-B-LINE-16B,PC,checkbox,
F9_06_DISCLOSURE_STATES_FILED,F9_06_DISCLOSURE_STATES_FILED,F9-P06-T00-GOVERNANCE,States where required to file Form 990,States where return filed,F990-PC-PART-06-SECTION-C-LINE-17,PZ,text,TRUE
F9_06_DISCLOSURE_AVBL_OTH_WEB_X,F9_06_DISCLOSURE_AVBL_OTH_WEB_X,F9-P06-T00-GOVERNANCE,Another's website [x],Form available on another's website,F990-PC-PART-06-SECTION-C-LINE-18,PC,checkbox,
F9_06_DISCLOSURE_AVBL_OTH_X,F9_06_DISCLOSURE_AVBL_OTH_X,F9-P06-T00-GOVERNANCE,Available in another location [x],Form available Other (explain in Schedule O),F990-PC-PART-06-SECTION-C-LINE-18,PC,checkbox,
F9_06_DISCLOSURE_AVBL_OWN_WEB_X,F9_06_DISCLOSURE_AVBL_OWN_WEB_X,F9-P06-T00-GOVERNANCE,Own website [x],Form available on own website,F990-PC-PART-06-SECTION-C-LINE-18,PC,checkbox,
F9_06_DISCLOSURE_AVBL_REQUEST_X,F9_06_DISCLOSURE_AVBL_REQUEST_X,F9-P06-T00-GOVERNANCE,Available upon request [x],Form available upon request,F990-PC-PART-06-SECTION-C-LINE-18,PC,checkbox,
F9_06_DISCLOSURE_BOOK_ADDR_CITY,F9_06_DISCLOSURE_BOOK_ADDR_CITY,F9-P06-T00-GOVERNANCE,Person possessing the organization's books and records city,"Person who possesses the organization's books and records: foreign address, city",F990-PC-PART-06-SECTION-C-LINE-20,PZ,text,
F9_06_DISCLOSURE_BOOK_ADDR_CNTR,F9_06_DISCLOSURE_BOOK_ADDR_CNTR,F9-P06-T00-GOVERNANCE,Person possessing the organization's books and records country,"Person who possesses the organization's books and records: foreign address, country",F990-PC-PART-06-SECTION-C-LINE-20,PZ,text,
F9_06_DISCLOSURE_BOOK_ADDR_L1,F9_06_DISCLOSURE_BOOK_ADDR_L1,F9-P06-T00-GOVERNANCE,Person possessing the organization's books and records street address line 1,"Person who possesses the organization's books and records: foreign address, address line 1",F990-PC-PART-06-SECTION-C-LINE-20,PZ,text,
F9_06_DISCLOSURE_BOOK_ADDR_L2,F9_06_DISCLOSURE_BOOK_ADDR_L2,F9-P06-T00-GOVERNANCE,Person possessing the organization's books and records street address line 2,"Person who possesses the organization's books and records: foreign address, address line 2",F990-PC-PART-06-SECTION-C-LINE-20,PZ,text,
F9_06_DISCLOSURE_BOOK_ADDR_STATE,F9_06_DISCLOSURE_BOOK_ADDR_STATE,F9-P06-T00-GOVERNANCE,Person possessing the organization's books and records state,"Person who possesses the organization's books and records: foreign address, provice or state",F990-PC-PART-06-SECTION-C-LINE-20,PZ,text,
F9_06_DISCLOSURE_BOOK_ADDR_ZIP,F9_06_DISCLOSURE_BOOK_ADDR_ZIP,F9-P06-T00-GOVERNANCE,Person possessing the organization's books and records zip,"Person who possesses the organization's books and records: foreign address, postal code",F990-PC-PART-06-SECTION-C-LINE-20,PZ,text,
F9_06_DISCLOSURE_BOOK_NAME_L1,F9_06_DISCLOSURE_BOOK_NAME_L1,F9-P06-T00-GOVERNANCE,Business possessing the organization's books and records name line 1,"Business who possesses the organization's books and records: name, line 1",F990-PC-PART-06-SECTION-C-LINE-20,PZ,text,
F9_06_DISCLOSURE_BOOK_NAME_L2,F9_06_DISCLOSURE_BOOK_NAME_L2,F9-P06-T00-GOVERNANCE,Business possessing the organization's books and records name line 2,"Business who possesses the organization's books and records: name, line 2",F990-PC-PART-06-SECTION-C-LINE-20,PZ,text,
F9_06_DISCLOSURE_BOOK_NAME_PERS,F9_06_DISCLOSURE_BOOK_NAME_PERS,F9-P06-T00-GOVERNANCE,Person possessing the organization's books and records name,Person who possesses the organization's books and records: name,F990-PC-PART-06-SECTION-C-LINE-20,PZ,text,
F9_06_DISCLOSURE_BOOK_PHONE,F9_06_DISCLOSURE_BOOK_PHONE,F9-P06-T00-GOVERNANCE,Person possessing the organization's books and records phone,Person who possesses the organization's books and records: telephone number,F990-PC-PART-06-SECTION-C-LINE-20,PZ,text,
F9_06_ACT_NOT_PREVIOUSLY_REP_X,F9_06_ACT_NOT_PREVIOUSLY_REP_X,F9-P06-T00-GOVERNANCE-EZ,Engaged in significant activity not previous reported [x],Did the organization engage in any activity not previously reported to the IRS?,F990-EZ-PART-05-LINE-33,EZ,checkbox,
F9_06_POLI_EXP,F9_06_POLI_EXP,F9-P06-T00-GOVERNANCE-EZ,Direct or indirect political expenditures,Direct or indirect political expenditures.,F990-EZ-PART-05-LINE-37A,EZ,numeric,
F9_06_POLI_FORM1120_POL_FILED_X,F9_06_POLI_FORM1120_POL_FILED_X,F9-P06-T00-GOVERNANCE-EZ,Filed Form 1120-POL [x],Did the organization file Form 1120-POL for this year?,F990-EZ-PART-05-LINE-37B,EZ,checkbox,
F9_06_TAX_IMPOSED_IRC_4911,F9_06_TAX_IMPOSED_IRC_4911,F9-P06-T00-GOVERNANCE-EZ,Tax imposed under section 4911,501(c)(3) Organizations: Amount of tax imposed on the organization furing the year under section 4911,F990-EZ-PART-05-LINE-40A,EZ,numeric,
F9_06_TAX_IMPOSED_IRC_4912,F9_06_TAX_IMPOSED_IRC_4912,F9-P06-T00-GOVERNANCE-EZ,Tax imposed under section 4912,501(c)(3) Organizations: Amount of tax imposed on the organization furing the year under section 4912,F990-EZ-PART-05-LINE-40A,EZ,numeric,
F9_06_TAX_IMPOSED_IRC_4955,F9_06_TAX_IMPOSED_IRC_4955,F9-P06-T00-GOVERNANCE-EZ,Tax imposed under section 4955,501(c)(3) Organizations: Amount of tax imposed on the organization furing the year under section 4955,F990-EZ-PART-05-LINE-40A,EZ,numeric,
F9_06_TAX_IMPOSED_ORG_MGR,F9_06_TAX_IMPOSED_ORG_MGR,F9-P06-T00-GOVERNANCE-EZ,Tax imposed on organization managers or disqualified persons,Amount of tax imposed on the organization managers etc during the year under sections 4912; 4955; and 4958,F990-EZ-PART-05-LINE-40C,EZ,numeric,
F9_06_TAX_REIMBURSED_ORG,F9_06_TAX_REIMBURSED_ORG,F9-P06-T00-GOVERNANCE-EZ,Tax reimbursed by the organization,Amount of tax on line 89c; above; reimbursed by the organization,F990-EZ-PART-05-LINE-40D,EZ,numeric,
F9_07_COMP_DTK_NUM_GT_100K_HCE,F9_07_COMP_DTK_NUM_GT_100K_HCE,F9-P07-T00-DIR-TRUST-KEY,"Number of other employees paid over $100,000",Total number of other employees paid over $100;000 (F990-PC-PART-07-SECTION-A: F990-EZ-PART-04-PART-06-LINE-50-CONBINED),F990-EZ-PART-06-LINE-50F,EZ,numeric,
F9_07_SCHED_A_FILED_X,F9_07_SCHED_A_FILED_X,F9-P07-T00-DIR-TRUST-KEY,Completed Schedule A [x],Did the organization complete Schedule A?,F990-EZ-PART-06-LINE-52,EZ,checkbox,
F9_07_INFO_SCHED_O_X,F9_07_INFO_SCHED_O_X,F9-P07-T00-DIR-TRUST-KEY,Schedule O contains response to Part 7 [x],Schedule O contains a response to a question in Part VII,F990-PC-PART-07-LINE-00,PZ,checkbox,
F9_07_COMP_DTK_NO_LISTED_X,F9_07_COMP_DTK_NO_LISTED_X,F9-P07-T00-DIR-TRUST-KEY,"Did not compensate any current officer, director, or trustee [x]",No listed persons compensated (F990-PC-PART-07-SECTION-A: F990-EZ-PART-04-PART-06-LINE-50-CONBINED),F990-PC-PART-07-SECTION-A-LINE-01A,PC,checkbox,
F9_07_COMP_DTK_COMP_ORG_SUBTOT,F9_07_COMP_DTK_COMP_ORG_SUBTOT,F9-P07-T00-DIR-TRUST-KEY,Reportable compensation from the organization - subtotal,Total; column D (F990-PC-PART-07-SECTION-A: F990-EZ-PART-04-PART-06-LINE-50-CONBINED),F990-PC-PART-07-SECTION-A-LINE-01B-COL-D,PC,numeric,
F9_07_COMP_DTK_COMP_RLTD_SUBTOT,F9_07_COMP_DTK_COMP_RLTD_SUBTOT,F9-P07-T00-DIR-TRUST-KEY,Reportable compensation from related organizations - subtotal,Total; column E (F990-PC-PART-07-SECTION-A: F990-EZ-PART-04-PART-06-LINE-50-CONBINED),F990-PC-PART-07-SECTION-A-LINE-01B-COL-E,PC,numeric,
F9_07_COMP_DTK_COMP_OTH_SUBTOT,F9_07_COMP_DTK_COMP_OTH_SUBTOT,F9-P07-T00-DIR-TRUST-KEY,Other compensation from the organization and related organizations - subtotal,Total; column F (F990-PC-PART-07-SECTION-A: F990-EZ-PART-04-PART-06-LINE-50-CONBINED),F990-PC-PART-07-SECTION-A-LINE-01B-COL-F,PC,numeric,
F9_07_COMP_DTK_COMP_ORG_TOT,F9_07_COMP_DTK_COMP_ORG_TOT,F9-P07-T00-DIR-TRUST-KEY,Reportable compensation from the organization - total,"Total, column D (F990-PC-PART-07-SECTION-A: F990-EZ-PART-04-PART-06-LINE-50-CONBINED)",F990-PC-PART-07-SECTION-A-LINE-01D-COL-D,PC,numeric,
F9_07_COMP_DTK_COMP_RLTD_TOT,F9_07_COMP_DTK_COMP_RLTD_TOT,F9-P07-T00-DIR-TRUST-KEY,Reportable compensation from related organizations - total,"Total, column E (F990-PC-PART-07-SECTION-A: F990-EZ-PART-04-PART-06-LINE-50-CONBINED)",F990-PC-PART-07-SECTION-A-LINE-01D-COL-E,PC,numeric,
F9_07_COMP_DTK_COMP_OTH_TOT,F9_07_COMP_DTK_COMP_OTH_TOT,F9-P07-T00-DIR-TRUST-KEY,Other compensation from the organization and related organizations - total,"Total, column F (F990-PC-PART-07-SECTION-A: F990-EZ-PART-04-PART-06-LINE-50-CONBINED)",F990-PC-PART-07-SECTION-A-LINE-01D-COL-F,PC,numeric,
F9_07_COMP_DTK_NUM_GT_100K,F9_07_COMP_DTK_NUM_GT_100K,F9-P07-T00-DIR-TRUST-KEY,"Number of individuals who received more than $100,000 of compensation",Number individuals greater than $100K (F990-PC-PART-07-SECTION-A: F990-EZ-PART-04-PART-06-LINE-50-CONBINED),F990-PC-PART-07-SECTION-A-LINE-02,PC,numeric,
F9_07_COMP_DTK_FORMER_LISTED_X,F9_07_COMP_DTK_FORMER_LISTED_X,F9-P07-T00-DIR-TRUST-KEY,"Listed a former officer, director, trustee, key employee, or highest compensated employee [x]","Is a former officer, director, or trustee listed in the compensation table in Sectin A Line 1a? (F990-PC-PART-07-SECTION-A: F990-EZ-PART-04-PART-06-LINE-50-CONBINED)",F990-PC-PART-07-SECTION-A-LINE-03,PC,checkbox,
F9_07_COMP_DTK_COMP_GT_150K_X,F9_07_COMP_DTK_COMP_GT_150K_X,F9-P07-T00-DIR-TRUST-KEY,"Compensated an individual more than $150,000 [x]","Line1a, total greater than $150K? (F990-PC-PART-07-SECTION-A: F990-EZ-PART-04-PART-06-LINE-50-CONBINED)",F990-PC-PART-07-SECTION-A-LINE-04,PC,checkbox,
F9_07_COMP_DTK_COMP_OTH_SOURCE_X,F9_07_COMP_DTK_COMP_OTH_SOURCE_X,F9-P07-T00-DIR-TRUST-KEY,Individual received compensation from other sources [x],Compensation from other sources? (F990-PC-PART-07-SECTION-A: F990-EZ-PART-04-PART-06-LINE-50-CONBINED),F990-PC-PART-07-SECTION-A-LINE-05,PC,checkbox,
F9_07_COMP_KONTR_NUM_GT_100K,F9_07_COMP_KONTR_NUM_GT_100K,F9-P07-T00-DIR-TRUST-KEY,"Number of independent contractors who received more than $100,000 of compensation",Total number of independent contractors who received 100K+ from org,F990-PC-PART-07-SECTION-B-LINE-02,PZ,numeric,
F9_07_COMP_DTK_ADDR_CITY,F9_07_COMP_DTK_ADDR_CITY,F9-P07-T01-COMPENSATION,"Officer, director, trustee, or key employee city",Address US - City (see F9-FORM-VERSION-2011-PART-04),F990-EZ-PART-04-COL-A,EZ,text,
F9_07_COMP_DTK_ADDR_L1,F9_07_COMP_DTK_ADDR_L1,F9-P07-T01-COMPENSATION,"Officer, director, trustee, or key employee street address line 1",Address US - AddressLine1 (see F9-FORM-VERSION-2011-PART-04),F990-EZ-PART-04-COL-A,EZ,text,
F9_07_COMP_DTK_ADDR_L2,F9_07_COMP_DTK_ADDR_L2,F9-P07-T01-COMPENSATION,"Officer, director, trustee, or key employee street address line 2",Address US - AddressLine2 (see F9-FORM-VERSION-2011-PART-04),F990-EZ-PART-04-COL-A,EZ,text,
F9_07_COMP_DTK_ADDR_STATE,F9_07_COMP_DTK_ADDR_STATE,F9-P07-T01-COMPENSATION,"Officer, director, trustee, or key employee state",Address US - State (see F9-FORM-VERSION-2011-PART-04),F990-EZ-PART-04-COL-A,EZ,text,
F9_07_COMP_DTK_ADDR_ZIP,F9_07_COMP_DTK_ADDR_ZIP,F9-P07-T01-COMPENSATION,"Officer, director, trustee, or key employee zip",Address US - ZIPCode (see F9-FORM-VERSION-2011-PART-04),F990-EZ-PART-04-COL-A,EZ,text,
F9_07_COMP_DTK_EMPL_BEN,F9_07_COMP_DTK_EMPL_BEN,F9-P07-T01-COMPENSATION,"Health benefits, contributions to employee benefit plans, and deferred compensation",Contributions to employee benefit plans and deferred compensation (F990-PC-PART-07-SECTION-A: F990-EZ-PART-04-PART-06-LINE-50-CONBINED),F990-EZ-PART-04-COL-D,EZ,numeric,
F9_07_COMP_DTK_ADDR_CNTR,F9_07_COMP_DTK_ADDR_CNTR,F9-P07-T01-COMPENSATION,Highest compensated employee country,Address Foreign - Country  (see F9-FORM-VERSION-2011-PART-04),F990-EZ-PART-99-COL-A,PZ,text,
F9_07_COMP_DTK_EXPL_NAME_ORG_L1,F9_07_COMP_DTK_EXPL_NAME_ORG_L1,F9-P07-T01-COMPENSATION,"Officer, director, trustee, or key employee business name line 2",Business Name - BusinessNameLine2 (F990-PC-PART-07-SECTION-A: F990-EZ-PART-04-PART-06-LINE-50-CONBINED),F990-PC-PART-07-SECTION-A-LINE-01A-COL-A,PZ,text,
F9_07_COMP_DTK_EXPL_NAME_ORG_L2,F9_07_COMP_DTK_EXPL_NAME_ORG_L2,F9-P07-T01-COMPENSATION,"Officer, director, trustee, or key employee business name line 2",Business Name - BusinessNameLine2 (F990-PC-PART-07-SECTION-A: F990-EZ-PART-04-PART-06-LINE-50-CONBINED),F990-PC-PART-07-SECTION-A-LINE-01A-COL-A,PZ,text,
F9_07_COMP_DTK_EXPL_NAME_PERS,F9_07_COMP_DTK_EXPL_NAME_PERS,F9-P07-T01-COMPENSATION,"Officer, director, trustee, key employee, or highest compensated employee person name",Name - Name - Person (F990-PC-PART-07-SECTION-A: F990-EZ-PART-04-PART-06-LINE-50-CONBINED),F990-PC-PART-07-SECTION-A-LINE-01A-COL-A,PZ,text,
F9_07_COMP_DTK_EXPL_TXT,F9_07_COMP_DTK_EXPL_TXT,F9-P07-T01-COMPENSATION,Explanation of reason for compensation,Explanation of compensation practices (F990-EZ-PART-04 old forms only),F990-PC-PART-07-SECTION-A-LINE-01A-COL-X,PZ,text,
F9_07_COMP_DTK_NAME_ORG_L1,F9_07_COMP_DTK_NAME_ORG_L1,F9-P07-T01-COMPENSATION,"Officer, director, trustee, key employee, or highest compensated employee business name line 1",Business Name - BusinessNameLine1 (F990-PC-PART-07-SECTION-A: F990-EZ-PART-04-PART-06-LINE-50-CONBINED),F990-PC-PART-07-SECTION-A-LINE-01A-COL-A,PZ,text,
F9_07_COMP_DTK_NAME_ORG_L2,F9_07_COMP_DTK_NAME_ORG_L2,F9-P07-T01-COMPENSATION,"Officer, director, trustee, key employee, or highest compensated employee business name line 2",Business Name - BusinessNameLine2 (F990-PC-PART-07-SECTION-A: F990-EZ-PART-04-PART-06-LINE-50-CONBINED),F990-PC-PART-07-SECTION-A-LINE-01A-COL-A,PZ,text,
F9_07_COMP_DTK_NAME_PERS,F9_07_COMP_DTK_NAME_PERS,F9-P07-T01-COMPENSATION,"Officer, director, trustee, or key employee person name",Name - Person (F990-PC-PART-07-SECTION-A: F990-EZ-PART-04-PART-06-LINE-50-CONBINED),F990-PC-PART-07-SECTION-A-LINE-01A-COL-A,PZ,text,
F9_07_COMP_DTK_TITLE,F9_07_COMP_DTK_TITLE,F9-P07-T01-COMPENSATION,"Officer, director, trustee, or key employee title",Title (F990-PC-PART-07-SECTION-A: F990-EZ-PART-04-PART-06-LINE-50-CONBINED),F990-PC-PART-07-SECTION-A-LINE-01A-COL-A,PZ,text,
F9_07_COMP_DTK_AVE_HOUR_WEEK,F9_07_COMP_DTK_AVE_HOUR_WEEK,F9-P07-T01-COMPENSATION,Average hours per week,Average hours per week (F990-PC-PART-07-SECTION-A: F990-EZ-PART-04-PART-06-LINE-50-CONBINED),F990-PC-PART-07-SECTION-A-LINE-01A-COL-B,PZ,numeric,
F9_07_COMP_DTK_AVE_HOUR_WEEK_RL,F9_07_COMP_DTK_AVE_HOUR_WEEK_RL,F9-P07-T01-COMPENSATION,Average hours per week - related organizations,Average hours per week for related organizations (F990-PC-PART-07-SECTION-A: F990-EZ-PART-04-PART-06-LINE-50-CONBINED),F990-PC-PART-07-SECTION-A-LINE-01A-COL-B,PZ,numeric,
F9_07_COMP_DTK_POS_INDIV_TRUST_X,F9_07_COMP_DTK_POS_INDIV_TRUST_X,F9-P07-T01-COMPENSATION,Individual trustee or director [x],Individual trustee or director (F990-PC-PART-07-SECTION-A: F990-EZ-PART-04-PART-06-LINE-50-CONBINED),F990-PC-PART-07-SECTION-A-LINE-01A-COL-C-01,PC,checkbox,
F9_07_COMP_DTK_POS_INST_TRUST_X,F9_07_COMP_DTK_POS_INST_TRUST_X,F9-P07-T01-COMPENSATION,Institutional trustee [x],Institutional Trustee (F990-PC-PART-07-SECTION-A: F990-EZ-PART-04-PART-06-LINE-50-CONBINED),F990-PC-PART-07-SECTION-A-LINE-01A-COL-C-02,PC,checkbox,
F9_07_COMP_DTK_POS_OFF_X,F9_07_COMP_DTK_POS_OFF_X,F9-P07-T01-COMPENSATION,Officer [x],Officer (F990-PC-PART-07-SECTION-A: F990-EZ-PART-04-PART-06-LINE-50-CONBINED),F990-PC-PART-07-SECTION-A-LINE-01A-COL-C-03,PC,checkbox,
F9_07_COMP_DTK_POS_KEY_EMPL_X,F9_07_COMP_DTK_POS_KEY_EMPL_X,F9-P07-T01-COMPENSATION,Key employee [x],Key Employee (F990-PC-PART-07-SECTION-A: F990-EZ-PART-04-PART-06-LINE-50-CONBINED),F990-PC-PART-07-SECTION-A-LINE-01A-COL-C-04,PC,checkbox,
F9_07_COMP_DTK_POS_HIGH_COMP_X,F9_07_COMP_DTK_POS_HIGH_COMP_X,F9-P07-T01-COMPENSATION,Highest compensated employee [x],Highest compensated employee (F990-PC-PART-07-SECTION-A: F990-EZ-PART-04-PART-06-LINE-50-CONBINED),F990-PC-PART-07-SECTION-A-LINE-01A-COL-C-05,PC,checkbox,
F9_07_COMP_DTK_POS_FORMER_X,F9_07_COMP_DTK_POS_FORMER_X,F9-P07-T01-COMPENSATION,"Former officer, director, trustee, key employee, or highest compensated employee [x]","Is a former officer, director, or trustee listed in the compensation table in Sectin A Line 1a?  (F990-PC-PART-07-SECTION-A: F990-EZ-PART-04-PART-06-LINE-50-CONBINED)",F990-PC-PART-07-SECTION-A-LINE-01A-COL-C-06,PC,checkbox,
F9_07_COMP_DTK_COMP_ORG,F9_07_COMP_DTK_COMP_ORG,F9-P07-T01-COMPENSATION,Reportable compensation from the organization,Reportable compensation from organization (F990-PC-PART-07-SECTION-A: F990-EZ-PART-04-PART-06-LINE-50-CONBINED),F990-PC-PART-07-SECTION-A-LINE-01A-COL-D,PZ,numeric,
F9_07_COMP_DTK_COMP_RLTD,F9_07_COMP_DTK_COMP_RLTD,F9-P07-T01-COMPENSATION,Reportable compensation from related organizations,Reportable compensation from related organizations (F990-PC-PART-07-SECTION-A: F990-EZ-PART-04-PART-06-LINE-50-CONBINED),F990-PC-PART-07-SECTION-A-LINE-01A-COL-E,PZ,numeric,
F9_07_COMP_DTK_COMP_OTH,F9_07_COMP_DTK_COMP_OTH,F9-P07-T01-COMPENSATION,Other compensation from the organization and related organizations,Other compensation (F990-PC-PART-07-SECTION-A: F990-EZ-PART-04-PART-06-LINE-50-CONBINED),F990-PC-PART-07-SECTION-A-LINE-01A-COL-F,PZ,numeric,
F9_07_COMP_DTK_NONE_HCE,F9_07_COMP_DTK_NONE_HCE,F9-P07-T00-DIR-TRUST-KEY,"No employees received more than $100,000 of compensation","If there are none; enter ""None"" (F990-PC-PART-07-SECTION-A: F990-EZ-PART-04-PART-06-LINE-50-CONBINED)",F990-EZ-PART-06-LINE-50,EZ,text,
F9_07_COMP_DTK_EMPL_BEN_HCE,F9_07_COMP_DTK_EMPL_BEN_HCE,F9-P07-T01-COMPENSATION-HCE-EZ,"Health benefits, contributions to employee benefit plans, and deferred compensation",Employee benefits (F990-PC-PART-07-SECTION-A: F990-EZ-PART-04-PART-06-LINE-50-CONBINED),F990-EZ-PART-06-LINE-50-COL-D,EZ,numeric,
F9_07_COMP_DTK_EXP_ACCT_HCE,F9_07_COMP_DTK_EXP_ACCT_HCE,F9-P07-T01-COMPENSATION-HCE-EZ,Expense account and other allowances,Expense account and other allowances,F990-EZ-PART-06-LINE-50-COL-E,EZ,numeric,
F9_07_COMP_DTK_ADDR_CITY_HCE,F9_07_COMP_DTK_ADDR_CITY_HCE,F9-P07-T01-COMPENSATION-HCE-EZ,Highest compensated employee city,Address Foreign - City  (see F9-FORM-VERSION-2011-PART-06),F990-EZ-PART-99-LINE-50-COL-A,PZ,text,
F9_07_COMP_DTK_ADDR_CNTR_HCE,F9_07_COMP_DTK_ADDR_CNTR_HCE,F9-P07-T01-COMPENSATION-HCE-EZ,Highest compensated employee country,Address Foreign - Country  (see F9-FORM-VERSION-2011-PART-06),F990-EZ-PART-99-LINE-50-COL-A,PZ,text,
F9_07_COMP_DTK_ADDR_L1_HCE,F9_07_COMP_DTK_ADDR_L1_HCE,F9-P07-T01-COMPENSATION-HCE-EZ,Highest compensated employee street address line 1,Address Foreign - AddressLine1 (see F9-FORM-VERSION-2011-PART-06),F990-EZ-PART-99-LINE-50-COL-A,PZ,text,
F9_07_COMP_DTK_ADDR_L2_HCE,F9_07_COMP_DTK_ADDR_L2_HCE,F9-P07-T01-COMPENSATION-HCE-EZ,Highest compensated employee street address line 2,Address Foreign - AddressLine2 (see F9-FORM-VERSION-2011-PART-06),F990-EZ-PART-99-LINE-50-COL-A,PZ,text,
F9_07_COMP_DTK_ADDR_STATE_HCE,F9_07_COMP_DTK_ADDR_STATE_HCE,F9-P07-T01-COMPENSATION-HCE-EZ,Highest compensated employee state,Province or state (see F9-FORM-VERSION-2011-PART-06),F990-EZ-PART-99-LINE-50-COL-A,PZ,text,
F9_07_COMP_DTK_ADDR_ZIP_HCE,F9_07_COMP_DTK_ADDR_ZIP_HCE,F9-P07-T01-COMPENSATION-HCE-EZ,Highest compensated employee zip,Address Foreign - Postal code  (see F9-FORM-VERSION-2011-PART-06),F990-EZ-PART-99-LINE-50-COL-A,PZ,text,
F9_07_COMP_DTK_NAME_PERS_HCE,F9_07_COMP_DTK_NAME_PERS_HCE,F9-P07-T01-COMPENSATION-HCE-EZ,Highest compensated employee name,Highest paid employee's name (F990-PC-PART-07-SECTION-A: F990-EZ-PART-04-PART-06-LINE-50-CONBINED),F990-PC-PART-07-SECTION-A-LINE-01A-COL-A,PZ,text,
F9_07_COMP_DTK_TITLE_HCE,F9_07_COMP_DTK_TITLE_HCE,F9-P07-T01-COMPENSATION-HCE-EZ,Highest compensated employee title,Compensation Highest Paid Empl Grp - Title (F990-PC-PART-07-SECTION-A: F990-EZ-PART-04-PART-06-LINE-50-CONBINED),F990-PC-PART-07-SECTION-A-LINE-01A-COL-A,PZ,text,
F9_07_COMP_DTK_AVE_HOUR_WEEK_HCE,F9_07_COMP_DTK_AVE_HOUR_WEEK_HCE,F9-P07-T01-COMPENSATION-HCE-EZ,Average hours per week,Average hours per week (F990-PC-PART-07-SECTION-A: F990-EZ-PART-04-PART-06-LINE-50-CONBINED),F990-PC-PART-07-SECTION-A-LINE-01A-COL-B,PZ,numeric,
F9_07_COMP_DTK_COMP_ORG_HCE,F9_07_COMP_DTK_COMP_ORG_HCE,F9-P07-T01-COMPENSATION-HCE-EZ,Reportable compensation,Compensation Highest Paid Empl Grp - Compensation (F990-PC-PART-07-SECTION-A: F990-EZ-PART-04-PART-06-LINE-50-CONBINED),F990-PC-PART-07-SECTION-A-LINE-01A-COL-D,PZ,numeric,
F9_07_COMP_KONTR_ADDR_CITY,F9_07_COMP_KONTR_ADDR_CITY,F9-P07-T02-CONTRACTORS,Independent contractor city,Highest compensated independent contractor (top 5 above 100K) US address city,F990-PC-PART-07-SECTION-B-LINE-01-COL-A,PZ,text,
F9_07_COMP_KONTR_ADDR_CNTR,F9_07_COMP_KONTR_ADDR_CNTR,F9-P07-T02-CONTRACTORS,Independent contractor country,Highest compensated independent contractor (top 5 above 100K) foreign address country,F990-PC-PART-07-SECTION-B-LINE-01-COL-A,PZ,text,
F9_07_COMP_KONTR_ADDR_L1,F9_07_COMP_KONTR_ADDR_L1,F9-P07-T02-CONTRACTORS,Independent contractor street address line 1,Highest compensated independent contractor (top 5 above 100K) US address line 1,F990-PC-PART-07-SECTION-B-LINE-01-COL-A,PZ,text,
F9_07_COMP_KONTR_ADDR_L2,F9_07_COMP_KONTR_ADDR_L2,F9-P07-T02-CONTRACTORS,Independent contractor street address line 2,Highest compensated independent contractor (top 5 above 100K) US address line 2,F990-PC-PART-07-SECTION-B-LINE-01-COL-A,PZ,text,
F9_07_COMP_KONTR_ADDR_STATE,F9_07_COMP_KONTR_ADDR_STATE,F9-P07-T02-CONTRACTORS,Independent contractor state,Highest compensated independent contractor (top 5 above 100K) US address state,F990-PC-PART-07-SECTION-B-LINE-01-COL-A,PZ,text,
F9_07_COMP_KONTR_ADDR_ZIP,F9_07_COMP_KONTR_ADDR_ZIP,F9-P07-T02-CONTRACTORS,Independent contractor zip,Highest compensated independent contractor (top 5 above 100K) US address zip code,F990-PC-PART-07-SECTION-B-LINE-01-COL-A,PZ,text,
F9_07_COMP_KONTR_NAME_ORG_L1,F9_07_COMP_KONTR_NAME_ORG_L1,F9-P07-T02-CONTRACTORS,Independent contractor business name line 1,Highest compensated independent contractor (top 5 above 100K) business name line 1,F990-PC-PART-07-SECTION-B-LINE-01-COL-A,PZ,text,
F9_07_COMP_KONTR_NAME_ORG_L2,F9_07_COMP_KONTR_NAME_ORG_L2,F9-P07-T02-CONTRACTORS,Independent contractor business name line 2,Highest compensated independent contractor (top 5 above 100K) business name line 2,F990-PC-PART-07-SECTION-B-LINE-01-COL-A,PZ,text,
F9_07_COMP_KONTR_NAME_PERS,F9_07_COMP_KONTR_NAME_PERS,F9-P07-T02-CONTRACTORS,Independent contractor person name,Highest compensated independent contractor (top 5 above 100K) person name,F990-PC-PART-07-SECTION-B-LINE-01-COL-A,PZ,text,
F9_07_COMP_KONTR_NONE,F9_07_COMP_KONTR_NONE,F9-P07-T00-DIR-TRUST-KEY,"No independent contractors received more than $100,000 of compensation","If there are none; enter ""None""",F990-PC-PART-07-SECTION-B-LINE-01-COL-A,PZ,text,
F9_07_COMP_KONTR_DESC_SVC,F9_07_COMP_KONTR_DESC_SVC,F9-P07-T02-CONTRACTORS,Independent contractor description of services,Highest compensated independent contractor (top 5 above 100K) description of services,F990-PC-PART-07-SECTION-B-LINE-01-COL-B,PZ,text,
F9_07_COMP_KONTR_COMP,F9_07_COMP_KONTR_COMP,F9-P07-T02-CONTRACTORS,Independent contractor compensation,Highest compensated independent contractor (top 5 above 100K) compensation,F990-PC-PART-07-SECTION-B-LINE-01-COL-C,PZ,numeric,
F9_08_INFO_SCHED_O_X,F9_08_INFO_SCHED_O_X,F9-P08-T00-REVENUE,Schedule O contains response to Part 8 [x],Schedule O contains a response to a question in Part VIII,F990-PC-PART-08-LINE-00,PC,checkbox,
F9_08_REV_CONTR_FED_CAMP,F9_08_REV_CONTR_FED_CAMP,F9-P08-T00-REVENUE,Federated campaigns,Federated campaigns,F990-PC-PART-08-LINE-01A,PC,numeric,
F9_08_REV_CONTR_MEMBSHIP_DUE,F9_08_REV_CONTR_MEMBSHIP_DUE,F9-P08-T00-REVENUE,Membership dues,Membership Dues,F990-PC-PART-08-LINE-01B,PZ,numeric,
F9_08_REV_CONTR_FUNDR_EVNT,F9_08_REV_CONTR_FUNDR_EVNT,F9-P08-T00-REVENUE,Fundraising events,Fundraising Events,F990-PC-PART-08-LINE-01C,PC,numeric,
F9_08_REV_CONTR_RLTD_ORG,F9_08_REV_CONTR_RLTD_ORG,F9-P08-T00-REVENUE,Related organizations,Related organizations,F990-PC-PART-08-LINE-01D,PC,numeric,
F9_08_REV_CONTR_GOVT_GRANT,F9_08_REV_CONTR_GOVT_GRANT,F9-P08-T00-REVENUE,Government grants (contributions),Government grants (contributions),F990-PC-PART-08-LINE-01E,PC,numeric,
F9_08_REV_CONTR_OTH,F9_08_REV_CONTR_OTH,F9-P08-T00-REVENUE,"All other contributions, gifts, grants, and similar amounts not included above","All other contributions, gifts, grants, and similar amounts not included in above",F990-PC-PART-08-LINE-01F,PC,numeric,
F9_08_REV_CONTR_NONCSH,F9_08_REV_CONTR_NONCSH,F9-P08-T00-REVENUE,Noncash contributions,Noncash contributions,F990-PC-PART-08-LINE-01G,PC,numeric,
F9_08_REV_CONTR_TOT,F9_08_REV_CONTR_TOT,F9-P08-T00-REVENUE,"Total contributions, gifts, grants, and other similar amounts",Total contributions,F990-PC-PART-08-LINE-01H-COL-A,PC,numeric,
F9_08_REV_PROG_OTH_TOT,F9_08_REV_PROG_OTH_TOT,F9-P08-T00-REVENUE,Other program service revenue - total,"Program service revenue group, line 2F, column A",F990-PC-PART-08-LINE-02F-COL-A,PC,numeric,
F9_08_REV_PROG_OTH_RLTD,F9_08_REV_PROG_OTH_RLTD,F9-P08-T00-REVENUE,Other program service revenue - related or exempt function,"Program service revenue group, line 2F, column B",F990-PC-PART-08-LINE-02F-COL-B,PC,numeric,
F9_08_REV_PROG_OTH_UBIZ,F9_08_REV_PROG_OTH_UBIZ,F9-P08-T00-REVENUE,Other program service revenue - unrelated business income,"Program service revenue group, line 2F, column C",F990-PC-PART-08-LINE-02F-COL-C,PC,numeric,
F9_08_REV_PROG_OTH_EXCL,F9_08_REV_PROG_OTH_EXCL,F9-P08-T00-REVENUE,Other program service revenue - excluded from tax,"Program service revenue group, line 2F, column D",F990-PC-PART-08-LINE-02F-COL-D,PC,numeric,
F9_08_REV_PROG_TOT_TOT,F9_08_REV_PROG_TOT_TOT,F9-P08-T00-REVENUE,Total program service revenue,"Program service revenue group, line 2G",F990-PC-PART-08-LINE-02G-COL-A,PC,numeric,
F9_08_REV_OTH_INVEST_INCOME_TOT,F9_08_REV_OTH_INVEST_INCOME_TOT,F9-P08-T00-REVENUE,Investment income - total,Invest income,F990-PC-PART-08-LINE-03-COL-A,PZ,numeric,
F9_08_REV_OTH_INVEST_INCOME_RLTD,F9_08_REV_OTH_INVEST_INCOME_RLTD,F9-P08-T00-REVENUE,Investment income - related or exempt function,"Invest income, column B",F990-PC-PART-08-LINE-03-COL-B,PC,numeric,
F9_08_REV_OTH_INVEST_INCOME_UBIZ,F9_08_REV_OTH_INVEST_INCOME_UBIZ,F9-P08-T00-REVENUE,Investment income -  unrelated business income,"Invest income, column C",F990-PC-PART-08-LINE-03-COL-C,PC,numeric,
F9_08_REV_OTH_INVEST_INCOME_EXCL,F9_08_REV_OTH_INVEST_INCOME_EXCL,F9-P08-T00-REVENUE,Investment income - excluded from tax,"Invest income, column D",F990-PC-PART-08-LINE-03-COL-D,PC,numeric,
F9_08_REV_OTH_INVEST_BOND_TOT,F9_08_REV_OTH_INVEST_BOND_TOT,F9-P08-T00-REVENUE,Income from investment of bonds - total,"Income from investment of bonds, column A",F990-PC-PART-08-LINE-04-COL-A,PC,numeric,
F9_08_REV_OTH_INVEST_BOND_RLTD,F9_08_REV_OTH_INVEST_BOND_RLTD,F9-P08-T00-REVENUE,Income from investment of bonds - related or exempt function,"Income from investment of bonds, column B",F990-PC-PART-08-LINE-04-COL-B,PC,numeric,
F9_08_REV_OTH_INVEST_BOND_UBIZ,F9_08_REV_OTH_INVEST_BOND_UBIZ,F9-P08-T00-REVENUE,Income from investment of bonds - unrelated business income,"Income from investment of bonds, column C",F990-PC-PART-08-LINE-04-COL-C,PC,numeric,
F9_08_REV_OTH_INVEST_BOND_EXCL,F9_08_REV_OTH_INVEST_BOND_EXCL,F9-P08-T00-REVENUE,Income from investment of bonds - excluded from tax,"Income from investment of bonds, column D",F990-PC-PART-08-LINE-04-COL-D,PC,numeric,
F9_08_REV_OTH_ROY_TOT,F9_08_REV_OTH_ROY_TOT,F9-P08-T00-REVENUE,Royalties - total,"Royalties, column A",F990-PC-PART-08-LINE-05-COL-A,PC,numeric,
F9_08_REV_OTH_ROY_RLTD,F9_08_REV_OTH_ROY_RLTD,F9-P08-T00-REVENUE,Royalties - related or exempt function,"Royalties, column B",F990-PC-PART-08-LINE-05-COL-B,PC,numeric,
F9_08_REV_OTH_ROY_UBIZ,F9_08_REV_OTH_ROY_UBIZ,F9-P08-T00-REVENUE,Royalties - unrelated business income,"Royalties, column C",F990-PC-PART-08-LINE-05-COL-C,PC,numeric,
F9_08_REV_OTH_ROY_EXCL,F9_08_REV_OTH_ROY_EXCL,F9-P08-T00-REVENUE,Royalties - excluded from tax,"Royalties, column D",F990-PC-PART-08-LINE-05-COL-D,PC,numeric,
F9_08_REV_OTH_RENT_GRO_REAL,F9_08_REV_OTH_RENT_GRO_REAL,F9-P08-T00-REVENUE,Gross rents - real,Gross Rents Real,F990-PC-PART-08-LINE-06A-COL-i,PC,numeric,
F9_08_REV_OTH_RENT_GRO_PERS,F9_08_REV_OTH_RENT_GRO_PERS,F9-P08-T00-REVENUE,Gross rents - personal,Gross Rents Personal,F990-PC-PART-08-LINE-06A-COL-ii,PC,numeric,
F9_08_REV_OTH_RENT_LESS_EXP_REAL,F9_08_REV_OTH_RENT_LESS_EXP_REAL,F9-P08-T00-REVENUE,Rental expenses - real,Gross Rents REAL less: Rental Expense,F990-PC-PART-08-LINE-06B-COL-i,PC,numeric,
F9_08_REV_OTH_RENT_LESS_EXP_PERS,F9_08_REV_OTH_RENT_LESS_EXP_PERS,F9-P08-T00-REVENUE,Rental expenses - personal,Gross Rents PERSONAL less: Rental Expense,F990-PC-PART-08-LINE-06B-COL-ii,PC,numeric,
F9_08_REV_OTH_RENT_INCOME_REAL,F9_08_REV_OTH_RENT_INCOME_REAL,F9-P08-T00-REVENUE,Rental income - real,Rental income REAL,F990-PC-PART-08-LINE-06C-COL-i,PC,numeric,
F9_08_REV_OTH_RENT_INCOME_PERS,F9_08_REV_OTH_RENT_INCOME_PERS,F9-P08-T00-REVENUE,Rental income - personal,Rental income PER,F990-PC-PART-08-LINE-06C-COL-ii,PC,numeric,
F9_08_REV_OTH_RENT_NET_TOT,F9_08_REV_OTH_RENT_NET_TOT,F9-P08-T00-REVENUE,Net rental income - total,Rental income Total Revenue,F990-PC-PART-08-LINE-06D-COL-A,PC,numeric,
F9_08_REV_OTH_RENT_NET_RLTD,F9_08_REV_OTH_RENT_NET_RLTD,F9-P08-T00-REVENUE,Net rental income - related or exempt function,Rental income Related Revenue,F990-PC-PART-08-LINE-06D-COL-B,PC,numeric,
F9_08_REV_OTH_RENT_NET_UBIZ,F9_08_REV_OTH_RENT_NET_UBIZ,F9-P08-T00-REVENUE,Net rental income - unrelated business revenue,Rental income Unrelated Revenue,F990-PC-PART-08-LINE-06D-COL-C,PC,numeric,
F9_08_REV_OTH_RENT_NET_EXCL,F9_08_REV_OTH_RENT_NET_EXCL,F9-P08-T00-REVENUE,Net rental income - excluded from tax,Rental income Excluded Revenue,F990-PC-PART-08-LINE-06D-COL-D,PC,numeric,
F9_08_REV_OTH_SALE_ASSET_SEC,F9_08_REV_OTH_SALE_ASSET_SEC,F9-P08-T00-REVENUE,Gross sales of assets - securities,Securities amount,F990-PC-PART-08-LINE-07A-COL-i,PZ,numeric,
F9_08_REV_OTH_SALE_ASSET_OTH,F9_08_REV_OTH_SALE_ASSET_OTH,F9-P08-T00-REVENUE,Gross sales of assets - other,Gross amount from sales of assets other than inventory,F990-PC-PART-08-LINE-07A-COL-ii,PZ,numeric,
F9_08_REV_OTH_SALE_ASSET,F9_08_REV_OTH_SALE_ASSET,F9-P08-T00-REVENUE,Gross sales of assets,Gross amount from sale of assets other than inventory (F990-PC-PART-08-LINE-07A-COL-i-ii-COMBINED: F990-EZ-PART-01-LINE-05A),F990-PC-PART-08-LINE-07A-COL-i-ii,PZ,numeric,
F9_08_REV_OTH_SALE_LESS_COST_SEC,F9_08_REV_OTH_SALE_LESS_COST_SEC,F9-P08-T00-REVENUE,Cost of assets and sales expenses - securities,Gross sales less cost - securities,F990-PC-PART-08-LINE-07B-COL-i,PZ,numeric,
F9_08_REV_OTH_SALE_LESS_COST_OTH,F9_08_REV_OTH_SALE_LESS_COST_OTH,F9-P08-T00-REVENUE,Cost of assets and sales expenses - other,Gross sales less cost - other,F990-PC-PART-08-LINE-07B-COL-ii,PZ,numeric,
F9_08_REV_OTH_SALE_LESS_COST,F9_08_REV_OTH_SALE_LESS_COST,F9-P08-T00-REVENUE,Cost of assets and sales expenses,Cost or other basis and sales expenses (F990-PC-PART-08-LINE-07B-COL-i-ii-COMBINED: F990-EZ-PART-01-LINE-05B),F990-PC-PART-08-LINE-07B-COL-i-ii,PZ,numeric,
F9_08_REV_OTH_SALE_GAIN_SEC,F9_08_REV_OTH_SALE_GAIN_SEC,F9-P08-T00-REVENUE,Gain on sales of assets - securities,Gross sales gain - securities,F990-PC-PART-08-LINE-07C-COL-i,PC,numeric,
F9_08_REV_OTH_SALE_GAIN_OTH,F9_08_REV_OTH_SALE_GAIN_OTH,F9-P08-T00-REVENUE,Gain on sales of assets - other,Gross sales gain - other,F990-PC-PART-08-LINE-07C-COL-ii,PC,numeric,
F9_08_REV_OTH_SALE_GAIN_NET_TOT,F9_08_REV_OTH_SALE_GAIN_NET_TOT,F9-P08-T00-REVENUE,Net gain on sales of assets - total,Gain or (loss) from sale of assets other than inventory,F990-PC-PART-08-LINE-07D-COL-A,PZ,numeric,
F9_08_REV_OTH_SALE_GAIN_NET_RLTD,F9_08_REV_OTH_SALE_GAIN_NET_RLTD,F9-P08-T00-REVENUE,Net gain on sales of assets - related or exempt function,Gross sales related revenue,F990-PC-PART-08-LINE-07D-COL-B,PC,numeric,
F9_08_REV_OTH_SALE_GAIN_NET_UBIZ,F9_08_REV_OTH_SALE_GAIN_NET_UBIZ,F9-P08-T00-REVENUE,Net gain on sales of assets - unrelated business income,Gross sales unrelated revenue,F990-PC-PART-08-LINE-07D-COL-C,PC,numeric,
F9_08_REV_OTH_SALE_GAIN_NET_EXCL,F9_08_REV_OTH_SALE_GAIN_NET_EXCL,F9-P08-T00-REVENUE,Net gain on sales of assets - excluded from tax,Gross sales excluded revenue,F990-PC-PART-08-LINE-07D-COL-D,PC,numeric,
F9_08_REV_OTH_FUNDR_EVNT_0,F9_08_REV_OTH_FUNDR_EVNT_0,F9-P08-T00-REVENUE,Contributions from fundraising events,8a-0,F990-PC-PART-08-LINE-08A-0,PZ,numeric,
F9_08_REV_OTH_FUNDR_EVNT_1,F9_08_REV_OTH_FUNDR_EVNT_1,F9-P08-T00-REVENUE,Gross income from fundraising events,8a-1,F990-PC-PART-08-LINE-08A-1,PZ,numeric,
F9_08_REV_OTH_FUNDR_DIRECT_EXP,F9_08_REV_OTH_FUNDR_DIRECT_EXP,F9-P08-T00-REVENUE,Direct expenses from fundraising events,8b,F990-PC-PART-08-LINE-08B,PZ,numeric,
F9_08_REV_OTH_EVNT_DIRECT_EXP,F9_08_REV_OTH_EVNT_DIRECT_EXP,F9-P08-T00-REVENUE,Direct expenses from fundraising events and gaming activities,Special events direct expenses (F990-PC-PART-08-LINE-08B-09B-COMBINED: F990-EZ-PART-01-LINE-06C),F990-PC-PART-08-LINE-08B-09B,PZ,numeric,
F9_08_REV_OTH_EVNT_NET_TOT,F9_08_REV_OTH_EVNT_NET_TOT,F9-P08-T00-REVENUE,Net income from fundraising events and gaming activities,Special events net income (or loss) (F990-PC-PART-08-LINE-08C-09C-COL-A-COMBINED: F990-EZ-PART-01-LINE-06D),F990-PC-PART-08-LINE-08C-09C-COL-A,PZ,numeric,
F9_08_REV_OTH_FUNDR_NET_TOT,F9_08_REV_OTH_FUNDR_NET_TOT,F9-P08-T00-REVENUE,Net income from fundraising events - total,8c-A,F990-PC-PART-08-LINE-08C-COL-A,PZ,numeric,
F9_08_REV_OTH_FUNDR_NET_RLTD,F9_08_REV_OTH_FUNDR_NET_RLTD,F9-P08-T00-REVENUE,Net income from fundraising events - related or exempt function,Related or exempt function revenue,F990-PC-PART-08-LINE-08C-COL-B,PC,numeric,
F9_08_REV_OTH_FUNDR_NET_UBIZ,F9_08_REV_OTH_FUNDR_NET_UBIZ,F9-P08-T00-REVENUE,Net income from fundraising events - unrelated business revenue,8c-C,F990-PC-PART-08-LINE-08C-COL-C,PC,numeric,
F9_08_REV_OTH_FUNDR_NET_EXCL,F9_08_REV_OTH_FUNDR_NET_EXCL,F9-P08-T00-REVENUE,Net income from fundraising events - excluded from tax,8c-D,F990-PC-PART-08-LINE-08C-COL-D,PC,numeric,
F9_08_REV_OTH_GAMING,F9_08_REV_OTH_GAMING,F9-P08-T00-REVENUE,Gross income from gaming activities,Gross income from gaming activities,F990-PC-PART-08-LINE-09A,PZ,numeric,
F9_08_REV_OTH_GAMING_DIRECT_EXP,F9_08_REV_OTH_GAMING_DIRECT_EXP,F9-P08-T00-REVENUE,Direct expenses from gaming activities,Less direct gaming expenses,F990-PC-PART-08-LINE-09B,PZ,numeric,
F9_08_REV_OTH_GAMING_NET_TOT,F9_08_REV_OTH_GAMING_NET_TOT,F9-P08-T00-REVENUE,Net income from gaming activities - total,gaming total revenue,F990-PC-PART-08-LINE-09C-COL-A,PZ,numeric,
F9_08_REV_OTH_GAMING_NET_RLTD,F9_08_REV_OTH_GAMING_NET_RLTD,F9-P08-T00-REVENUE,Net income from gaming activities - related or exempt function,gaming related revenue,F990-PC-PART-08-LINE-09C-COL-B,PC,numeric,
F9_08_REV_OTH_GAMING_NET_UBIZ,F9_08_REV_OTH_GAMING_NET_UBIZ,F9-P08-T00-REVENUE,Net income from gaming activities - unrelated business revenue,gaming unrelated revenue,F990-PC-PART-08-LINE-09C-COL-C,PC,numeric,
F9_08_REV_OTH_GAMING_NET_EXCL,F9_08_REV_OTH_GAMING_NET_EXCL,F9-P08-T00-REVENUE,Net income from gaming activities - excluded from tax,gaming excluded revenue,F990-PC-PART-08-LINE-09C-COL-D,PC,numeric,
F9_08_REV_OTH_INV_GRO_SALE,F9_08_REV_OTH_INV_GRO_SALE,F9-P08-T00-REVENUE,Gross sales of inventory,gross sales of inventory,F990-PC-PART-08-LINE-10A,PZ,numeric,
F9_08_REV_OTH_INV_COST_GOODS,F9_08_REV_OTH_INV_COST_GOODS,F9-P08-T00-REVENUE,Cost of goods sold,Less cost of goods sold,F990-PC-PART-08-LINE-10B,PZ,numeric,
F9_08_REV_OTH_INV_NET_TOT,F9_08_REV_OTH_INV_NET_TOT,F9-P08-T00-REVENUE,Net income from sales of inventory - total,Gross profit (or loss) from sales of inventory,F990-PC-PART-08-LINE-10C-COL-A,PZ,numeric,
F9_08_REV_OTH_INV_NET_RLTD,F9_08_REV_OTH_INV_NET_RLTD,F9-P08-T00-REVENUE,Net income from sales of inventory - related or exempt function,net income from sale of inventory - related,F990-PC-PART-08-LINE-10C-COL-B,PC,numeric,
F9_08_REV_OTH_INV_NET_UBIZ,F9_08_REV_OTH_INV_NET_UBIZ,F9-P08-T00-REVENUE,Net income from sales of inventory - unrelated business income,net income from sale of inventory - unrelated,F990-PC-PART-08-LINE-10C-COL-C,PC,numeric,
F9_08_REV_OTH_INV_NET_EXCL,F9_08_REV_OTH_INV_NET_EXCL,F9-P08-T00-REVENUE,Net income from sales of inventory - excluded from tax,net income from sale of inventory - excluded,F990-PC-PART-08-LINE-10C-COL-D,PC,numeric,
F9_08_REV_MISC_OTH_TOT,F9_08_REV_MISC_OTH_TOT,F9-P08-T00-REVENUE,Other miscellaneous revenue - total,Misc. Revenue Total Revenue (Col A),F990-PC-PART-08-LINE-11D-COL-A,PC,numeric,
F9_08_REV_MISC_OTH_RLTD,F9_08_REV_MISC_OTH_RLTD,F9-P08-T00-REVENUE,Other miscellaneous revenue - related or exempt function,Misc. Revenue Related or Exempt Function Revenue,F990-PC-PART-08-LINE-11D-COL-B,PC,numeric,
F9_08_REV_MISC_OTH_UBIZ,F9_08_REV_MISC_OTH_UBIZ,F9-P08-T00-REVENUE,Other miscellaneous revenue - unrelated business revenue,Misc. Revenue Unrelated Business Revenue,F990-PC-PART-08-LINE-11D-COL-C,PC,numeric,
F9_08_REV_MISC_OTH_EXCL,F9_08_REV_MISC_OTH_EXCL,F9-P08-T00-REVENUE,Other miscellaneous revenue - excluded from tax,Misc. Revenue Excluded From Tax Under Sections 512-514,F990-PC-PART-08-LINE-11D-COL-D,PC,numeric,
F9_08_REV_MISC_TOT_TOT,F9_08_REV_MISC_TOT_TOT,F9-P08-T00-REVENUE,Total miscellaneous revenue,Other revenue - total,F990-PC-PART-08-LINE-11E-COL-A,PZ,numeric,
F9_08_REV_TOT_TOT,F9_08_REV_TOT_TOT,F9-P08-T00-REVENUE,Total revenue - total,Total revenue,F990-PC-PART-08-LINE-12-COL-A,PC,numeric,
F9_08_REV_TOT_RLTD,F9_08_REV_TOT_RLTD,F9-P08-T00-REVENUE,Total revenue - related or exempt function,Total revenue - related,F990-PC-PART-08-LINE-12-COL-B,PC,numeric,
F9_08_REV_TOT_UBIZ,F9_08_REV_TOT_UBIZ,F9-P08-T00-REVENUE,Total revenue - unrelated business income,Total revenue - unrelated,F990-PC-PART-08-LINE-12-COL-C,PC,numeric,
F9_08_REV_TOT_EXCL,F9_08_REV_TOT_EXCL,F9-P08-T00-REVENUE,Total revenue - excluded from tax,Total revenue - excluded,F990-PC-PART-08-LINE-12-COL-D,PC,numeric,
F9_08_REV_PROG_DESC,F9_08_REV_PROG_DESC,F9-P08-T01-REVENUE-PROGRAMS,Program service revenue description,Program service revenue group description,F990-PC-PART-08-LINE-02-ABCDE,PC,text,
F9_08_REV_PROG_TOT,F9_08_REV_PROG_TOT,F9-P08-T01-REVENUE-PROGRAMS,Program service revenue - total,Program service revenue group column A,F990-PC-PART-08-LINE-02-ABCDE-COL-A,PC,numeric,
F9_08_REV_PROG_RLTD,F9_08_REV_PROG_RLTD,F9-P08-T01-REVENUE-PROGRAMS,Program service revenue - related or exempt function,Program service revenue group column B,F990-PC-PART-08-LINE-02-ABCDE-COL-B,PC,numeric,
F9_08_REV_PROG_BIZCODE,F9_08_REV_PROG_BIZCODE,F9-P08-T01-REVENUE-PROGRAMS,Program service revenue business code,Program service revenue group business code,F990-PC-PART-08-LINE-02-ABCDE-COL-BIZCODE,PC,numeric,
F9_08_REV_PROG_UBIZ,F9_08_REV_PROG_UBIZ,F9-P08-T01-REVENUE-PROGRAMS,Program service revenue - unrelated business revenue,Program service revenue group column C,F990-PC-PART-08-LINE-02-ABCDE-COL-C,PC,numeric,
F9_08_REV_PROG_EXCL,F9_08_REV_PROG_EXCL,F9-P08-T01-REVENUE-PROGRAMS,Program service revenue - excluded from tax,Program service revenue group column D,F990-PC-PART-08-LINE-02-ABCDE-COL-D,PC,numeric,
F9_08_REV_MISC_DESC,F9_08_REV_MISC_DESC,F9-P08-T02-REVENUE-MISC,Miscellaneous revenue description,Misc. Revenue Description,F990-PC-PART-08-LINE-11-ABC,PC,text,
F9_08_REV_MISC_TOT,F9_08_REV_MISC_TOT,F9-P08-T02-REVENUE-MISC,Miscellaneous revenue - total,All other misc. revenue,F990-PC-PART-08-LINE-11-ABC-COL-A,PC,numeric,
F9_08_REV_MISC_RLTD,F9_08_REV_MISC_RLTD,F9-P08-T02-REVENUE-MISC,Miscellaneous revenue - related or exempt function,All other misc. revenue - related,F990-PC-PART-08-LINE-11-ABC-COL-B,PC,numeric,
F9_08_REV_MISC_BIZCODE,F9_08_REV_MISC_BIZCODE,F9-P08-T02-REVENUE-MISC,Miscellaneous revenue business code,Misc. Revenue Business Code,F990-PC-PART-08-LINE-11-ABC-COL-BIZCODE,PC,numeric,
F9_08_REV_MISC_UBIZ,F9_08_REV_MISC_UBIZ,F9-P08-T02-REVENUE-MISC,Miscellaneous revenue - unrelated business revenue,All other misc. revenue - unrelated,F990-PC-PART-08-LINE-11-ABC-COL-C,PC,numeric,
F9_08_REV_MISC_EXCL,F9_08_REV_MISC_EXCL,F9-P08-T02-REVENUE-MISC,Miscellaneous revenue - excluded from tax,All other misc. revenue - excluded,F990-PC-PART-08-LINE-11-ABC-COL-D,PC,numeric,
F9_09_INFO_SCHED_O_X,F9_09_INFO_SCHED_O_X,F9-P09-T00-EXPENSES,Schedule O contains response to Part 9 [x],Schedule O contains a response to a question in Part IX,F990-PC-PART-09-LINE-00,PC,checkbox,
F9_09_EXP_GRANT_US_ORG_TOT,F9_09_EXP_GRANT_US_ORG_TOT,F9-P09-T00-EXPENSES,Grants to domestic organizations and government - total expenses,Total Grants to Domestic Orgs and Governments - Total Expense,F990-PC-PART-09-LINE-01-COL-A,PZ,numeric,
F9_09_EXP_GRANT_US_ORG_PROG,F9_09_EXP_GRANT_US_ORG_PROG,F9-P09-T00-EXPENSES,Grants to domestic organizations and government - program service expenses,Program services,F990-PC-PART-09-LINE-01-COL-B,PC,numeric,
F9_09_EXP_GRANT_US_INDIV_TOT,F9_09_EXP_GRANT_US_INDIV_TOT,F9-P09-T00-EXPENSES,Grants to domestic individuals - total expenses,Total Grants and Assistance to Domestic Individuals - Total Expense,F990-PC-PART-09-LINE-02-COL-A,PC,numeric,
F9_09_EXP_GRANT_US_INDIV_PROG,F9_09_EXP_GRANT_US_INDIV_PROG,F9-P09-T00-EXPENSES,Grants to domestic individuals - program service expenses,Program services,F990-PC-PART-09-LINE-02-COL-B,PC,numeric,
F9_09_EXP_GRANT_FRGN_TOT,F9_09_EXP_GRANT_FRGN_TOT,F9-P09-T00-EXPENSES,"Grants to foreign organizations, governments, and individuals - total expenses",total Grants to Foreign Orgs and Governments - Total Expense,F990-PC-PART-09-LINE-03-COL-A,PC,numeric,
F9_09_EXP_GRANT_FRGN_PROG,F9_09_EXP_GRANT_FRGN_PROG,F9-P09-T00-EXPENSES,"Grants to foreign organizations, governments, and individuals - program service expenses",total Grants to Foreign Orgs and Governments - Program Service Expenses,F990-PC-PART-09-LINE-03-COL-B,PC,numeric,
F9_09_EXP_BEN_PAID_MEMB_TOT,F9_09_EXP_BEN_PAID_MEMB_TOT,F9-P09-T00-EXPENSES,Benefits paid to or for members - total expenses,Benefits Paid to or for Members - Total Expense,F990-PC-PART-09-LINE-04-COL-A,PZ,numeric,
F9_09_EXP_BEN_PAID_MEMB_PROG,F9_09_EXP_BEN_PAID_MEMB_PROG,F9-P09-T00-EXPENSES,Benefits paid to or for members - program service expenses,Benefits Paid to or for Members - Program Service Expenses,F990-PC-PART-09-LINE-04-COL-B,PC,numeric,
F9_09_EXP_COMP_DTK_TOT,F9_09_EXP_COMP_DTK_TOT,F9-P09-T00-EXPENSES,"Compensation of current officers, directors, trustees, and key employees - total expenses","Compensation for Current Officers, Directors, Trustees and Key Employees - Total Expense",F990-PC-PART-09-LINE-05-COL-A,PC,numeric,
F9_09_EXP_COMP_DTK_PROG,F9_09_EXP_COMP_DTK_PROG,F9-P09-T00-EXPENSES,"Compensation of current officers, directors, trustees, and key employees - program service expenses","Compensation for Current Officers, Directors, Trustees and Key Employees - Program",F990-PC-PART-09-LINE-05-COL-B,PC,numeric,
F9_09_EXP_COMP_DTK_MGMT,F9_09_EXP_COMP_DTK_MGMT,F9-P09-T00-EXPENSES,"Compensation of current officers, directors, trustees, and key employees - management and general expenses","Compensation for Current Officers, Directors, Trustees and Key Employees - Admin",F990-PC-PART-09-LINE-05-COL-C,PC,numeric,
F9_09_EXP_COMP_DTK_FUNDR,F9_09_EXP_COMP_DTK_FUNDR,F9-P09-T00-EXPENSES,"Compensation of current officers, directors, trustees, and key employees - fundraising expenses","Compensation for Current Officers, Directors, Trustees and Key Employees - Fundraising",F990-PC-PART-09-LINE-05-COL-D,PC,numeric,
F9_09_EXP_COMP_DSQ_PERS_TOT,F9_09_EXP_COMP_DSQ_PERS_TOT,F9-P09-T00-EXPENSES,Compensation not included above to disqualified persons - total expenses,"Compensation not included above, or to disqualified persons - Total Expense",F990-PC-PART-09-LINE-06-COL-A,PC,numeric,
F9_09_EXP_COMP_DSQ_PERS_PROG,F9_09_EXP_COMP_DSQ_PERS_PROG,F9-P09-T00-EXPENSES,Compensation not included above to disqualified persons - program service expenses,"Compensation not included above, or to disqualified persons - Program Service Expenses",F990-PC-PART-09-LINE-06-COL-B,PC,numeric,
F9_09_EXP_COMP_DSQ_PERS_MGMT,F9_09_EXP_COMP_DSQ_PERS_MGMT,F9-P09-T00-EXPENSES,Compensation not included above to disqualified persons - management and general expenses,"Compensation not included above, or to disqualified persons - Management and General",F990-PC-PART-09-LINE-06-COL-C,PC,numeric,
F9_09_EXP_COMP_DSQ_PERS_FUNDR,F9_09_EXP_COMP_DSQ_PERS_FUNDR,F9-P09-T00-EXPENSES,Compensation not included above to disqualified persons - fundraising expenses,"Compensation not included above, or to disqualified persons - Fundraising Expenses",F990-PC-PART-09-LINE-06-COL-D,PC,numeric,
F9_09_EXP_OTH_SAL_WAGE_TOT,F9_09_EXP_OTH_SAL_WAGE_TOT,F9-P09-T00-EXPENSES,Other salaries and wages - total expenses,Other Salaries and Wages - Total Expense,F990-PC-PART-09-LINE-07-COL-A,PC,numeric,
F9_09_EXP_OTH_SAL_WAGE_PROG,F9_09_EXP_OTH_SAL_WAGE_PROG,F9-P09-T00-EXPENSES,Other salaries and wages - program service expenses,Program services,F990-PC-PART-09-LINE-07-COL-B,PC,numeric,
F9_09_EXP_OTH_SAL_WAGE_MGMT,F9_09_EXP_OTH_SAL_WAGE_MGMT,F9-P09-T00-EXPENSES,Other salaries and wages - management and general expenses,Management and general,F990-PC-PART-09-LINE-07-COL-C,PC,numeric,
F9_09_EXP_OTH_SAL_WAGE_FUNDR,F9_09_EXP_OTH_SAL_WAGE_FUNDR,F9-P09-T00-EXPENSES,Other salaries and wages - fundraising expenses,Other Salaries And Wages - Fundraising,F990-PC-PART-09-LINE-07-COL-D,PC,numeric,
F9_09_EXP_PENSION_CONTR_TOT,F9_09_EXP_PENSION_CONTR_TOT,F9-P09-T00-EXPENSES,Pension plan accruals and contributions - total expenses,Pension Plan Accruals and Contributions - Total Expense,F990-PC-PART-09-LINE-08-COL-A,PC,numeric,
F9_09_EXP_PENSION_CONTR_PROG,F9_09_EXP_PENSION_CONTR_PROG,F9-P09-T00-EXPENSES,Pension plan accruals and contributions - program service expenses,Program services,F990-PC-PART-09-LINE-08-COL-B,PC,numeric,
F9_09_EXP_PENSION_CONTR_MGMT,F9_09_EXP_PENSION_CONTR_MGMT,F9-P09-T00-EXPENSES,Pension plan accruals and contributions - management and general expenses,Pension Plan Accruals and Contributions - admin,F990-PC-PART-09-LINE-08-COL-C,PC,numeric,
F9_09_EXP_PENSION_CONTR_FUNDR,F9_09_EXP_PENSION_CONTR_FUNDR,F9-P09-T00-EXPENSES,Pension plan accruals and contributions - fundraising expenses,Pension Plan Contributions - Fundraising,F990-PC-PART-09-LINE-08-COL-D,PC,numeric,
F9_09_EXP_OTH_EMPL_BEN_TOT,F9_09_EXP_OTH_EMPL_BEN_TOT,F9-P09-T00-EXPENSES,Other employee benefits - total expenses,Other Employee Benefits - Total Expense,F990-PC-PART-09-LINE-09-COL-A,PC,numeric,
F9_09_EXP_OTH_EMPL_BEN_PROG,F9_09_EXP_OTH_EMPL_BEN_PROG,F9-P09-T00-EXPENSES,Other employee benefits - program service expenses,Other Employee Benefits - Program Service Expenses,F990-PC-PART-09-LINE-09-COL-B,PC,numeric,
F9_09_EXP_OTH_EMPL_BEN_MGMT,F9_09_EXP_OTH_EMPL_BEN_MGMT,F9-P09-T00-EXPENSES,Other employee benefits - management and general expenses,Management and general,F990-PC-PART-09-LINE-09-COL-C,PC,numeric,
F9_09_EXP_OTH_EMPL_BEN_FUNDR,F9_09_EXP_OTH_EMPL_BEN_FUNDR,F9-P09-T00-EXPENSES,Other employee benefits - fundraising expenses,Other Employee Benefits - Fundraising,F990-PC-PART-09-LINE-09-COL-D,PC,numeric,
F9_09_EXP_PAYROLL_TAX_TOT,F9_09_EXP_PAYROLL_TAX_TOT,F9-P09-T00-EXPENSES,Payroll taxes - total expenses,Payroll Taxes - Total Expense,F990-PC-PART-09-LINE-10-COL-A,PC,numeric,
F9_09_EXP_PAYROLL_TAX_PROG,F9_09_EXP_PAYROLL_TAX_PROG,F9-P09-T00-EXPENSES,Payroll taxes - program service expenses,Program services,F990-PC-PART-09-LINE-10-COL-B,PC,numeric,
F9_09_EXP_PAYROLL_TAX_MGMT,F9_09_EXP_PAYROLL_TAX_MGMT,F9-P09-T00-EXPENSES,Payroll taxes - management and general expenses,Management and general,F990-PC-PART-09-LINE-10-COL-C,PC,numeric,
F9_09_EXP_PAYROLL_TAX_FUNDR,F9_09_EXP_PAYROLL_TAX_FUNDR,F9-P09-T00-EXPENSES,Payroll taxes - fundraising expenses,Payroll Taxes - Fundraising,F990-PC-PART-09-LINE-10-COL-D,PC,numeric,
F9_09_EXP_FEE_SVC_MGMT_TOT,F9_09_EXP_FEE_SVC_MGMT_TOT,F9-P09-T00-EXPENSES,Fees for services - management - total expenses,Fees for Services - Management - Total Expense,F990-PC-PART-09-LINE-11A-COL-A,PC,numeric,
F9_09_EXP_FEE_SVC_MGMT_PROG,F9_09_EXP_FEE_SVC_MGMT_PROG,F9-P09-T00-EXPENSES,Fees for services - management - program service expenses,Fees for Services - Management - Program Service Expenses,F990-PC-PART-09-LINE-11A-COL-B,PC,numeric,
F9_09_EXP_FEE_SVC_MGMT_MGMT,F9_09_EXP_FEE_SVC_MGMT_MGMT,F9-P09-T00-EXPENSES,Fees for services - management - management and general expenses,Fees for Services - Management - Management and General,F990-PC-PART-09-LINE-11A-COL-C,PC,numeric,
F9_09_EXP_FEE_SVC_MGMT_FUNDR,F9_09_EXP_FEE_SVC_MGMT_FUNDR,F9-P09-T00-EXPENSES,Fees for services - management - fundraising expenses,Fees for Services - Management - Fundraising Expenses,F990-PC-PART-09-LINE-11A-COL-D,PC,numeric,
F9_09_EXP_FEE_SVC_LEGAL_TOT,F9_09_EXP_FEE_SVC_LEGAL_TOT,F9-P09-T00-EXPENSES,Fees for services - legal - total expenses,Fees for Services - Legal - Total Expense,F990-PC-PART-09-LINE-11B-COL-A,PC,numeric,
F9_09_EXP_FEE_SVC_LEGAL_PROG,F9_09_EXP_FEE_SVC_LEGAL_PROG,F9-P09-T00-EXPENSES,Fees for services - legal - program service expenses,Fees for Services - Legal - Program Service Expenses,F990-PC-PART-09-LINE-11B-COL-B,PC,numeric,
F9_09_EXP_FEE_SVC_LEGAL_MGMT,F9_09_EXP_FEE_SVC_LEGAL_MGMT,F9-P09-T00-EXPENSES,Fees for services - legal - management and general expenses,Fees for Services - Legal - Management and General,F990-PC-PART-09-LINE-11B-COL-C,PC,numeric,
F9_09_EXP_FEE_SVC_LEGAL_FUNDR,F9_09_EXP_FEE_SVC_LEGAL_FUNDR,F9-P09-T00-EXPENSES,Fees for services - legal - fundraising expenses,Fees for Services - Legal - Fundraising Expenses,F990-PC-PART-09-LINE-11B-COL-D,PC,numeric,
F9_09_EXP_FEE_SVC_ACC_TOT,F9_09_EXP_FEE_SVC_ACC_TOT,F9-P09-T00-EXPENSES,Fees for services - accounting - total expenses,Fees for Services - Accounting - Total Expense,F990-PC-PART-09-LINE-11C-COL-A,PC,numeric,
F9_09_EXP_FEE_SVC_ACC_PROG,F9_09_EXP_FEE_SVC_ACC_PROG,F9-P09-T00-EXPENSES,Fees for services - accounting - program service expenses,Fees for Services - Accounting - Program Service Expenses,F990-PC-PART-09-LINE-11C-COL-B,PC,numeric,
F9_09_EXP_FEE_SVC_ACC_MGMT,F9_09_EXP_FEE_SVC_ACC_MGMT,F9-P09-T00-EXPENSES,Fees for services - accounting - management and general expenses,Fees for Services - Accounting - Management and General,F990-PC-PART-09-LINE-11C-COL-C,PC,numeric,
F9_09_EXP_FEE_SVC_ACC_FUNDR,F9_09_EXP_FEE_SVC_ACC_FUNDR,F9-P09-T00-EXPENSES,Fees for services - accounting - fundraising expenses,Fees for Services - Accounting - Fundraising Expenses,F990-PC-PART-09-LINE-11C-COL-D,PC,numeric,
F9_09_EXP_FEE_SVC_LOB_TOT,F9_09_EXP_FEE_SVC_LOB_TOT,F9-P09-T00-EXPENSES,Fees for services - lobbying - total expenses,Fees for Services - Lobbying - Total Expense,F990-PC-PART-09-LINE-11D-COL-A,PC,numeric,
F9_09_EXP_FEE_SVC_LOB_PROG,F9_09_EXP_FEE_SVC_LOB_PROG,F9-P09-T00-EXPENSES,Fees for services - lobbying - program service expenses,Fees for Services - Lobbying - Program Service Expenses,F990-PC-PART-09-LINE-11D-COL-B,PC,numeric,
F9_09_EXP_FEE_SVC_LOB_MGMT,F9_09_EXP_FEE_SVC_LOB_MGMT,F9-P09-T00-EXPENSES,Fees for services - lobbying - management and general expenses,Fees for Services - Lobbying - Management and General,F990-PC-PART-09-LINE-11D-COL-C,PC,numeric,
F9_09_EXP_FEE_SVC_LOB_FUNDR,F9_09_EXP_FEE_SVC_LOB_FUNDR,F9-P09-T00-EXPENSES,Fees for services - lobbying - fundraising expenses,Fees for Services - Lobbying - Fundraising Expenses,F990-PC-PART-09-LINE-11D-COL-D,PC,numeric,
F9_09_EXP_FEE_SVC_FUNDR_TOT,F9_09_EXP_FEE_SVC_FUNDR_TOT,F9-P09-T00-EXPENSES,Fees for services - professional fundraising services - total expenses,Fees for Professional Fundraising Services - Total Expense,F990-PC-PART-09-LINE-11E-COL-A,PC,numeric,
F9_09_EXP_FEE_SVC_FUNDR_PROG,F9_09_EXP_FEE_SVC_FUNDR_PROG,F9-P09-T00-EXPENSES,Fees for services - professional fundraising services - program service expenses,Program services,F990-PC-PART-09-LINE-11E-COL-B,PC,numeric,
F9_09_EXP_FEE_SVC_FUNDR_MGMT,F9_09_EXP_FEE_SVC_FUNDR_MGMT,F9-P09-T00-EXPENSES,Fees for services - professional fundraising services - management and general expenses,Management and general,F990-PC-PART-09-LINE-11E-COL-C,PC,numeric,
F9_09_EXP_FEE_SVC_FUNDR_FUNDR,F9_09_EXP_FEE_SVC_FUNDR_FUNDR,F9-P09-T00-EXPENSES,Fees for services - professional fundraising services - fundraising expenses,Fees for Professional Fundraising Services - Fundraising Expenses,F990-PC-PART-09-LINE-11E-COL-D,PC,numeric,
F9_09_EXP_FEE_SVC_INVEST_TOT,F9_09_EXP_FEE_SVC_INVEST_TOT,F9-P09-T00-EXPENSES,Fees for services - investment management fees - total expenses,Investment Management Fees - Total Expense,F990-PC-PART-09-LINE-11F-COL-A,PC,numeric,
F9_09_EXP_FEE_SVC_INVEST_PROG,F9_09_EXP_FEE_SVC_INVEST_PROG,F9-P09-T00-EXPENSES,Fees for services - investment management fees - program service expenses,Investment Management Fees - Program Service Expenses,F990-PC-PART-09-LINE-11F-COL-B,PC,numeric,
F9_09_EXP_FEE_SVC_INVEST_MGMT,F9_09_EXP_FEE_SVC_INVEST_MGMT,F9-P09-T00-EXPENSES,Fees for services - investment management fees - management and general expenses,Investment Management Fees -admin,F990-PC-PART-09-LINE-11F-COL-C,PC,numeric,
F9_09_EXP_FEE_SVC_INVEST_FUNDR,F9_09_EXP_FEE_SVC_INVEST_FUNDR,F9-P09-T00-EXPENSES,Fees for services - investment management fees - fundraising expenses,Investment Management Fees - Fundraising Expenses,F990-PC-PART-09-LINE-11F-COL-D,PC,numeric,
F9_09_EXP_FEE_SVC_OTH_TOT,F9_09_EXP_FEE_SVC_OTH_TOT,F9-P09-T00-EXPENSES,Fees for services - other - total expenses,Fees for Services - Other - Total Expense,F990-PC-PART-09-LINE-11G-COL-A,PC,numeric,
F9_09_EXP_FEE_SVC_OTH_PROG,F9_09_EXP_FEE_SVC_OTH_PROG,F9-P09-T00-EXPENSES,Fees for services - other - program service expenses,Fees for Services - Other - Program Service Expenses,F990-PC-PART-09-LINE-11G-COL-B,PC,numeric,
F9_09_EXP_FEE_SVC_OTH_MGMT,F9_09_EXP_FEE_SVC_OTH_MGMT,F9-P09-T00-EXPENSES,Fees for services - other - management and general expenses,Fees for Services - Other - Management and General,F990-PC-PART-09-LINE-11G-COL-C,PC,numeric,
F9_09_EXP_FEE_SVC_OTH_FUNDR,F9_09_EXP_FEE_SVC_OTH_FUNDR,F9-P09-T00-EXPENSES,Fees for services - other - fundraising expenses,Fees for Services - Other - Fundraising Expenses,F990-PC-PART-09-LINE-11G-COL-D,PC,numeric,
F9_09_EXP_AD_PROMO_TOT,F9_09_EXP_AD_PROMO_TOT,F9-P09-T00-EXPENSES,Advertising and promotion - total expenses,Advertising and promotion - total expense,F990-PC-PART-09-LINE-12-COL-A,PC,numeric,
F9_09_EXP_AD_PROMO_PROG,F9_09_EXP_AD_PROMO_PROG,F9-P09-T00-EXPENSES,Advertising and promotion - program service expenses,Advertising and promotion - Program Service Expenses,F990-PC-PART-09-LINE-12-COL-B,PC,numeric,
F9_09_EXP_AD_PROMO_MGMT,F9_09_EXP_AD_PROMO_MGMT,F9-P09-T00-EXPENSES,Advertising and promotion - management and general expenses,Advertising and promotion - Management and General,F990-PC-PART-09-LINE-12-COL-C,PC,numeric,
F9_09_EXP_AD_PROMO_FUNDR,F9_09_EXP_AD_PROMO_FUNDR,F9-P09-T00-EXPENSES,Advertising and promotion - fundraising expenses,Advertising and promotion - Fundraising Expenses,F990-PC-PART-09-LINE-12-COL-D,PC,numeric,
F9_09_EXP_OFFICE_TOT,F9_09_EXP_OFFICE_TOT,F9-P09-T00-EXPENSES,Office expenses - total expenses,Office Expenses - total expense,F990-PC-PART-09-LINE-13-COL-A,PZ,numeric,
F9_09_EXP_OFFICE_TOT_V2,F9_09_EXP_OFFICE_TOT_V2,F9-P09-T00-EXPENSES,"Printing, publications, postage, and shipping",Printing; publications; postage; and shipping,F990-PC-PART-09-LINE-13-COL-A,PZ,numeric,
F9_09_EXP_OFFICE_PROG,F9_09_EXP_OFFICE_PROG,F9-P09-T00-EXPENSES,Office expenses - program service expenses,Office Expenses - Program Service Expenses,F990-PC-PART-09-LINE-13-COL-B,PC,numeric,
F9_09_EXP_OFFICE_MGMT,F9_09_EXP_OFFICE_MGMT,F9-P09-T00-EXPENSES,Office expenses - management and general expenses,Management and general,F990-PC-PART-09-LINE-13-COL-C,PC,numeric,
F9_09_EXP_OFFICE_FUNDR,F9_09_EXP_OFFICE_FUNDR,F9-P09-T00-EXPENSES,Office expenses - fundraising expenses,Office Expenses - Fundraising,F990-PC-PART-09-LINE-13-COL-D,PC,numeric,
F9_09_EXP_INFO_TECH_TOT,F9_09_EXP_INFO_TECH_TOT,F9-P09-T00-EXPENSES,Information technology - total expenses,Information Technology - total expense,F990-PC-PART-09-LINE-14-COL-A,PC,numeric,
F9_09_EXP_INFO_TECH_PROG,F9_09_EXP_INFO_TECH_PROG,F9-P09-T00-EXPENSES,Information technology - program service expenses,Program services,F990-PC-PART-09-LINE-14-COL-B,PC,numeric,
F9_09_EXP_INFO_TECH_MGMT,F9_09_EXP_INFO_TECH_MGMT,F9-P09-T00-EXPENSES,Information technology - management and general expenses,Management and general,F990-PC-PART-09-LINE-14-COL-C,PC,numeric,
F9_09_EXP_INFO_TECH_FUNDR,F9_09_EXP_INFO_TECH_FUNDR,F9-P09-T00-EXPENSES,Information technology - fundraising expenses,Information Technology - Fundraising,F990-PC-PART-09-LINE-14-COL-D,PC,numeric,
F9_09_EXP_ROY_TOT,F9_09_EXP_ROY_TOT,F9-P09-T00-EXPENSES,Royalties - total expenses,Royalties - total expense,F990-PC-PART-09-LINE-15-COL-A,PC,numeric,
F9_09_EXP_ROY_PROG,F9_09_EXP_ROY_PROG,F9-P09-T00-EXPENSES,Royalties - program service expenses,Program services,F990-PC-PART-09-LINE-15-COL-B,PC,numeric,
F9_09_EXP_ROY_MGMT,F9_09_EXP_ROY_MGMT,F9-P09-T00-EXPENSES,Royalties - management and general expenses,Management and general,F990-PC-PART-09-LINE-15-COL-C,PC,numeric,
F9_09_EXP_ROY_FUNDR,F9_09_EXP_ROY_FUNDR,F9-P09-T00-EXPENSES,Royalties - fundraising expenses,Royalties - Fundraising,F990-PC-PART-09-LINE-15-COL-D,PC,numeric,
F9_09_EXP_OCCUPANCY_TOT,F9_09_EXP_OCCUPANCY_TOT,F9-P09-T00-EXPENSES,Occupancy - total expenses,Occupancy; rent; utilities; and maintenance,F990-PC-PART-09-LINE-16-COL-A,PZ,numeric,
F9_09_EXP_OCCUPANCY_PROG,F9_09_EXP_OCCUPANCY_PROG,F9-P09-T00-EXPENSES,Occupancy - program service expenses,Program services,F990-PC-PART-09-LINE-16-COL-B,PC,numeric,
F9_09_EXP_OCCUPANCY_MGMT,F9_09_EXP_OCCUPANCY_MGMT,F9-P09-T00-EXPENSES,Occupancy - management and general expenses,Management and general,F990-PC-PART-09-LINE-16-COL-C,PC,numeric,
F9_09_EXP_OCCUPANCY_FUNDR,F9_09_EXP_OCCUPANCY_FUNDR,F9-P09-T00-EXPENSES,Occupancy - fundraising expenses,Occupancy - Fundraising,F990-PC-PART-09-LINE-16-COL-D,PC,numeric,
F9_09_EXP_TRAVEL_TOT,F9_09_EXP_TRAVEL_TOT,F9-P09-T00-EXPENSES,Travel - total expenses,Travel- total expense,F990-PC-PART-09-LINE-17-COL-A,PC,numeric,
F9_09_EXP_TRAVEL_PROG,F9_09_EXP_TRAVEL_PROG,F9-P09-T00-EXPENSES,Travel - program service expenses,Program services,F990-PC-PART-09-LINE-17-COL-B,PC,numeric,
F9_09_EXP_TRAVEL_MGMT,F9_09_EXP_TRAVEL_MGMT,F9-P09-T00-EXPENSES,Travel - management and general expenses,Management and general,F990-PC-PART-09-LINE-17-COL-C,PC,numeric,
F9_09_EXP_TRAVEL_FUNDR,F9_09_EXP_TRAVEL_FUNDR,F9-P09-T00-EXPENSES,Travel - fundraising expenses,Travel - Fundraising,F990-PC-PART-09-LINE-17-COL-D,PC,numeric,
F9_09_EXP_TRAVEL_ENTMT_TOT,F9_09_EXP_TRAVEL_ENTMT_TOT,F9-P09-T00-EXPENSES,Payments of travel or entertainment for public officials - total expenses,"Payments for travel or entertainment for fed, state, or local public officials",F990-PC-PART-09-LINE-18-COL-A,PC,numeric,
F9_09_EXP_TRAVEL_ENTMT_PROG,F9_09_EXP_TRAVEL_ENTMT_PROG,F9-P09-T00-EXPENSES,Payments of travel or entertainment for public officials - program service expenses,Program services,F990-PC-PART-09-LINE-18-COL-B,PC,numeric,
F9_09_EXP_TRAVEL_ENTMT_MGMT,F9_09_EXP_TRAVEL_ENTMT_MGMT,F9-P09-T00-EXPENSES,Payments of travel or entertainment for public officials - management and general expenses,Management and general,F990-PC-PART-09-LINE-18-COL-C,PC,numeric,
F9_09_EXP_TRAVEL_ENTMT_FUNDR,F9_09_EXP_TRAVEL_ENTMT_FUNDR,F9-P09-T00-EXPENSES,Payments of travel or entertainment for public officials - fundraising expenses,Travel Entrtnmnt Public Officials - Fundraising,F990-PC-PART-09-LINE-18-COL-D,PC,numeric,
F9_09_EXP_CONF_MEETING_TOT,F9_09_EXP_CONF_MEETING_TOT,F9-P09-T00-EXPENSES,"Conferences, conventions, and meetings - total expenses","Conferences, conventions, and meetings- total expense",F990-PC-PART-09-LINE-19-COL-A,PC,numeric,
F9_09_EXP_CONF_MEETING_PROG,F9_09_EXP_CONF_MEETING_PROG,F9-P09-T00-EXPENSES,"Conferences, conventions, and meetings - program service expenses","Conferences, conventions, and meetings- Program Service Expenses",F990-PC-PART-09-LINE-19-COL-B,PC,numeric,
F9_09_EXP_CONF_MEETING_MGMT,F9_09_EXP_CONF_MEETING_MGMT,F9-P09-T00-EXPENSES,"Conferences, conventions, and meetings - management and general expenses","Conferences, conventions, and meetings- Management and General",F990-PC-PART-09-LINE-19-COL-C,PC,numeric,
F9_09_EXP_CONF_MEETING_FUNDR,F9_09_EXP_CONF_MEETING_FUNDR,F9-P09-T00-EXPENSES,"Conferences, conventions, and meetings - fundraising expenses","Conferences, conventions, and meetings- Fundraising Expenses",F990-PC-PART-09-LINE-19-COL-D,PC,numeric,
F9_09_EXP_INT_TOT,F9_09_EXP_INT_TOT,F9-P09-T00-EXPENSES,Interest - total expenses,Interest- total expense,F990-PC-PART-09-LINE-20-COL-A,PC,numeric,
F9_09_EXP_INT_PROG,F9_09_EXP_INT_PROG,F9-P09-T00-EXPENSES,Interest - program service expenses,Program services,F990-PC-PART-09-LINE-20-COL-B,PC,numeric,
F9_09_EXP_INT_MGMT,F9_09_EXP_INT_MGMT,F9-P09-T00-EXPENSES,Interest - management and general expenses,Management and general,F990-PC-PART-09-LINE-20-COL-C,PC,numeric,
F9_09_EXP_INT_FUNDR,F9_09_EXP_INT_FUNDR,F9-P09-T00-EXPENSES,Interest - fundraising expenses,Interest - Fundraising,F990-PC-PART-09-LINE-20-COL-D,PC,numeric,
F9_09_EXP_PAY_AFFIL_TOT,F9_09_EXP_PAY_AFFIL_TOT,F9-P09-T00-EXPENSES,Payments to affiliates - total expenses,Payments to Affiliates- total expense,F990-PC-PART-09-LINE-21-COL-A,PC,numeric,
F9_09_EXP_PAY_AFFIL_PROG,F9_09_EXP_PAY_AFFIL_PROG,F9-P09-T00-EXPENSES,Payments to affiliates - program service expenses,Payments to Affiliates- Program Service Expenses,F990-PC-PART-09-LINE-21-COL-B,PC,numeric,
F9_09_EXP_PAY_AFFIL_MGMT,F9_09_EXP_PAY_AFFIL_MGMT,F9-P09-T00-EXPENSES,Payments to affiliates - management and general expenses,Management and general,F990-PC-PART-09-LINE-21-COL-C,PC,numeric,
F9_09_EXP_PAY_AFFIL_FUNDR,F9_09_EXP_PAY_AFFIL_FUNDR,F9-P09-T00-EXPENSES,Payments to affiliates - fundraising expenses,Payments to Affiliates- Fundraising Expenses,F990-PC-PART-09-LINE-21-COL-D,PC,numeric,
F9_09_EXP_DEPREC_TOT,F9_09_EXP_DEPREC_TOT,F9-P09-T00-EXPENSES,"Depreciation, depletion, and amortization - total expenses","Depreciation, depletion, and amortization",F990-PC-PART-09-LINE-22-COL-A,PC,numeric,
F9_09_EXP_DEPREC_PROG,F9_09_EXP_DEPREC_PROG,F9-P09-T00-EXPENSES,"Depreciation, depletion, and amortization - program service expenses","Depreciation, depletion, and amortization",F990-PC-PART-09-LINE-22-COL-B,PC,numeric,
F9_09_EXP_DEPREC_MGMT,F9_09_EXP_DEPREC_MGMT,F9-P09-T00-EXPENSES,"Depreciation, depletion, and amortization - management and general expenses","Depreciation, depletion, and amortization",F990-PC-PART-09-LINE-22-COL-C,PC,numeric,
F9_09_EXP_DEPREC_FUNDR,F9_09_EXP_DEPREC_FUNDR,F9-P09-T00-EXPENSES,"Depreciation, depletion, and amortization - fundraising expenses","Depreciation, depletion, and amortization",F990-PC-PART-09-LINE-22-COL-D,PC,numeric,
F9_09_EXP_INSURANCE_TOT,F9_09_EXP_INSURANCE_TOT,F9-P09-T00-EXPENSES,Insurance - total expenses,insurance - total expense,F990-PC-PART-09-LINE-23-COL-A,PC,numeric,
F9_09_EXP_INSURANCE_PROG,F9_09_EXP_INSURANCE_PROG,F9-P09-T00-EXPENSES,Insurance - program service expenses,Program services,F990-PC-PART-09-LINE-23-COL-B,PC,numeric,
F9_09_EXP_INSURANCE_MGMT,F9_09_EXP_INSURANCE_MGMT,F9-P09-T00-EXPENSES,Insurance - management and general expenses,Management and general,F990-PC-PART-09-LINE-23-COL-C,PC,numeric,
F9_09_EXP_INSURANCE_FUNDR,F9_09_EXP_INSURANCE_FUNDR,F9-P09-T00-EXPENSES,Insurance - fundraising expenses,insurance - Fundraising Expenses,F990-PC-PART-09-LINE-23-COL-D,PC,numeric,
F9_09_EXP_OTH_OTH_TOT,F9_09_EXP_OTH_OTH_TOT,F9-P09-T00-EXPENSES,All other expenses - total expenses,Other expenses - total expense,F990-PC-PART-09-LINE-24E-COL-A,PC,numeric,
F9_09_EXP_OTH_OTH_PROG,F9_09_EXP_OTH_OTH_PROG,F9-P09-T00-EXPENSES,All other expenses - program service expenses,All Other expenses - Program,F990-PC-PART-09-LINE-24E-COL-B,PC,numeric,
F9_09_EXP_OTH_OTH_MGMT,F9_09_EXP_OTH_OTH_MGMT,F9-P09-T00-EXPENSES,All other expenses - management and general expenses,All Other expenses - Admin,F990-PC-PART-09-LINE-24E-COL-C,PC,numeric,
F9_09_EXP_OTH_OTH_FUNDR,F9_09_EXP_OTH_OTH_FUNDR,F9-P09-T00-EXPENSES,All other expenses - fundraising expenses,All Other expenses - Fundraising,F990-PC-PART-09-LINE-24E-COL-D,PC,numeric,
F9_09_EXP_TOT_TOT,F9_09_EXP_TOT_TOT,F9-P09-T00-EXPENSES,Total functional expenses - total expenses,Total Functional Expenses - Total Expense,F990-PC-PART-09-LINE-25-COL-A,PC,numeric,
F9_09_EXP_TOT_PROG,F9_09_EXP_TOT_PROG,F9-P09-T00-EXPENSES,Total functional expenses - program service expenses,Program services,F990-PC-PART-09-LINE-25-COL-B,PC,numeric,
F9_09_EXP_TOT_MGMT,F9_09_EXP_TOT_MGMT,F9-P09-T00-EXPENSES,Total functional expenses - management and general expenses,Management and general,F990-PC-PART-09-LINE-25-COL-C,PC,numeric,
F9_09_EXP_TOT_FUNDR,F9_09_EXP_TOT_FUNDR,F9-P09-T00-EXPENSES,Total functional expenses - fundraising expenses,Total Functional Expenses - Fundraising,F990-PC-PART-09-LINE-25-COL-D,PC,numeric,
F9_09_EXP_JOINT_COST_X,F9_09_EXP_JOINT_COST_X,F9-P09-T00-EXPENSES,Reported joint costs [x],Form990 Part IX - Joint costs?,F990-PC-PART-09-LINE-26,PC,checkbox,
F9_09_EXP_JOINT_COST_TOT,F9_09_EXP_JOINT_COST_TOT,F9-P09-T00-EXPENSES,Joint costs - total expenses,Joint Costs - total expense,F990-PC-PART-09-LINE-26-COL-A,PC,numeric,
F9_09_EXP_JOINT_COST_PROG,F9_09_EXP_JOINT_COST_PROG,F9-P09-T00-EXPENSES,Joint costs - program service expenses,Joint Costs - Program Service Expenses,F990-PC-PART-09-LINE-26-COL-B,PC,numeric,
F9_09_EXP_JOINT_COST_MGMT,F9_09_EXP_JOINT_COST_MGMT,F9-P09-T00-EXPENSES,Joint costs - management and general expenses,Management and general,F990-PC-PART-09-LINE-26-COL-C,PC,numeric,
F9_09_EXP_JOINT_COST_FUNDR,F9_09_EXP_JOINT_COST_FUNDR,F9-P09-T00-EXPENSES,Joint costs - fundraising expenses,Total Joint Costs - Fundraising,F990-PC-PART-09-LINE-26-COL-D,PC,numeric,
F9_09_EXP_OTH_DESC,F9_09_EXP_OTH_DESC,F9-P09-T01-EXPENSES-OTHER,Other expenses description,Other Expenses - description,F990-PC-PART-09-LINE-24-ABCD,PC,text,
F9_09_EXP_OTH_TOT,F9_09_EXP_OTH_TOT,F9-P09-T01-EXPENSES-OTHER,Other expenses - total expenses,Other Expenses - Total,F990-PC-PART-09-LINE-24-ABCD-COL-A,PC,numeric,
F9_09_EXP_OTH_PROG,F9_09_EXP_OTH_PROG,F9-P09-T01-EXPENSES-OTHER,Other expenses - program service expenses,Program services,F990-PC-PART-09-LINE-24-ABCD-COL-B,PC,numeric,
F9_09_EXP_OTH_MGMT,F9_09_EXP_OTH_MGMT,F9-P09-T01-EXPENSES-OTHER,Other expenses - management and general expenses,Management and general,F990-PC-PART-09-LINE-24-ABCD-COL-C,PC,numeric,
F9_09_EXP_OTH_FUNDR,F9_09_EXP_OTH_FUNDR,F9-P09-T01-EXPENSES-OTHER,Other expenses - fundraising expenses,Other Expenses - Fundraising,F990-PC-PART-09-LINE-24-ABCD-COL-D,PC,numeric,
F9_10_INFO_SCHED_O_X,F9_10_INFO_SCHED_O_X,F9-P10-T00-BALANCE-SHEET,Schedule O contains response to Part 10 (PC) or Part 2 (EZ) [x],Schedule O contains a response to a question in Part II,F990-PC-PART-10-LINE-00,PZ,checkbox,
F9_10_ASSET_CASH_SAVING_BOY,F9_10_ASSET_CASH_SAVING_BOY,F9-P10-T00-BALANCE-SHEET,"Cash, savings, and investments - beginning of year","Cash, savings, and investments, beginning of year (F990-PC-PART-10-LINE-01-02-11-12-13-BOY-COMBINED: F990-EZ-PART-02-LINE-22-BOY)",F990-PC-PART-10-LINE-01-02-11-12-13-BOY,PZ,numeric,
F9_10_ASSET_CASH_SAVING_EOY,F9_10_ASSET_CASH_SAVING_EOY,F9-P10-T00-BALANCE-SHEET,"Cash, savings, and investments - end of year","Cash, savings, and investments, end of year (F990-PC-PART-10-LINE-01-02-11-12-13-EOY-COMBINED: F990-EZ-PART-02-LINE-22-EOY)",F990-PC-PART-10-LINE-01-02-11-12-13-EOY,PZ,numeric,
F9_10_ASSET_CASH_BOY,F9_10_ASSET_CASH_BOY,F9-P10-T00-BALANCE-SHEET,"Cash, non-interest-bearing - beginning of year","Cash, non-interest-bearing, beginning of year",F990-PC-PART-10-LINE-01-BOY,PZ,numeric,
F9_10_ASSET_CASH_EOY,F9_10_ASSET_CASH_EOY,F9-P10-T00-BALANCE-SHEET,"Cash, non-interest-bearing - end of year","Cash, non-interest-bearing, end of year",F990-PC-PART-10-LINE-01-EOY,PZ,numeric,
F9_10_ASSET_SAVING_BOY,F9_10_ASSET_SAVING_BOY,F9-P10-T00-BALANCE-SHEET,Savings and temporary cash investments - beginning of year,"Savings and temporary cash investments, beginning of year",F990-PC-PART-10-LINE-02-BOY,PZ,numeric,
F9_10_ASSET_SAVING_EOY,F9_10_ASSET_SAVING_EOY,F9-P10-T00-BALANCE-SHEET,Savings and temporary cash investments - end of year,"Savings and temporary cash investments, end of year",F990-PC-PART-10-LINE-02-EOY,PZ,numeric,
F9_10_ASSET_PLEDGE_NET_BOY,F9_10_ASSET_PLEDGE_NET_BOY,F9-P10-T00-BALANCE-SHEET,Net pledges and grants receivable - beginning of year,"Net pledges and grants receivable, beginning of year",F990-PC-PART-10-LINE-03-BOY,PC,numeric,
F9_10_ASSET_PLEDGE_NET_EOY,F9_10_ASSET_PLEDGE_NET_EOY,F9-P10-T00-BALANCE-SHEET,Net pledges and grants receivable - end of year,"Net pledges and grants receivable, end of year",F990-PC-PART-10-LINE-03-EOY,PC,numeric,
F9_10_ASSET_ACC_NET_BOY,F9_10_ASSET_ACC_NET_BOY,F9-P10-T00-BALANCE-SHEET,Net accounts receivable - beginning of year,"Net accounts receivable, beginning of year",F990-PC-PART-10-LINE-04-BOY,PC,numeric,
F9_10_ASSET_ACC_NET_EOY,F9_10_ASSET_ACC_NET_EOY,F9-P10-T00-BALANCE-SHEET,Net accounts receivable - end of year,"Net accounts receivable, end of year",F990-PC-PART-10-LINE-04-EOY,PC,numeric,
F9_10_ASSET_LOAN_OFF_BOY,F9_10_ASSET_LOAN_OFF_BOY,F9-P10-T00-BALANCE-SHEET,"Loans and other receivables from officers, directors, trustees, key employees, creators or founders, substantial contributors, or 35% controlled entities or family members - beginning of year","Loans and other receivables from officers, beginning of year",F990-PC-PART-10-LINE-05-BOY,PC,numeric,
F9_10_ASSET_LOAN_OFF_EOY,F9_10_ASSET_LOAN_OFF_EOY,F9-P10-T00-BALANCE-SHEET,"Loans and other receivables from officers, directors, trustees, key employees, creators or founders, substantial contributors, or 35% controlled entities or family members - end of year","Loans and other receivables from officers, end of year",F990-PC-PART-10-LINE-05-EOY,PC,numeric,
F9_10_ASSET_LOAN_DSQ_PERS_BOY,F9_10_ASSET_LOAN_DSQ_PERS_BOY,F9-P10-T00-BALANCE-SHEET,Loans and other receivables from disqualified persons - beginning of year,"Loans and other receivables from disqualified persons, end of year",F990-PC-PART-10-LINE-06-BOY,PC,numeric,
F9_10_ASSET_LOAN_DSQ_PERS_EOY,F9_10_ASSET_LOAN_DSQ_PERS_EOY,F9-P10-T00-BALANCE-SHEET,Loans and other receivables from disqualified persons - end of year,"Loans and other receivables from disqualified persons, end of year",F990-PC-PART-10-LINE-06-EOY,PC,numeric,
F9_10_ASSET_NOTE_LOAN_NET_BOY,F9_10_ASSET_NOTE_LOAN_NET_BOY,F9-P10-T00-BALANCE-SHEET,Net notes and loans receivable - beginning of year,"Net notes and loans receivable, beginning of year",F990-PC-PART-10-LINE-07-BOY,PC,numeric,
F9_10_ASSET_NOTE_LOAN_NET_EOY,F9_10_ASSET_NOTE_LOAN_NET_EOY,F9-P10-T00-BALANCE-SHEET,Net notes and loans receivable - end of year,"Net notes and loans receivable, end of year",F990-PC-PART-10-LINE-07-EOY,PC,numeric,
F9_10_ASSET_INV_SALE_BOY,F9_10_ASSET_INV_SALE_BOY,F9-P10-T00-BALANCE-SHEET,Inventories for sale or use - beginning of year,"Inventories for sale or use, beginning of year",F990-PC-PART-10-LINE-08-BOY,PC,numeric,
F9_10_ASSET_INV_SALE_EOY,F9_10_ASSET_INV_SALE_EOY,F9-P10-T00-BALANCE-SHEET,Inventories for sale or use - end of year,"Inventories for sale or use, end of year",F990-PC-PART-10-LINE-08-EOY,PC,numeric,
F9_10_ASSET_EXP_PREPAID_BOY,F9_10_ASSET_EXP_PREPAID_BOY,F9-P10-T00-BALANCE-SHEET,Prepaid expenses and deferred charges - beginning of year,"Prepaid exenses and deferred charges, beginning of year",F990-PC-PART-10-LINE-09-BOY,PC,numeric,
F9_10_ASSET_EXP_PREPAID_EOY,F9_10_ASSET_EXP_PREPAID_EOY,F9-P10-T00-BALANCE-SHEET,Prepaid expenses and deferred charges - end of year,"Prepaid exenses and deferred charges, end of year",F990-PC-PART-10-LINE-09-EOY,PC,numeric,
F9_10_ASSET_LAND_BLDG,F9_10_ASSET_LAND_BLDG,F9-P10-T00-BALANCE-SHEET,"Gross land, buildings, and equipment","Gross value including lands, buildings, and equipment",F990-PC-PART-10-LINE-10A,PZ,numeric,
F9_10_ASSET_LAND_BLDG_BOY,F9_10_ASSET_LAND_BLDG_BOY,F9-P10-T00-BALANCE-SHEET,Land and buildings - beginning of year,"Net value including lands, buildings, and equipment, beginning of year",F990-PC-PART-10-LINE-10A,PZ,numeric,
F9_10_ASSET_LAND_BLDG_EOY,F9_10_ASSET_LAND_BLDG_EOY,F9-P10-T00-BALANCE-SHEET,Land and buildings - end of year,"Net value including lands, buildings, and equipment, end of year",F990-PC-PART-10-LINE-10A,PZ,numeric,
F9_10_ASSET_LAND_BLDG_DEPREC,F9_10_ASSET_LAND_BLDG_DEPREC,F9-P10-T00-BALANCE-SHEET,"Accumulated depreciation of land, buildings, and equipment","Accumulated depreciation of lands and buildings, beginning of year",F990-PC-PART-10-LINE-10B,PC,numeric,
F9_10_ASSET_LAND_BLDG_NET_BOY,F9_10_ASSET_LAND_BLDG_NET_BOY,F9-P10-T00-BALANCE-SHEET,"Net land, buildings, and equipment - beginning of year",Net value including lands; buildings; and equipment; beginning of year,F990-PC-PART-10-LINE-10C-BOY,PZ,numeric,
F9_10_ASSET_LAND_BLDG_NET_EOY,F9_10_ASSET_LAND_BLDG_NET_EOY,F9-P10-T00-BALANCE-SHEET,"Net land, buildings, and equipment - end of year",Net value including lands; buildings; and equipment; end of year,F990-PC-PART-10-LINE-10C-EOY,PZ,numeric,
F9_10_ASSET_INVEST_SEC_BOY,F9_10_ASSET_INVEST_SEC_BOY,F9-P10-T00-BALANCE-SHEET,Investments - publicly traded securities - beginning of year,"Investment, publicly traded securities, beginning of year",F990-PC-PART-10-LINE-11-BOY,PZ,numeric,
F9_10_ASSET_INVEST_SEC_EOY,F9_10_ASSET_INVEST_SEC_EOY,F9-P10-T00-BALANCE-SHEET,Investments - publicly traded securities - end of year,"Investment, publicly traded securities, end of year",F990-PC-PART-10-LINE-11-EOY,PZ,numeric,
F9_10_ASSET_INVEST_SEC_OTH_BOY,F9_10_ASSET_INVEST_SEC_OTH_BOY,F9-P10-T00-BALANCE-SHEET,Investments - other securities - beginning of year,"Investments and other securities, beginning of year",F990-PC-PART-10-LINE-12-BOY,PZ,numeric,
F9_10_ASSET_INVEST_SEC_OTH_EOY,F9_10_ASSET_INVEST_SEC_OTH_EOY,F9-P10-T00-BALANCE-SHEET,Investments - other securities - end of year,"Investments and other securities, end of year",F990-PC-PART-10-LINE-12-EOY,PZ,numeric,
F9_10_ASSET_INVEST_PROG_RLTD_BOY,F9_10_ASSET_INVEST_PROG_RLTD_BOY,F9-P10-T00-BALANCE-SHEET,Investments - program-related - beginning of year,"Investments, program-related, beginning of year",F990-PC-PART-10-LINE-13-BOY,PZ,numeric,
F9_10_ASSET_INVEST_PROG_RLTD_EOY,F9_10_ASSET_INVEST_PROG_RLTD_EOY,F9-P10-T00-BALANCE-SHEET,Investments - program-related - end of year,"Investments, program-related, end of year",F990-PC-PART-10-LINE-13-EOY,PZ,numeric,
F9_10_ASSET_INTANGIBLE_BOY,F9_10_ASSET_INTANGIBLE_BOY,F9-P10-T00-BALANCE-SHEET,Intangible assets - beginning of year,"Intangible assets, beginning of year",F990-PC-PART-10-LINE-14-BOY,PC,numeric,
F9_10_ASSET_INTANGIBLE_EOY,F9_10_ASSET_INTANGIBLE_EOY,F9-P10-T00-BALANCE-SHEET,Intangible assets - end of year,"Intangible assets, end of year",F990-PC-PART-10-LINE-14-EOY,PC,numeric,
F9_10_ASSET_OTH_BOY,F9_10_ASSET_OTH_BOY,F9-P10-T00-BALANCE-SHEET,"Other assets, beginning of year","Other assets, beginning of year",F990-PC-PART-10-LINE-15-BOY,PZ,numeric,
F9_10_ASSET_OTH_BOY_V2,F9_10_ASSET_OTH_BOY_V2,F9-P10-T00-BALANCE-SHEET,"Other assets, beginning of year","Other assets, beginning of year",F990-PC-PART-10-LINE-15-BOY,PZ,numeric,
F9_10_ASSET_OTH_EOY,F9_10_ASSET_OTH_EOY,F9-P10-T00-BALANCE-SHEET,Other assets - end of year,"Other assets, end of year",F990-PC-PART-10-LINE-15-EOY,PZ,numeric,
F9_10_ASSET_OTH_EOY_V2,F9_10_ASSET_OTH_EOY_V2,F9-P10-T00-BALANCE-SHEET,Other assets - end of year,"Other assets, end of year",F990-PC-PART-10-LINE-15-EOY,PZ,numeric,
F9_10_ASSET_TOT_BOY,F9_10_ASSET_TOT_BOY,F9-P10-T00-BALANCE-SHEET,Total assets - beginning of year,"Total assets, beginning of year",F990-PC-PART-10-LINE-16-BOY,PZ,numeric,
F9_10_ASSET_TOT_EOY,F9_10_ASSET_TOT_EOY,F9-P10-T00-BALANCE-SHEET,Total assets - end of year,"Total assets, end of year",F990-PC-PART-10-LINE-16-EOY,PZ,numeric,
F9_10_LIAB_ACC_PAYABLE_BOY,F9_10_LIAB_ACC_PAYABLE_BOY,F9-P10-T00-BALANCE-SHEET,Accounts payable and accrued expenses - beginning of year,"Accounts payable and accrued expenses, beginning of year",F990-PC-PART-10-LINE-17-BOY,PC,numeric,
F9_10_LIAB_ACC_PAYABLE_EOY,F9_10_LIAB_ACC_PAYABLE_EOY,F9-P10-T00-BALANCE-SHEET,Accounts payable and accrued expenses - end of year,"Accounts payable and accrued expenses, end of year",F990-PC-PART-10-LINE-17-EOY,PC,numeric,
F9_10_LIAB_GRANT_PAYABLE_BOY,F9_10_LIAB_GRANT_PAYABLE_BOY,F9-P10-T00-BALANCE-SHEET,Grants payable - beginning of year,"Grants payable, beginning of year",F990-PC-PART-10-LINE-18-BOY,PC,numeric,
F9_10_LIAB_GRANT_PAYABLE_EOY,F9_10_LIAB_GRANT_PAYABLE_EOY,F9-P10-T00-BALANCE-SHEET,Grants payable - end of year,"Grants payable, end of year",F990-PC-PART-10-LINE-18-EOY,PC,numeric,
F9_10_LIAB_REV_DEFERRED_BOY,F9_10_LIAB_REV_DEFERRED_BOY,F9-P10-T00-BALANCE-SHEET,Deferred revenue - beginning of year,"Deferred revenue, beginning of year",F990-PC-PART-10-LINE-19-BOY,PC,numeric,
F9_10_LIAB_REV_DEFERRED_EOY,F9_10_LIAB_REV_DEFERRED_EOY,F9-P10-T00-BALANCE-SHEET,Deferred revenue - end of year,"Deferred revenue, end of year",F990-PC-PART-10-LINE-19-EOY,PC,numeric,
F9_10_LIAB_TAX_EXEMPT_BOND_BOY,F9_10_LIAB_TAX_EXEMPT_BOND_BOY,F9-P10-T00-BALANCE-SHEET,Tax-exempt bond liabilities - beginning of year,"Tax-exempt bond liabilities, beginning of year",F990-PC-PART-10-LINE-20-BOY,PC,numeric,
F9_10_LIAB_TAX_EXEMPT_BOND_EOY,F9_10_LIAB_TAX_EXEMPT_BOND_EOY,F9-P10-T00-BALANCE-SHEET,Tax-exempt bond liabilities - end of year,"Tax-exempt bond liabilities, end of year",F990-PC-PART-10-LINE-20-EOY,PC,numeric,
F9_10_LIAB_ESCROW_ACC_BOY,F9_10_LIAB_ESCROW_ACC_BOY,F9-P10-T00-BALANCE-SHEET,Escrow or custodial account liability - beginning of year,"Escrow or custodial account liability, beginning of year",F990-PC-PART-10-LINE-21-BOY,PC,numeric,
F9_10_LIAB_ESCROW_ACC_EOY,F9_10_LIAB_ESCROW_ACC_EOY,F9-P10-T00-BALANCE-SHEET,Escrow or custodial account liability - end of year,"Escrow or custodial account liability, end of year",F990-PC-PART-10-LINE-21-EOY,PC,numeric,
F9_10_LIAB_LOAN_OFF_BOY,F9_10_LIAB_LOAN_OFF_BOY,F9-P10-T00-BALANCE-SHEET,"Loans and other payables to officers, directors, trustees, key employees, creators or founders, substantial contributors, or 35% controlled entities or family members - beginning of year","Loans and other receivables from officers, beginning of year",F990-PC-PART-10-LINE-22-BOY,PC,numeric,
F9_10_LIAB_LOAN_OFF_EOY,F9_10_LIAB_LOAN_OFF_EOY,F9-P10-T00-BALANCE-SHEET,"Loans and other payables to officers, directors, trustees, key employees, creators or founders, substantial contributors, or 35% controlled entities or family members - end of year","Loans and other receivables from officers, end of year",F990-PC-PART-10-LINE-22-EOY,PC,numeric,
F9_10_LIAB_MTG_NOTE_BOY,F9_10_LIAB_MTG_NOTE_BOY,F9-P10-T00-BALANCE-SHEET,Secured mortgages and notes payable - beginning of year,"Secured mortgages and notes payable, beginning of year",F990-PC-PART-10-LINE-23-BOY,PC,numeric,
F9_10_LIAB_MTG_NOTE_EOY,F9_10_LIAB_MTG_NOTE_EOY,F9-P10-T00-BALANCE-SHEET,Secured mortgages and notes payable - end of year,"Secured mortgages and notes payable, end of year",F990-PC-PART-10-LINE-23-EOY,PC,numeric,
F9_10_LIAB_NOTE_UNSEC_BOY,F9_10_LIAB_NOTE_UNSEC_BOY,F9-P10-T00-BALANCE-SHEET,Unsecured mortgages and notes payable - beginning of year,"Unsecured notes and loans payable, beginning of year",F990-PC-PART-10-LINE-24-BOY,PC,numeric,
F9_10_LIAB_NOTE_UNSEC_EOY,F9_10_LIAB_NOTE_UNSEC_EOY,F9-P10-T00-BALANCE-SHEET,Unsecured mortgages and notes payable - end of year,"Unsecured notes and loans payable, end of year",F990-PC-PART-10-LINE-24-EOY,PC,numeric,
F9_10_LIAB_OTH_BOY,F9_10_LIAB_OTH_BOY,F9-P10-T00-BALANCE-SHEET,Other liabilities - beginning of year,"Other liabilities, beginning of year",F990-PC-PART-10-LINE-25-BOY,PC,numeric,
F9_10_LIAB_OTH_EOY,F9_10_LIAB_OTH_EOY,F9-P10-T00-BALANCE-SHEET,Other liabilities - end of year,"Other liabilities, end of year",F990-PC-PART-10-LINE-25-EOY,PC,numeric,
F9_10_LIAB_TOT_BOY,F9_10_LIAB_TOT_BOY,F9-P10-T00-BALANCE-SHEET,Total liabilities - beginning of year,"Total liabilities, beginning of year",F990-PC-PART-10-LINE-26-BOY,PZ,numeric,
F9_10_NAFB_FOLLOW_SFAS117_X,F9_10_NAFB_FOLLOW_SFAS117_X,F9-P10-T00-BALANCE-SHEET,Follows FASB ASC 958 [x],Organization does follow SFAS 117,F990-PC-PART-10-LINE-26-BTWN-27,PC,checkbox,
F9_10_LIAB_TOT_EOY,F9_10_LIAB_TOT_EOY,F9-P10-T00-BALANCE-SHEET,Total liabilities - end of year,"Total liabilities, end of year",F990-PC-PART-10-LINE-26-EOY,PZ,numeric,
F9_10_NAFB_UNRESTRICT_BOY,F9_10_NAFB_UNRESTRICT_BOY,F9-P10-T00-BALANCE-SHEET,Net assets without donor restrictions - beginning of year,"Unrestricted net assets, beginning of year",F990-PC-PART-10-LINE-27-BOY,PC,numeric,
F9_10_NAFB_UNRESTRICT_EOY,F9_10_NAFB_UNRESTRICT_EOY,F9-P10-T00-BALANCE-SHEET,Net assets without donor restrictions - end of year,"Unrestricted net assets, end of year",F990-PC-PART-10-LINE-27-EOY,PC,numeric,
F9_10_NAFB_RESTRICT_TEMP_BOY,F9_10_NAFB_RESTRICT_TEMP_BOY,F9-P10-T00-BALANCE-SHEET,Net assets with donor restrictions - beginning of year,"Temporary restricted net assets, beginning of year",F990-PC-PART-10-LINE-28-BOY,PC,numeric,
F9_10_NAFB_RESTRICT_BOY,F9_10_NAFB_RESTRICT_BOY,F9-P10-T00-BALANCE-SHEET,Net assets with donor restrictions BOY,Net assets with donor restrictions Beginning of Year,F990-PC-PART-10-LINE-28-COL-A,PC,numeric,
F9_10_NAFB_RESTRICT_EOY,F9_10_NAFB_RESTRICT_EOY,F9-P10-T00-BALANCE-SHEET,Net assets with donor restrictions BOY,Net assets with donor restrictions Beginning of Year,F990-PC-PART-10-LINE-28-COL-B,PC,numeric,
F9_10_NAFB_RESTRICT_TEMP_EOY,F9_10_NAFB_RESTRICT_TEMP_EOY,F9-P10-T00-BALANCE-SHEET,Net assets with donor restrictions - end of year,"Temporary restricted net assets, end of year",F990-PC-PART-10-LINE-28-EOY,PC,numeric,
F9_10_NAFB_RESTRICT_PERM_BOY,F9_10_NAFB_RESTRICT_PERM_BOY,F9-P10-T00-BALANCE-SHEET,Permanently restricted net assets - beginning of year,"Permanently restricted net assets, beginning of year",F990-PC-PART-10-LINE-29-BOY,PC,numeric,
F9_10_NAFB_NO_FOLLOW_SFAS117_X,F9_10_NAFB_NO_FOLLOW_SFAS117_X,F9-P10-T00-BALANCE-SHEET,Does not follow FASB ASC 958 [x],Organization does not follow SFAS 117,F990-PC-PART-10-LINE-29-BTWN-30,PC,checkbox,
F9_10_NAFB_RESTRICT_PERM_EOY,F9_10_NAFB_RESTRICT_PERM_EOY,F9-P10-T00-BALANCE-SHEET,Permanently restricted net assets - end of year,"Permanently restricted net assets, end of year",F990-PC-PART-10-LINE-29-EOY,PC,numeric,
F9_10_NAFB_CAP_STCK_BOY,F9_10_NAFB_CAP_STCK_BOY,F9-P10-T00-BALANCE-SHEET,"Capital stock or trust principal, current funds - beginning of year","Capital stock or trust principal, or current funds, beginning of year",F990-PC-PART-10-LINE-30-BOY,PC,numeric,
F9_10_NAFB_CAP_STCK_EOY,F9_10_NAFB_CAP_STCK_EOY,F9-P10-T00-BALANCE-SHEET,"Capital stock or trust principal, current funds - end of year","Capital stock or trust principal, or current funds, end of year",F990-PC-PART-10-LINE-30-EOY,PC,numeric,
F9_10_NAFB_CAP_SURPLUS_BOY,F9_10_NAFB_CAP_SURPLUS_BOY,F9-P10-T00-BALANCE-SHEET,"Paid-in or capital surplus, or land, building, or equipment fund - beginning of year","Paid-in or capital surplus, beginning of year",F990-PC-PART-10-LINE-31-BOY,PC,numeric,
F9_10_NAFB_CAP_SURPLUS_EOY,F9_10_NAFB_CAP_SURPLUS_EOY,F9-P10-T00-BALANCE-SHEET,"Paid-in or capital surplus, or land, building, or equipment fund - end of year","Paid-in or capital surplus, end of year",F990-PC-PART-10-LINE-31-EOY,PC,numeric,
F9_10_NAFB_EARNING_RETAINED_BOY,F9_10_NAFB_EARNING_RETAINED_BOY,F9-P10-T00-BALANCE-SHEET,"Retained earnings, endowment, accumulated income, or other funds - beginning of year","Retained earnings or endowment, beginning of year",F990-PC-PART-10-LINE-32-BOY,PC,numeric,
F9_10_NAFB_EARNING_RETAINED_EOY,F9_10_NAFB_EARNING_RETAINED_EOY,F9-P10-T00-BALANCE-SHEET,"Retained earnings, endowment, accumulated income, or other funds - end of year","Retained earnings or endowment, end of year",F990-PC-PART-10-LINE-32-EOY,PC,numeric,
F9_10_NAFB_TOT_BOY,F9_10_NAFB_TOT_BOY,F9-P10-T00-BALANCE-SHEET,Net assets or fund balances - beginning of year,"Net assets or fund balances, beginning of year",F990-PC-PART-10-LINE-33-BOY,PZ,numeric,
F9_10_NAFB_TOT_EOY,F9_10_NAFB_TOT_EOY,F9-P10-T00-BALANCE-SHEET,Net assets or fund balances - end of year,"Net assets or fund balances, end of year",F990-PC-PART-10-LINE-33-EOY,PZ,numeric,
F9_10_NAFB_TOT_LIAB_NAFB_BOY,F9_10_NAFB_TOT_LIAB_NAFB_BOY,F9-P10-T00-BALANCE-SHEET,Total liabilities and net assets/fund balances - beginning of year,"Total liabilities and net assets/fund balances, beginning of year",F990-PC-PART-10-LINE-34-BOY,PC,numeric,
F9_10_NAFB_TOT_LIAB_NAFB_EOY,F9_10_NAFB_TOT_LIAB_NAFB_EOY,F9-P10-T00-BALANCE-SHEET,Total liabilities and net assets/fund balances - end of year,"Total liabilities and net assets/fund balances, end of year",F990-PC-PART-10-LINE-34-EOY,PC,numeric,
F9_11_INFO_SCHED_O_X,F9_11_INFO_SCHED_O_X,F9-P11-T00-ASSETS,Schedule O contains response to Part 11 [x],Schedule O contains a response to a question in Part XI,F990-PC-PART-11-LINE-00,PC,checkbox,
F9_11_RECO_REV_LESS_EXP,F9_11_RECO_REV_LESS_EXP,F9-P11-T00-ASSETS,Revenue less expenses,Revenue less expenses,F990-PC-PART-11-LINE-03,PC,numeric,
F9_11_RECO_GAIN_INVEST_NET,F9_11_RECO_GAIN_INVEST_NET,F9-P11-T00-ASSETS,Net unrealized gains on investments,Net unrealized gains (losses) on investments,F990-PC-PART-11-LINE-05,PC,numeric,
F9_11_RECO_SVC_DONATED,F9_11_RECO_SVC_DONATED,F9-P11-T00-ASSETS,Donated services and use of facilities,Donated services and use of facilities,F990-PC-PART-11-LINE-06,PC,numeric,
F9_11_RECO_INVEST_EXP,F9_11_RECO_INVEST_EXP,F9-P11-T00-ASSETS,Investment expenses,Investment expenses,F990-PC-PART-11-LINE-07,PC,numeric,
F9_11_RECO_ADJ_PRIOR,F9_11_RECO_ADJ_PRIOR,F9-P11-T00-ASSETS,Prior period adjustments,Prior period adjustments,F990-PC-PART-11-LINE-08,PC,numeric,
F9_11_RECO_OTH_CHANGE_NAFB,F9_11_RECO_OTH_CHANGE_NAFB,F9-P11-T00-ASSETS,Other changes in net assets or fund balances,Other changes in net assets or fund balances,F990-PC-PART-11-LINE-09,PZ,numeric,
F9_12_INFO_SCHED_O_X,F9_12_INFO_SCHED_O_X,F9-P12-T00-FINANCIAL-REPORTING,Schedule O contains response to Part 12 [x],Schedule O contains a response to a question in Part XII,F990-PC-PART-12-LINE-00,PC,checkbox,
F9_12_FINSTAT_METHOD_ACC_ACCRU_X,F9_12_FINSTAT_METHOD_ACC_ACCRU_X,F9-P12-T00-FINANCIAL-REPORTING,Method of accounting - accrual [x],Method of accounting - Accrual,F990-PC-PART-12-LINE-01,PZ,checkbox,
F9_12_FINSTAT_METHOD_ACC_CASH_X,F9_12_FINSTAT_METHOD_ACC_CASH_X,F9-P12-T00-FINANCIAL-REPORTING,Method of accounting - cash [x],Method of accounting - Cash,F990-PC-PART-12-LINE-01,PZ,checkbox,
F9_12_FINSTAT_METHOD_ACC_OTH,F9_12_FINSTAT_METHOD_ACC_OTH,F9-P12-T00-FINANCIAL-REPORTING,Method of accounting - other,Indicates method of accounting is other,F990-PC-PART-12-LINE-01,PZ,text,
F9_12_FINSTAT_METHOD_ACC_OTH_X,F9_12_FINSTAT_METHOD_ACC_OTH_X,F9-P12-T00-FINANCIAL-REPORTING,Method of accounting - other [x],Method of accounting - Other,F990-PC-PART-12-LINE-01,PZ,checkbox,
F9_12_FINSTAT_COMPILE_BOTH_X,F9_12_FINSTAT_COMPILE_BOTH_X,F9-P12-T00-FINANCIAL-REPORTING,Both consolidated and separate basis [x],Accountant Compile Or Review Basis - FinancialStatementBoth,F990-PC-PART-12-LINE-02A,PC,checkbox,
F9_12_FINSTAT_COMPILE_CONSOL_X,F9_12_FINSTAT_COMPILE_CONSOL_X,F9-P12-T00-FINANCIAL-REPORTING,Consolidated basis [x],Accountant Compile Or Review Basis - FinancialStatementConsolidated,F990-PC-PART-12-LINE-02A,PC,checkbox,
F9_12_FINSTAT_COMPILE_SEP_X,F9_12_FINSTAT_COMPILE_SEP_X,F9-P12-T00-FINANCIAL-REPORTING,Separate basis [x],Accountant Compile Or Review Basis - FinancialStatementSeparate,F990-PC-PART-12-LINE-02A,PC,checkbox,
F9_12_FINSTAT_COMPILE_X,F9_12_FINSTAT_COMPILE_X,F9-P12-T00-FINANCIAL-REPORTING,Financial statements were compiled or reviewed by an independent accountant [x],Accountant provide compilation or review?,F990-PC-PART-12-LINE-02A,PC,checkbox,
F9_12_FINSTAT_AUDIT_BOTH_X,F9_12_FINSTAT_AUDIT_BOTH_X,F9-P12-T00-FINANCIAL-REPORTING,Both consolidated and separate basis [x],Financial statement issued on consolidated and separate basis,F990-PC-PART-12-LINE-02B,PC,checkbox,
F9_12_FINSTAT_AUDIT_CONSOL_X,F9_12_FINSTAT_AUDIT_CONSOL_X,F9-P12-T00-FINANCIAL-REPORTING,Consolidated basis [x],Financial statement issued on consolidated basis,F990-PC-PART-12-LINE-02B,PC,checkbox,
F9_12_FINSTAT_AUDIT_SEP_X,F9_12_FINSTAT_AUDIT_SEP_X,F9-P12-T00-FINANCIAL-REPORTING,Separate basis [x],Financial statement issued on separate basis,F990-PC-PART-12-LINE-02B,PC,checkbox,
F9_12_FINSTAT_AUDIT_X,F9_12_FINSTAT_AUDIT_X,F9-P12-T00-FINANCIAL-REPORTING,Financial statements were audited by an independent accountant [x],Financial sheets audited?,F990-PC-PART-12-LINE-02B,PC,checkbox,
F9_12_FINSTAT_AUDIT_COMMITTEE_X,F9_12_FINSTAT_AUDIT_COMMITTEE_X,F9-P12-T00-FINANCIAL-REPORTING,Has an audit committee [x],Does the organization have an audit committee?,F990-PC-PART-12-LINE-02C,PC,checkbox,
F9_12_FINSTAT_FED_AUDIT_REQ_X,F9_12_FINSTAT_FED_AUDIT_REQ_X,F9-P12-T00-FINANCIAL-REPORTING,Was required to undergo audit due to federal award [x],Federal grant audit required?,F990-PC-PART-12-LINE-03A,PC,checkbox,
F9_12_FINSTAT_FED_AUDIT_PERF_X,F9_12_FINSTAT_FED_AUDIT_PERF_X,F9-P12-T00-FINANCIAL-REPORTING,Underwent audit required by federal award [x],Federal grant audit performed?,F990-PC-PART-12-LINE-03B,PC,checkbox,
SA_00_NAME_ORG_L1,SA_00_NAME_ORG_L1,SA-P00-T00-HEADER,Organization name,Name Of Organization - BusinessNameLine1,SCHED-A-PART-00,HD,text,
SA_01_PCSTAT_CHURCH_X,SA_01_PCSTAT_CHURCH_X,SA-P01-T00-PUBLIC-CHARITY-STATUS,"Church, convention of churches, or association of churches [x]",A church; convention of churches; or association of churches. Section 170(b)(1)(A)(i),SCHED-A-PART-01-LINE-01,PZ,checkbox,
SA_01_PCSTAT_SCHOOL_X,SA_01_PCSTAT_SCHOOL_X,SA-P01-T00-PUBLIC-CHARITY-STATUS,School [x],A school. Section 170(b)(1)(A)(ii),SCHED-A-PART-01-LINE-02,PZ,checkbox,
SA_01_PCSTAT_HOSPITAL_X,SA_01_PCSTAT_HOSPITAL_X,SA-P01-T00-PUBLIC-CHARITY-STATUS,Hospital or a cooperative hospital service organization [x],A hospital or a cooperative hospital service organization. Section 170(b)(1)(A)(iii),SCHED-A-PART-01-LINE-03,PZ,checkbox,
SA_01_PCSTAT_HOSPITAL_ADDR_CITY,SA_01_PCSTAT_HOSPITAL_ADDR_CITY,SA-P01-T02-HOSPITAL-NAME-ADDRESS,Hospital city,US address or foreign address,SCHED-A-PART-01-LINE-04,PZ,text,
SA_01_PCSTAT_HOSPITAL_ADDR_CNTR,SA_01_PCSTAT_HOSPITAL_ADDR_CNTR,SA-P01-T02-HOSPITAL-NAME-ADDRESS,Hospital country,Foreign address Country,SCHED-A-PART-01-LINE-04,PZ,text,
SA_01_PCSTAT_HOSPITAL_ADDR_STATE,SA_01_PCSTAT_HOSPITAL_ADDR_STATE,SA-P01-T02-HOSPITAL-NAME-ADDRESS,Hospital state,US address or foreign address,SCHED-A-PART-01-LINE-04,PZ,text,
SA_01_PCSTAT_HOSPITAL_NAME_L1,SA_01_PCSTAT_HOSPITAL_NAME_L1,SA-P01-T02-HOSPITAL-NAME-ADDRESS,Hospital name line 1,Name - BusinessNameLine1,SCHED-A-PART-01-LINE-04,PZ,text,
SA_01_PCSTAT_HOSPITAL_NAME_L2,SA_01_PCSTAT_HOSPITAL_NAME_L2,SA-P01-T02-HOSPITAL-NAME-ADDRESS,Hospital name line 2,Name - BusinessNameLine2,SCHED-A-PART-01-LINE-04,PZ,text,
SA_01_PCSTAT_MEDICAL_RSRCH_X,SA_01_PCSTAT_MEDICAL_RSRCH_X,SA-P01-T00-PUBLIC-CHARITY-STATUS,Medical research organization operated with a hospital [x],A medical research organization operated in conjunction with a hospital. Section 170(b)(1)(A)(iii),SCHED-A-PART-01-LINE-04,PZ,checkbox,
SA_01_PCSTAT_COLLEGE_BEN_X,SA_01_PCSTAT_COLLEGE_BEN_X,SA-P01-T00-PUBLIC-CHARITY-STATUS,Organization operated for the benefit of a college or university by a government unit [x],An organization operated for the benefit of a college or university owned or operated by a governmental unit. Section 170(b)(1)(A)(iv).,SCHED-A-PART-01-LINE-05,PZ,checkbox,
SA_01_PCSTAT_GOVT_X,SA_01_PCSTAT_GOVT_X,SA-P01-T00-PUBLIC-CHARITY-STATUS,Government or governmental unit [x],A Federal; state; or local government or governmental unit. Section 170(b)(1)(A)(v),SCHED-A-PART-01-LINE-06,PZ,checkbox,
SA_01_PCSTAT_GOVT_PUB_SUPPORT_X,SA_01_PCSTAT_GOVT_PUB_SUPPORT_X,SA-P01-T00-PUBLIC-CHARITY-STATUS,Organization that receives substantial government or public support [x],"An organization that normally receives a substantial part of its support from a governmental unit or from the general public. 			Section 170(b)(1)(A)(vi)",SCHED-A-PART-01-LINE-07,PZ,checkbox,
SA_01_PCSTAT_COM_TRUST_X,SA_01_PCSTAT_COM_TRUST_X,SA-P01-T00-PUBLIC-CHARITY-STATUS,Community trust [x],A community trust. Section 170(b)(1)(A)(vi),SCHED-A-PART-01-LINE-08,PZ,checkbox,
SA_01_PCSTAT_PUB_SUPPORT_X,SA_01_PCSTAT_PUB_SUPPORT_X,SA-P01-T00-PUBLIC-CHARITY-STATUS,Publicly supported organization [x],Publicly supported organization 509(a)(2),SCHED-A-PART-01-LINE-10,PZ,checkbox,
SA_01_PCSTAT_PUB_SAFETY_TEST_X,SA_01_PCSTAT_PUB_SAFETY_TEST_X,SA-P01-T00-PUBLIC-CHARITY-STATUS,Public safety testing organization [x],An organization organized and operated to test for public safety. Section 509(a)(4),SCHED-A-PART-01-LINE-11,PZ,checkbox,
SA_01_PCSTAT_SUPPORT_T3_OTH_X,SA_01_PCSTAT_SUPPORT_T3_OTH_X,SA-P01-T00-PUBLIC-CHARITY-STATUS,Supporting organization - type 3 other [x],Supporting organization 509(a)(3) - Type 3 Other (see SA-FORM-VERSION-2011-PART-01),SCHED-A-PART-01-LINE-11D,PZ,checkbox,
SA_01_PCSTAT_CERTIFICATION_X,SA_01_PCSTAT_CERTIFICATION_X,SA-P01-T00-PUBLIC-CHARITY-STATUS,Organization is not controlled by one or more disqualified persons other than foundation managers and other than one or more publicly supported organizations [x],By checking this box; I certify that the organization is not controlled directly or indirectly by one or more disqualified persons other than foundation managers and other than one or more publicly supported organizations described in section 509(a)(1) or section 509(a)(2) (see SA-FORM-VERSION-2013-PART-01),SCHED-A-PART-01-LINE-11E,PZ,checkbox,
SA_01_PCSTAT_CONTR_PERS_X,SA_01_PCSTAT_CONTR_PERS_X,SA-P01-T00-PUBLIC-CHARITY-STATUS,Accepted a gift or contribution from a person who controls the governing body of a supporting organization [x],A person who controls; alone or together with persons in (ii) and (iii) below; the governing body of the supported organization? Y or N (see SA-FORM-VERSION-2013-PART-01),SCHED-A-PART-01-LINE-11G-i,PZ,checkbox,
SA_01_PCSTAT_CONTR_FAM_PARTY_X,SA_01_PCSTAT_CONTR_FAM_PARTY_X,SA-P01-T00-PUBLIC-CHARITY-STATUS,Accepted a gift or contribution from a family member of a person who controls the governing body of a supporting organization [x],A family member of a party described in (i) above? Y or N (see SA-FORM-VERSION-2013-PART-01),SCHED-A-PART-01-LINE-11G-ii,PZ,checkbox,
SA_01_PCSTAT_CONTR_35PCT_CE_X,SA_01_PCSTAT_CONTR_35PCT_CE_X,SA-P01-T00-PUBLIC-CHARITY-STATUS,Accepted a gift or contribution from a 35% controlled entity of a person who controls the governing body of a supporting organization [x],A 35% controlled entity of a person described in (i) or (ii) above? Y or N (see SA-FORM-VERSION-2013-PART-01),SCHED-A-PART-01-LINE-11G-iii,PZ,checkbox,
SA_01_PCSTAT_SUPPORT_ORG_X,SA_01_PCSTAT_SUPPORT_ORG_X,SA-P01-T00-PUBLIC-CHARITY-STATUS,Supporting organization [x],Supporting organization 509(a)(3),SCHED-A-PART-01-LINE-12,PZ,checkbox,
SA_01_PCSTAT_SUPPORT_T1_X,SA_01_PCSTAT_SUPPORT_T1_X,SA-P01-T00-PUBLIC-CHARITY-STATUS,Supporting organization - type 1 [x],Supporting organization 509(a)(3) - Type 1,SCHED-A-PART-01-LINE-12A,PZ,checkbox,
SA_01_PCSTAT_SUPPORT_T2_X,SA_01_PCSTAT_SUPPORT_T2_X,SA-P01-T00-PUBLIC-CHARITY-STATUS,Supporting organization - type 2 [x],Supporting organization 509(a)(3) - Type 2,SCHED-A-PART-01-LINE-12B,PZ,checkbox,
SA_01_PCSTAT_SUPPORT_T3_FUNC_X,SA_01_PCSTAT_SUPPORT_T3_FUNC_X,SA-P01-T00-PUBLIC-CHARITY-STATUS,Supporting organization - type 3 functionally integrated [x],Supporting organization 509(a)(3) - Type 3 functionally integrated,SCHED-A-PART-01-LINE-12C,PZ,checkbox,
SA_01_PCSTAT_SUPPORT_T3_NOFUNC_X,SA_01_PCSTAT_SUPPORT_T3_NOFUNC_X,SA-P01-T00-PUBLIC-CHARITY-STATUS,Supporting organization - type 3 non-functionally integrated [x],Supporting organization 509(a)(3) - Type 3 Non-functionally integrated,SCHED-A-PART-01-LINE-12D,PZ,checkbox,
SA_01_PCSTAT_DETERMIN_IRS_X,SA_01_PCSTAT_DETERMIN_IRS_X,SA-P01-T00-PUBLIC-CHARITY-STATUS,Received a written determination from the IRS [x],Does the organization have a written determination from the IRS that it is a Type I; Type II or Type III supporting organization?,SCHED-A-PART-01-LINE-12E,PZ,checkbox,
SA_01_PCSTAT_SUPPORT_ORG_NUM,SA_01_PCSTAT_SUPPORT_ORG_NUM,SA-P01-T00-PUBLIC-CHARITY-STATUS,Number of supported organizations,Number of supported organizations,SCHED-A-PART-01-LINE-12F,PZ,numeric,
SA_01_PCSTAT_ORG_AMT_OTH_TOT,SA_01_PCSTAT_ORG_AMT_OTH_TOT,SA-P01-T00-PUBLIC-CHARITY-STATUS,Total other support,Sum of amounts of other support,SCHED-A-PART-01-LINE-12G-COL-vi-TOT,PZ,numeric,
SA_01_PCSTAT_ORG_AMT_SUPPORT_TOT,SA_01_PCSTAT_ORG_AMT_SUPPORT_TOT,SA-P01-T00-PUBLIC-CHARITY-STATUS,Total monetary support,Sum of amounts of support,SCHED-A-PART-01-LINE-12G-COL-v-TOT,PZ,numeric,
SA_01_PCSTAT_ORG_NOTIFIED_X,SA_01_PCSTAT_ORG_NOTIFIED_X,SA-P01-T01-PUBLIC-CHARITY-STATUS,Notified the supported organization of support [x],Did you notify the organization in (i) of your support? (see SA-FORM-VERSION-2013-PART-01),SCHED-A-PART-01-LINE-11H-COL-v,PZ,checkbox,
SA_01_PCSTAT_ORG_ORGANIZED_US_X,SA_01_PCSTAT_ORG_ORGANIZED_US_X,SA-P01-T01-PUBLIC-CHARITY-STATUS,Supported organization is organized in the US [x],Organized in the United States? (see SA-FORM-VERSION-2013-PART-01),SCHED-A-PART-01-LINE-11H-COL-vi,PZ,checkbox,
SA_01_PCSTAT_ORG_NAME_L1,SA_01_PCSTAT_ORG_NAME_L1,SA-P01-T01-PUBLIC-CHARITY-STATUS,Supported organization name line 1,Name - BusinessNameLine1,SCHED-A-PART-01-LINE-12G-COL-i,PZ,text,
SA_01_PCSTAT_ORG_NAME_L2,SA_01_PCSTAT_ORG_NAME_L2,SA-P01-T01-PUBLIC-CHARITY-STATUS,Supported organization name line 2,Name - BusinessNameLine2,SCHED-A-PART-01-LINE-12G-COL-i,PZ,text,
SA_01_PCSTAT_ORG_EIN,SA_01_PCSTAT_ORG_EIN,SA-P01-T01-PUBLIC-CHARITY-STATUS,Supported organization EIN,EIN of supported organization,SCHED-A-PART-01-LINE-12G-COL-ii,PZ,text,
SA_01_PCSTAT_ORG_TYPE,SA_01_PCSTAT_ORG_TYPE,SA-P01-T01-PUBLIC-CHARITY-STATUS,Supported organization type,Type of organization,SCHED-A-PART-01-LINE-12G-COL-iii,PZ,text,
SA_01_PCSTAT_ORG_DOC_LISTED_X,SA_01_PCSTAT_ORG_DOC_LISTED_X,SA-P01-T01-PUBLIC-CHARITY-STATUS,Supported organization is listed in governing document [x],Is the supported organization listed in your governing documents?,SCHED-A-PART-01-LINE-12G-COL-iv,PZ,checkbox,
SA_01_PCSTAT_ORG_AMT_SUPPORT,SA_01_PCSTAT_ORG_AMT_SUPPORT,SA-P01-T01-PUBLIC-CHARITY-STATUS,Amount of monetary support,Amount of support,SCHED-A-PART-01-LINE-12G-COL-v,PZ,numeric,
SA_01_PCSTAT_ORG_AMT_OTH,SA_01_PCSTAT_ORG_AMT_OTH,SA-P01-T01-PUBLIC-CHARITY-STATUS,Amount of other support,Estimated value of diversion,SCHED-A-PART-01-LINE-12G-COL-vi,PZ,numeric,
SA_02_PUB_GIFT_GRANT_CONTR_CY_M4,SA_02_PUB_GIFT_GRANT_CONTR_CY_M4,SA-P02-T00-SUPPORT_SCHEDULE_170,"Gifts, grants, contributions, and membership fees received during the current tax year minus four years",Current tax year minus four years,SCHED-A-PART-02-SECTION-A-LINE-01-COL-A,PZ,numeric,
SA_02_PUB_GIFT_GRANT_CONTR_CY_M3,SA_02_PUB_GIFT_GRANT_CONTR_CY_M3,SA-P02-T00-SUPPORT_SCHEDULE_170,"Gifts, grants, contributions, and membership fees received during the current tax year minus three years",Current tax year minus three years,SCHED-A-PART-02-SECTION-A-LINE-01-COL-B,PZ,numeric,
SA_02_PUB_GIFT_GRANT_CONTR_CY_M2,SA_02_PUB_GIFT_GRANT_CONTR_CY_M2,SA-P02-T00-SUPPORT_SCHEDULE_170,"Gifts, grants, contributions, and membership fees received during the current tax year minus two years",Current tax year minus two years,SCHED-A-PART-02-SECTION-A-LINE-01-COL-C,PZ,numeric,
SA_02_PUB_GIFT_GRANT_CONTR_CY_M1,SA_02_PUB_GIFT_GRANT_CONTR_CY_M1,SA-P02-T00-SUPPORT_SCHEDULE_170,"Gifts, grants, contributions, and membership fees received during the current tax year minus one year",Current tax year minus one year,SCHED-A-PART-02-SECTION-A-LINE-01-COL-D,PZ,numeric,
SA_02_PUB_GIFT_GRANT_CONTR_CY,SA_02_PUB_GIFT_GRANT_CONTR_CY,SA-P02-T00-SUPPORT_SCHEDULE_170,"Gifts, grants, contributions, and membership fees received during the current tax year",Current tax year,SCHED-A-PART-02-SECTION-A-LINE-01-COL-E,PZ,numeric,
SA_02_PUB_GIFT_GRANT_CONTR_TOT,SA_02_PUB_GIFT_GRANT_CONTR_TOT,SA-P02-T00-SUPPORT_SCHEDULE_170,"Gifts, grants, contributions, and membership fees received during the current tax year and the four years prior",Gifts Grants Contrib Received - Total,SCHED-A-PART-02-SECTION-A-LINE-01-COL-F,PZ,numeric,
SA_02_PUB_TAXREV_LEVIED_CY_M4,SA_02_PUB_TAXREV_LEVIED_CY_M4,SA-P02-T00-SUPPORT_SCHEDULE_170,Tax revenues levied for organization benefit during the current tax year minus four years,Current tax year minus four years,SCHED-A-PART-02-SECTION-A-LINE-02-COL-A,PZ,numeric,
SA_02_PUB_TAXREV_LEVIED_CY_M3,SA_02_PUB_TAXREV_LEVIED_CY_M3,SA-P02-T00-SUPPORT_SCHEDULE_170,Tax revenues levied for organization benefit during the current tax year minus three years,Current tax year minus three years,SCHED-A-PART-02-SECTION-A-LINE-02-COL-B,PZ,numeric,
SA_02_PUB_TAXREV_LEVIED_CY_M2,SA_02_PUB_TAXREV_LEVIED_CY_M2,SA-P02-T00-SUPPORT_SCHEDULE_170,Tax revenues levied for organization benefit during the current tax year minus two years,Current tax year minus two years,SCHED-A-PART-02-SECTION-A-LINE-02-COL-C,PZ,numeric,
SA_02_PUB_TAXREV_LEVIED_CY_M1,SA_02_PUB_TAXREV_LEVIED_CY_M1,SA-P02-T00-SUPPORT_SCHEDULE_170,Tax revenues levied for organization benefit during the current tax year minus one year,Current tax year minus one year,SCHED-A-PART-02-SECTION-A-LINE-02-COL-D,PZ,numeric,
SA_02_PUB_TAXREV_LEVIED_CY,SA_02_PUB_TAXREV_LEVIED_CY,SA-P02-T00-SUPPORT_SCHEDULE_170,Tax revenues levied for organization benefit during the current tax year,Current tax year,SCHED-A-PART-02-SECTION-A-LINE-02-COL-E,PZ,numeric,
SA_02_PUB_TAXREV_LEVIED_TOT,SA_02_PUB_TAXREV_LEVIED_TOT,SA-P02-T00-SUPPORT_SCHEDULE_170,Tax revenues levied for organization benefit during the current tax year and the four years prior,Tax Revenues Levied For Org Benefit - Total,SCHED-A-PART-02-SECTION-A-LINE-02-COL-F,PZ,numeric,
SA_02_PUB_VALUE_SVC_GOVT_CY_M4,SA_02_PUB_VALUE_SVC_GOVT_CY_M4,SA-P02-T00-SUPPORT_SCHEDULE_170,Value of services and facilities furnished by government during the current tax year minus four years,Current tax year minus four years,SCHED-A-PART-02-SECTION-A-LINE-03-COL-A,PZ,numeric,
SA_02_PUB_VALUE_SVC_GOVT_CY_M3,SA_02_PUB_VALUE_SVC_GOVT_CY_M3,SA-P02-T00-SUPPORT_SCHEDULE_170,Value of services and facilities furnished by government during the current tax year minus three years,Current tax year minus three years,SCHED-A-PART-02-SECTION-A-LINE-03-COL-B,PZ,numeric,
SA_02_PUB_VALUE_SVC_GOVT_CY_M2,SA_02_PUB_VALUE_SVC_GOVT_CY_M2,SA-P02-T00-SUPPORT_SCHEDULE_170,Value of services and facilities furnished by government during the current tax year minus two years,Current tax year minus two years,SCHED-A-PART-02-SECTION-A-LINE-03-COL-C,PZ,numeric,
SA_02_PUB_VALUE_SVC_GOVT_CY_M1,SA_02_PUB_VALUE_SVC_GOVT_CY_M1,SA-P02-T00-SUPPORT_SCHEDULE_170,Value of services and facilities furnished by government during the current tax year minus one year,Current tax year minus one year,SCHED-A-PART-02-SECTION-A-LINE-03-COL-D,PZ,numeric,
SA_02_PUB_VALUE_SVC_GOVT_CY,SA_02_PUB_VALUE_SVC_GOVT_CY,SA-P02-T00-SUPPORT_SCHEDULE_170,Value of services and facilities furnished by government during the current tax year,Current tax year,SCHED-A-PART-02-SECTION-A-LINE-03-COL-E,PZ,numeric,
SA_02_PUB_VALUE_SVC_GOVT_TOT,SA_02_PUB_VALUE_SVC_GOVT_TOT,SA-P02-T00-SUPPORT_SCHEDULE_170,Value of services and facilities furnished by government during the current tax year and the four years prior,Value Srvc Fclts Furnished By Govt - Total,SCHED-A-PART-02-SECTION-A-LINE-03-COL-F,PZ,numeric,
SA_02_PUB_TOT_L123_CY_M4,SA_02_PUB_TOT_L123_CY_M4,SA-P02-T00-SUPPORT_SCHEDULE_170,Total public support during the current tax year minus four years,Current tax year minus four years,SCHED-A-PART-02-SECTION-A-LINE-04-COL-A,PZ,numeric,
SA_02_PUB_TOT_L123_CY_M3,SA_02_PUB_TOT_L123_CY_M3,SA-P02-T00-SUPPORT_SCHEDULE_170,Total public support during the current tax year minus three years,Current tax year minus three years,SCHED-A-PART-02-SECTION-A-LINE-04-COL-B,PZ,numeric,
SA_02_PUB_TOT_L123_CY_M2,SA_02_PUB_TOT_L123_CY_M2,SA-P02-T00-SUPPORT_SCHEDULE_170,Total public support during the current tax year minus two years,Current tax year minus two years,SCHED-A-PART-02-SECTION-A-LINE-04-COL-C,PZ,numeric,
SA_02_PUB_TOT_L123_CY_M1,SA_02_PUB_TOT_L123_CY_M1,SA-P02-T00-SUPPORT_SCHEDULE_170,Total public support during the current tax year minus one year,Current tax year minus one year,SCHED-A-PART-02-SECTION-A-LINE-04-COL-D,PZ,numeric,
SA_02_PUB_TOT_L123_CY,SA_02_PUB_TOT_L123_CY,SA-P02-T00-SUPPORT_SCHEDULE_170,Total public support during the current tax year,Current tax year,SCHED-A-PART-02-SECTION-A-LINE-04-COL-E,PZ,numeric,
SA_02_PUB_TOT_L123_TOT,SA_02_PUB_TOT_L123_TOT,SA-P02-T00-SUPPORT_SCHEDULE_170,Total public support during the current tax year and the four years prior,Total - Total - Total,SCHED-A-PART-02-SECTION-A-LINE-04-COL-F,PZ,numeric,
SA_02_PUB_CONTR_SBST_TOT,SA_02_PUB_CONTR_SBST_TOT,SA-P02-T00-SUPPORT_SCHEDULE_170,Portion of total contributions exceeding 2% of total,Amounts from substantial contributors total,SCHED-A-PART-02-SECTION-A-LINE-05-COL-F,PZ,numeric,
SA_02_PUB_SUPPORT_TOT,SA_02_PUB_SUPPORT_TOT,SA-P02-T00-SUPPORT_SCHEDULE_170,Public support total,Public Support Total,SCHED-A-PART-02-SECTION-A-LINE-06-COL-F,PZ,numeric,
SA_02_TOT_AMT_L4_CY_M4,SA_02_TOT_AMT_L4_CY_M4,SA-P02-T00-SUPPORT_SCHEDULE_170,Total public support during the current tax year minus four years,Current tax year minus four years,SCHED-A-PART-02-SECTION-B-LINE-07-COL-A,PZ,numeric,
SA_02_TOT_AMT_L4_CY_M3,SA_02_TOT_AMT_L4_CY_M3,SA-P02-T00-SUPPORT_SCHEDULE_170,Total public support during the current tax year minus three years,Current tax year minus three years,SCHED-A-PART-02-SECTION-B-LINE-07-COL-B,PZ,numeric,
SA_02_TOT_AMT_L4_CY_M2,SA_02_TOT_AMT_L4_CY_M2,SA-P02-T00-SUPPORT_SCHEDULE_170,Total public support during the current tax year minus two years,Current tax year minus two years,SCHED-A-PART-02-SECTION-B-LINE-07-COL-C,PZ,numeric,
SA_02_TOT_AMT_L4_CY_M1,SA_02_TOT_AMT_L4_CY_M1,SA-P02-T00-SUPPORT_SCHEDULE_170,Total public support during the current tax year minus one year,Current tax year minus one year,SCHED-A-PART-02-SECTION-B-LINE-07-COL-D,PZ,numeric,
SA_02_TOT_AMT_L4_CY,SA_02_TOT_AMT_L4_CY,SA-P02-T00-SUPPORT_SCHEDULE_170,Total public support during the current tax year,Current tax year,SCHED-A-PART-02-SECTION-B-LINE-07-COL-E,PZ,numeric,
SA_02_TOT_AMT_L4_CY_TOT,SA_02_TOT_AMT_L4_CY_TOT,SA-P02-T00-SUPPORT_SCHEDULE_170,Total public support during the current tax year and the four years prior,Amounts From Line4 - Total,SCHED-A-PART-02-SECTION-B-LINE-07-COL-F,PZ,numeric,
SA_02_TOT_INCOME_GRO_CY_M4,SA_02_TOT_INCOME_GRO_CY_M4,SA-P02-T00-SUPPORT_SCHEDULE_170,Gross investment income during the current tax year minus four years,Current tax year minus four years,SCHED-A-PART-02-SECTION-B-LINE-08-COL-A,PZ,numeric,
SA_02_TOT_INCOME_GRO_CY_M3,SA_02_TOT_INCOME_GRO_CY_M3,SA-P02-T00-SUPPORT_SCHEDULE_170,Gross investment income during the current tax year minus three years,Current tax year minus three years,SCHED-A-PART-02-SECTION-B-LINE-08-COL-B,PZ,numeric,
SA_02_TOT_INCOME_GRO_CY_M2,SA_02_TOT_INCOME_GRO_CY_M2,SA-P02-T00-SUPPORT_SCHEDULE_170,Gross investment income during the current tax year minus two years,Current tax year minus two years,SCHED-A-PART-02-SECTION-B-LINE-08-COL-C,PZ,numeric,
SA_02_TOT_INCOME_GRO_CY_M1,SA_02_TOT_INCOME_GRO_CY_M1,SA-P02-T00-SUPPORT_SCHEDULE_170,Gross investment income during the current tax year minus one year,Current tax year minus one year,SCHED-A-PART-02-SECTION-B-LINE-08-COL-D,PZ,numeric,
SA_02_TOT_INCOME_GRO_CY,SA_02_TOT_INCOME_GRO_CY,SA-P02-T00-SUPPORT_SCHEDULE_170,Gross investment income during the current tax year,Current tax year,SCHED-A-PART-02-SECTION-B-LINE-08-COL-E,PZ,numeric,
SA_02_TOT_INCOME_GRO_TOT,SA_02_TOT_INCOME_GRO_TOT,SA-P02-T00-SUPPORT_SCHEDULE_170,Gross investment income during the current tax year and the four years prior,Gross Investment Income - Total,SCHED-A-PART-02-SECTION-B-LINE-08-COL-F,PZ,numeric,
SA_02_TOT_INCOME_NET_UBIZ_CY_M4,SA_02_TOT_INCOME_NET_UBIZ_CY_M4,SA-P02-T00-SUPPORT_SCHEDULE_170,Net income from unrelated business activities during the current tax year minus four years,Current tax year minus four years,SCHED-A-PART-02-SECTION-B-LINE-09-COL-A,PZ,numeric,
SA_02_TOT_INCOME_NET_UBIZ_CY_M3,SA_02_TOT_INCOME_NET_UBIZ_CY_M3,SA-P02-T00-SUPPORT_SCHEDULE_170,Net income from unrelated business activities during the current tax year minus three years,Current tax year minus three years,SCHED-A-PART-02-SECTION-B-LINE-09-COL-B,PZ,numeric,
SA_02_TOT_INCOME_NET_UBIZ_CY_M2,SA_02_TOT_INCOME_NET_UBIZ_CY_M2,SA-P02-T00-SUPPORT_SCHEDULE_170,Net income from unrelated business activities during the current tax year minus two years,Current tax year minus two years,SCHED-A-PART-02-SECTION-B-LINE-09-COL-C,PZ,numeric,
SA_02_TOT_INCOME_NET_UBIZ_CY_M1,SA_02_TOT_INCOME_NET_UBIZ_CY_M1,SA-P02-T00-SUPPORT_SCHEDULE_170,Net income from unrelated business activities during the current tax year minus one year,Current tax year minus one year,SCHED-A-PART-02-SECTION-B-LINE-09-COL-D,PZ,numeric,
SA_02_TOT_INCOME_NET_UBIZ_CY,SA_02_TOT_INCOME_NET_UBIZ_CY,SA-P02-T00-SUPPORT_SCHEDULE_170,Net income from unrelated business activities during the current tax year,Current tax year,SCHED-A-PART-02-SECTION-B-LINE-09-COL-E,PZ,numeric,
SA_02_TOT_INCOME_NET_UBIZ_TOT,SA_02_TOT_INCOME_NET_UBIZ_TOT,SA-P02-T00-SUPPORT_SCHEDULE_170,Net income from unrelated business activities during the current tax year and the four years prior,Net UBI - Total,SCHED-A-PART-02-SECTION-B-LINE-09-COL-F,PZ,numeric,
SA_02_TOT_INCOME_OTH_CY_M4,SA_02_TOT_INCOME_OTH_CY_M4,SA-P02-T00-SUPPORT_SCHEDULE_170,Other income during the current tax year minus four years,Current tax year minus four years,SCHED-A-PART-02-SECTION-B-LINE-10-COL-A,PZ,numeric,
SA_02_TOT_INCOME_OTH_CY_M3,SA_02_TOT_INCOME_OTH_CY_M3,SA-P02-T00-SUPPORT_SCHEDULE_170,Other income during the current tax year minus three years,Current tax year minus three years,SCHED-A-PART-02-SECTION-B-LINE-10-COL-B,PZ,numeric,
SA_02_TOT_INCOME_OTH_CY_M2,SA_02_TOT_INCOME_OTH_CY_M2,SA-P02-T00-SUPPORT_SCHEDULE_170,Other income during the current tax year minus two years,Current tax year minus two years,SCHED-A-PART-02-SECTION-B-LINE-10-COL-C,PZ,numeric,
SA_02_TOT_INCOME_OTH_CY_M1,SA_02_TOT_INCOME_OTH_CY_M1,SA-P02-T00-SUPPORT_SCHEDULE_170,Other income during the current tax year minus one year,Current tax year minus one year,SCHED-A-PART-02-SECTION-B-LINE-10-COL-D,PZ,numeric,
SA_02_TOT_INCOME_OTH_CY,SA_02_TOT_INCOME_OTH_CY,SA-P02-T00-SUPPORT_SCHEDULE_170,Other income during the current tax year,Current tax year,SCHED-A-PART-02-SECTION-B-LINE-10-COL-E,PZ,numeric,
SA_02_TOT_INCOME_OTH_TOT,SA_02_TOT_INCOME_OTH_TOT,SA-P02-T00-SUPPORT_SCHEDULE_170,Other income during the current tax year and the four years prior,Other Income - Total,SCHED-A-PART-02-SECTION-B-LINE-10-COL-F,PZ,numeric,
SA_02_TOT_SUPPORT_TOT,SA_02_TOT_SUPPORT_TOT,SA-P02-T00-SUPPORT_SCHEDULE_170,Total support during the current tax year and the four years prior,IRS990 Schedule A - Total support,SCHED-A-PART-02-SECTION-B-LINE-11-COL-F,PZ,numeric,
SA_02_TOT_GRO_RCPT_RLTD_ACTS,SA_02_TOT_GRO_RCPT_RLTD_ACTS,SA-P02-T00-SUPPORT_SCHEDULE_170,Gross receipts from related activities,Gross receipts from admissions; merchandise sold or services performed; or furnishing of facilities in any activity that is related to the organization's tax-exempt purpose,SCHED-A-PART-02-SECTION-B-LINE-12,PZ,numeric,
SA_02_TOT_FIRST_5Y_X,SA_02_TOT_FIRST_5Y_X,SA-P02-T00-SUPPORT_SCHEDULE_170,"Is the organization's first, second, third, fourth, or fifth Form 990 as a 501(c)(3) organization [x]",First five years,SCHED-A-PART-02-SECTION-B-LINE-13,PZ,checkbox,
SA_02_PCT_PUB_SUPPORT_CY,SA_02_PCT_PUB_SUPPORT_CY,SA-P02-T00-SUPPORT_SCHEDULE_170,Public support percentage - current year,Public support percentage (line 6 column (f) divided by line 12 column (f),SCHED-A-PART-02-SECTION-C-LINE-14,PZ,numeric,
SA_02_PCT_PUB_SUPPORT_PY,SA_02_PCT_PUB_SUPPORT_PY,SA-P02-T00-SUPPORT_SCHEDULE_170,"Public support percentage, previous year",Public support percentage from prior year's Schedule A; Part II; line 14,SCHED-A-PART-02-SECTION-C-LINE-15,PZ,numeric,
SA_02_PCT_33_SUPPORT_TEST_CY_X,SA_02_PCT_33_SUPPORT_TEST_CY_X,SA-P02-T00-SUPPORT_SCHEDULE_170,Qualifies as a publicly supported organization under 33 and 1/3 test - current year [x],Thirty three and one third test for the current year,SCHED-A-PART-02-SECTION-C-LINE-16A,PZ,checkbox,
SA_02_PCT_33_SUPPORT_TEST_PY_X,SA_02_PCT_33_SUPPORT_TEST_PY_X,SA-P02-T00-SUPPORT_SCHEDULE_170,Qualifies as a publicly supported organization under 33 and 1/3 test - prior year [x],Thirty three and one third test for the prior year,SCHED-A-PART-02-SECTION-C-LINE-16B,PZ,checkbox,
SA_02_PCT_10_SUPPORT_TEST_CY_X,SA_02_PCT_10_SUPPORT_TEST_CY_X,SA-P02-T00-SUPPORT_SCHEDULE_170,Qualifies as a publicly supported organization under 10 percent facts and circumstances test - current year [x],Ten percent facts and circumstances test for the current year,SCHED-A-PART-02-SECTION-C-LINE-17A,PZ,checkbox,
SA_02_PCT_10_SUPPORT_TEST_PY_X,SA_02_PCT_10_SUPPORT_TEST_PY_X,SA-P02-T00-SUPPORT_SCHEDULE_170,Qualifies as a publicly supported organization under 10 percent facts and circumstances test - prior year [x],Ten percent facts and circumstances test for the prior year,SCHED-A-PART-02-SECTION-C-LINE-17B,PZ,checkbox,
SA_02_PCT_PRIVATE_FOUNDATION_X,SA_02_PCT_PRIVATE_FOUNDATION_X,SA-P02-T00-SUPPORT_SCHEDULE_170,Is a private foundation [x],If the organization did not check a box on line 13; 16a; 16b; 17a or 17b; check this box and see instructions,SCHED-A-PART-02-SECTION-C-LINE-18,PZ,checkbox,
SA_03_PUB_GIFT_GRANT_CONTR_CY_M4,SA_03_PUB_GIFT_GRANT_CONTR_CY_M4,SA-P03-T00-SUPPORT_SCHEDULE_509,"Gifts, grants, contributions, and membership fees received during the current tax year minus four years",Current tax year minus four years,SCHED-A-PART-03-SECTION-A-LINE-01-COL-A,PZ,numeric,
SA_03_PUB_GIFT_GRANT_CONTR_CY_M3,SA_03_PUB_GIFT_GRANT_CONTR_CY_M3,SA-P03-T00-SUPPORT_SCHEDULE_509,"Gifts, grants, contributions, and membership fees received during the current tax year minus three years",Current tax year minus three years,SCHED-A-PART-03-SECTION-A-LINE-01-COL-B,PZ,numeric,
SA_03_PUB_GIFT_GRANT_CONTR_CY_M2,SA_03_PUB_GIFT_GRANT_CONTR_CY_M2,SA-P03-T00-SUPPORT_SCHEDULE_509,"Gifts, grants, contributions, and membership fees received during the current tax year minus two years",Current tax year minus two years,SCHED-A-PART-03-SECTION-A-LINE-01-COL-C,PZ,numeric,
SA_03_PUB_GIFT_GRANT_CONTR_CY_M1,SA_03_PUB_GIFT_GRANT_CONTR_CY_M1,SA-P03-T00-SUPPORT_SCHEDULE_509,"Gifts, grants, contributions, and membership fees received during the current tax year minus one year",Current tax year minus one year,SCHED-A-PART-03-SECTION-A-LINE-01-COL-D,PZ,numeric,
SA_03_PUB_GIFT_GRANT_CONTR_CY,SA_03_PUB_GIFT_GRANT_CONTR_CY,SA-P03-T00-SUPPORT_SCHEDULE_509,"Gifts, grants, contributions, and membership fees received during the current tax year",Current tax year,SCHED-A-PART-03-SECTION-A-LINE-01-COL-E,PZ,numeric,
SA_03_PUB_GIFT_GRANT_CONTR_TOT,SA_03_PUB_GIFT_GRANT_CONTR_TOT,SA-P03-T00-SUPPORT_SCHEDULE_509,"Gifts, grants, contributions, and membership fees received during the current tax year and the four years prior",Gifts Grants Contrib Received - Total,SCHED-A-PART-03-SECTION-A-LINE-01-COL-F,PZ,numeric,
SA_03_PUB_GRO_RCPT_ADM_CY_M4,SA_03_PUB_GRO_RCPT_ADM_CY_M4,SA-P03-T00-SUPPORT_SCHEDULE_509,"Gross receipts from admissions, merchandise sold or service performed, or facilities furnished during the current tax year minus four years",Current tax year minus four years,SCHED-A-PART-03-SECTION-A-LINE-02-COL-A,PZ,numeric,
SA_03_PUB_GRO_RCPT_ADM_CY_M3,SA_03_PUB_GRO_RCPT_ADM_CY_M3,SA-P03-T00-SUPPORT_SCHEDULE_509,"Gross receipts from admissions, merchandise sold or service performed, or facilities furnished during the current tax year minus three years",Current tax year minus three years,SCHED-A-PART-03-SECTION-A-LINE-02-COL-B,PZ,numeric,
SA_03_PUB_GRO_RCPT_ADM_CY_M2,SA_03_PUB_GRO_RCPT_ADM_CY_M2,SA-P03-T00-SUPPORT_SCHEDULE_509,"Gross receipts from admissions, merchandise sold or service performed, or facilities furnished during the current tax year minus two years",Current tax year minus two years,SCHED-A-PART-03-SECTION-A-LINE-02-COL-C,PZ,numeric,
SA_03_PUB_GRO_RCPT_ADM_CY_M1,SA_03_PUB_GRO_RCPT_ADM_CY_M1,SA-P03-T00-SUPPORT_SCHEDULE_509,"Gross receipts from admissions, merchandise sold or service performed, or facilities furnished during the current tax year minus one year",Current tax year minus one year,SCHED-A-PART-03-SECTION-A-LINE-02-COL-D,PZ,numeric,
SA_03_PUB_GRO_RCPT_ADM_CY,SA_03_PUB_GRO_RCPT_ADM_CY,SA-P03-T00-SUPPORT_SCHEDULE_509,"Gross receipts from admissions, merchandise sold or service performed, or facilities furnished during the current tax year",Current tax year,SCHED-A-PART-03-SECTION-A-LINE-02-COL-E,PZ,numeric,
SA_03_PUB_GRO_RCPT_ADM_TOT,SA_03_PUB_GRO_RCPT_ADM_TOT,SA-P03-T00-SUPPORT_SCHEDULE_509,"Gross receipts from admissions, merchandise sold or service performed, or facilities furnished during the current tax year and the four years prior",Gross Receipts From Admissions - Total,SCHED-A-PART-03-SECTION-A-LINE-02-COL-F,PZ,numeric,
SA_03_PUB_GRO_RCPT_NONUBIZ_CY_M4,SA_03_PUB_GRO_RCPT_NONUBIZ_CY_M4,SA-P03-T00-SUPPORT_SCHEDULE_509,Gross receipts from activities that are not an unrelated trade or business during the current tax year minus four years,Current tax year minus four years,SCHED-A-PART-03-SECTION-A-LINE-03-COL-A,PZ,numeric,
SA_03_PUB_GRO_RCPT_NONUBIZ_CY_M3,SA_03_PUB_GRO_RCPT_NONUBIZ_CY_M3,SA-P03-T00-SUPPORT_SCHEDULE_509,Gross receipts from activities that are not an unrelated trade or business during the current tax year minus three years,Current tax year minus three years,SCHED-A-PART-03-SECTION-A-LINE-03-COL-B,PZ,numeric,
SA_03_PUB_GRO_RCPT_NONUBIZ_CY_M2,SA_03_PUB_GRO_RCPT_NONUBIZ_CY_M2,SA-P03-T00-SUPPORT_SCHEDULE_509,Gross receipts from activities that are not an unrelated trade or business during the current tax year minus two years,Current tax year minus two years,SCHED-A-PART-03-SECTION-A-LINE-03-COL-C,PZ,numeric,
SA_03_PUB_GRO_RCPT_NONUBIZ_CY_M1,SA_03_PUB_GRO_RCPT_NONUBIZ_CY_M1,SA-P03-T00-SUPPORT_SCHEDULE_509,Gross receipts from activities that are not an unrelated trade or business during the current tax year minus one year,Current tax year minus one year,SCHED-A-PART-03-SECTION-A-LINE-03-COL-D,PZ,numeric,
SA_03_PUB_GRO_RCPT_NONUBIZ_CY,SA_03_PUB_GRO_RCPT_NONUBIZ_CY,SA-P03-T00-SUPPORT_SCHEDULE_509,Gross receipts from activities that are not an unrelated trade or business during the current tax year,Current tax year,SCHED-A-PART-03-SECTION-A-LINE-03-COL-E,PZ,numeric,
SA_03_PUB_GRO_RCPT_NONUBIZ_TOT,SA_03_PUB_GRO_RCPT_NONUBIZ_TOT,SA-P03-T00-SUPPORT_SCHEDULE_509,Gross receipts from activities that are not an unrelated trade or business during the current tax year and the four years prior,Gross Receipts From Non UBI - Total,SCHED-A-PART-03-SECTION-A-LINE-03-COL-F,PZ,numeric,
SA_03_PUB_TAXREV_LEVIED_CY_M4,SA_03_PUB_TAXREV_LEVIED_CY_M4,SA-P03-T00-SUPPORT_SCHEDULE_509,Tax revenues levied for organization benefit during the current tax year minus four years,Current tax year minus four years,SCHED-A-PART-03-SECTION-A-LINE-04-COL-A,PZ,numeric,
SA_03_PUB_TAXREV_LEVIED_CY_M3,SA_03_PUB_TAXREV_LEVIED_CY_M3,SA-P03-T00-SUPPORT_SCHEDULE_509,Tax revenues levied for organization benefit during the current tax year minus three years,Current tax year minus three years,SCHED-A-PART-03-SECTION-A-LINE-04-COL-B,PZ,numeric,
SA_03_PUB_TAXREV_LEVIED_CY_M2,SA_03_PUB_TAXREV_LEVIED_CY_M2,SA-P03-T00-SUPPORT_SCHEDULE_509,Tax revenues levied for organization benefit during the current tax year minus two years,Current tax year minus two years,SCHED-A-PART-03-SECTION-A-LINE-04-COL-C,PZ,numeric,
SA_03_PUB_TAXREV_LEVIED_CY_M1,SA_03_PUB_TAXREV_LEVIED_CY_M1,SA-P03-T00-SUPPORT_SCHEDULE_509,Tax revenues levied for organization benefit during the current tax year minus one year,Current tax year minus one year,SCHED-A-PART-03-SECTION-A-LINE-04-COL-D,PZ,numeric,
SA_03_PUB_TAXREV_LEVIED_CY,SA_03_PUB_TAXREV_LEVIED_CY,SA-P03-T00-SUPPORT_SCHEDULE_509,Tax revenues levied for organization benefit during the current tax year,Current tax year,SCHED-A-PART-03-SECTION-A-LINE-04-COL-E,PZ,numeric,
SA_03_PUB_TAXREV_LEVIED_TOT,SA_03_PUB_TAXREV_LEVIED_TOT,SA-P03-T00-SUPPORT_SCHEDULE_509,Tax revenues levied for organization benefit during the current tax year and the four years prior,Tax Revenues Levied For Org Benefit - Total,SCHED-A-PART-03-SECTION-A-LINE-04-COL-F,PZ,numeric,
SA_03_PUB_VALUE_SVC_GOVT_CY_M4,SA_03_PUB_VALUE_SVC_GOVT_CY_M4,SA-P03-T00-SUPPORT_SCHEDULE_509,Value of services or facilities furnished by government during the current tax year minus four years,Current tax year minus four years,SCHED-A-PART-03-SECTION-A-LINE-05-COL-A,PZ,numeric,
SA_03_PUB_VALUE_SVC_GOVT_CY_M3,SA_03_PUB_VALUE_SVC_GOVT_CY_M3,SA-P03-T00-SUPPORT_SCHEDULE_509,Value of services or facilities furnished by government during the current tax year minus three years,Current tax year minus three years,SCHED-A-PART-03-SECTION-A-LINE-05-COL-B,PZ,numeric,
SA_03_PUB_VALUE_SVC_GOVT_CY_M2,SA_03_PUB_VALUE_SVC_GOVT_CY_M2,SA-P03-T00-SUPPORT_SCHEDULE_509,Value of services or facilities furnished by government during the current tax year minus two years,Current tax year minus two years,SCHED-A-PART-03-SECTION-A-LINE-05-COL-C,PZ,numeric,
SA_03_PUB_VALUE_SVC_GOVT_CY_M1,SA_03_PUB_VALUE_SVC_GOVT_CY_M1,SA-P03-T00-SUPPORT_SCHEDULE_509,Value of services or facilities furnished by government during the current tax year minus one year,Current tax year minus one year,SCHED-A-PART-03-SECTION-A-LINE-05-COL-D,PZ,numeric,
SA_03_PUB_VALUE_SVC_GOVT_CY,SA_03_PUB_VALUE_SVC_GOVT_CY,SA-P03-T00-SUPPORT_SCHEDULE_509,Value of services or facilities furnished by government during the current tax year,Current tax year,SCHED-A-PART-03-SECTION-A-LINE-05-COL-E,PZ,numeric,
SA_03_PUB_VALUE_SVC_GOVT_TOT,SA_03_PUB_VALUE_SVC_GOVT_TOT,SA-P03-T00-SUPPORT_SCHEDULE_509,Value of services or facilities furnished by government during the current tax year and the four years prior,Value Of Svcs Fclts Furnishd By Govt - Total,SCHED-A-PART-03-SECTION-A-LINE-05-COL-F,PZ,numeric,
SA_03_PUB_TOT_L1_5_CY_M4,SA_03_PUB_TOT_L1_5_CY_M4,SA-P03-T00-SUPPORT_SCHEDULE_509,Total public support during the current tax year minus four years,Current tax year minus four years,SCHED-A-PART-03-SECTION-A-LINE-06-COL-A,PZ,numeric,
SA_03_PUB_TOT_L1_5_CY_M3,SA_03_PUB_TOT_L1_5_CY_M3,SA-P03-T00-SUPPORT_SCHEDULE_509,Total public support during the current tax year minus three years,Current tax year minus three years,SCHED-A-PART-03-SECTION-A-LINE-06-COL-B,PZ,numeric,
SA_03_PUB_TOT_L1_5_CY_M2,SA_03_PUB_TOT_L1_5_CY_M2,SA-P03-T00-SUPPORT_SCHEDULE_509,Total public support during the current tax year minus two years,Current tax year minus two years,SCHED-A-PART-03-SECTION-A-LINE-06-COL-C,PZ,numeric,
SA_03_PUB_TOT_L1_5_CY_M1,SA_03_PUB_TOT_L1_5_CY_M1,SA-P03-T00-SUPPORT_SCHEDULE_509,Total public support during the current tax year minus one year,Current tax year minus one year,SCHED-A-PART-03-SECTION-A-LINE-06-COL-D,PZ,numeric,
SA_03_PUB_TOT_L1_5_CY,SA_03_PUB_TOT_L1_5_CY,SA-P03-T00-SUPPORT_SCHEDULE_509,Total public support during the current tax year,Current tax year,SCHED-A-PART-03-SECTION-A-LINE-06-COL-E,PZ,numeric,
SA_03_PUB_TOT_L1_5_TOT,SA_03_PUB_TOT_L1_5_TOT,SA-P03-T00-SUPPORT_SCHEDULE_509,Total public support during the current tax year and the four years prior,Total - Total - Total,SCHED-A-PART-03-SECTION-A-LINE-06-COL-F,PZ,numeric,
SA_03_PUB_AMT_PERS_DSQ_CY_M4,SA_03_PUB_AMT_PERS_DSQ_CY_M4,SA-P03-T00-SUPPORT_SCHEDULE_509,Public support from disqualified persons during the current tax year minus four years,Current tax year minus four years,SCHED-A-PART-03-SECTION-A-LINE-07A-COL-A,PZ,numeric,
SA_03_PUB_AMT_PERS_DSQ_CY_M3,SA_03_PUB_AMT_PERS_DSQ_CY_M3,SA-P03-T00-SUPPORT_SCHEDULE_509,Public support from disqualified persons during the current tax year minus three years,Current tax year minus three years,SCHED-A-PART-03-SECTION-A-LINE-07A-COL-B,PZ,numeric,
SA_03_PUB_AMT_PERS_DSQ_CY_M2,SA_03_PUB_AMT_PERS_DSQ_CY_M2,SA-P03-T00-SUPPORT_SCHEDULE_509,Public support from disqualified persons during the current tax year minus two years,Current tax year minus two years,SCHED-A-PART-03-SECTION-A-LINE-07A-COL-C,PZ,numeric,
SA_03_PUB_AMT_PERS_DSQ_CY_M1,SA_03_PUB_AMT_PERS_DSQ_CY_M1,SA-P03-T00-SUPPORT_SCHEDULE_509,Public support from disqualified persons during the current tax year minus one year,Current tax year minus one year,SCHED-A-PART-03-SECTION-A-LINE-07A-COL-D,PZ,numeric,
SA_03_PUB_AMT_PERS_DSQ_CY,SA_03_PUB_AMT_PERS_DSQ_CY,SA-P03-T00-SUPPORT_SCHEDULE_509,Public support from disqualified persons during the current tax year,Current tax year,SCHED-A-PART-03-SECTION-A-LINE-07A-COL-E,PZ,numeric,
SA_03_PUB_AMT_PERS_DSQ_TOT,SA_03_PUB_AMT_PERS_DSQ_TOT,SA-P03-T00-SUPPORT_SCHEDULE_509,Public support from disqualified persons during the current tax year and the four years prior,Amts Recd From Disqual Persons - Total,SCHED-A-PART-03-SECTION-A-LINE-07A-COL-F,PZ,numeric,
SA_03_PUB_AMT_CONTR_SBST_CY_M4,SA_03_PUB_AMT_CONTR_SBST_CY_M4,SA-P03-T00-SUPPORT_SCHEDULE_509,"Public support from exceeding $5,000 or 1% of total during the current tax year minus four years",Current tax year minus four years,SCHED-A-PART-03-SECTION-A-LINE-07B-COL-A,PZ,numeric,
SA_03_PUB_AMT_CONTR_SBST_CY_M3,SA_03_PUB_AMT_CONTR_SBST_CY_M3,SA-P03-T00-SUPPORT_SCHEDULE_509,"Public support from exceeding $5,000 or 1% of total during the current tax year minus three years",Current tax year minus three years,SCHED-A-PART-03-SECTION-A-LINE-07B-COL-B,PZ,numeric,
SA_03_PUB_AMT_CONTR_SBST_CY_M2,SA_03_PUB_AMT_CONTR_SBST_CY_M2,SA-P03-T00-SUPPORT_SCHEDULE_509,"Public support from exceeding $5,000 or 1% of total during the current tax year minus two years",Current tax year minus two years,SCHED-A-PART-03-SECTION-A-LINE-07B-COL-C,PZ,numeric,
SA_03_PUB_AMT_CONTR_SBST_CY_M1,SA_03_PUB_AMT_CONTR_SBST_CY_M1,SA-P03-T00-SUPPORT_SCHEDULE_509,"Public support from exceeding $5,000 or 1% of total during the current tax year minus one year",Current tax year minus one year,SCHED-A-PART-03-SECTION-A-LINE-07B-COL-D,PZ,numeric,
SA_03_PUB_AMT_CONTR_SBST_CY,SA_03_PUB_AMT_CONTR_SBST_CY,SA-P03-T00-SUPPORT_SCHEDULE_509,"Public support from exceeding $5,000 or 1% of total during the current tax year",Current tax year,SCHED-A-PART-03-SECTION-A-LINE-07B-COL-E,PZ,numeric,
SA_03_PUB_AMT_CONTR_SBST_TOT,SA_03_PUB_AMT_CONTR_SBST_TOT,SA-P03-T00-SUPPORT_SCHEDULE_509,"Public support from exceeding $5,000 or 1% of total during the current tax year and the four years prior",Amts From Subst Contributors - Total,SCHED-A-PART-03-SECTION-A-LINE-07B-COL-F,PZ,numeric,
SA_03_PUB_ADD_L7AB_CY_M4,SA_03_PUB_ADD_L7AB_CY_M4,SA-P03-T00-SUPPORT_SCHEDULE_509,Public support from disqualified persons or in excess during the current tax year minus four years,Current tax year minus four years,SCHED-A-PART-03-SECTION-A-LINE-07C-COL-A,PZ,numeric,
SA_03_PUB_ADD_L7AB_CY_M3,SA_03_PUB_ADD_L7AB_CY_M3,SA-P03-T00-SUPPORT_SCHEDULE_509,Public support from disqualified persons or in excess during the current tax year minus three years,Current tax year minus three years,SCHED-A-PART-03-SECTION-A-LINE-07C-COL-B,PZ,numeric,
SA_03_PUB_ADD_L7AB_CY_M2,SA_03_PUB_ADD_L7AB_CY_M2,SA-P03-T00-SUPPORT_SCHEDULE_509,Public support from disqualified persons or in excess during the current tax year minus two years,Current tax year minus two years,SCHED-A-PART-03-SECTION-A-LINE-07C-COL-C,PZ,numeric,
SA_03_PUB_ADD_L7AB_CY_M1,SA_03_PUB_ADD_L7AB_CY_M1,SA-P03-T00-SUPPORT_SCHEDULE_509,Public support from disqualified persons or in excess during the current tax year minus one year,Current tax year minus one year,SCHED-A-PART-03-SECTION-A-LINE-07C-COL-D,PZ,numeric,
SA_03_PUB_ADD_L7AB_CY,SA_03_PUB_ADD_L7AB_CY,SA-P03-T00-SUPPORT_SCHEDULE_509,Public support from disqualified persons or in excess during the current tax year,Current tax year,SCHED-A-PART-03-SECTION-A-LINE-07C-COL-E,PZ,numeric,
SA_03_PUB_ADD_L7AB_TOT,SA_03_PUB_ADD_L7AB_TOT,SA-P03-T00-SUPPORT_SCHEDULE_509,Public support from disqualified persons or in excess during the current tax year and the four years prior,Total Of7a And7b - Total,SCHED-A-PART-03-SECTION-A-LINE-07C-COL-F,PZ,numeric,
SA_03_PUB_SUPPORT_TOT,SA_03_PUB_SUPPORT_TOT,SA-P03-T00-SUPPORT_SCHEDULE_509,Public support total,Public support total,SCHED-A-PART-03-SECTION-A-LINE-08-COL-F,PZ,numeric,
SA_03_TOT_AMT_L6_CY_M4,SA_03_TOT_AMT_L6_CY_M4,SA-P03-T00-SUPPORT_SCHEDULE_509,Total public support during the current tax year minus four years,Current tax year minus four years,SCHED-A-PART-03-SECTION-B-LINE-09-COL-A,PZ,numeric,
SA_03_TOT_AMT_L6_CY_M3,SA_03_TOT_AMT_L6_CY_M3,SA-P03-T00-SUPPORT_SCHEDULE_509,Total public support during the current tax year minus three years,Current tax year minus three years,SCHED-A-PART-03-SECTION-B-LINE-09-COL-B,PZ,numeric,
SA_03_TOT_AMT_L6_CY_M2,SA_03_TOT_AMT_L6_CY_M2,SA-P03-T00-SUPPORT_SCHEDULE_509,Total public support during the current tax year minus two years,Current tax year minus two years,SCHED-A-PART-03-SECTION-B-LINE-09-COL-C,PZ,numeric,
SA_03_TOT_AMT_L6_CY_M1,SA_03_TOT_AMT_L6_CY_M1,SA-P03-T00-SUPPORT_SCHEDULE_509,Total public support during the current tax year minus one year,Current tax year minus one year,SCHED-A-PART-03-SECTION-B-LINE-09-COL-D,PZ,numeric,
SA_03_TOT_AMT_L6_CY,SA_03_TOT_AMT_L6_CY,SA-P03-T00-SUPPORT_SCHEDULE_509,Total public support during the current tax year,Current tax year,SCHED-A-PART-03-SECTION-B-LINE-09-COL-E,PZ,numeric,
SA_03_TOT_AMT_L6_TOT,SA_03_TOT_AMT_L6_TOT,SA-P03-T00-SUPPORT_SCHEDULE_509,Total public support during the current tax year and the four years prior,Amts From Line6 - Total,SCHED-A-PART-03-SECTION-B-LINE-09-COL-F,PZ,numeric,
SA_03_TOT_INCOME_GRO_CY_M4,SA_03_TOT_INCOME_GRO_CY_M4,SA-P03-T00-SUPPORT_SCHEDULE_509,Gross investment income during the current tax year minus four years,Current tax year minus four years,SCHED-A-PART-03-SECTION-B-LINE-10A-COL-A,PZ,numeric,
SA_03_TOT_INCOME_GRO_CY_M3,SA_03_TOT_INCOME_GRO_CY_M3,SA-P03-T00-SUPPORT_SCHEDULE_509,Gross investment income during the current tax year minus three years,Current tax year minus three years,SCHED-A-PART-03-SECTION-B-LINE-10A-COL-B,PZ,numeric,
SA_03_TOT_INCOME_GRO_CY_M2,SA_03_TOT_INCOME_GRO_CY_M2,SA-P03-T00-SUPPORT_SCHEDULE_509,Gross investment income during the current tax year minus two years,Current tax year minus two years,SCHED-A-PART-03-SECTION-B-LINE-10A-COL-C,PZ,numeric,
SA_03_TOT_INCOME_GRO_CY_M1,SA_03_TOT_INCOME_GRO_CY_M1,SA-P03-T00-SUPPORT_SCHEDULE_509,Gross investment income during the current tax year minus one year,Current tax year minus one year,SCHED-A-PART-03-SECTION-B-LINE-10A-COL-D,PZ,numeric,
SA_03_TOT_INCOME_GRO_CY,SA_03_TOT_INCOME_GRO_CY,SA-P03-T00-SUPPORT_SCHEDULE_509,Gross investment income during the current tax year,Current tax year,SCHED-A-PART-03-SECTION-B-LINE-10A-COL-E,PZ,numeric,
SA_03_TOT_INCOME_GRO_TOT,SA_03_TOT_INCOME_GRO_TOT,SA-P03-T00-SUPPORT_SCHEDULE_509,Gross investment income during the current tax year and the four years prior,Gross Investment Income - Total,SCHED-A-PART-03-SECTION-B-LINE-10A-COL-F,PZ,numeric,
SA_03_TOT_INCOME_UBIZ_CY_M4,SA_03_TOT_INCOME_UBIZ_CY_M4,SA-P03-T00-SUPPORT_SCHEDULE_509,Gross unrelated business taxable income during the current tax year minus four years,Current tax year minus four years,SCHED-A-PART-03-SECTION-B-LINE-10B-COL-A,PZ,numeric,
SA_03_TOT_INCOME_UBIZ_CY_M3,SA_03_TOT_INCOME_UBIZ_CY_M3,SA-P03-T00-SUPPORT_SCHEDULE_509,Gross unrelated business taxable income during the current tax year minus three years,Current tax year minus three years,SCHED-A-PART-03-SECTION-B-LINE-10B-COL-B,PZ,numeric,
SA_03_TOT_INCOME_UBIZ_CY_M2,SA_03_TOT_INCOME_UBIZ_CY_M2,SA-P03-T00-SUPPORT_SCHEDULE_509,Gross unrelated business taxable income during the current tax year minus two years,Current tax year minus two years,SCHED-A-PART-03-SECTION-B-LINE-10B-COL-C,PZ,numeric,
SA_03_TOT_INCOME_UBIZ_CY_M1,SA_03_TOT_INCOME_UBIZ_CY_M1,SA-P03-T00-SUPPORT_SCHEDULE_509,Gross unrelated business taxable income during the current tax year minus one year,Current tax year minus one year,SCHED-A-PART-03-SECTION-B-LINE-10B-COL-D,PZ,numeric,
SA_03_TOT_INCOME_UBIZ_CY,SA_03_TOT_INCOME_UBIZ_CY,SA-P03-T00-SUPPORT_SCHEDULE_509,Gross unrelated business taxable income during the current tax year,Current tax year,SCHED-A-PART-03-SECTION-B-LINE-10B-COL-E,PZ,numeric,
SA_03_TOT_INCOME_UBIZ_TOT,SA_03_TOT_INCOME_UBIZ_TOT,SA-P03-T00-SUPPORT_SCHEDULE_509,Gross unrelated business taxable income during the current tax year and the four years prior,Post1975 UBTI - Total,SCHED-A-PART-03-SECTION-B-LINE-10B-COL-F,PZ,numeric,
SA_03_TOT_ADD_L10AB_CY_M4,SA_03_TOT_ADD_L10AB_CY_M4,SA-P03-T00-SUPPORT_SCHEDULE_509,Gross investment income and unrelated business taxable income during the current tax year minus four years,Current tax year minus four years,SCHED-A-PART-03-SECTION-B-LINE-10C-COL-A,PZ,numeric,
SA_03_TOT_ADD_L10AB_CY_M3,SA_03_TOT_ADD_L10AB_CY_M3,SA-P03-T00-SUPPORT_SCHEDULE_509,Gross investment income and unrelated business taxable income during the current tax year minus three years,Current tax year minus three years,SCHED-A-PART-03-SECTION-B-LINE-10C-COL-B,PZ,numeric,
SA_03_TOT_ADD_L10AB_CY_M2,SA_03_TOT_ADD_L10AB_CY_M2,SA-P03-T00-SUPPORT_SCHEDULE_509,Gross investment income and unrelated business taxable income during the current tax year minus two years,Current tax year minus two years,SCHED-A-PART-03-SECTION-B-LINE-10C-COL-C,PZ,numeric,
SA_03_TOT_ADD_L10AB_CY_M1,SA_03_TOT_ADD_L10AB_CY_M1,SA-P03-T00-SUPPORT_SCHEDULE_509,Gross investment income and unrelated business taxable income during the current tax year minus one year,Current tax year minus one year,SCHED-A-PART-03-SECTION-B-LINE-10C-COL-D,PZ,numeric,
SA_03_TOT_ADD_L10AB_CY,SA_03_TOT_ADD_L10AB_CY,SA-P03-T00-SUPPORT_SCHEDULE_509,Gross investment income and unrelated business taxable income during the current tax year,Current tax year,SCHED-A-PART-03-SECTION-B-LINE-10C-COL-E,PZ,numeric,
SA_03_TOT_ADD_L10AB_TOT,SA_03_TOT_ADD_L10AB_TOT,SA-P03-T00-SUPPORT_SCHEDULE_509,Gross investment income and unrelated business taxable income during the current tax year and the four years prior,Total Of Lines10a And10b - Total,SCHED-A-PART-03-SECTION-B-LINE-10C-COL-F,PZ,numeric,
SA_03_TOT_INCOME_NET_UBIZ_CY_M4,SA_03_TOT_INCOME_NET_UBIZ_CY_M4,SA-P03-T00-SUPPORT_SCHEDULE_509,Net income from unrelated business activities during the current tax year minus four years,Current tax year minus four years,SCHED-A-PART-03-SECTION-B-LINE-11-COL-A,PZ,numeric,
SA_03_TOT_INCOME_NET_UBIZ_CY_M3,SA_03_TOT_INCOME_NET_UBIZ_CY_M3,SA-P03-T00-SUPPORT_SCHEDULE_509,Net income from unrelated business activities during the current tax year minus three years,Current tax year minus three years,SCHED-A-PART-03-SECTION-B-LINE-11-COL-B,PZ,numeric,
SA_03_TOT_INCOME_NET_UBIZ_CY_M2,SA_03_TOT_INCOME_NET_UBIZ_CY_M2,SA-P03-T00-SUPPORT_SCHEDULE_509,Net income from unrelated business activities during the current tax year minus two years,Current tax year minus two years,SCHED-A-PART-03-SECTION-B-LINE-11-COL-C,PZ,numeric,
SA_03_TOT_INCOME_NET_UBIZ_CY_M1,SA_03_TOT_INCOME_NET_UBIZ_CY_M1,SA-P03-T00-SUPPORT_SCHEDULE_509,Net income from unrelated business activities during the current tax year minus one year,Current tax year minus one year,SCHED-A-PART-03-SECTION-B-LINE-11-COL-D,PZ,numeric,
SA_03_TOT_INCOME_NET_UBIZ_CY,SA_03_TOT_INCOME_NET_UBIZ_CY,SA-P03-T00-SUPPORT_SCHEDULE_509,Net income from unrelated business activities during the current tax year,Current tax year,SCHED-A-PART-03-SECTION-B-LINE-11-COL-E,PZ,numeric,
SA_03_TOT_INCOME_NET_UBIZ_TOT,SA_03_TOT_INCOME_NET_UBIZ_TOT,SA-P03-T00-SUPPORT_SCHEDULE_509,Net income from unrelated business activities during the current tax year and the four years prior,Net Income From Other UBI - Total,SCHED-A-PART-03-SECTION-B-LINE-11-COL-F,PZ,numeric,
SA_03_TOT_INCOME_OTH_CY_M4,SA_03_TOT_INCOME_OTH_CY_M4,SA-P03-T00-SUPPORT_SCHEDULE_509,Other income during the current tax year minus four years,Current tax year minus four years,SCHED-A-PART-03-SECTION-B-LINE-12-COL-A,PZ,numeric,
SA_03_TOT_INCOME_OTH_CY_M3,SA_03_TOT_INCOME_OTH_CY_M3,SA-P03-T00-SUPPORT_SCHEDULE_509,Other income during the current tax year minus three years,Current tax year minus three years,SCHED-A-PART-03-SECTION-B-LINE-12-COL-B,PZ,numeric,
SA_03_TOT_INCOME_OTH_CY_M2,SA_03_TOT_INCOME_OTH_CY_M2,SA-P03-T00-SUPPORT_SCHEDULE_509,Other income during the current tax year minus two years,Current tax year minus two years,SCHED-A-PART-03-SECTION-B-LINE-12-COL-C,PZ,numeric,
SA_03_TOT_INCOME_OTH_CY_M1,SA_03_TOT_INCOME_OTH_CY_M1,SA-P03-T00-SUPPORT_SCHEDULE_509,Other income during the current tax year minus one year,Current tax year minus one year,SCHED-A-PART-03-SECTION-B-LINE-12-COL-D,PZ,numeric,
SA_03_TOT_INCOME_OTH_CY,SA_03_TOT_INCOME_OTH_CY,SA-P03-T00-SUPPORT_SCHEDULE_509,Other income during the current tax year,Current tax year,SCHED-A-PART-03-SECTION-B-LINE-12-COL-E,PZ,numeric,
SA_03_TOT_INCOME_OTH_TOT,SA_03_TOT_INCOME_OTH_TOT,SA-P03-T00-SUPPORT_SCHEDULE_509,Other income during the current tax year and the four years prior,Other Income - Total,SCHED-A-PART-03-SECTION-B-LINE-12-COL-F,PZ,numeric,
SA_03_TOT_SUPPORT_CY_M4,SA_03_TOT_SUPPORT_CY_M4,SA-P03-T00-SUPPORT_SCHEDULE_509,"Gifts, grants, contributions, and membership fees received during the current tax year minus four years",Current tax year minus four years,SCHED-A-PART-03-SECTION-B-LINE-13-COL-A,PZ,numeric,
SA_03_TOT_SUPPORT_CY_M3,SA_03_TOT_SUPPORT_CY_M3,SA-P03-T00-SUPPORT_SCHEDULE_509,"Gifts, grants, contributions, and membership fees received during the current tax year minus three years",Current tax year minus three years,SCHED-A-PART-03-SECTION-B-LINE-13-COL-B,PZ,numeric,
SA_03_TOT_SUPPORT_CY_M2,SA_03_TOT_SUPPORT_CY_M2,SA-P03-T00-SUPPORT_SCHEDULE_509,"Gifts, grants, contributions, and membership fees received during the current tax year minus two years",Current tax year minus two years,SCHED-A-PART-03-SECTION-B-LINE-13-COL-C,PZ,numeric,
SA_03_TOT_SUPPORT_CY_M1,SA_03_TOT_SUPPORT_CY_M1,SA-P03-T00-SUPPORT_SCHEDULE_509,"Gifts, grants, contributions, and membership fees received during the current tax year minus one year",Current tax year minus one year,SCHED-A-PART-03-SECTION-B-LINE-13-COL-D,PZ,numeric,
SA_03_TOT_SUPPORT_CY,SA_03_TOT_SUPPORT_CY,SA-P03-T00-SUPPORT_SCHEDULE_509,"Gifts, grants, contributions, and membership fees received during the current tax year",Current tax year,SCHED-A-PART-03-SECTION-B-LINE-13-COL-E,PZ,numeric,
SA_03_TOT_SUPPORT_TOT,SA_03_TOT_SUPPORT_TOT,SA-P03-T00-SUPPORT_SCHEDULE_509,"Gifts, grants, contributions, and membership fees received during the current tax year and the four years prior",Total support total,SCHED-A-PART-03-SECTION-B-LINE-13-COL-F,PZ,numeric,
SA_03_TOT_FIRST_5Y_X,SA_03_TOT_FIRST_5Y_X,SA-P03-T00-SUPPORT_SCHEDULE_509,"Is the organization's first, second, third, fourth, or fifth Form 990 as a 501(c)(3) organization [x]",First five years?,SCHED-A-PART-03-SECTION-B-LINE-14,PZ,checkbox,
SA_03_PCT_PUB_SUPPORT_CY,SA_03_PCT_PUB_SUPPORT_CY,SA-P03-T00-SUPPORT_SCHEDULE_509,Public support percentage - current year,Public support percentage (line 8 column(f) divided by line 13 column(f)),SCHED-A-PART-03-SECTION-C-LINE-15,PZ,numeric,
SA_03_PCT_PUB_SUPPORT_PY,SA_03_PCT_PUB_SUPPORT_PY,SA-P03-T00-SUPPORT_SCHEDULE_509,"Public support percentage, previous year",Public support percentage from prior year's Schedule A; Part III; line 14a,SCHED-A-PART-03-SECTION-C-LINE-16,PZ,numeric,
SA_03_PCT_INVEST_INCOME_CY,SA_03_PCT_INVEST_INCOME_CY,SA-P03-T00-SUPPORT_SCHEDULE_509,Investment income percentage - current year,Investment income percentage (line 10c column (f) divided by line 13 column(f)),SCHED-A-PART-03-SECTION-D-LINE-17,PZ,numeric,
SA_03_PCT_INVEST_INCOME_PY,SA_03_PCT_INVEST_INCOME_PY,SA-P03-T00-SUPPORT_SCHEDULE_509,Investment income percentage - prior year,Investment income percentage from prior year's Schedule A; Part III; line 15a,SCHED-A-PART-03-SECTION-D-LINE-18,PZ,numeric,
SA_03_PCT_33_SUPPORT_TEST_CY_X,SA_03_PCT_33_SUPPORT_TEST_CY_X,SA-P03-T00-SUPPORT_SCHEDULE_509,Qualifies as a publicly supported organization under 33 and 1/3 test - current year [x],33.33 % Tests - Current Year. If the organization did not check the box on line17; and line 14a is more than 33.33% and line 15a is less than 33.33%; check this box and stop here,SCHED-A-PART-03-SECTION-D-LINE-19A,PZ,checkbox,
SA_03_PCT_33_SUPPORT_TEST_PY_X,SA_03_PCT_33_SUPPORT_TEST_PY_X,SA-P03-T00-SUPPORT_SCHEDULE_509,Qualifies as a publicly supported organization under 33 and 1/3 test - prior year [x],33.33 % Tests - Prior Year. If the organization did not check the boxes on line 17 and line 18; and line 14b is more than 33.33% and line 15a is less than 33.33%; check this box and stop here,SCHED-A-PART-03-SECTION-D-LINE-19B,PZ,checkbox,
SA_03_PCT_PRIVATE_FOUNDATION_X,SA_03_PCT_PRIVATE_FOUNDATION_X,SA-P03-T00-SUPPORT_SCHEDULE_509,Is a private foundation [x],Private Foundation. If the organization did not check the box on either line 14; 19a or 19b; check this box and see instructions,SCHED-A-PART-03-SECTION-D-LINE-20,PZ,checkbox,
SA_04_ALL_ORG_NAME_DOC_LISTED_X,SA_04_ALL_ORG_NAME_DOC_LISTED_X,SA-P04-T00-SUPPORT-ORGS,All supported organizations are listed by name in governing documents [x],All supported organizations listed by name in governing documents?,SCHED-A-PART-04-SECTION-A-LINE-01,PZ,checkbox,
SA_04_ALL_ORG_NONDETERMIN_IRS_X,SA_04_ALL_ORG_NONDETERMIN_IRS_X,SA-P04-T00-SUPPORT-ORGS,Had a supported organization without IRS determination [x],Any supported organization that does not have IRS determination?,SCHED-A-PART-04-SECTION-A-LINE-02,PZ,checkbox,
SA_04_ALL_ORG_501C456_X,SA_04_ALL_ORG_501C456_X,SA-P04-T00-SUPPORT-ORGS,"Had a supported organization described in section 501(c)(4), (5), or (6) [x]",Supported org described in Section 501(c)(4); (5); (6)?,SCHED-A-PART-04-SECTION-A-LINE-03A,PZ,checkbox,
SA_04_ALL_ORG_QUAL_X,SA_04_ALL_ORG_QUAL_X,SA-P04-T00-SUPPORT-ORGS,Confirmed that each supported organization is qualified [x],Confirmed supported org qualified?,SCHED-A-PART-04-SECTION-A-LINE-03B,PZ,checkbox,
SA_04_ALL_ORG_170C2B_PURPOSE_X,SA_04_ALL_ORG_170C2B_PURPOSE_X,SA-P04-T00-SUPPORT-ORGS,Ensured that support to organizations was used exclusively for section 170(c)(2)(B) purposes [x],Ensure support used exclusively for section 170(c)(2)(B) purposes?,SCHED-A-PART-04-SECTION-A-LINE-03C,PZ,checkbox,
SA_04_ALL_ORG_FRGN_X,SA_04_ALL_ORG_FRGN_X,SA-P04-T00-SUPPORT-ORGS,Had a foreign supported organization [x],Any supported organized not organized in the United States?,SCHED-A-PART-04-SECTION-A-LINE-04A,PZ,checkbox,
SA_04_ALL_ORG_CTRL_GRANT_FRGN_X,SA_04_ALL_ORG_CTRL_GRANT_FRGN_X,SA-P04-T00-SUPPORT-ORGS,Had ultimate control and discretion in whether to make grants to the foreign supported organization [x],Ultimate control in deciding whether to make grants to foreign supported org?,SCHED-A-PART-04-SECTION-A-LINE-04B,PZ,checkbox,
SA_04_ALL_ORG_SUPPORT_FRGN_X,SA_04_ALL_ORG_SUPPORT_FRGN_X,SA-P04-T00-SUPPORT-ORGS,Supported any foreign supported organization without IRS determination [x],Support any foreign organizations that does not have IRS determination?,SCHED-A-PART-04-SECTION-A-LINE-04C,PZ,checkbox,
SA_04_ALL_ORG_CHANGE_ORG_X,SA_04_ALL_ORG_CHANGE_ORG_X,SA-P04-T00-SUPPORT-ORGS,"Added, substituted, or removed any supported organizations [x]",Organization add; substitute or remove any supported org during the year?,SCHED-A-PART-04-SECTION-A-LINE-05A,PZ,checkbox,
SA_04_ALL_ORG_T12_ONLY_X,SA_04_ALL_ORG_T12_ONLY_X,SA-P04-T00-SUPPORT-ORGS,Added or substituted supported organization was part of a class already designated in organization's organizing document [x],Supported organization part of a class already designated in orgs organizing document?,SCHED-A-PART-04-SECTION-A-LINE-05B,PZ,checkbox,
SA_04_ALL_ORG_SUBSTITUT_ONLY_X,SA_04_ALL_ORG_SUBSTITUT_ONLY_X,SA-P04-T00-SUPPORT-ORGS,Substitution was the result of an event beyond the org's control [x],Substitution the result of an event beyond the organization's control?,SCHED-A-PART-04-SECTION-A-LINE-05C,PZ,checkbox,
SA_04_ALL_ORG_SUPPORT_OTH_X,SA_04_ALL_ORG_SUPPORT_OTH_X,SA-P04-T00-SUPPORT-ORGS,"Provided support to anyone other than support organizations, their beneficiaries, and their other supporting organizations [x]",Support anyone other than supported organizations?,SCHED-A-PART-04-SECTION-A-LINE-06,PZ,checkbox,
SA_04_ALL_ORG_PAY_CONTRIBUTOR_X,SA_04_ALL_ORG_PAY_CONTRIBUTOR_X,SA-P04-T00-SUPPORT-ORGS,"Provided a grant, loan, compensation, or other similar payment to a substantial contributor or their family member or controlled entity [x]",Provide grant; loan; compensation to a substantial contributor?,SCHED-A-PART-04-SECTION-A-LINE-07,PZ,checkbox,
SA_04_ALL_ORG_LOAN_PERS_DSQ_X,SA_04_ALL_ORG_LOAN_PERS_DSQ_X,SA-P04-T00-SUPPORT-ORGS,Made a loan to a disqualified person [x],Loan to disqualified person?,SCHED-A-PART-04-SECTION-A-LINE-08,PZ,checkbox,
SA_04_ALL_ORG_CTRL_BY_PERS_DSQ_X,SA_04_ALL_ORG_CTRL_BY_PERS_DSQ_X,SA-P04-T00-SUPPORT-ORGS,Was controlled by one or more disqualified persons [x],Controlled by one or more disqualified persons?,SCHED-A-PART-04-SECTION-A-LINE-09A,PZ,checkbox,
SA_04_ALL_ORG_PERS_DSQ_CTRL_X,SA_04_ALL_ORG_PERS_DSQ_CTRL_X,SA-P04-T00-SUPPORT-ORGS,One or more disqualified persons held a controlling interest in any entity in which the supporting organization had an interest [x],Disqualified person hold controlling interest in any entity which supporting org had an interest?,SCHED-A-PART-04-SECTION-A-LINE-09B,PZ,checkbox,
SA_04_ALL_ORG_PERS_DSQ_OWN_X,SA_04_ALL_ORG_PERS_DSQ_OWN_X,SA-P04-T00-SUPPORT-ORGS,A disqualified person had ownership in or benefit from assets in which the support organization also had interest [x],Disqualified person have an ownership interest in assets which supporting org had an interest?,SCHED-A-PART-04-SECTION-A-LINE-09C,PZ,checkbox,
SA_04_ALL_ORG_EXCESS_BIZ_RULES_X,SA_04_ALL_ORG_EXCESS_BIZ_RULES_X,SA-P04-T00-SUPPORT-ORGS,Was subject to excess business holdings rules [x],Subject to excess business holding rules?,SCHED-A-PART-04-SECTION-A-LINE-10A,PZ,checkbox,
SA_04_ALL_ORG_EXCESS_BIZ_HOLD_X,SA_04_ALL_ORG_EXCESS_BIZ_HOLD_X,SA-P04-T00-SUPPORT-ORGS,Had excess business holdings [x],Excess business holdings in the tax year?,SCHED-A-PART-04-SECTION-A-LINE-10B,PZ,checkbox,
SA_04_ALL_ORG_CONTR_PERS_X,SA_04_ALL_ORG_CONTR_PERS_X,SA-P04-T00-SUPPORT-ORGS,Accepted a gift or contribution from a person who controls the governing body of a supporting organization [x],A person who controls; alone or together with persons in (ii) and (iii) below; the governing body of the supported organization?,SCHED-A-PART-04-SECTION-A-LINE-11A,PZ,checkbox,
SA_04_ALL_ORG_CONTR_FAM_X,SA_04_ALL_ORG_CONTR_FAM_X,SA-P04-T00-SUPPORT-ORGS,Accepted a gift or contribution from a family member of a person who controls the governing body of a supporting organization [x],A family member of a party described in (i) above?,SCHED-A-PART-04-SECTION-A-LINE-11B,PZ,checkbox,
SA_04_ALL_ORG_CONTR_35PCT_CE_X,SA_04_ALL_ORG_CONTR_35PCT_CE_X,SA-P04-T00-SUPPORT-ORGS,Accepted a gift or contribution from a 35% controlled entity of a person who controls the governing body of a supporting organization [x],A 35% controlled entity of a person described in (i) or (ii) above?,SCHED-A-PART-04-SECTION-A-LINE-11C,PZ,checkbox,
SA_04_T1_ORG_DIR_TRUST_APPONT_X,SA_04_T1_ORG_DIR_TRUST_APPONT_X,SA-P04-T00-SUPPORT-ORGS,"Governing body had power to regularly appoint or elect at least a majority of officers, directors, or trustees [x]",Directors; trustees; or membership of supported org have power to regularly appoint or elect at least majority of orgs directors or trustees?,SCHED-A-PART-04-SECTION-B-LINE-01,PZ,checkbox,
SA_04_T1_ORG_BEN_OTH_X,SA_04_T1_ORG_BEN_OTH_X,SA-P04-T00-SUPPORT-ORGS,"Operated for the benefit of any supported organization other than the one(s) that operated, supervised, or controlled the supporting organization [x]",Operate for the benefit of any other supported organization?,SCHED-A-PART-04-SECTION-B-LINE-02,PZ,checkbox,
SA_04_T2_ORG_MAJORITY_DIRTRUST_X,SA_04_T2_ORG_MAJORITY_DIRTRUST_X,SA-P04-T00-SUPPORT-ORGS,Majority of directors or trustees were also a majority of directors or trustees of each of the supported organizations [x],Also a majority of the directors or trustees of each of the organizations supported orgs?,SCHED-A-PART-04-SECTION-C-LINE-01,PZ,checkbox,
SA_04_T3_ORG_DOC_PROV_TIMELY_X,SA_04_T3_ORG_DOC_PROV_TIMELY_X,SA-P04-T00-SUPPORT-ORGS,Provided timely written notice and documents to each supported organization [x],Timely provided written notice; copy of Form 990; and governing documents?,SCHED-A-PART-04-SECTION-D-LINE-01,PZ,checkbox,
SA_04_T3_ORG_OFFS_RELATIONSHIP_X,SA_04_T3_ORG_OFFS_RELATIONSHIP_X,SA-P04-T00-SUPPORT-ORGS,"Any officers, directors, or trustees were appointed or elected by the supported organization or served on the governing body of a supported organization [x]",Maintained close and continuous working relationship with the supported organization?,SCHED-A-PART-04-SECTION-D-LINE-02,PZ,checkbox,
SA_04_T3_ORG_VOICE_INVEST_X,SA_04_T3_ORG_VOICE_INVEST_X,SA-P04-T00-SUPPORT-ORGS,Supported organizations had a significant voice in investment policies and use of income or assets [x],Supported organizations have significant voice in the organizations investment policies?,SCHED-A-PART-04-SECTION-D-LINE-02,PZ,checkbox,
SA_04_T3FUNC_ORG_ACT_TEST_X,SA_04_T3FUNC_ORG_ACT_TEST_X,SA-P04-T00-SUPPORT-ORGS,Satisfied the Activities Test [x],Satisfied activities test,SCHED-A-PART-04-SECTION-E-LINE-01A,PZ,checkbox,
SA_04_T3FUNC_ORG_PARENT_X,SA_04_T3FUNC_ORG_PARENT_X,SA-P04-T00-SUPPORT-ORGS,Is the parent of each supported organization [x],Parent of each of its supported organizations,SCHED-A-PART-04-SECTION-E-LINE-01B,PZ,checkbox,
SA_04_T3FUNC_ORG_SUPPORT_GOVT_X,SA_04_T3FUNC_ORG_SUPPORT_GOVT_X,SA-P04-T00-SUPPORT-ORGS,Supported a governmental entity [x],Supported a governmental entity,SCHED-A-PART-04-SECTION-E-LINE-01C,PZ,checkbox,
SA_04_T3FUNC_ORG_ACT_EXEMPT_X,SA_04_T3FUNC_ORG_ACT_EXEMPT_X,SA-P04-T00-SUPPORT-ORGS,Substantially all activities directly furthered the exempt purposes of the supported organization(s) [x],Substantially all activities during the year directly further exempt purposes of the supported organization?,SCHED-A-PART-04-SECTION-E-LINE-02A,PZ,checkbox,
SA_04_T3FUNC_ORG_ACT_ENGAGED_X,SA_04_T3FUNC_ORG_ACT_ENGAGED_X,SA-P04-T00-SUPPORT-ORGS,"But for org's involvement, supported organization(s) would not have engaged in activities [x]",Constitute activities that; but for the organizations involvement; supported org would have been engaged?,SCHED-A-PART-04-SECTION-E-LINE-02B,PZ,checkbox,
SA_04_T3FUNC_ORG_APOINT_OFF_X,SA_04_T3FUNC_ORG_APOINT_OFF_X,SA-P04-T00-SUPPORT-ORGS,"Had the power to regularly appoint or elect a majority of the officers, directors, or trustees of the supported organizations [x]",Power to regularly appoint or elect majority of the officers of each supported organization?,SCHED-A-PART-04-SECTION-E-LINE-03A,PZ,checkbox,
SA_04_T3FUNC_ORG_DIRECT_POLICY_X,SA_04_T3FUNC_ORG_DIRECT_POLICY_X,SA-P04-T00-SUPPORT-ORGS,"Exercised a substantial degree of direction over the policies, programs, and activities or each supported organization [x]",Exercise a substantial degree of direction over policies; programs or activities of each supported org?,SCHED-A-PART-04-SECTION-E-LINE-03B,PZ,checkbox,
SA_05_TRUST_INTEGRAL_PART_TEST_X,SA_05_TRUST_INTEGRAL_PART_TEST_X,SA-P05-T00-SUPPORT-ORGS,Satisfied the Integral Part Test [x],Organization satisfied Integral Part Test as qualifying trust,SCHED-A-PART-05-LINE-01,PZ,checkbox,
SA_05_NETINCOME_ADJ_CAP_GAIN_PY,SA_05_NETINCOME_ADJ_CAP_GAIN_PY,SA-P05-T00-SUPPORT-ORGS,Net short-term capital gain - prior year,Prior year amount,SCHED-A-PART-05-SECTION-A-LINE-01-COL-A,PZ,numeric,
SA_05_NETINCOME_ADJ_CAP_GAIN_CY,SA_05_NETINCOME_ADJ_CAP_GAIN_CY,SA-P05-T00-SUPPORT-ORGS,Net short-term capital gain - current year,Current year amount,SCHED-A-PART-05-SECTION-A-LINE-01-COL-B,PZ,numeric,
SA_05_NETINCOME_ADJ_RECOVERY_PY,SA_05_NETINCOME_ADJ_RECOVERY_PY,SA-P05-T00-SUPPORT-ORGS,Recoveries of prior-year distributions - prior year,Prior year amount,SCHED-A-PART-05-SECTION-A-LINE-02-COL-A,PZ,numeric,
SA_05_NETINCOME_ADJ_RECOVERY_CY,SA_05_NETINCOME_ADJ_RECOVERY_CY,SA-P05-T00-SUPPORT-ORGS,Recoveries of prior-year distributions - current year,Current year amount,SCHED-A-PART-05-SECTION-A-LINE-02-COL-B,PZ,numeric,
SA_05_NETINCOME_ADJ_OTH_GRO_PY,SA_05_NETINCOME_ADJ_OTH_GRO_PY,SA-P05-T00-SUPPORT-ORGS,"Other gross income, prior year",Prior year amount,SCHED-A-PART-05-SECTION-A-LINE-03-COL-A,PZ,numeric,
SA_05_NETINCOME_ADJ_OTH_GRO_CY,SA_05_NETINCOME_ADJ_OTH_GRO_CY,SA-P05-T00-SUPPORT-ORGS,Other gross income - current year,Current year amount,SCHED-A-PART-05-SECTION-A-LINE-03-COL-B,PZ,numeric,
SA_05_NETINCOME_ADJ_ADD_L123_PY,SA_05_NETINCOME_ADJ_ADD_L123_PY,SA-P05-T00-SUPPORT-ORGS,"Net short-term capital gain, recoveries of prior-year distributions, and other gross income - prior year",Prior year amount,SCHED-A-PART-05-SECTION-A-LINE-04-COL-A,PZ,numeric,
SA_05_NETINCOME_ADJ_ADD_L123_CY,SA_05_NETINCOME_ADJ_ADD_L123_CY,SA-P05-T00-SUPPORT-ORGS,"Net short-term capital gain, recoveries of prior-year distributions, and other gross income - current year",Current year amount,SCHED-A-PART-05-SECTION-A-LINE-04-COL-B,PZ,numeric,
SA_05_NETINCOME_ADJ_DEPREC_PY,SA_05_NETINCOME_ADJ_DEPREC_PY,SA-P05-T00-SUPPORT-ORGS,Depreciation and depletion - prior year,Prior year amount,SCHED-A-PART-05-SECTION-A-LINE-05-COL-A,PZ,numeric,
SA_05_NETINCOME_ADJ_DEPREC_CY,SA_05_NETINCOME_ADJ_DEPREC_CY,SA-P05-T00-SUPPORT-ORGS,Depreciation and depletion - current year,Current year amount,SCHED-A-PART-05-SECTION-A-LINE-05-COL-B,PZ,numeric,
SA_05_NETINCOME_ADJ_PRODUCT_PY,SA_05_NETINCOME_ADJ_PRODUCT_PY,SA-P05-T00-SUPPORT-ORGS,"Portion of operating expenses paid or incurred for production or collection of gross income or for management, conservation, or maintenance of property - prior year",Prior year amount,SCHED-A-PART-05-SECTION-A-LINE-06-COL-A,PZ,numeric,
SA_05_NETINCOME_ADJ_PRODUCT_CY,SA_05_NETINCOME_ADJ_PRODUCT_CY,SA-P05-T00-SUPPORT-ORGS,"Portion of operating expenses paid or incurred for production or collection of gross income or for management, conservation, or maintenance of property - current year",Current year amount,SCHED-A-PART-05-SECTION-A-LINE-06-COL-B,PZ,numeric,
SA_05_NETINCOME_ADJ_EXP_OTH_PY,SA_05_NETINCOME_ADJ_EXP_OTH_PY,SA-P05-T00-SUPPORT-ORGS,Other expenses - prior year,Prior year amount,SCHED-A-PART-05-SECTION-A-LINE-07-COL-A,PZ,numeric,
SA_05_NETINCOME_ADJ_EXP_OTH_CY,SA_05_NETINCOME_ADJ_EXP_OTH_CY,SA-P05-T00-SUPPORT-ORGS,Other expenses - current year,Current year amount,SCHED-A-PART-05-SECTION-A-LINE-07-COL-B,PZ,numeric,
SA_05_NETINCOME_ADJ_TOT_PY,SA_05_NETINCOME_ADJ_TOT_PY,SA-P05-T00-SUPPORT-ORGS,Adjusted net income - prior year,Prior year amount,SCHED-A-PART-05-SECTION-A-LINE-08-COL-A,PZ,numeric,
SA_05_NETINCOME_ADJ_TOT_CY,SA_05_NETINCOME_ADJ_TOT_CY,SA-P05-T00-SUPPORT-ORGS,Adjusted net income - current year,Current year amount,SCHED-A-PART-05-SECTION-A-LINE-08-COL-B,PZ,numeric,
SA_05_ASSET_MINIM_FMV_SEC_PY,SA_05_ASSET_MINIM_FMV_SEC_PY,SA-P05-T00-SUPPORT-ORGS,Average monthly value of securities - prior year,Prior year amount,SCHED-A-PART-05-SECTION-B-LINE-01A-COL-A,PZ,numeric,
SA_05_ASSET_MINIM_FMV_SEC_CY,SA_05_ASSET_MINIM_FMV_SEC_CY,SA-P05-T00-SUPPORT-ORGS,Average monthly value of securities - current year,Current year amount,SCHED-A-PART-05-SECTION-B-LINE-01A-COL-B,PZ,numeric,
SA_05_ASSET_MINIM_FMV_CASH_PY,SA_05_ASSET_MINIM_FMV_CASH_PY,SA-P05-T00-SUPPORT-ORGS,Average monthly cash balances - prior year,Prior year amount,SCHED-A-PART-05-SECTION-B-LINE-01B-COL-A,PZ,numeric,
SA_05_ASSET_MINIM_FMV_CASH_CY,SA_05_ASSET_MINIM_FMV_CASH_CY,SA-P05-T00-SUPPORT-ORGS,Average monthly cash balances - current year,Current year amount,SCHED-A-PART-05-SECTION-B-LINE-01B-COL-B,PZ,numeric,
SA_05_ASSET_MINIM_FMV_OTH_PY,SA_05_ASSET_MINIM_FMV_OTH_PY,SA-P05-T00-SUPPORT-ORGS,Fair market value of other non-exempt-use assets - prior year,Prior year amount,SCHED-A-PART-05-SECTION-B-LINE-01C-COL-A,PZ,numeric,
SA_05_ASSET_MINIM_FMV_OTH_CY,SA_05_ASSET_MINIM_FMV_OTH_CY,SA-P05-T00-SUPPORT-ORGS,Fair market value of other non-exempt-use assets - current year,Current year amount,SCHED-A-PART-05-SECTION-B-LINE-01C-COL-B,PZ,numeric,
SA_05_ASSET_MINIM_FMV_TOT_PY,SA_05_ASSET_MINIM_FMV_TOT_PY,SA-P05-T00-SUPPORT-ORGS,Total aggregate fair market value of all non-exempt-use assets - prior year,Prior year amount,SCHED-A-PART-05-SECTION-B-LINE-01D-COL-A,PZ,numeric,
SA_05_ASSET_MINIM_FMV_TOT_CY,SA_05_ASSET_MINIM_FMV_TOT_CY,SA-P05-T00-SUPPORT-ORGS,Total aggregate fair market value of all non-exempt-use assets - current year,Current year amount,SCHED-A-PART-05-SECTION-B-LINE-01D-COL-B,PZ,numeric,
SA_05_ASSET_MINIM_FMV_DISCOUNT,SA_05_ASSET_MINIM_FMV_DISCOUNT,SA-P05-T00-SUPPORT-ORGS,Discount claimed for blockage or other factors,Discount claimed for blockage or other factors,SCHED-A-PART-05-SECTION-B-LINE-01E,PZ,numeric,
SA_05_ASSET_MINIM_INDEPTED_CY,SA_05_ASSET_MINIM_INDEPTED_CY,SA-P05-T00-SUPPORT-ORGS,Acquisition indebtedness applicable to non-exempt-use assets - current year,Current year amount,SCHED-A-PART-05-SECTION-B-LINE-02-COL-B,PZ,numeric,
SA_05_ASSET_MINIM_L2_L1D_PY,SA_05_ASSET_MINIM_L2_L1D_PY,SA-P05-T00-SUPPORT-ORGS,Total aggregate fair market value of all non-exempt-use assets minus acquisition indebtedness applicable to non-exempt-use assets - prior year,Prior year amount,SCHED-A-PART-05-SECTION-B-LINE-03-COL-A,PZ,numeric,
SA_05_ASSET_MINIM_L2_L1D_CY,SA_05_ASSET_MINIM_L2_L1D_CY,SA-P05-T00-SUPPORT-ORGS,Total aggregate fair market value of all non-exempt-use assets minus acquisition indebtedness applicable to non-exempt-use assets - current year,Current year amount,SCHED-A-PART-05-SECTION-B-LINE-03-COL-B,PZ,numeric,
SA_05_ASSET_MINIM_CASH_EXEMPT_PY,SA_05_ASSET_MINIM_CASH_EXEMPT_PY,SA-P05-T00-SUPPORT-ORGS,Cash deemed held for exempt use - prior year,Prior year amount,SCHED-A-PART-05-SECTION-B-LINE-04-COL-A,PZ,numeric,
SA_05_ASSET_MINIM_CASH_EXEMPT_CY,SA_05_ASSET_MINIM_CASH_EXEMPT_CY,SA-P05-T00-SUPPORT-ORGS,Cash deemed held for exempt use - current year,Current year amount,SCHED-A-PART-05-SECTION-B-LINE-04-COL-B,PZ,numeric,
SA_05_ASSET_MINIM_NON_EXEMPT_PY,SA_05_ASSET_MINIM_NON_EXEMPT_PY,SA-P05-T00-SUPPORT-ORGS,Net value of non-exempt-use assets - prior year,Prior year amount,SCHED-A-PART-05-SECTION-B-LINE-05-COL-A,PZ,numeric,
SA_05_ASSET_MINIM_NON_EXEMPT_CY,SA_05_ASSET_MINIM_NON_EXEMPT_CY,SA-P05-T00-SUPPORT-ORGS,Net value of non-exempt-use assets - current year,Current year amount,SCHED-A-PART-05-SECTION-B-LINE-05-COL-B,PZ,numeric,
SA_05_ASSET_MINIM_MULTIPLY_L5_PY,SA_05_ASSET_MINIM_MULTIPLY_L5_PY,SA-P05-T00-SUPPORT-ORGS,Net value of non-exempt-use assets times 0.035 - prior year,Prior year amount,SCHED-A-PART-05-SECTION-B-LINE-06-COL-A,PZ,numeric,
SA_05_ASSET_MINIM_MULTIPLY_L5_CY,SA_05_ASSET_MINIM_MULTIPLY_L5_CY,SA-P05-T00-SUPPORT-ORGS,Net value of non-exempt-use assets times 0.035 - current year,Current year amount,SCHED-A-PART-05-SECTION-B-LINE-06-COL-B,PZ,numeric,
SA_05_ASSET_MINIM_RECOVERIES_PY,SA_05_ASSET_MINIM_RECOVERIES_PY,SA-P05-T00-SUPPORT-ORGS,Recoveries of prior-year distributions - prior year,Prior year amount,SCHED-A-PART-05-SECTION-B-LINE-07-COL-A,PZ,numeric,
SA_05_ASSET_MINIM_RECOVERIES_CY,SA_05_ASSET_MINIM_RECOVERIES_CY,SA-P05-T00-SUPPORT-ORGS,Recoveries of prior-year distributions - current year,Current year amount,SCHED-A-PART-05-SECTION-B-LINE-07-COL-B,PZ,numeric,
SA_05_ASSET_MINIM_TOT_PY,SA_05_ASSET_MINIM_TOT_PY,SA-P05-T00-SUPPORT-ORGS,Minimum asset amount - prior year,Prior year amount,SCHED-A-PART-05-SECTION-B-LINE-08-COL-A,PZ,numeric,
SA_05_ASSET_MINIM_TOT_CY,SA_05_ASSET_MINIM_TOT_CY,SA-P05-T00-SUPPORT-ORGS,Minimum asset amount - current year,Current year amount,SCHED-A-PART-05-SECTION-B-LINE-08-COL-B,PZ,numeric,
SA_05_DIST_AMT_NETINCOME_ADJ_CY,SA_05_DIST_AMT_NETINCOME_ADJ_CY,SA-P05-T00-SUPPORT-ORGS,Adjusted net income for prior year,Adjusted net income amount for prior year - distributable amount (from Section A; line 8; Column A),SCHED-A-PART-05-SECTION-C-LINE-01-CY,PZ,numeric,
SA_05_DIST_AMT_85PCT_L1_CY,SA_05_DIST_AMT_85PCT_L1_CY,SA-P05-T00-SUPPORT-ORGS,Adjusted net income for prior year times 0.85,85% Percent of adjusted net income amount - distributable amount,SCHED-A-PART-05-SECTION-C-LINE-02-CY,PZ,numeric,
SA_05_DIST_AMT_ASSET_MINIM_CY,SA_05_DIST_AMT_ASSET_MINIM_CY,SA-P05-T00-SUPPORT-ORGS,Minimum asset amount for prior year,Minimum asset amount for prior year - distributable amount (from Section B; line 8; Column A),SCHED-A-PART-05-SECTION-C-LINE-03-CY,PZ,numeric,
SA_05_DIST_AMT_GREATER_L23_CY,SA_05_DIST_AMT_GREATER_L23_CY,SA-P05-T00-SUPPORT-ORGS,Greater of adjusted net income for prior year times 0.85 and minimum asset amount for prior year,Greater of 85% adjusted net income amount and minimum assets amount,SCHED-A-PART-05-SECTION-C-LINE-04-CY,PZ,numeric,
SA_05_DIST_AMT_IMCOME_TAX_CY,SA_05_DIST_AMT_IMCOME_TAX_CY,SA-P05-T00-SUPPORT-ORGS,Income tax imposed in prior year,Income tax imposed in prior year,SCHED-A-PART-05-SECTION-C-LINE-05-CY,PZ,numeric,
SA_05_DIST_AMT_ADJ_CY,SA_05_DIST_AMT_ADJ_CY,SA-P05-T00-SUPPORT-ORGS,Distributable amount,Distributable amount as adjusted unless subject to emergency temporary reduction,SCHED-A-PART-05-SECTION-C-LINE-06-CY,PZ,numeric,
SA_05_DIST_AMT_FIRST_Y_T3_X,SA_05_DIST_AMT_FIRST_Y_T3_X,SA-P05-T00-SUPPORT-ORGS,Current year is organization's first as a non-functionally integrated Type III supporting organization [x],First year as a non-functionally-integrated Type III supporting organization,SCHED-A-PART-05-SECTION-C-LINE-07-CY,PZ,checkbox,
SA_05_DIST_PAID_ORG_EXEMPT_CY,SA_05_DIST_PAID_ORG_EXEMPT_CY,SA-P05-T00-SUPPORT-ORGS,Amounts paid to supported organizations to accomplish exempt purposes,Amounts paid to supported organizations to accomplish exempt purpose - Current Year,SCHED-A-PART-05-SECTION-D-LINE-01-CY,PZ,numeric,
SA_05_DIST_PAID_EXCESS_INCOME_CY,SA_05_DIST_PAID_EXCESS_INCOME_CY,SA-P05-T00-SUPPORT-ORGS,"Amounts paid to perform activity that directly furthers exempt purposes of supported organizations, in excess of income from activity",Amounts paid to perform activity that directly furthers exempt purpose - in excess of income from activity,SCHED-A-PART-05-SECTION-D-LINE-02-CY,PZ,numeric,
SA_05_DIST_PAID_EXP_ADMIN_CY,SA_05_DIST_PAID_EXP_ADMIN_CY,SA-P05-T00-SUPPORT-ORGS,Administrative expenses paid to accomplish exempt purposes of supported organizations,Administrative expenses paid to accomplish exempt purposes,SCHED-A-PART-05-SECTION-D-LINE-03-CY,PZ,numeric,
SA_05_DIST_PAID_EXEMPT_ASSET_CY,SA_05_DIST_PAID_EXEMPT_ASSET_CY,SA-P05-T00-SUPPORT-ORGS,Amounts paid to acquire exempt-use assets,Amounts paid to acquire exempt-use assets,SCHED-A-PART-05-SECTION-D-LINE-04-CY,PZ,numeric,
SA_05_DIST_PAID_SET_ASIDE_CY,SA_05_DIST_PAID_SET_ASIDE_CY,SA-P05-T00-SUPPORT-ORGS,Qualified set-aside amounts,Qualified set-aside amounts,SCHED-A-PART-05-SECTION-D-LINE-05-CY,PZ,numeric,
SA_05_DIST_PAID_OTH_CY,SA_05_DIST_PAID_OTH_CY,SA-P05-T00-SUPPORT-ORGS,Other distributions,Other distributions - Current Year,SCHED-A-PART-05-SECTION-D-LINE-06-CY,PZ,numeric,
SA_05_DIST_PAID_TOT_CY,SA_05_DIST_PAID_TOT_CY,SA-P05-T00-SUPPORT-ORGS,Total annual distributions,Total annual distributions - Current Year,SCHED-A-PART-05-SECTION-D-LINE-07-CY,PZ,numeric,
SA_05_DIST_PAID_ATTENTIVE_CY,SA_05_DIST_PAID_ATTENTIVE_CY,SA-P05-T00-SUPPORT-ORGS,Distributions to attentive supported organizations to which the organization is responsive,Distributions to attentive supported organizations to which the org is responsive,SCHED-A-PART-05-SECTION-D-LINE-08-CY,PZ,numeric,
SA_05_DIST_PAID_ADJ_CY,SA_05_DIST_PAID_ADJ_CY,SA-P05-T00-SUPPORT-ORGS,Distributable amount for current year,Distributable amount for current year (from Section C; line 6),SCHED-A-PART-05-SECTION-D-LINE-09-CY,PZ,numeric,
SA_05_DIST_PAID_DIVIDE_L89_CY,SA_05_DIST_PAID_DIVIDE_L89_CY,SA-P05-T00-SUPPORT-ORGS,Distributions to attentive supported organizations to which the organization is responsive divided by distributable amount for current year,Distributions to attentive supported org divided by Distributable amount,SCHED-A-PART-05-SECTION-D-LINE-10-CY,PZ,numeric,
SA_05_DIST_ALLOC_ADJ_DA,SA_05_DIST_ALLOC_ADJ_DA,SA-P05-T00-SUPPORT-ORGS,Distributable amount for current year,Distributable amount for current year (from Section C; line 6),SCHED-A-PART-05-SECTION-E-LINE-01-COL-iii,PZ,numeric,
SA_05_DIST_ALLOC_UNDERDIST_UD,SA_05_DIST_ALLOC_UNDERDIST_UD,SA-P05-T00-SUPPORT-ORGS,Underdistributions for years prior to current year,Underdistributions for years prior to current year,SCHED-A-PART-05-SECTION-E-LINE-02-COL-ii,PZ,numeric,
SA_05_DIST_ALLOC_EXCESS_CY_M2,SA_05_DIST_ALLOC_EXCESS_CY_M2,SA-P05-T00-SUPPORT-ORGS,Excess distributions carryover for two years prior,Excess distributions carryover - year 2,SCHED-A-PART-05-SECTION-E-LINE-03D,PZ,numeric,
SA_05_DIST_ALLOC_EXCESS_CY_M3,SA_05_DIST_ALLOC_EXCESS_CY_M3,SA-P05-T00-SUPPORT-ORGS,Excess distributions carryover for two years prior,Excess distributions carryover - year 2,SCHED-A-PART-05-SECTION-E-LINE-03D,PZ,numeric,
SA_05_DIST_ALLOC_EXCESS_CY_M4,SA_05_DIST_ALLOC_EXCESS_CY_M4,SA-P05-T00-SUPPORT-ORGS,Excess distributions carryover for two years prior,Excess distributions carryover - year 2,SCHED-A-PART-05-SECTION-E-LINE-03D,PZ,numeric,
SA_05_DIST_ALLOC_EXCESS_CY_M5,SA_05_DIST_ALLOC_EXCESS_CY_M5,SA-P05-T00-SUPPORT-ORGS,Excess distributions carryover for two years prior,Excess distributions carryover - year 2,SCHED-A-PART-05-SECTION-E-LINE-03D,PZ,numeric,
SA_05_DIST_ALLOC_EXCESS_CY_M1,SA_05_DIST_ALLOC_EXCESS_CY_M1,SA-P05-T00-SUPPORT-ORGS,Excess distributions carryover for one year prior,Excess distributions carryover - year 1,SCHED-A-PART-05-SECTION-E-LINE-03E,PZ,numeric,
SA_05_DIST_ALLOC_EXCESS_TOT_ED,SA_05_DIST_ALLOC_EXCESS_TOT_ED,SA-P05-T00-SUPPORT-ORGS,Total excess distributions carryover,Excess distributions carryover amount,SCHED-A-PART-05-SECTION-E-LINE-03F-COL-i,PZ,numeric,
SA_05_DIST_ALLOC_EXCESS_APPLY_UD,SA_05_DIST_ALLOC_EXCESS_APPLY_UD,SA-P05-T00-SUPPORT-ORGS,Carryover applied to underdistributions of prior years,Carryover applied to underdistributions of prior years,SCHED-A-PART-05-SECTION-E-LINE-03G-COL-ii,PZ,numeric,
SA_05_DIST_ALLOC_EXCESS_APPLY_DA,SA_05_DIST_ALLOC_EXCESS_APPLY_DA,SA-P05-T00-SUPPORT-ORGS,Carryover applied to current year distributable amount,Carryover applied to current year  distributable amount,SCHED-A-PART-05-SECTION-E-LINE-03H-COL-iii,PZ,numeric,
SA_05_DIST_ALLOC_EXCESS_REMAIN,SA_05_DIST_ALLOC_EXCESS_REMAIN,SA-P05-T00-SUPPORT-ORGS,Excess distributions remainder,Excess distributions carryover amount,SCHED-A-PART-05-SECTION-E-LINE-03J-COL-i,PZ,numeric,
SA_05_DIST_ALLOC_DIST_TOT,SA_05_DIST_ALLOC_DIST_TOT,SA-P05-T00-SUPPORT-ORGS,Distributions for current year,Total annual distributions from current year (from Section D; line 7),SCHED-A-PART-05-SECTION-E-LINE-04,PZ,numeric,
SA_05_DIST_ALLOC_DIST_APPLY_UD,SA_05_DIST_ALLOC_DIST_APPLY_UD,SA-P05-T00-SUPPORT-ORGS,Distributions for current year applied to underdistributions of prior years,Current year distributions applied to underdistributions of prior years,SCHED-A-PART-05-SECTION-E-LINE-04A-COL-ii,PZ,numeric,
SA_05_DIST_ALLOC_DIST_APPLY_DA,SA_05_DIST_ALLOC_DIST_APPLY_DA,SA-P05-T00-SUPPORT-ORGS,Distributions for current year applied to distributable amount for current year,Current year distributions applied to distributable amount,SCHED-A-PART-05-SECTION-E-LINE-04B-COL-iii,PZ,numeric,
SA_05_DIST_ALLOC_DIST_REMAIN,SA_05_DIST_ALLOC_DIST_REMAIN,SA-P05-T00-SUPPORT-ORGS,Total annual distributions minus distributions for current year applied to underdistributions of prior years minus distributions for current year applied to distributable amount for current year,Excess distributions current year amount,SCHED-A-PART-05-SECTION-E-LINE-04C-COL-i,PZ,numeric,
SA_05_DIST_ALLOC_REMAINING_UD,SA_05_DIST_ALLOC_REMAINING_UD,SA-P05-T00-SUPPORT-ORGS,Remaining underdistributions for years prior to current year,Remaining underdistributions - prior years,SCHED-A-PART-05-SECTION-E-LINE-05-COL-ii,PZ,numeric,
SA_05_DIST_ALLOC_REMAINING_DA,SA_05_DIST_ALLOC_REMAINING_DA,SA-P05-T00-SUPPORT-ORGS,Remaining distributions for current year,Remaining underdistributions - current years,SCHED-A-PART-05-SECTION-E-LINE-06-COL-iii,PZ,numeric,
SA_05_DIST_ALLOC_EXCESS_NY_TOT,SA_05_DIST_ALLOC_EXCESS_NY_TOT,SA-P05-T00-SUPPORT-ORGS,Excess distributions carryover to next year,Excess distribution carryover to next year,SCHED-A-PART-05-SECTION-E-LINE-07-COL-i,PZ,numeric,
SA_05_DIST_ALLOC_EXCESS_NY_M3,SA_05_DIST_ALLOC_EXCESS_NY_M3,SA-P05-T00-SUPPORT-ORGS,Excess distributions carryover to next year from two years prior,Excess from year 3,SCHED-A-PART-05-SECTION-E-LINE-08C,PZ,numeric,
SA_05_DIST_ALLOC_EXCESS_NY_M4,SA_05_DIST_ALLOC_EXCESS_NY_M4,SA-P05-T00-SUPPORT-ORGS,Excess distributions carryover to next year from two years prior,Excess from year 3,SCHED-A-PART-05-SECTION-E-LINE-08C,PZ,numeric,
SA_05_DIST_ALLOC_EXCESS_NY_M5,SA_05_DIST_ALLOC_EXCESS_NY_M5,SA-P05-T00-SUPPORT-ORGS,Excess distributions carryover to next year from two years prior,Excess from year 3,SCHED-A-PART-05-SECTION-E-LINE-08C,PZ,numeric,
SA_05_DIST_ALLOC_EXCESS_NY_M2,SA_05_DIST_ALLOC_EXCESS_NY_M2,SA-P05-T00-SUPPORT-ORGS,Excess distributions carryover to next year from one year prior,Excess from year 2,SCHED-A-PART-05-SECTION-E-LINE-08D,PZ,numeric,
SA_05_DIST_ALLOC_EXCESS_NY_M1,SA_05_DIST_ALLOC_EXCESS_NY_M1,SA-P05-T00-SUPPORT-ORGS,Excess distributions carryover to next year from current year,Excess from year 1,SCHED-A-PART-05-SECTION-E-LINE-08E,PZ,numeric,
SA_06_EXPLANATION_TEXT,SA_06_EXPLANATION_TEXT,SA-P06-T99-SUPPLEMENTAL-INFO,Additional explanations,Form; part and line number reference explanation,SCHED-A-PART-06,PZ,text,
SA_06_FORM_LINE_REFERENCE,SA_06_FORM_LINE_REFERENCE,SA-P06-T99-SUPPLEMENTAL-INFO,"Form, part, and line number reference",Form; part and line number reference,SCHED-A-PART-06,PZ,text,
SB_01_CONTRIBUTOR_ADDR_CITY,SB_01_CONTRIBUTOR_ADDR_CITY,SB-P01-T01-CONTRIBUTORS,,,SCHED-B-PART-01,PZ,text,
SB_01_CONTRIBUTOR_ADDR_L1,SB_01_CONTRIBUTOR_ADDR_L1,SB-P01-T01-CONTRIBUTORS,,,SCHED-B-PART-01,PZ,text,
SB_01_CONTRIBUTOR_ADDR_L2,SB_01_CONTRIBUTOR_ADDR_L2,SB-P01-T01-CONTRIBUTORS,,,SCHED-B-PART-01,PZ,text,
SB_01_CONTRIBUTOR_ADDR_STATE,SB_01_CONTRIBUTOR_ADDR_STATE,SB-P01-T01-CONTRIBUTORS,,,SCHED-B-PART-01,PZ,text,
SB_01_CONTRIBUTOR_ADDR_ZIP,SB_01_CONTRIBUTOR_ADDR_ZIP,SB-P01-T01-CONTRIBUTORS,,,SCHED-B-PART-01,PZ,text,
SB_01_CONTRIBUTOR_AMOUNT,SB_01_CONTRIBUTOR_AMOUNT,SB-P01-T01-CONTRIBUTORS,,,SCHED-B-PART-01,PZ,numeric,
SB_01_CONTRIBUTOR_NAME_L1,SB_01_CONTRIBUTOR_NAME_L1,SB-P01-T01-CONTRIBUTORS,,,SCHED-B-PART-01,PZ,text,
SB_01_CONTRIBUTOR_NUM,SB_01_CONTRIBUTOR_NUM,SB-P01-T01-CONTRIBUTORS,Contributor number,"Schedule B Part I, column (a): contributor number",SCHED-B-PART-01,PZ,numeric,
SC_01_POLI_EXP,SC_01_POLI_EXP,SC-P01-T00-LOBBY,Political campaign activity expenditures,Political expenditures,SCHED-C-PART-01-A-LINE-02,PZ,numeric,
SC_01_POLI_VOL_HOURS,SC_01_POLI_VOL_HOURS,SC-P01-T00-LOBBY,Volunteer hours for political campaign activities,Volunteer hours,SCHED-C-PART-01-A-LINE-03,PZ,numeric,
SC_01_AMT_EXCISE_TAX_4955_ORG,SC_01_AMT_EXCISE_TAX_4955_ORG,SC-P01-T00-LOBBY,Excise tax incurred by the organization,Enter the amount of any excise tax incurred under section 4955,SCHED-C-PART-01-B-LINE-01,PZ,numeric,
SC_01_AMT_EXCISE_TAX_4955_MGR,SC_01_AMT_EXCISE_TAX_4955_MGR,SC-P01-T00-LOBBY,Excise tax incurred by organization managers,Enter the amount of any excise tax incurred by organization managers under section 4955,SCHED-C-PART-01-B-LINE-02,PZ,numeric,
SC_01_4955_FORM4720_FILED_X,SC_01_4955_FORM4720_FILED_X,SC-P01-T00-LOBBY,Filed Form 4720 [x],If the filing organization incurred in a section 4955 tax; did it file Form 4720 for this year?,SCHED-C-PART-01-B-LINE-03,PZ,checkbox,
SC_01_4955_FORM4720_CORRECTED_X,SC_01_4955_FORM4720_CORRECTED_X,SC-P01-T00-LOBBY,Made a correction [x],Was a correction made?,SCHED-C-PART-01-B-LINE-04A,PZ,checkbox,
SC_01_ORG_AMT_EXPENDED_527_ACT,SC_01_ORG_AMT_EXPENDED_527_ACT,SC-P01-T00-LOBBY,Amount directly expended for section 527 exempt function activities,Enter the amount directly expended by the filing organization for section 527 exempt function activities,SCHED-C-PART-01-C-LINE-01,PZ,numeric,
SC_01_ORG_AMT_FUND_CONTR_527_ACT,SC_01_ORG_AMT_FUND_CONTR_527_ACT,SC-P01-T00-LOBBY,Amount contributed to other organizations for section 527 exempt function activities,Enter the amount of the filing organization's own internal funds contributed to other organizations for section 527 exempt function activities,SCHED-C-PART-01-C-LINE-02,PZ,numeric,
SC_01_ORG_TOT_EXEMPT_FUNC_EXP,SC_01_ORG_TOT_EXEMPT_FUNC_EXP,SC-P01-T00-LOBBY,Total exempt function expenditures,Total of direct and indirect exempt function expenditures. Add lines 1 and 2,SCHED-C-PART-01-C-LINE-03,PZ,numeric,
SC_01_ORG_FORM1120_FILED_X,SC_01_ORG_FORM1120_FILED_X,SC-P01-T00-LOBBY,Filed Form 1120-POL [x],Did the filing organization file Form 1120-POL for this year?,SCHED-C-PART-01-C-LINE-04,PZ,checkbox,
SC_01_POLI_ORG_NAME_L1,SC_01_POLI_ORG_NAME_L1,SC-P01-T01-POLITICAL-ORGS-INFO,Political organization name line 1,Sec527 Pol Orgs - BusinessNameLine1,SCHED-C-PART-01-C-LINE-05-COL-A,PZ,text,
SC_01_POLI_ORG_NAME_L2,SC_01_POLI_ORG_NAME_L2,SC-P01-T01-POLITICAL-ORGS-INFO,Political organization name line 2,Sec527 Pol Orgs - BusinessNameLine2,SCHED-C-PART-01-C-LINE-05-COL-A,PZ,text,
SC_01_POLI_ORG_ADDR_CITY,SC_01_POLI_ORG_ADDR_CITY,SC-P01-T01-POLITICAL-ORGS-INFO,Political organization city,Sec527 Pol Orgs-Address Foreign - City,SCHED-C-PART-01-C-LINE-05-COL-B,PZ,text,
SC_01_POLI_ORG_ADDR_CNTR,SC_01_POLI_ORG_ADDR_CNTR,SC-P01-T01-POLITICAL-ORGS-INFO,Political organization country,Sec527 Pol Orgs-Address Foreign - Country,SCHED-C-PART-01-C-LINE-05-COL-B,PZ,text,
SC_01_POLI_ORG_ADDR_L1,SC_01_POLI_ORG_ADDR_L1,SC-P01-T01-POLITICAL-ORGS-INFO,Political organization street address line 1,Sec527 Pol Orgs-Address Foreign - AddressLine1,SCHED-C-PART-01-C-LINE-05-COL-B,PZ,text,
SC_01_POLI_ORG_ADDR_L2,SC_01_POLI_ORG_ADDR_L2,SC-P01-T01-POLITICAL-ORGS-INFO,Political organization street address line 2,Sec527 Pol Orgs-Address Foreign - AddressLine2,SCHED-C-PART-01-C-LINE-05-COL-B,PZ,text,
SC_01_POLI_ORG_ADDR_STATE,SC_01_POLI_ORG_ADDR_STATE,SC-P01-T01-POLITICAL-ORGS-INFO,Political organization state,Sec527 Pol Orgs-Address Foreign - Province or state,SCHED-C-PART-01-C-LINE-05-COL-B,PZ,text,
SC_01_POLI_ORG_ADDR_ZIP,SC_01_POLI_ORG_ADDR_ZIP,SC-P01-T01-POLITICAL-ORGS-INFO,Political organization zip,Sec527 Pol Orgs-Address Foreign - Postal code,SCHED-C-PART-01-C-LINE-05-COL-B,PZ,text,
SC_01_POLI_ORG_EIN,SC_01_POLI_ORG_EIN,SC-P01-T01-POLITICAL-ORGS-INFO,Political organization EIN,Sec527 Pol Orgs - EIN,SCHED-C-PART-01-C-LINE-05-COL-C,PZ,text,
SC_01_POLI_ORG_AMT_CONTR_REC,SC_01_POLI_ORG_AMT_CONTR_REC,SC-P01-T01-POLITICAL-ORGS-INFO,Amount of political contributions received,Sec527 Pol Orgs-Amount of contributions received and delivered,SCHED-C-PART-01-C-LINE-05-COL-D,PZ,numeric,
SC_01_POLI_ORG_AMT_FUND_PAID,SC_01_POLI_ORG_AMT_FUND_PAID,SC-P01-T01-POLITICAL-ORGS-INFO,Amount paid from filing org's funds,Sec527 Pol Orgs-Amount paid from filing organization funds,SCHED-C-PART-01-C-LINE-05-COL-D,PZ,numeric,
SC_02_EXP_GRASS_LOB_FILEORG,SC_02_EXP_GRASS_LOB_FILEORG,SC-P02-T00-LOBBY,Total grassroots lobbying expenditures - filing org's totals,Total Grassroots Lobbying Expenditures - Filing Organization's Totals,SCHED-C-PART-02-A-LINE-01A-COL-A,PZ,numeric,
SC_02_EXP_GRASS_LOB_AFFGROUP,SC_02_EXP_GRASS_LOB_AFFGROUP,SC-P02-T00-LOBBY,Total grassroots lobbying expenditures - affiliated group totals,Total Grassroots Lobbying Expenditures - Affiliated Group Totals,SCHED-C-PART-02-A-LINE-01A-COL-B,PZ,numeric,
SC_02_EXP_DIRECT_LOB_FILEORG,SC_02_EXP_DIRECT_LOB_FILEORG,SC-P02-T00-LOBBY,Total direct lobbying expenditures - filing org's totals,Total Direct Lobbying Expenditures - Filing Organization's Totals,SCHED-C-PART-02-A-LINE-01B-COL-A,PZ,numeric,
SC_02_EXP_DIRECT_LOB_AFFGROUP,SC_02_EXP_DIRECT_LOB_AFFGROUP,SC-P02-T00-LOBBY,Total direct lobbying expenditures - affiliated group totals,Total Direct Lobbying Expenditures - Affiliated Group Totals,SCHED-C-PART-02-A-LINE-01B-COL-B,PZ,numeric,
SC_02_EXP_TOT_LOB_FILEORG,SC_02_EXP_TOT_LOB_FILEORG,SC-P02-T00-LOBBY,Total lobbying expenditures - filing org's totals,Total lobbying expenditures - Filing organization's totals,SCHED-C-PART-02-A-LINE-01C-COL-A,PZ,numeric,
SC_02_EXP_TOT_LOB_AFFGROUP,SC_02_EXP_TOT_LOB_AFFGROUP,SC-P02-T00-LOBBY,Total lobbying expenditures - affiliated group totals,Total lobbying expenditures - Affiliated group totals,SCHED-C-PART-02-A-LINE-01C-COL-B,PZ,numeric,
SC_02_EXP_OTH_EXEMPT_FILEORG,SC_02_EXP_OTH_EXEMPT_FILEORG,SC-P02-T00-LOBBY,Other exempt purpose expenditures - filing org's totals,Other exempt purpose expenditures - Filing Organization's Totals,SCHED-C-PART-02-A-LINE-01D-COL-A,PZ,numeric,
SC_02_EXP_OTH_EXEMPT_AFFGROUP,SC_02_EXP_OTH_EXEMPT_AFFGROUP,SC-P02-T00-LOBBY,Other exempt purpose expenditures - affiliated group totals,Other exempt purpose expenditures - Affiliated Group Totals,SCHED-C-PART-02-A-LINE-01D-COL-B,PZ,numeric,
SC_02_EXP_TOT_EXEMPT_FILEORG,SC_02_EXP_TOT_EXEMPT_FILEORG,SC-P02-T00-LOBBY,Total exempt purpose expenditures - filing org's totals,Total exempt purpose expenditures - Filing organization's totals,SCHED-C-PART-02-A-LINE-01E-COL-A,PZ,numeric,
SC_02_EXP_TOT_EXEMPT_AFFGROUP,SC_02_EXP_TOT_EXEMPT_AFFGROUP,SC-P02-T00-LOBBY,Total exempt purpose expenditures - affiliated group totals,Total exempt purpose expenditures - Affiliated group totals,SCHED-C-PART-02-A-LINE-01E-COL-B,PZ,numeric,
SC_02_EXP_LOB_NONTAX_FILEORG,SC_02_EXP_LOB_NONTAX_FILEORG,SC-P02-T00-LOBBY,Lobbying nontaxable amount - filing org's totals,Lobbying Nontaxable Amount - Filing Organization's Totals,SCHED-C-PART-02-A-LINE-01F-COL-A,PZ,numeric,
SC_02_EXP_LOB_NONTAX_AFFGROUP,SC_02_EXP_LOB_NONTAX_AFFGROUP,SC-P02-T00-LOBBY,Lobbying nontaxable amount - affiliated group totals,Lobbying Nontaxable Amount - Affiliated Group Totals,SCHED-C-PART-02-A-LINE-01F-COL-B,PZ,numeric,
SC_02_EXP_GRASS_NONTAX_FILEORG,SC_02_EXP_GRASS_NONTAX_FILEORG,SC-P02-T00-LOBBY,Grassroots nontaxable amount - filing org's totals,Grassroots Nontaxable Amount - Filing Organization's Totals,SCHED-C-PART-02-A-LINE-01G-COL-A,PZ,numeric,
SC_02_EXP_GRASS_NONTAX_AFFGROUP,SC_02_EXP_GRASS_NONTAX_AFFGROUP,SC-P02-T00-LOBBY,Grassroots nontaxable amount - affiliated group totals,Grassroots Nontaxable Amount - Affiliated Group Totals,SCHED-C-PART-02-A-LINE-01G-COL-B,PZ,numeric,
SC_02_EXP_GRASS_M_NONTAX_FILEORG,SC_02_EXP_GRASS_M_NONTAX_FILEORG,SC-P02-T00-LOBBY,Total grassroots lobbying expenditures minus grassroots nontaxable amount - filing org's totals,Total Grassroot Lobbying Minus Nontaxable - Filing Organization's Totals,SCHED-C-PART-02-A-LINE-01H-COL-A,PZ,numeric,
SC_02_EXP_GRASS_M_NONTAX_AFFGROU,SC_02_EXP_GRASS_M_NONTAX_AFFGROU,SC-P02-T00-LOBBY,Total grassroots lobbying expenditures minus grassroots nontaxable amount - affiliated group totals,Total Grassroot Lobbying Minus Nontaxable - Affiliated Group Totals,SCHED-C-PART-02-A-LINE-01H-COL-B,PZ,numeric,
SC_02_EXP_LOB_M_NONTAX_FILEORG,SC_02_EXP_LOB_M_NONTAX_FILEORG,SC-P02-T00-LOBBY,Total lobbying expenditures minus lobbying nontaxable amount - filing org's totals,Total Lobbying Minus Nontaxable - Filing Organization's Totals,SCHED-C-PART-02-A-LINE-01I-COL-A,PZ,numeric,
SC_02_EXP_LOB_M_NONTAX_AFFGROUP,SC_02_EXP_LOB_M_NONTAX_AFFGROUP,SC-P02-T00-LOBBY,Total lobbying expenditures minus lobbying nontaxable amount - affiliated group totals,Total Lobbying Minus Nontaxable - Affiliated Group Totals,SCHED-C-PART-02-A-LINE-01I-COL-B,PZ,numeric,
SC_02_4911TAX_FORM4720_FILED_X,SC_02_4911TAX_FORM4720_FILED_X,SC-P02-T00-LOBBY,Filed Form 4720 [x],If there is an amount other than zero on either line h or line i; did the organization file Form 4720 reporting section 4911 tax for this year?,SCHED-C-PART-02-A-LINE-01J,PZ,checkbox,
SC_02_AVE_EXP_LOB_NONTAX_CY_M3,SC_02_AVE_EXP_LOB_NONTAX_CY_M3,SC-P02-T00-LOBBY,Lobbying nontaxable amount - current year minus three,Lobbying Nontaxable Amount2 - Current year minus 3,SCHED-C-PART-02-A-LINE-02A-COL-A,PZ,numeric,
SC_02_AVE_EXP_LOB_NONTAX_CY_M2,SC_02_AVE_EXP_LOB_NONTAX_CY_M2,SC-P02-T00-LOBBY,Lobbying nontaxable amount - current year minus two,Lobbying Nontaxable Amount2 - Current year minus 2,SCHED-C-PART-02-A-LINE-02A-COL-B,PZ,numeric,
SC_02_AVE_EXP_LOB_NONTAX_CY_M1,SC_02_AVE_EXP_LOB_NONTAX_CY_M1,SC-P02-T00-LOBBY,Lobbying nontaxable amount - current year minus one,Lobbying Nontaxable Amount2 - Current year minus 1,SCHED-C-PART-02-A-LINE-02A-COL-C,PZ,numeric,
SC_02_AVE_EXP_LOB_NONTAX_CY,SC_02_AVE_EXP_LOB_NONTAX_CY,SC-P02-T00-LOBBY,Lobbying nontaxable amount - current year,Lobbying Nontaxable Amount2 - Current year,SCHED-C-PART-02-A-LINE-02A-COL-D,PZ,numeric,
SC_02_AVE_EXP_LOB_NONTAX_TOT,SC_02_AVE_EXP_LOB_NONTAX_TOT,SC-P02-T00-LOBBY,Lobbying nontaxable amount - total,Lobbying Nontaxable Amount2 - Total,SCHED-C-PART-02-A-LINE-02A-COL-E,PZ,numeric,
SC_02_AVE_EXP_LOB_CEILING_TOT,SC_02_AVE_EXP_LOB_CEILING_TOT,SC-P02-T00-LOBBY,Lobbying ceiling amount - total,Lobbying ceiling amount (150% of line 2a(e)),SCHED-C-PART-02-A-LINE-02B-COL-E,PZ,numeric,
SC_02_AVE_EXP_TOT_LOB_CY_M3,SC_02_AVE_EXP_TOT_LOB_CY_M3,SC-P02-T00-LOBBY,Total lobbying expenditures - current year minus three,Total Lobbying Expenditures2 - Current year minus 3,SCHED-C-PART-02-A-LINE-02C-COL-A,PZ,numeric,
SC_02_AVE_EXP_TOT_LOB_CY_M2,SC_02_AVE_EXP_TOT_LOB_CY_M2,SC-P02-T00-LOBBY,Total lobbying expenditures - current year minus two,Total Lobbying Expenditures2 - Current year minus 2,SCHED-C-PART-02-A-LINE-02C-COL-B,PZ,numeric,
SC_02_AVE_EXP_TOT_LOB_CY_M1,SC_02_AVE_EXP_TOT_LOB_CY_M1,SC-P02-T00-LOBBY,Total lobbying expenditures - current year minus one,Total Lobbying Expenditures2 - Current year minus 1,SCHED-C-PART-02-A-LINE-02C-COL-C,PZ,numeric,
SC_02_AVE_EXP_TOT_LOB_CY,SC_02_AVE_EXP_TOT_LOB_CY,SC-P02-T00-LOBBY,Total lobbying expenditures - current year,Total Lobbying Expenditures2 - Current year,SCHED-C-PART-02-A-LINE-02C-COL-D,PZ,numeric,
SC_02_AVE_EXP_TOT_LOB_TOT,SC_02_AVE_EXP_TOT_LOB_TOT,SC-P02-T00-LOBBY,Total lobbying expenditures - total,Total Lobbying Expenditures2 - Total,SCHED-C-PART-02-A-LINE-02C-COL-E,PZ,numeric,
SC_02_AVE_EXP_GRASS_NONTAX_CY_M3,SC_02_AVE_EXP_GRASS_NONTAX_CY_M3,SC-P02-T00-LOBBY,Grassroots nontaxable amount - current year minus three,Grassroots Nontaxable Amount2 - Current year minus 3,SCHED-C-PART-02-A-LINE-02D-COL-A,PZ,numeric,
SC_02_AVE_EXP_GRASS_NONTAX_CY_M2,SC_02_AVE_EXP_GRASS_NONTAX_CY_M2,SC-P02-T00-LOBBY,Grassroots nontaxable amount - current year minus two,Grassroots Nontaxable Amount2 - Current year minus 2,SCHED-C-PART-02-A-LINE-02D-COL-B,PZ,numeric,
SC_02_AVE_EXP_GRASS_NONTAX_CY_M1,SC_02_AVE_EXP_GRASS_NONTAX_CY_M1,SC-P02-T00-LOBBY,Grassroots nontaxable amount - current year minus one,Grassroots Nontaxable Amount2 - Current year minus 1,SCHED-C-PART-02-A-LINE-02D-COL-C,PZ,numeric,
SC_02_AVE_EXP_GRASS_NONTAX_CY,SC_02_AVE_EXP_GRASS_NONTAX_CY,SC-P02-T00-LOBBY,Grassroots nontaxable amount - current year,Grassroots Nontaxable Amount2 - Current year,SCHED-C-PART-02-A-LINE-02D-COL-D,PZ,numeric,
SC_02_AVE_EXP_GRASS_NONTAX_TOT,SC_02_AVE_EXP_GRASS_NONTAX_TOT,SC-P02-T00-LOBBY,Grassroots nontaxable amount - total,Grassroots Nontaxable Amount2 - Total,SCHED-C-PART-02-A-LINE-02D-COL-E,PZ,numeric,
SC_02_AVE_EXP_GRASS_CEILING_TOT,SC_02_AVE_EXP_GRASS_CEILING_TOT,SC-P02-T00-LOBBY,Grassroots ceiling amount - total,Grassroots ceiling amount (150% of line 2d(e)),SCHED-C-PART-02-A-LINE-02E-COL-E,PZ,numeric,
SC_02_AVE_EXP_GRASS_LOB_CY_M3,SC_02_AVE_EXP_GRASS_LOB_CY_M3,SC-P02-T00-LOBBY,Grassroots lobbying expenditures - current year minus three,Grassroots Lobbying Expenditures - Current year minus 3,SCHED-C-PART-02-A-LINE-02F-COL-A,PZ,numeric,
SC_02_AVE_EXP_GRASS_LOB_CY_M2,SC_02_AVE_EXP_GRASS_LOB_CY_M2,SC-P02-T00-LOBBY,Grassroots lobbying expenditures - current year minus two,Grassroots Lobbying Expenditures - Current year minus 2,SCHED-C-PART-02-A-LINE-02F-COL-B,PZ,numeric,
SC_02_AVE_EXP_GRASS_LOB_CY_M1,SC_02_AVE_EXP_GRASS_LOB_CY_M1,SC-P02-T00-LOBBY,Grassroots lobbying expenditures - current year minus one,Grassroots Lobbying Expenditures - Current year minus 1,SCHED-C-PART-02-A-LINE-02F-COL-C,PZ,numeric,
SC_02_AVE_EXP_GRASS_LOB_CY,SC_02_AVE_EXP_GRASS_LOB_CY,SC-P02-T00-LOBBY,Grassroots lobbying expenditures - current year,Grassroots Lobbying Expenditures - Current year,SCHED-C-PART-02-A-LINE-02F-COL-D,PZ,numeric,
SC_02_AVE_EXP_GRASS_LOB_TOT,SC_02_AVE_EXP_GRASS_LOB_TOT,SC-P02-T00-LOBBY,Grassroots lobbying expenditures - total,Grassroots Lobbying Expenditures - Total,SCHED-C-PART-02-A-LINE-02F-COL-E,PZ,numeric,
SC_02_ORG_BELONG_AFFGROUP_X,SC_02_ORG_BELONG_AFFGROUP_X,SC-P02-T00-LOBBY,Belongs to an affiliated group [x],Check if the organization belongs to an affiliated group,SCHED-C-PART-02-A-LINE-A,PZ,checkbox,
SC_02_ORG_LIMIT_CTRL_PROV_X,SC_02_ORG_LIMIT_CTRL_PROV_X,SC-P02-T00-LOBBY,Limited control provisions apply [x],"Check if ""A"" is checked and ""limited control"" provisions apply",SCHED-C-PART-02-A-LINE-B,PZ,checkbox,
SC_02_LOB_ACT_VOL_X,SC_02_LOB_ACT_VOL_X,SC-P02-T00-LOBBY,Lobbied through volunteers [x],IRS990 Schedule C - Volunteers?,SCHED-C-PART-02-B-LINE-01A-COL-A,PZ,checkbox,
SC_02_LOB_ACT_PAID_STAFF_X,SC_02_LOB_ACT_PAID_STAFF_X,SC-P02-T00-LOBBY,Lobbied through paid staff or management [x],Paid staff or management (include compensation in expenses reported on Line c through i),SCHED-C-PART-02-B-LINE-01B-COL-A,PZ,checkbox,
SC_02_LOB_ACT_PAID_STAFF_AMT,SC_02_LOB_ACT_PAID_STAFF_AMT,SC-P02-T00-LOBBY,Amount of lobbying through paid staff or management,Paid staff or management (include compensation in expenses reported on Line c through i)(Amount),SCHED-C-PART-02-B-LINE-01B-COL-B,PZ,numeric,
SC_02_LOB_ACT_MEDIA_AD_X,SC_02_LOB_ACT_MEDIA_AD_X,SC-P02-T00-LOBBY,Lobbied through media advertisements [x],Media advertisements?,SCHED-C-PART-02-B-LINE-01C-COL-A,PZ,checkbox,
SC_02_LOB_ACT_MEDIA_AD_AMT,SC_02_LOB_ACT_MEDIA_AD_AMT,SC-P02-T00-LOBBY,Amount of lobbying through media advertisements,Media advertisements amount (only for section 501(c)(3)),SCHED-C-PART-02-B-LINE-01C-COL-B,PZ,numeric,
SC_02_LOB_ACT_MAIL_MEMB_X,SC_02_LOB_ACT_MAIL_MEMB_X,SC-P02-T00-LOBBY,"Lobbied through mailings to members, legislators, or the public [x]",Mailings to members; legislators; or to the public?,SCHED-C-PART-02-B-LINE-01D-COL-A,PZ,checkbox,
SC_02_LOB_ACT_MAIL_MEMB_AMT,SC_02_LOB_ACT_MAIL_MEMB_AMT,SC-P02-T00-LOBBY,"Amount of lobbying through mailings to members, legislators, or the public",Mailings to members; legislators; or to the public?(Amount),SCHED-C-PART-02-B-LINE-01D-COL-B,PZ,numeric,
SC_02_LOB_ACT_PUBLICA_BCAST_X,SC_02_LOB_ACT_PUBLICA_BCAST_X,SC-P02-T00-LOBBY,Lobbied through publications or published or broadcast statements [x],Publications; or published or broadcast statements?,SCHED-C-PART-02-B-LINE-01E-COL-A,PZ,checkbox,
SC_02_LOB_ACT_PUBLICA_BCAST_AMT,SC_02_LOB_ACT_PUBLICA_BCAST_AMT,SC-P02-T00-LOBBY,Amount of lobbying through publications or published or broadcast statements,Publications; or published or broadcast statements (only for section 501(c)(3))(Amount),SCHED-C-PART-02-B-LINE-01E-COL-B,PZ,numeric,
SC_02_LOB_ACT_GRANT_OTH_ORG_X,SC_02_LOB_ACT_GRANT_OTH_ORG_X,SC-P02-T00-LOBBY,Lobbied through grants to other organizations for lobbying purposes [x],Grants to other organizations for lobbying purposes?,SCHED-C-PART-02-B-LINE-01F-COL-A,PZ,checkbox,
SC_02_LOB_ACT_GRANT_OTH_ORG_AMT,SC_02_LOB_ACT_GRANT_OTH_ORG_AMT,SC-P02-T00-LOBBY,Amount of lobbying through grants to other organizations for lobbying purposes,Grants to other organizations for lobbying purposes (only for section 501(c)(3))(Amount),SCHED-C-PART-02-B-LINE-01F-COL-B,PZ,numeric,
SC_02_LOB_ACT_CONTACT_LEGIS_X,SC_02_LOB_ACT_CONTACT_LEGIS_X,SC-P02-T00-LOBBY,"Lobbied through direct contact with legislators, their staffs, government officials, or a legislative body [x]",Direct contact with legislators; their staffs; government officials; or a legislative body?,SCHED-C-PART-02-B-LINE-01G-COL-A,PZ,checkbox,
SC_02_LOB_ACT_CONTACT_LEGIS_AMT,SC_02_LOB_ACT_CONTACT_LEGIS_AMT,SC-P02-T00-LOBBY,"Amount of lobbying through direct contact with legislators, their staffs, government officials, or a legislative body",Direct contact with legislators; their staffs; government officials; or a legislative body (only for section 501(c)(3))(Amount),SCHED-C-PART-02-B-LINE-01G-COL-B,PZ,numeric,
SC_02_LOB_ACT_RALLIES_X,SC_02_LOB_ACT_RALLIES_X,SC-P02-T00-LOBBY,"Lobbied through rallies, demonstrations, seminars, conventions, speeches, lectures, or any similar means [x]",Rallies; demonstrations; seminars; conventions; speeches; lectures; or any other means?,SCHED-C-PART-02-B-LINE-01H-COL-A,PZ,checkbox,
SC_02_LOB_ACT_RALLIES_AMT,SC_02_LOB_ACT_RALLIES_AMT,SC-P02-T00-LOBBY,"Amount of lobbying through rallies, demonstrations, seminars, conventions, speeches, lectures, or any similar means",Rallies; demonstrations; seminars; conventions; speeches; lectures; or any other means (only for section 501(c)(3))(Amount),SCHED-C-PART-02-B-LINE-01H-COL-B,PZ,numeric,
SC_02_LOB_ACT_OTH_ACT_X,SC_02_LOB_ACT_OTH_ACT_X,SC-P02-T00-LOBBY,Lobbied through other activities [x],Other activities?,SCHED-C-PART-02-B-LINE-01I-COL-A,PZ,checkbox,
SC_02_LOB_ACT_OTH_ACT_AMT,SC_02_LOB_ACT_OTH_ACT_AMT,SC-P02-T00-LOBBY,Amount of lobbying through other activities,Other activities amount,SCHED-C-PART-02-B-LINE-01I-COL-B,PZ,numeric,
SC_02_LOB_ACT_TOT_L1C_1I,SC_02_LOB_ACT_TOT_L1C_1I,SC-P02-T00-LOBBY,Total lobbying expenditures,Total Line 1c through 1i (only for section 501(c)(3)),SCHED-C-PART-02-B-LINE-01J-COL-B,PZ,numeric,
SC_02_LOB_ACT_NO_DESC_501C3_X,SC_02_LOB_ACT_NO_DESC_501C3_X,SC-P02-T00-LOBBY,Lobbying activities caused organization to be not described in section 501(c)(3) [x],Did the activities in line 1 cause the organization to be not described in section 501(c)(3)?,SCHED-C-PART-02-B-LINE-02A-COL-A,PZ,checkbox,
SC_02_LOB_ACT_4912TAX_ORG,SC_02_LOB_ACT_4912TAX_ORG,SC-P02-T00-LOBBY,Amount of tax incurred under section 4912,"If ""Yes;"" enter the amount of any tax incurred under section 4912",SCHED-C-PART-02-B-LINE-02B-COL-B,PZ,numeric,
SC_02_LOB_ACT_4912TAX_MGR,SC_02_LOB_ACT_4912TAX_MGR,SC-P02-T00-LOBBY,Amount of tax incurred by organization managers under section 4912,"If ""Yes;"" enter the amount of any tax incurred by organization managers under section 4912",SCHED-C-PART-02-B-LINE-02C-COL-B,PZ,numeric,
SC_02_LOB_ACT_4912_FILE_4720_X,SC_02_LOB_ACT_4912_FILE_4720_X,SC-P02-T00-LOBBY,Filed Form 4720 [x],If the filing organization incurred a section 4912 tax; did it file Form 4720 for this year?,SCHED-C-PART-02-B-LINE-02D-COL-A,PZ,checkbox,
SC_03_DUES_NONDEDUCT_X,SC_03_DUES_NONDEDUCT_X,SC-P03-T00-LOBBY,Substantially all dues received were nondeductible by members [x],Were substantially all (90% or more) dues received nondeductible by members?,SCHED-C-PART-03-A-LINE-01,PZ,checkbox,
SC_03_INHOUSE_LOB_EXP_LT_2K_X,SC_03_INHOUSE_LOB_EXP_LT_2K_X,SC-P03-T00-LOBBY,"Made only in-house lobbying expenditures of $2,000 or less [x]",Did the organization make only in-house lobbying expenditures of $2;000 or less?,SCHED-C-PART-03-A-LINE-02,PZ,checkbox,
SC_03_AGREE_CARRYOVER_LOB_PY_X,SC_03_AGREE_CARRYOVER_LOB_PY_X,SC-P03-T00-LOBBY,Agreed to carry over lobbying and political campaign activity expenditures from prior year [x],Did the organization agree to carryover lobbying and political expenditures from the prior year?,SCHED-C-PART-03-A-LINE-03,PZ,checkbox,
SC_03_AMT_DUE_ASSESS,SC_03_AMT_DUE_ASSESS,SC-P03-T00-LOBBY,"Dues, assessments, and similar amounts from members",Dues; assessments and similar amounts from members,SCHED-C-PART-03-B-LINE-01,PZ,numeric,
SC_03_NONDEDUCT_LOB_CY,SC_03_NONDEDUCT_LOB_CY,SC-P03-T00-LOBBY,Nondeductible lobbying and political expenditures - current year,Nondeductible lobbying and political expenditures - Current year,SCHED-C-PART-03-B-LINE-02A,PZ,numeric,
SC_03_NONDEDUCT_LOB_CARRYOVER,SC_03_NONDEDUCT_LOB_CARRYOVER,SC-P03-T00-LOBBY,Nondeductible lobbying and political expenditures - carryover from last year,Nondeductible lobbying and political expenditures - Carryover from last year,SCHED-C-PART-03-B-LINE-02B,PZ,numeric,
SC_03_NONDEDUCT_LOB_TOT,SC_03_NONDEDUCT_LOB_TOT,SC-P03-T00-LOBBY,Nondeductible lobbying and political expenditures - total,Nondeductible lobbying and political expenditures - Total,SCHED-C-PART-03-B-LINE-02C,PZ,numeric,
SC_03_AMT_AGGREGATE_REPORTED,SC_03_AMT_AGGREGATE_REPORTED,SC-P03-T00-LOBBY,Aggregate amount reported of nondeductible dues,Aggregate amount reported in section 6033(e)(1)(A) notices of nondeductible section 162(e) dues,SCHED-C-PART-03-B-LINE-03,PZ,numeric,
SC_03_AMT_CARRYOVER_NY,SC_03_AMT_CARRYOVER_NY,SC-P03-T00-LOBBY,Portion of the excess the organization agrees to carryover,If notices were sent and the amount on line 2c exceeds the amount on line 3; what portion of that amount does the organization agree to carryover to the reasonable estimate of nondeductible lobbying and political expenditure next year?,SCHED-C-PART-03-B-LINE-04,PZ,numeric,
SC_03_AMT_TAXABLE_LOB,SC_03_AMT_TAXABLE_LOB,SC-P03-T00-LOBBY,Taxable amount of lobbying and political expenditures,Taxable amount of lobbying and political expenditures (line 2c total minus 3 and 4),SCHED-C-PART-03-B-LINE-05,PZ,numeric,
SC_04_EXPLANATION_TEXT,SC_04_EXPLANATION_TEXT,SC-P04-T99-SUPPLEMENTAL-INFO,Additional explanations,Explanation,SCHED-C-PART-04,PZ,text,
SC_04_FORM_LINE_REFERENCE,SC_04_FORM_LINE_REFERENCE,SC-P04-T99-SUPPLEMENTAL-INFO,Form and line reference,Return reference,SCHED-C-PART-04,PZ,text,
SC_04_IDENTIFIER,SC_04_IDENTIFIER,SC-P04-T99-SUPPLEMENTAL-INFO,Identifier,Identifier,SCHED-C-PART-04,PZ,text,
SC_04_RETURN_REFERENCE,SC_04_RETURN_REFERENCE,SC-P04-T99-SUPPLEMENTAL-INFO,Return reference,Return reference,SCHED-C-PART-04,PZ,text,
SD_01_TOT_NUM_EOY_DAF,SD_01_TOT_NUM_EOY_DAF,SD-P01-T00-ORGS-DONOR-ADVISED-FUNDS-OTH,Total number at end of year - donor advised funds,Enter the total number of donor advised funds maintained at the end of the tax year,SCHED-D-PART-01-LINE-01-COL-A,PC,numeric,
SD_01_TOT_NUM_EOY_OTH,SD_01_TOT_NUM_EOY_OTH,SD-P01-T00-ORGS-DONOR-ADVISED-FUNDS-OTH,Total number at end of year - funds and other accounts,Enter the total number of separate accounts for participating donors where donors have the right to provide advice on the use or distribution of funds owned at the end of the tax year,SCHED-D-PART-01-LINE-01-COL-B,PC,numeric,
SD_01_AGGREGATE_CONTR_DAF,SD_01_AGGREGATE_CONTR_DAF,SD-P01-T00-ORGS-DONOR-ADVISED-FUNDS-OTH,Aggregate value of contributions to (during year) - donor advised funds,Contributions; gifts; grants; and similar amounts received: donor advised funds,SCHED-D-PART-01-LINE-02-COL-A,PC,numeric,
SD_01_AGGREGATE_CONTR_OTH,SD_01_AGGREGATE_CONTR_OTH,SD-P01-T00-ORGS-DONOR-ADVISED-FUNDS-OTH,Aggregate value of contributions to (during year) - funds and other accounts,Contributions; gifts; grants; and similar amounts received: funds and other accounts,SCHED-D-PART-01-LINE-02-COL-B,PC,numeric,
SD_01_AGGREGATE_GRANT_DAF,SD_01_AGGREGATE_GRANT_DAF,SD-P01-T00-ORGS-DONOR-ADVISED-FUNDS-OTH,Aggregate value of grants from (during year) - donor advised funds,Grants and allocations from donor advised funds,SCHED-D-PART-01-LINE-03-COL-A,PC,numeric,
SD_01_AGGREGATE_GRANT_OTH,SD_01_AGGREGATE_GRANT_OTH,SD-P01-T00-ORGS-DONOR-ADVISED-FUNDS-OTH,Aggregate value of grants from (during year) - funds and other accounts,Grants from funds and other accounts,SCHED-D-PART-01-LINE-03-COL-B,PC,numeric,
SD_01_AGGREGATE_VALUE_EOY_DAF,SD_01_AGGREGATE_VALUE_EOY_DAF,SD-P01-T00-ORGS-DONOR-ADVISED-FUNDS-OTH,Aggregate value at end of year - donor advised funds,Enter the aggregate value of assets held in all donor advised funds at the end of the tax year,SCHED-D-PART-01-LINE-04-COL-A,PC,numeric,
SD_01_AGGREGATE_VALUE_EOY_OTH,SD_01_AGGREGATE_VALUE_EOY_OTH,SD-P01-T00-ORGS-DONOR-ADVISED-FUNDS-OTH,Aggregate value at end of year - funds and other accounts,Enter the aggregate value of assets held in all funds and other accounts at the end of the tax year,SCHED-D-PART-01-LINE-04-COL-B,PC,numeric,
SD_01_DISCLOSE_LEGAL_CTRL_DAF_X,SD_01_DISCLOSE_LEGAL_CTRL_DAF_X,SD-P01-T00-ORGS-DONOR-ADVISED-FUNDS-OTH,Informed all donors and advisors in writing that DAF assets are org's property [x],Did the organization inform all donors and donor advisors in writing that the assets held in DAFs are the organization's property; subject to the organization's exclusive legal control?,SCHED-D-PART-01-LINE-05,PC,checkbox,
SD_01_DISCLOSE_CHARIT_PURPOSE_X,SD_01_DISCLOSE_CHARIT_PURPOSE_X,SD-P01-T00-ORGS-DONOR-ADVISED-FUNDS-OTH,"Informed all grantees, donors, and advisors in writing that grant funds must be used for charitable purpose [x]",Did the organization inform all grantees; donors; and donor advisors in writing that grant funds may be used only for charitable purposes and not for the benefit of the donor or donor advisor?,SCHED-D-PART-01-LINE-06,PC,checkbox,
SD_02_EMT_HIST_LAND_AREA_X,SD_02_EMT_HIST_LAND_AREA_X,SD-P02-T00-CONSERV-EASEMENTS,Preservation of historically important land area [x],Historic land area,SCHED-D-PART-02-LINE-01,PC,checkbox,
SD_02_EMT_HIST_STR_X,SD_02_EMT_HIST_STR_X,SD-P02-T00-CONSERV-EASEMENTS,Preservation of a certified historic structure [x],Historic structure,SCHED-D-PART-02-LINE-01,PC,checkbox,
SD_02_EMT_NATURAL_HABITAT_X,SD_02_EMT_NATURAL_HABITAT_X,SD-P02-T00-CONSERV-EASEMENTS,Protection of a natural habitat [x],Protection of natural habitat,SCHED-D-PART-02-LINE-01,PC,checkbox,
SD_02_EMT_OPEN_SPACE_X,SD_02_EMT_OPEN_SPACE_X,SD-P02-T00-CONSERV-EASEMENTS,Preservation of open space [x],Preservation of open space,SCHED-D-PART-02-LINE-01,PC,checkbox,
SD_02_EMT_PUB_USE_X,SD_02_EMT_PUB_USE_X,SD-P02-T00-CONSERV-EASEMENTS,Preservation of land for public use [x],Preservation for  public use,SCHED-D-PART-02-LINE-01,PC,checkbox,
SD_02_EMT_TOT_NUM,SD_02_EMT_TOT_NUM,SD-P02-T00-CONSERV-EASEMENTS,Total number of conservation easements,Total number of easements,SCHED-D-PART-02-LINE-02a,PC,numeric,
SD_02_EMT_TOT_ACREAGE,SD_02_EMT_TOT_ACREAGE,SD-P02-T00-CONSERV-EASEMENTS,Total acreage restricted by conservation easements,Total acreage subject to easements,SCHED-D-PART-02-LINE-02b,PC,numeric,
SD_02_EMT_NUM_HIST_STR,SD_02_EMT_NUM_HIST_STR,SD-P02-T00-CONSERV-EASEMENTS,Number of conservation easements on a certified historic structure,Number of easements on a certified historic structure included in (a),SCHED-D-PART-02-LINE-02c,PC,numeric,
SD_02_EMT_NUM_HIST_STR_AFTER_06,SD_02_EMT_NUM_HIST_STR_AFTER_06,SD-P02-T00-CONSERV-EASEMENTS,"Number of conservation easements acquired after July 25, 2006 and not on a historic structure",Number of historic structure easements acquired after 8-17-2006,SCHED-D-PART-02-LINE-02d,PC,numeric,
SD_02_EMT_NUM_MODIFIED,SD_02_EMT_NUM_MODIFIED,SD-P02-T00-CONSERV-EASEMENTS,"Number of conservation easements modified, transferred, released, extinguished, or terminated",Number of conservation easements modified; transferred; released; or terminated by the organization during the taxable year,SCHED-D-PART-02-LINE-03,PC,numeric,
SD_02_EMT_NUM_STATES,SD_02_EMT_NUM_STATES,SD-P02-T00-CONSERV-EASEMENTS,Number of states where property subject to conservation easement is located,Number of states in which the organization held an easement,SCHED-D-PART-02-LINE-04,PC,numeric,
SD_02_EMT_WRITTEN_POLICY_X,SD_02_EMT_WRITTEN_POLICY_X,SD-P02-T00-CONSERV-EASEMENTS,"Has a written policy regarding the periodic monitoring, inspection, handling of violations, and enforcement of conservation easements [x]",Does the organization have a written policy regarding the periodic monitoring; inspection; and enforcement of the easements it holds?,SCHED-D-PART-02-LINE-05,PC,checkbox,
SD_02_EMT_STAFF_HOURS_ENFORCE,SD_02_EMT_STAFF_HOURS_ENFORCE,SD-P02-T00-CONSERV-EASEMENTS,"Staff and volunteer hours devoted to monitoring, inspecting, handling of violations, and enforcing conversation easements",Staff hours devoted to monitoring or enforcing easements during the year,SCHED-D-PART-02-LINE-06,PC,numeric,
SD_02_EMT_EXP_INCURRED_ENFORCE,SD_02_EMT_EXP_INCURRED_ENFORCE,SD-P02-T00-CONSERV-EASEMENTS,"Amount of expenses incurred in monitoring, inspecting, handling of violations, and enforcing conservation easements",Amount of expenses incurred in monitoring or enforcing easements during the taxable year,SCHED-D-PART-02-LINE-07,PC,numeric,
SD_02_EMT_170H_SATISFIED_X,SD_02_EMT_170H_SATISFIED_X,SD-P02-T00-CONSERV-EASEMENTS,Each conservation easement satisfies section 170(h)(4)(B)(i) and 170(h)(4)(B)(ii) requirements [x],Does each conservation easement reported on line 2(d) above satisfy the requirements of section 170(h)(4)(B)(i) and 170(h)(4)(B)(ii)?,SCHED-D-PART-02-LINE-08,PC,checkbox,
SD_03_ART_PUB_EXHIBITION_REV,SD_03_ART_PUB_EXHIBITION_REV,SD-P03-T00-ORGS-COLLECT-ART-HIST-TREASURE-OTH,"Revenue from works of art, historical treasures, or other similar assets held for public exhibition, education, or research included on Form 990 part 8 line 1",Revenues on Form 990; Part VIII; line 1,SCHED-D-PART-03-LINE-01B(i),PC,numeric,
SD_03_ART_PUB_EXHIBITION_ASSET,SD_03_ART_PUB_EXHIBITION_ASSET,SD-P03-T00-ORGS-COLLECT-ART-HIST-TREASURE-OTH,"Assets from works of art, historical treasures, or other similar assets held for public exhibition, education, or research included on Form 990 part 8 line 1",Assets in Form 990; Part X,SCHED-D-PART-03-LINE-01B(ii),PC,numeric,
SD_03_WORKS_ART_REV,SD_03_WORKS_ART_REV,SD-P03-T00-ORGS-COLLECT-ART-HIST-TREASURE-OTH,"Revenue from works of art, historical treasures, or other similar assets held for financial gain included on Form 990 part 8 line 1",Revenues on Form 990; Part VIII; line 1,SCHED-D-PART-03-LINE-02A,PC,numeric,
SD_03_WORKS_ART_ASSET,SD_03_WORKS_ART_ASSET,SD-P03-T00-ORGS-COLLECT-ART-HIST-TREASURE-OTH,"Assets from works of art, historical treasures, or other similar assets held for financial gain included on Form 990 part 8 line 1",Assets in Form 990; Part X,SCHED-D-PART-03-LINE-02B,PC,numeric,
SD_03_COLLEC_PUB_EXHIBITION_X,SD_03_COLLEC_PUB_EXHIBITION_X,SD-P03-T00-ORGS-COLLECT-ART-HIST-TREASURE-OTH,Collection used for public exhibition [x],Collection used for public exhibition,SCHED-D-PART-03-LINE-03A,PC,checkbox,
SD_03_COLLEC_SCHOLAR_RSRCH_X,SD_03_COLLEC_SCHOLAR_RSRCH_X,SD-P03-T00-ORGS-COLLECT-ART-HIST-TREASURE-OTH,Collection used for scholarly research [x],Collection used for scholarly research,SCHED-D-PART-03-LINE-03B,PC,checkbox,
SD_03_COLLEC_PRESERVATION_X,SD_03_COLLEC_PRESERVATION_X,SD-P03-T00-ORGS-COLLECT-ART-HIST-TREASURE-OTH,Collection used for preservation of future generations [x],Collection used for preservation,SCHED-D-PART-03-LINE-03C,PC,checkbox,
SD_03_COLLEC_LOAN_PROG_X,SD_03_COLLEC_LOAN_PROG_X,SD-P03-T00-ORGS-COLLECT-ART-HIST-TREASURE-OTH,Collection used for loan or exchange program [x],Collection used for loan or exchange programs,SCHED-D-PART-03-LINE-03D,PC,checkbox,
SD_03_COLLEC_OTH_DESC,SD_03_COLLEC_OTH_DESC,SD-P03-T00-ORGS-COLLECT-ART-HIST-TREASURE-OTH,Collection used for other purposes description,Collection Used For Other - DescriptionOfOtherPurposes,SCHED-D-PART-03-LINE-03E,PC,text,
SD_03_COLLEC_OTH_X,SD_03_COLLEC_OTH_X,SD-P03-T00-ORGS-COLLECT-ART-HIST-TREASURE-OTH,Collection used for other purposes [x],Collection Used For Other - CollectionUsedForOtherPurposes,SCHED-D-PART-03-LINE-03E,PC,checkbox,
SD_03_SOL_ASSET_SALE_X,SD_03_SOL_ASSET_SALE_X,SD-P03-T00-ORGS-COLLECT-ART-HIST-TREASURE-OTH,"Solicited or received donations of art, historical treasures, or other similar assets to be sold to raise funds [x]",During the year; did the organization solicit or receive donations of art; historical treasures or other similar assets to be sold to raise funds rather than to be maintained as part of the organization's collection?,SCHED-D-PART-03-LINE-05,PC,checkbox,
SD_04_AGENT_TRUSTEE_OTH_X,SD_04_AGENT_TRUSTEE_OTH_X,SD-P04-T00-ESCROW-CUSTODIAL-ARRANGEMENTS,"Organization is an agent, trustee, custodian, or other intermediary for contributions or other assets not included on Part 10 [x]",Is the organization an agent; trustee; custodian or other intermediary for contributions or other assets not included on Form 990; Part X?,SCHED-D-PART-04-LINE-01A,PC,checkbox,
SD_04_ESCROW_BALANCE_BEG,SD_04_ESCROW_BALANCE_BEG,SD-P04-T00-ESCROW-CUSTODIAL-ARRANGEMENTS,Escrow or custodial arrangement beginning balance,Beginning balance,SCHED-D-PART-04-LINE-01C,PC,numeric,
SD_04_ESCROW_ADDITION,SD_04_ESCROW_ADDITION,SD-P04-T00-ESCROW-CUSTODIAL-ARRANGEMENTS,Escrow or custodial arrangement additions during the year,Additions during the year,SCHED-D-PART-04-LINE-01D,PC,numeric,
SD_04_ESCROW_DIST,SD_04_ESCROW_DIST,SD-P04-T00-ESCROW-CUSTODIAL-ARRANGEMENTS,Escrow or custodial arrangement distributions during the year,Distributions during the year,SCHED-D-PART-04-LINE-01E,PC,numeric,
SD_04_ESCROW_BALANCE_END,SD_04_ESCROW_BALANCE_END,SD-P04-T00-ESCROW-CUSTODIAL-ARRANGEMENTS,Escrow or custodial arrangement ending balance,Ending balance,SCHED-D-PART-04-LINE-01F,PC,numeric,
SD_04_ESCROW_ACC_LIAB_INCL_P10_X,SD_04_ESCROW_ACC_LIAB_INCL_P10_X,SD-P04-T00-ESCROW-CUSTODIAL-ARRANGEMENTS,Included an amount on Form 990 Part 10 Line 21 for escrow or custodial account liability [x],Did the organization include an amount on Form 990; Part X; line 21?,SCHED-D-PART-04-LINE-02A,PC,checkbox,
SD_04_EXPLANATION_P13_X,SD_04_EXPLANATION_P13_X,SD-P04-T00-ESCROW-CUSTODIAL-ARRANGEMENTS,Part 13 contains an explanation of the escrow or custodial arrangement [x],Part XIII contains an explanation for Part IV; Line 2b,SCHED-D-PART-04-LINE-02B,PC,checkbox,
SD_05_ENDOW_BALANCE_BOY_CY,SD_05_ENDOW_BALANCE_BOY_CY,SD-P05-T00-ENDOWMENT,Endowment fund beginning of year balance - current year,Beginning of year balance,SCHED-D-PART-05-LINE-01A-COL-A,PC,numeric,
SD_05_ENDOW_BALANCE_BOY_CY_M1,SD_05_ENDOW_BALANCE_BOY_CY_M1,SD-P05-T00-ENDOWMENT,Endowment fund beginning of year balance - prior year,Beginning of year balance,SCHED-D-PART-05-LINE-01A-COL-B,PC,numeric,
SD_05_ENDOW_BALANCE_BOY_CY_M2,SD_05_ENDOW_BALANCE_BOY_CY_M2,SD-P05-T00-ENDOWMENT,Endowment fund beginning of year balance - two years back,Beginning of year balance,SCHED-D-PART-05-LINE-01A-COL-C,PC,numeric,
SD_05_ENDOW_BALANCE_BOY_CY_M3,SD_05_ENDOW_BALANCE_BOY_CY_M3,SD-P05-T00-ENDOWMENT,Endowment fund beginning of year balance - three years back,Beginning of year balance,SCHED-D-PART-05-LINE-01A-COL-D,PC,numeric,
SD_05_ENDOW_BALANCE_BOY_CY_M4,SD_05_ENDOW_BALANCE_BOY_CY_M4,SD-P05-T00-ENDOWMENT,Endowment fund beginning of year balance - four years back,Beginning of year balance,SCHED-D-PART-05-LINE-01A-COL-E,PC,numeric,
SD_05_ENDOW_CONTR_CY,SD_05_ENDOW_CONTR_CY,SD-P05-T00-ENDOWMENT,Endowment fund contributions - current year,Current Year - Contributions,SCHED-D-PART-05-LINE-01B-COL-A,PC,numeric,
SD_05_ENDOW_CONTR_CY_M1,SD_05_ENDOW_CONTR_CY_M1,SD-P05-T00-ENDOWMENT,Endowment fund contributions - prior year,Current Year Minus1 Year - Contributions,SCHED-D-PART-05-LINE-01B-COL-B,PC,numeric,
SD_05_ENDOW_CONTR_CY_M2,SD_05_ENDOW_CONTR_CY_M2,SD-P05-T00-ENDOWMENT,Endowment fund contributions - two years back,Current Year Minus2 Years - Contributions,SCHED-D-PART-05-LINE-01B-COL-C,PC,numeric,
SD_05_ENDOW_CONTR_CY_M3,SD_05_ENDOW_CONTR_CY_M3,SD-P05-T00-ENDOWMENT,Endowment fund contributions - three years back,Current Year Minus3 Years - Contributions,SCHED-D-PART-05-LINE-01B-COL-D,PC,numeric,
SD_05_ENDOW_CONTR_CY_M4,SD_05_ENDOW_CONTR_CY_M4,SD-P05-T00-ENDOWMENT,Endowment fund contributions - four years back,Current Year Minus4 Years - Contributions,SCHED-D-PART-05-LINE-01B-COL-E,PC,numeric,
SD_05_ENDOW_INVEST_CY,SD_05_ENDOW_INVEST_CY,SD-P05-T00-ENDOWMENT,"Endowment fund net investment earnings, gains, and losses - current year",Investment earnings or losses,SCHED-D-PART-05-LINE-01C-COL-A,PC,numeric,
SD_05_ENDOW_INVEST_CY_M1,SD_05_ENDOW_INVEST_CY_M1,SD-P05-T00-ENDOWMENT,"Endowment fund net investment earnings, gains, and losses - prior year",Investment earnings or losses,SCHED-D-PART-05-LINE-01C-COL-B,PC,numeric,
SD_05_ENDOW_INVEST_CY_M2,SD_05_ENDOW_INVEST_CY_M2,SD-P05-T00-ENDOWMENT,"Endowment fund net investment earnings, gains, and losses - two years back",Investment earnings or losses,SCHED-D-PART-05-LINE-01C-COL-C,PC,numeric,
SD_05_ENDOW_INVEST_CY_M3,SD_05_ENDOW_INVEST_CY_M3,SD-P05-T00-ENDOWMENT,"Endowment fund net investment earnings, gains, and losses - three years back",Investment earnings or losses,SCHED-D-PART-05-LINE-01C-COL-D,PC,numeric,
SD_05_ENDOW_INVEST_CY_M4,SD_05_ENDOW_INVEST_CY_M4,SD-P05-T00-ENDOWMENT,"Endowment fund net investment earnings, gains, and losses - four years back",Investment earnings or losses,SCHED-D-PART-05-LINE-01C-COL-E,PC,numeric,
SD_05_ENDOW_GRANT_CY,SD_05_ENDOW_GRANT_CY,SD-P05-T00-ENDOWMENT,Endowment fund grants or scholarships - current year,Grants or scholarships,SCHED-D-PART-05-LINE-01D-COL-A,PC,numeric,
SD_05_ENDOW_GRANT_CY_M1,SD_05_ENDOW_GRANT_CY_M1,SD-P05-T00-ENDOWMENT,Endowment fund grants or scholarships - prior year,Grants or scholarships,SCHED-D-PART-05-LINE-01D-COL-B,PC,numeric,
SD_05_ENDOW_GRANT_CY_M2,SD_05_ENDOW_GRANT_CY_M2,SD-P05-T00-ENDOWMENT,Endowment fund grants or scholarships - two years back,Grants or scholarships,SCHED-D-PART-05-LINE-01D-COL-C,PC,numeric,
SD_05_ENDOW_GRANT_CY_M3,SD_05_ENDOW_GRANT_CY_M3,SD-P05-T00-ENDOWMENT,Endowment fund grants or scholarships - three years back,Grants or scholarships,SCHED-D-PART-05-LINE-01D-COL-D,PC,numeric,
SD_05_ENDOW_GRANT_CY_M4,SD_05_ENDOW_GRANT_CY_M4,SD-P05-T00-ENDOWMENT,Endowment fund grants or scholarships - four years back,Grants or scholarships,SCHED-D-PART-05-LINE-01D-COL-E,PC,numeric,
SD_05_ENDOW_EXP_OTH_CY,SD_05_ENDOW_EXP_OTH_CY,SD-P05-T00-ENDOWMENT,Endowment fund other expenditures for facilities and programs - current year,Other expenditures,SCHED-D-PART-05-LINE-01E-COL-A,PC,numeric,
SD_05_ENDOW_EXP_OTH_CY_M1,SD_05_ENDOW_EXP_OTH_CY_M1,SD-P05-T00-ENDOWMENT,Endowment fund other expenditures for facilities and programs - prior year,Other expenditures,SCHED-D-PART-05-LINE-01E-COL-B,PC,numeric,
SD_05_ENDOW_EXP_OTH_CY_M2,SD_05_ENDOW_EXP_OTH_CY_M2,SD-P05-T00-ENDOWMENT,Endowment fund other expenditures for facilities and programs - two years back,Other expenditures,SCHED-D-PART-05-LINE-01E-COL-C,PC,numeric,
SD_05_ENDOW_EXP_OTH_CY_M3,SD_05_ENDOW_EXP_OTH_CY_M3,SD-P05-T00-ENDOWMENT,Endowment fund other expenditures for facilities and programs - three years back,Other expenditures,SCHED-D-PART-05-LINE-01E-COL-D,PC,numeric,
SD_05_ENDOW_EXP_OTH_CY_M4,SD_05_ENDOW_EXP_OTH_CY_M4,SD-P05-T00-ENDOWMENT,Endowment fund other expenditures for facilities and programs - four years back,Other expenditures,SCHED-D-PART-05-LINE-01E-COL-E,PC,numeric,
SD_05_ENDOW_EXP_ADMIN_CY,SD_05_ENDOW_EXP_ADMIN_CY,SD-P05-T00-ENDOWMENT,Endowment fund administrative expenses - current year,Administrative expenses,SCHED-D-PART-05-LINE-01F-COL-A,PC,numeric,
SD_05_ENDOW_EXP_ADMIN_CY_M1,SD_05_ENDOW_EXP_ADMIN_CY_M1,SD-P05-T00-ENDOWMENT,Endowment fund administrative expenses - prior year,Administrative expenses,SCHED-D-PART-05-LINE-01F-COL-B,PC,numeric,
SD_05_ENDOW_EXP_ADMIN_CY_M2,SD_05_ENDOW_EXP_ADMIN_CY_M2,SD-P05-T00-ENDOWMENT,Endowment fund administrative expenses - two years back,Administrative expenses,SCHED-D-PART-05-LINE-01F-COL-C,PC,numeric,
SD_05_ENDOW_EXP_ADMIN_CY_M3,SD_05_ENDOW_EXP_ADMIN_CY_M3,SD-P05-T00-ENDOWMENT,Endowment fund administrative expenses - three years back,Administrative expenses,SCHED-D-PART-05-LINE-01F-COL-D,PC,numeric,
SD_05_ENDOW_EXP_ADMIN_CY_M4,SD_05_ENDOW_EXP_ADMIN_CY_M4,SD-P05-T00-ENDOWMENT,Endowment fund administrative expenses - four years back,Administrative expenses,SCHED-D-PART-05-LINE-01F-COL-E,PC,numeric,
SD_05_ENDOW_BALANCE_EOY_CY,SD_05_ENDOW_BALANCE_EOY_CY,SD-P05-T00-ENDOWMENT,Endowment fund end of year balance - current year,End of year balance,SCHED-D-PART-05-LINE-01G-COL-A,PC,numeric,
SD_05_ENDOW_BALANCE_EOY_CY_M1,SD_05_ENDOW_BALANCE_EOY_CY_M1,SD-P05-T00-ENDOWMENT,Endowment fund end of year balance - prior year,End of year balance,SCHED-D-PART-05-LINE-01G-COL-B,PC,numeric,
SD_05_ENDOW_BALANCE_EOY_CY_M2,SD_05_ENDOW_BALANCE_EOY_CY_M2,SD-P05-T00-ENDOWMENT,Endowment fund end of year balance - two years back,End of year balance,SCHED-D-PART-05-LINE-01G-COL-C,PC,numeric,
SD_05_ENDOW_BALANCE_EOY_CY_M3,SD_05_ENDOW_BALANCE_EOY_CY_M3,SD-P05-T00-ENDOWMENT,Endowment fund end of year balance - three years back,End of year balance,SCHED-D-PART-05-LINE-01G-COL-D,PC,numeric,
SD_05_ENDOW_BALANCE_EOY_CY_M4,SD_05_ENDOW_BALANCE_EOY_CY_M4,SD-P05-T00-ENDOWMENT,Endowment fund end of year balance - four years back,End of year balance,SCHED-D-PART-05-LINE-01G-COL-E,PC,numeric,
SD_05_PCT_L1G_BOARD_DESIGNATED,SD_05_PCT_L1G_BOARD_DESIGNATED,SD-P05-T00-ENDOWMENT,Board designated or quasi-endowment year end balance,Board designated EOY balance,SCHED-D-PART-05-LINE-02A,PC,numeric,
SD_05_PCT_L1G_PERMANENT_ENDOW,SD_05_PCT_L1G_PERMANENT_ENDOW,SD-P05-T00-ENDOWMENT,Permanent endowment year end balance,Permanent endowment EOY balance,SCHED-D-PART-05-LINE-02B,PC,numeric,
SD_05_PCT_L1G_TERM_ENDOW,SD_05_PCT_L1G_TERM_ENDOW,SD-P05-T00-ENDOWMENT,Term endowment year end balance,Term endowment EOY balance,SCHED-D-PART-05-LINE-02C,PC,numeric,
SD_05_ENDOW_HELD_ORG_UNRLTD_X,SD_05_ENDOW_HELD_ORG_UNRLTD_X,SD-P05-T00-ENDOWMENT,Endowment funds are held and administered for the organization by unrelated organizations [x],Endowments held by unrelated organizations?,SCHED-D-PART-05-LINE-03A(i),PC,checkbox,
SD_05_ENDOW_HELD_ORG_RLTD_X,SD_05_ENDOW_HELD_ORG_RLTD_X,SD-P05-T00-ENDOWMENT,Endowment funds are held and administered for the organization by related organizations [x],Endowments held by related organizations?,SCHED-D-PART-05-LINE-03A(ii),PC,checkbox,
SD_05_RLTD_ORG_LISTED_SCHED_R_X,SD_05_RLTD_ORG_LISTED_SCHED_R_X,SD-P05-T00-ENDOWMENT,Related organizations are listed on Schedule R [x],Are related orgs listed on Schedule R?,SCHED-D-PART-05-LINE-03B,PC,checkbox,
SD_06_ORG_LAND_COST_INVEST,SD_06_ORG_LAND_COST_INVEST,SD-P06-T00-LAND-BLDG-EQUIP,Land - cost or other basis (investment),Investment cost or other basis,SCHED-D-PART-06-LINE-01A-COL-A,PC,numeric,
SD_06_ORG_LAND_COST_OTH,SD_06_ORG_LAND_COST_OTH,SD-P06-T00-LAND-BLDG-EQUIP,Land - cost or other basis (other),Other cost or other basis,SCHED-D-PART-06-LINE-01A-COL-B,PC,numeric,
SD_06_ORG_LAND_BV,SD_06_ORG_LAND_BV,SD-P06-T00-LAND-BLDG-EQUIP,Land - book value,Land - Book value,SCHED-D-PART-06-LINE-01A-COL-D,PC,numeric,
SD_06_ORG_BLDG_COST_INVEST,SD_06_ORG_BLDG_COST_INVEST,SD-P06-T00-LAND-BLDG-EQUIP,Buildings - cost or other basis (investment),Investment cost or other basis,SCHED-D-PART-06-LINE-01B-COL-A,PC,numeric,
SD_06_ORG_BLDG_COST_OTH,SD_06_ORG_BLDG_COST_OTH,SD-P06-T00-LAND-BLDG-EQUIP,Buildings - cost or other basis (other),Other cost or other basis,SCHED-D-PART-06-LINE-01B-COL-B,PC,numeric,
SD_06_ORG_BLDG_DEPREC,SD_06_ORG_BLDG_DEPREC,SD-P06-T00-LAND-BLDG-EQUIP,Buildings - accumulated depreciation,Buildings - Depreciation,SCHED-D-PART-06-LINE-01B-COL-C,PC,numeric,
SD_06_ORG_BLDG_BV,SD_06_ORG_BLDG_BV,SD-P06-T00-LAND-BLDG-EQUIP,Buildings - book value,Buildings - Book value,SCHED-D-PART-06-LINE-01B-COL-D,PC,numeric,
SD_06_ORG_LEASEHOLD_COST_INVEST,SD_06_ORG_LEASEHOLD_COST_INVEST,SD-P06-T00-LAND-BLDG-EQUIP,Leasehold improvements - cost or other basis (investment),Investment cost or other basis,SCHED-D-PART-06-LINE-01C-COL-A,PC,numeric,
SD_06_ORG_LEASEHOLD_COST_OTH,SD_06_ORG_LEASEHOLD_COST_OTH,SD-P06-T00-LAND-BLDG-EQUIP,Leasehold improvements - cost or other basis (other),Other cost or other basis,SCHED-D-PART-06-LINE-01C-COL-B,PC,numeric,
SD_06_ORG_LEASEHOLD_DEPREC,SD_06_ORG_LEASEHOLD_DEPREC,SD-P06-T00-LAND-BLDG-EQUIP,Leasehold improvements - accumulated depreciation,Leasehold Improvements - Depreciation,SCHED-D-PART-06-LINE-01C-COL-C,PC,numeric,
SD_06_ORG_LEASEHOLD_BV,SD_06_ORG_LEASEHOLD_BV,SD-P06-T00-LAND-BLDG-EQUIP,Leasehold improvements - book value,Leasehold Improvements - Book value,SCHED-D-PART-06-LINE-01C-COL-D,PC,numeric,
SD_06_ORG_EQUIP_COST_INVEST,SD_06_ORG_EQUIP_COST_INVEST,SD-P06-T00-LAND-BLDG-EQUIP,Equipment - cost or other basis (investment),Investment cost or other basis,SCHED-D-PART-06-LINE-01D-COL-A,PC,numeric,
SD_06_ORG_EQUIP_COST_OTH,SD_06_ORG_EQUIP_COST_OTH,SD-P06-T00-LAND-BLDG-EQUIP,Equipment - cost or other basis (other),Other cost or other basis,SCHED-D-PART-06-LINE-01D-COL-B,PC,numeric,
SD_06_ORG_EQUIP_DEPREC,SD_06_ORG_EQUIP_DEPREC,SD-P06-T00-LAND-BLDG-EQUIP,Equipment - accumulated depreciation,Equipment - Depreciation,SCHED-D-PART-06-LINE-01D-COL-C,PC,numeric,
SD_06_ORG_EQUIP_BV,SD_06_ORG_EQUIP_BV,SD-P06-T00-LAND-BLDG-EQUIP,Equipment - book value,Equipment - Book value,SCHED-D-PART-06-LINE-01D-COL-D,PC,numeric,
SD_06_ORG_OTH_COST_INVEST,SD_06_ORG_OTH_COST_INVEST,SD-P06-T00-LAND-BLDG-EQUIP,Other - cost or other basis (investment),Investment cost or other basis,SCHED-D-PART-06-LINE-01E-COL-A,PC,numeric,
SD_06_ORG_OTH_COST_OTH,SD_06_ORG_OTH_COST_OTH,SD-P06-T00-LAND-BLDG-EQUIP,Other - cost or other basis (other),Other cost or other basis,SCHED-D-PART-06-LINE-01E-COL-B,PC,numeric,
SD_06_ORG_OTH_DEPREC,SD_06_ORG_OTH_DEPREC,SD-P06-T00-LAND-BLDG-EQUIP,Other - accumulated depreciation,Other - Depreciation,SCHED-D-PART-06-LINE-01E-COL-C,PC,numeric,
SD_06_ORG_OTH_BV,SD_06_ORG_OTH_BV,SD-P06-T00-LAND-BLDG-EQUIP,Other - book value,Other - Book value,SCHED-D-PART-06-LINE-01E-COL-D,PC,numeric,
SD_06_ORG_TOT_BV,SD_06_ORG_TOT_BV,SD-P06-T00-LAND-BLDG-EQUIP,"Total land, buildings, leasehold improvements, equipment, and other - book value",Total of book value,SCHED-D-PART-06-LINE-999-COL-D,PC,numeric,
SD_07_INVEST_SEC_TOT_BV,SD_07_INVEST_SEC_TOT_BV,SD-P07-T00-INVESTMENTS-SECURITIES,Total securities - book value,Total of book value,SCHED-D-PART-07-LINE-99-COL-B,PC,numeric,
SD_07_INVEST_SEC_DERIVATIVE_BV,SD_07_INVEST_SEC_DERIVATIVE_BV,SD-P07-T01-INVESTMENTS-OTH-DERIVATIVES,Financial derivatives - book value,Financial Derivatives - Book value,SCHED-D-PART-07-LINE-01-COL-B,PC,numeric,
SD_07_INVEST_SEC_DERIVATIVE_MOV,SD_07_INVEST_SEC_DERIVATIVE_MOV,SD-P07-T01-INVESTMENTS-OTH-DERIVATIVES,Financial derivatives - method of valuation,Method of valuation,SCHED-D-PART-07-LINE-01-COL-C,PC,text,
SD_07_INVEST_SEC_EQ_INT_BV,SD_07_INVEST_SEC_EQ_INT_BV,SD-P07-T01-INVESTMENTS-OTH-EQUITY,Closely held equity interests - book value,Closely Held Equity Interests - Book value,SCHED-D-PART-07-LINE-02-COL-B,PC,numeric,
SD_07_INVEST_SEC_EQ_INT_MOV,SD_07_INVEST_SEC_EQ_INT_MOV,SD-P07-T01-INVESTMENTS-OTH-EQUITY,Closely held equity interests - method of valuation,Method of valuation,SCHED-D-PART-07-LINE-02-COL-C,PC,text,
SD_07_INVEST_SEC_OTH_DESC,SD_07_INVEST_SEC_OTH_DESC,SD-P07-T01-INVESTMENTS-OTH-SECURITIES,Other securities - description,Other - Description,SCHED-D-PART-07-LINE-03-COL-A,PC,text,
SD_07_INVEST_SEC_OTH_BV,SD_07_INVEST_SEC_OTH_BV,SD-P07-T01-INVESTMENTS-OTH-SECURITIES,Other securities - book value,Other - Book value,SCHED-D-PART-07-LINE-03-COL-B,PC,numeric,
SD_07_INVEST_SEC_OTH_MOV,SD_07_INVEST_SEC_OTH_MOV,SD-P07-T01-INVESTMENTS-OTH-SECURITIES,Other securities - method of valuation,Method of valuation,SCHED-D-PART-07-LINE-03-COL-C,PC,text,
SD_08_INVEST_PROG_RLTD_BV_TOT,SD_08_INVEST_PROG_RLTD_BV_TOT,SD-P08-T00-INVESTMENTS-PROG-RLTD,Total program related investments - book value,Total of book value,SCHED-D-PART-08-COL-B-TOT,PC,numeric,
SD_08_INVEST_PROG_RLTD_DESC,SD_08_INVEST_PROG_RLTD_DESC,SD-P08-T01-INVESTMENTS-PROG-RLTD,Program related investment description,Investments Program Related - Description,SCHED-D-PART-08-COL-A,PC,text,
SD_08_INVEST_PROG_RLTD_BV,SD_08_INVEST_PROG_RLTD_BV,SD-P08-T01-INVESTMENTS-PROG-RLTD,Program related investment - book value,Investments Program Related - Book value,SCHED-D-PART-08-COL-B,PC,numeric,
SD_08_INVEST_PROG_RLTD_MOV,SD_08_INVEST_PROG_RLTD_MOV,SD-P08-T01-INVESTMENTS-PROG-RLTD,Program related investment - method of valuation,Method of valuation,SCHED-D-PART-08-COL-C,PC,text,
SD_09_OTH_ASSET_BV_TOT,SD_09_OTH_ASSET_BV_TOT,SD-P09-T00-OTH-ASSETS,Total other assets - book value,Total book value,SCHED-D-PART-09-COL-B-TOT,PC,numeric,
SD_09_OTH_ASSET_DESC,SD_09_OTH_ASSET_DESC,SD-P09-T01-OTH-ASSETS,Other asset description,Other Assets - Description,SCHED-D-PART-09-COL-A,PC,text,
SD_09_OTH_ASSET_BV,SD_09_OTH_ASSET_BV,SD-P09-T01-OTH-ASSETS,Other asset - book value,Other Assets - Book value,SCHED-D-PART-09-COL-B,PC,numeric,
SD_10_LIAB_FED_INCOME_TAX_BV,SD_10_LIAB_FED_INCOME_TAX_BV,SD-P10-T00-OTH-LIABILITIES,Federal income taxes - book value,Federal income tax liability,SCHED-D-PART-10-LINE-01-COL-B-(01),PC,numeric,
SD_10_LIAB_TOT_BV,SD_10_LIAB_TOT_BV,SD-P10-T00-OTH-LIABILITIES,Total other liabilities - book value,Total of liability amounts,SCHED-D-PART-10-LINE-01-COL-B-TOT,PC,numeric,
SD_10_LIAB_FOOTNOTE_PART_08_X,SD_10_LIAB_FOOTNOTE_PART_08_X,SD-P10-T00-OTH-LIABILITIES,Part 8 contains the text of the footnote to the org's financial statements that reports liability for uncertain tax positions [x],Part XIII contains the text of the footnote for Part X; Line 2,SCHED-D-PART-10-LINE-02,PC,checkbox,
SD_10_LIAB_OTH_DESC,SD_10_LIAB_OTH_DESC,SD-P10-T01-OTH-LIABILITIES,Other liability description,Other Liabilities - Description,SCHED-D-PART-10-LINE-01-COL-A-(02),PC,text,
SD_10_LIAB_OTH_BV,SD_10_LIAB_OTH_BV,SD-P10-T01-OTH-LIABILITIES,Other liability - book value,Other Liabilities - Amount,SCHED-D-PART-10-LINE-01-COL-B-(02),PC,numeric,
SD_11_RECO_REV_TOT_PER_AFS,SD_11_RECO_REV_TOT_PER_AFS,SD-P11-T00-RECONCILIATION-REVENUE,"Total revenue, gains, and other support per audited financial statements",Total revenue; gains and other support per audited financial statments,SCHED-D-PART-11-LINE-01,PC,numeric,
SD_11_RECO_REV_NUGAINS_INVEST,SD_11_RECO_REV_NUGAINS_INVEST,SD-P11-T00-RECONCILIATION-REVENUE,Net unrealized gains on investments,Net unrealized gains on investments,SCHED-D-PART-11-LINE-02A,PC,numeric,
SD_11_RECO_REV_DONATED_SVC,SD_11_RECO_REV_DONATED_SVC,SD-P11-T00-RECONCILIATION-REVENUE,Donated services and use of facilities,Donated services and use of facilities,SCHED-D-PART-11-LINE-02B,PC,numeric,
SD_11_RECO_REV_GRANT_PY,SD_11_RECO_REV_GRANT_PY,SD-P11-T00-RECONCILIATION-REVENUE,Recoveries of prior year grants,Recoveries of prior year grants,SCHED-D-PART-11-LINE-02C,PC,numeric,
SD_11_RECO_REV_OTH,SD_11_RECO_REV_OTH,SD-P11-T00-RECONCILIATION-REVENUE,Other revenue,Other revenues,SCHED-D-PART-11-LINE-02D,PC,numeric,
SD_11_RECO_REV_ADD_L2ABCD,SD_11_RECO_REV_ADD_L2ABCD,SD-P11-T00-RECONCILIATION-REVENUE,Lines 2a through 2d,Total amounts; add lines 2a through 2d,SCHED-D-PART-11-LINE-02E,PC,numeric,
SD_11_RECO_REV_SUBTRACT_L2E_L1,SD_11_RECO_REV_SUBTRACT_L2E_L1,SD-P11-T00-RECONCILIATION-REVENUE,Line 1 minus line 2e,Part XII line 1 minus Part XII line 2e,SCHED-D-PART-11-LINE-03,PC,numeric,
SD_11_RECO_REV_INVEST_NO_INCL,SD_11_RECO_REV_INVEST_NO_INCL,SD-P11-T00-RECONCILIATION-REVENUE,Investment expenses not included on Form 990 Part 8 line 7b,Investment expenses not included on Form 990; Part VIII; line 7b,SCHED-D-PART-11-LINE-04A,PC,numeric,
SD_11_RECO_REV_OTH_NO_INCL,SD_11_RECO_REV_OTH_NO_INCL,SD-P11-T00-RECONCILIATION-REVENUE,Other amounts included on Form 990 Part 8 line 12 but not line 1,Other revenues not included,SCHED-D-PART-11-LINE-04B,PC,numeric,
SD_11_RECO_REV_ADD_L4AB,SD_11_RECO_REV_ADD_L4AB,SD-P11-T00-RECONCILIATION-REVENUE,Investment expenses not included on Form 990 Part 8 line 7b plus other amounts included on Form 990 Part 8 line 12 but not line 1,Total amounts; add lines 4a through 4b,SCHED-D-PART-11-LINE-04C,PC,numeric,
SD_11_RECO_REV_TOT,SD_11_RECO_REV_TOT,SD-P11-T00-RECONCILIATION-REVENUE,Total revenue,Total revenue (Form 990; Part 1; Line 12). Add lines 3 and 4c,SCHED-D-PART-11-LINE-05,PC,numeric,
SD_12_RECO_EXP_TOT_PER_AFS,SD_12_RECO_EXP_TOT_PER_AFS,SD-P12-T00-RECONCILIATION-EXPENSES,Total expenses and losses per audited financial statements,Total Expenses; and Losses per audited financial statments,SCHED-D-PART-12-LINE-01,PC,numeric,
SD_12_RECO_EXP_DONATED_SVC,SD_12_RECO_EXP_DONATED_SVC,SD-P12-T00-RECONCILIATION-EXPENSES,Donated services and use of facilities,Donated Services and Use of Facilities,SCHED-D-PART-12-LINE-02A,PC,numeric,
SD_12_RECO_EXP_PY_ADJ,SD_12_RECO_EXP_PY_ADJ,SD-P12-T00-RECONCILIATION-EXPENSES,Prior year adjustments,Prior year adjustments,SCHED-D-PART-12-LINE-02B,PC,numeric,
SD_12_RECO_EXP_LOSSES,SD_12_RECO_EXP_LOSSES,SD-P12-T00-RECONCILIATION-EXPENSES,Other losses,Losses reported,SCHED-D-PART-12-LINE-02C,PC,numeric,
SD_12_RECO_EXP_OTH_INCL,SD_12_RECO_EXP_OTH_INCL,SD-P12-T00-RECONCILIATION-EXPENSES,Other expenses,Other expenses included,SCHED-D-PART-12-LINE-02D,PC,numeric,
SD_12_RECO_EXP_ADD_L2A_2D,SD_12_RECO_EXP_ADD_L2A_2D,SD-P12-T00-RECONCILIATION-EXPENSES,Lines 2a through 2d,Total amounts; add lines 2a through 2d,SCHED-D-PART-12-LINE-02E,PC,numeric,
SD_12_RECO_EXP_SUBTOT_L1_M_L2E,SD_12_RECO_EXP_SUBTOT_L1_M_L2E,SD-P12-T00-RECONCILIATION-EXPENSES,Line 1 minus line 2e,Part XIII line 1 minus Part XIII line 2e,SCHED-D-PART-12-LINE-03,PC,numeric,
SD_12_RECO_EXP_INVEST_NO_INCL,SD_12_RECO_EXP_INVEST_NO_INCL,SD-P12-T00-RECONCILIATION-EXPENSES,Investment expenses not included on Form 990 Part 8 line 7b,Investment expenses not included on Form 990; Part VIII; line 7b,SCHED-D-PART-12-LINE-04A,PC,numeric,
SD_12_RECO_EXP_OTH_NO_INCL,SD_12_RECO_EXP_OTH_NO_INCL,SD-P12-T00-RECONCILIATION-EXPENSES,Other amounts included on Form 990 Part 9 line 25 but not line 1,Other expenses,SCHED-D-PART-12-LINE-04B,PC,numeric,
SD_12_RECO_EXP_ADD_L4AB,SD_12_RECO_EXP_ADD_L4AB,SD-P12-T00-RECONCILIATION-EXPENSES,Investment expenses not included on Form 990 Part 8 line 7b plus other amounts included on Form 990 Part 9 line 25 but not line 1,Total amounts; add lines 4a through 4b,SCHED-D-PART-12-LINE-04C,PC,numeric,
SD_12_RECO_EXP_TOT,SD_12_RECO_EXP_TOT,SD-P12-T00-RECONCILIATION-EXPENSES,Total expenses,Total expenses (Form 990; Part I; Line 18). Add lines 3 and 4c,SCHED-D-PART-12-LINE-05,PC,numeric,
SD_13_EXPLANATION_TEXT,SD_13_EXPLANATION_TEXT,SD-P13-T99-SUPPLEMENTAL-INFO,Additional explanations,Form990 Schedule DPart XIII - Explanation,SCHED-D-PART-13,PC,text,
SD_13_FORM_LINE_REFERENCE,SD_13_FORM_LINE_REFERENCE,SD-P13-T99-SUPPLEMENTAL-INFO,"Form, part, and line number reference",Form part and line number reference,SCHED-D-PART-13,PC,text,
SD_13_IDENTIFIER,SD_13_IDENTIFIER,SD-P13-T99-SUPPLEMENTAL-INFO,Identifier,Supplemental Information Detail - Identifier,SCHED-D-PART-13,PC,text,
SD_13_RETURN_REFERENCE,SD_13_RETURN_REFERENCE,SD-P13-T99-SUPPLEMENTAL-INFO,Return reference,Return reference,SCHED-D-PART-13,PC,text,
SD_99_RECO_NETASSET_REV_TOT,SD_99_RECO_NETASSET_REV_TOT,SD-P99-T00-RECONCILIATION-NETASSETS,Total revenue,IRS990 Schedule D - Total revenue (see SD-FORM-VERSION-2011-PART-11),SCHED-D-PART-99-LINE-01,PC,numeric,
SD_99_RECO_NETASSET_EXP_TOT,SD_99_RECO_NETASSET_EXP_TOT,SD-P99-T00-RECONCILIATION-NETASSETS,Total expenses,Total expenses (see SD-FORM-VERSION-2011-PART-11),SCHED-D-PART-99-LINE-02,PC,numeric,
SD_99_RECO_NETASSET_EXCESS,SD_99_RECO_NETASSET_EXCESS,SD-P99-T00-RECONCILIATION-NETASSETS,Excess or deficit,Excess or deficit (see SD-FORM-VERSION-2011-PART-11),SCHED-D-PART-99-LINE-03,PC,numeric,
SD_99_RECO_NETASSET_NUGAINS,SD_99_RECO_NETASSET_NUGAINS,SD-P99-T00-RECONCILIATION-NETASSETS,Net unrealized gains on investments,Net Unrealized gains (losses) on investments (see SD-FORM-VERSION-2011-PART-11),SCHED-D-PART-99-LINE-04,PC,numeric,
SD_99_RECO_NETASSET_DONATED_SVC,SD_99_RECO_NETASSET_DONATED_SVC,SD-P99-T00-RECONCILIATION-NETASSETS,Donated services and use of facilities,Donated services and use of facilities (see SD-FORM-VERSION-2011-PART-11),SCHED-D-PART-99-LINE-05,PC,numeric,
SD_99_RECO_NETASSET_INVEST_EXP,SD_99_RECO_NETASSET_INVEST_EXP,SD-P99-T00-RECONCILIATION-NETASSETS,Investment expenses,Investment expenses (see SD-FORM-VERSION-2011-PART-11),SCHED-D-PART-99-LINE-06,PC,numeric,
SD_99_RECO_NETASSET_PRIOR_ADJ,SD_99_RECO_NETASSET_PRIOR_ADJ,SD-P99-T00-RECONCILIATION-NETASSETS,Prior period adjustments,Prior period adjustments (see SD-FORM-VERSION-2011-PART-11),SCHED-D-PART-99-LINE-07,PC,numeric,
SD_99_RECO_NETASSET_OTH,SD_99_RECO_NETASSET_OTH,SD-P99-T00-RECONCILIATION-NETASSETS,Other change in assets,Other changes amount (see SD-FORM-VERSION-2011-PART-11),SCHED-D-PART-99-LINE-08,PC,numeric,
SD_99_RECO_NETASSET_TOT_ADJ,SD_99_RECO_NETASSET_TOT_ADJ,SD-P99-T00-RECONCILIATION-NETASSETS,Total adjustments (net),Total adjustments (net) (add lines 4-8) (see SD-FORM-VERSION-2011-PART-11),SCHED-D-PART-99-LINE-09,PC,numeric,
SD_99_RECO_NETASSET_EXCESS_AFS,SD_99_RECO_NETASSET_EXCESS_AFS,SD-P99-T00-RECONCILIATION-NETASSETS,Excess or deficit per audited financial statements,Excess or (deficit) for the year per financial statements (line 3 plus or minus line 9) (see SD-FORM-VERSION-2011-PART-11),SCHED-D-PART-99-LINE-10,PC,numeric,
SE_01_POLICY_STMT_NONDISCR_X,SE_01_POLICY_STMT_NONDISCR_X,SE-P01-T00-SCHOOLS,Has a racially nondiscriminatory policy toward students [x],Does the organization have a racially nondiscriminatory policy statement?,SCHED-E-PART-01-LINE-01,PZ,checkbox,
SE_01_POLICY_STMT_BROCHURES_X,SE_01_POLICY_STMT_BROCHURES_X,SE-P01-T00-SCHOOLS,"Includes a statement of its racially nondiscriminatory policy toward students in all brochures, catalogues, and other written communications [x]",Does the organization have policy statement in brochures; etc?,SCHED-E-PART-01-LINE-02,PZ,checkbox,
SE_01_POLICY_BCAST_MEDIA_EXPLAIN,SE_01_POLICY_BCAST_MEDIA_EXPLAIN,SE-P01-T00-SCHOOLS,Explanation if has not publicized its racially nondiscriminatory policy through broadcast media,"If answered ""Has the Organization Publicized the Policy through Broadcast Media?""; explain",SCHED-E-PART-01-LINE-03,PZ,text,
SE_01_POLICY_BCAST_MEDIA_X,SE_01_POLICY_BCAST_MEDIA_X,SE-P01-T00-SCHOOLS,Has publicized its racially nondiscriminatory policy through broadcast media [x],Has the organization publicized the policy through broadcast media?,SCHED-E-PART-01-LINE-03,PZ,checkbox,
SE_01_MAINT_RACIAL_RECORD_X,SE_01_MAINT_RACIAL_RECORD_X,SE-P01-T00-SCHOOLS,"Maintains records indicating the racial composition of the student body, faculty, and admin [x]",Does the organization maintain racial composition records?,SCHED-E-PART-01-LINE-04A,PZ,checkbox,
SE_01_MAINT_SCHOLARSHIP_RECORD_X,SE_01_MAINT_SCHOLARSHIP_RECORD_X,SE-P01-T00-SCHOOLS,Maintains records documenting that scholarships and other financial assistance are awarded on a racially nondiscriminatory basis [x],Does the organization maintain scholarships records?,SCHED-E-PART-01-LINE-04B,PZ,checkbox,
SE_01_MAINT_COPY_BROCHURES_X,SE_01_MAINT_COPY_BROCHURES_X,SE-P01-T00-SCHOOLS,"Maintains copies of all catalogues, brochures, announcements, and other written communications to the public dealing with student admissions, programs, and scholarships [x]",Does the organization maintain copies of brochures; etc?,SCHED-E-PART-01-LINE-04C,PZ,checkbox,
SE_01_MAINT_COPY_SOL_X,SE_01_MAINT_COPY_SOL_X,SE-P01-T00-SCHOOLS,Maintains copies of all material used by the organization or on its behalf to solicit contributions [x],Does the organization maintain copies of all solicitations?,SCHED-E-PART-01-LINE-04D,PZ,checkbox,
SE_01_MAINT_EXPLANATION,SE_01_MAINT_EXPLANATION,SE-P01-T00-SCHOOLS,Explanation if does not maintain records or copies,"If answered ""no"" to any of 4a-4d; explain",SCHED-E-PART-01-LINE-04D,PZ,text,
SE_01_DISCR_RACE_STUDENT_RIGHT_X,SE_01_DISCR_RACE_STUDENT_RIGHT_X,SE-P01-T00-SCHOOLS,Discriminates by race with respect to students' rights or privileges [x],Does the organization discriminate by race in any way students' rights or privileges?,SCHED-E-PART-01-LINE-05A,PZ,checkbox,
SE_01_DISCR_RACE_ADM_POLICY_X,SE_01_DISCR_RACE_ADM_POLICY_X,SE-P01-T00-SCHOOLS,Discriminates by race with respect to admissions policies [x],Does the organization discriminate by race in any way admissions policies?,SCHED-E-PART-01-LINE-05B,PZ,checkbox,
SE_01_DISCR_RACE_EMPL_FACULTY_X,SE_01_DISCR_RACE_EMPL_FACULTY_X,SE-P01-T00-SCHOOLS,Discriminates by race with respect to employment of faculty or admin [x],Does the organization discriminate by race in any way employment of faculty or administrative staff?,SCHED-E-PART-01-LINE-05C,PZ,checkbox,
SE_01_DISCR_RACE_SCHOLARSHIP_X,SE_01_DISCR_RACE_SCHOLARSHIP_X,SE-P01-T00-SCHOOLS,Discriminates by race with respect to scholarships or other financial assistance [x],Does the organization discriminate by race in any way scholarships or other financial assistance?,SCHED-E-PART-01-LINE-05D,PZ,checkbox,
SE_01_DISCR_RACE_EDU_POLICY_X,SE_01_DISCR_RACE_EDU_POLICY_X,SE-P01-T00-SCHOOLS,Discriminates by race with respect to educational policies [x],Does the organization discriminate by race in any way educational policies?,SCHED-E-PART-01-LINE-05E,PZ,checkbox,
SE_01_DISCR_RACE_USE_FACILITY_X,SE_01_DISCR_RACE_USE_FACILITY_X,SE-P01-T00-SCHOOLS,Discriminates by race with respect to use of facilities [x],Does the organization discriminate by race in any way use of facilities?,SCHED-E-PART-01-LINE-05F,PZ,checkbox,
SE_01_DISCR_RACE_ATHLETIC_PROG_X,SE_01_DISCR_RACE_ATHLETIC_PROG_X,SE-P01-T00-SCHOOLS,Discriminates by race with respect to athletic programs [x],Does the organization discriminate by race in any way athletic programs?,SCHED-E-PART-01-LINE-05G,PZ,checkbox,
SE_01_DISCR_RACE_EXPLANATION,SE_01_DISCR_RACE_EXPLANATION,SE-P01-T00-SCHOOLS,Explanation if discriminates by race,"If answered ""yes"" to any of 5a-5h; explain",SCHED-E-PART-01-LINE-05H,PZ,text,
SE_01_DISCR_RACE_OTH_ACT_X,SE_01_DISCR_RACE_OTH_ACT_X,SE-P01-T00-SCHOOLS,Discriminates by race with respect to other extracurricular activities [x],Does the organization discriminate by race in any way other extracurricular activities?,SCHED-E-PART-01-LINE-05H,PZ,checkbox,
SE_01_GOVT_FIN_AID_REC_X,SE_01_GOVT_FIN_AID_REC_X,SE-P01-T00-SCHOOLS,Receives financial aid or assistance from a governmental agency [x],Does the organization receive any financial aid or assistance from a governmental agency?,SCHED-E-PART-01-LINE-06A,PZ,checkbox,
SE_01_GOVT_FIN_AID_EXPLANATION,SE_01_GOVT_FIN_AID_EXPLANATION,SE-P01-T00-SCHOOLS,Explanation if receives financial aid or assistance from a governmental agency or that right has ever been revoked or suspended,"If answered ""yes"" to any of 6a-6b; explain",SCHED-E-PART-01-LINE-06B,PZ,text,
SE_01_GOVT_FIN_AID_REVOKED_X,SE_01_GOVT_FIN_AID_REVOKED_X,SE-P01-T00-SCHOOLS,Right to receive financial aid or assistance from a governmental agency has ever been revoked or suspended [x],Has the organization's right to such aid ever been revoked or suspended?,SCHED-E-PART-01-LINE-06B,PZ,checkbox,
SE_01_COMPLIANCE_EXPLANATION,SE_01_COMPLIANCE_EXPLANATION,SE-P01-T00-SCHOOLS,Explanation if did not comply with requirements covering racial nondiscrimination,"If answered ""no"" to 7; explain",SCHED-E-PART-01-LINE-07,PZ,text,
SE_01_COMPLIANCE_REV_PROC_7550_X,SE_01_COMPLIANCE_REV_PROC_7550_X,SE-P01-T00-SCHOOLS,Complied with requirements covering racial nondiscrimination [x],Compliance with Rev. Proc. 75-50; 1975-2 C.B. 587?,SCHED-E-PART-01-LINE-07,PZ,checkbox,
SE_02_EXPLANATION_TEXT,SE_02_EXPLANATION_TEXT,SE-P02-T99-SUPPLEMENTAL-INFO,Additional explanations,Form990 Schedule EPart II - Explanation,SCHED-E-PART-02,PZ,text,
SE_02_FORM_LINE_REFERENCE,SE_02_FORM_LINE_REFERENCE,SE-P02-T99-SUPPLEMENTAL-INFO,"Form, part, and line number reference",Form; part and line number reference,SCHED-E-PART-02,PZ,text,
SE_02_IDENTIFIER,SE_02_IDENTIFIER,SE-P02-T99-SUPPLEMENTAL-INFO,Identifier,Form990 Schedule EPart II - Identifier,SCHED-E-PART-02,PZ,text,
SE_02_RETURN_REFERENCE,SE_02_RETURN_REFERENCE,SE-P02-T99-SUPPLEMENTAL-INFO,Return reference,Return reference,SCHED-E-PART-02,PZ,text,
SF_01_GRANT_RECORD_MAINT_X,SF_01_GRANT_RECORD_MAINT_X,SF-P01-T00-FRGN-ACTS,"Maintains records to substantiate grants and other assistance, eligibility, and selection criteria [x]","For grantmakers, does the organizationmaintain records on their grants and processes?",SCHED-F-PART-01-LINE-01,PC,checkbox,
SF_01_FRGN_REG_NUM_OFFICE_SUBTOT,SF_01_FRGN_REG_NUM_OFFICE_SUBTOT,SF-P01-T00-FRGN-ACTS,Subtotal number of offices,Subtotal number of offices handling activities outside the US,SCHED-F-PART-01-LINE-03A-COL-B,PC,numeric,
SF_01_FRGN_REG_NUM_EMPL_SUBTOT,SF_01_FRGN_REG_NUM_EMPL_SUBTOT,SF-P01-T00-FRGN-ACTS,"Subtotal number of employees, agents, and independent contractors",Subtotal number of employees working on region activities outside the US,SCHED-F-PART-01-LINE-03A-COL-C,PC,numeric,
SF_01_FRGN_REG_TOT_EXP_SUBTOT,SF_01_FRGN_REG_TOT_EXP_SUBTOT,SF-P01-T00-FRGN-ACTS,Subtotal total expenditures and investments,Subtotal expenditures on activities outside the US,SCHED-F-PART-01-LINE-03A-COL-F,PC,numeric,
SF_01_FRGN_REG_NUM_OFFICE_CONTIN,SF_01_FRGN_REG_NUM_OFFICE_CONTIN,SF-P01-T00-FRGN-ACTS,Total from continuation sheets to Part 1 number of offices,Total offices from continuation sheetson region activities outside the US (Part I),SCHED-F-PART-01-LINE-03B-COL-B,PC,numeric,
SF_01_FRGN_REG_NUM_EMPL_CONTIN,SF_01_FRGN_REG_NUM_EMPL_CONTIN,SF-P01-T00-FRGN-ACTS,"Total from continuation sheets to Part 1 number of employees, agents, and independent contractors",Total number of employees from continuation sheets working on region activities outside the US (Part I),SCHED-F-PART-01-LINE-03B-COL-C,PC,numeric,
SF_01_FRGN_REG_TOT_EXP_CONTIN,SF_01_FRGN_REG_TOT_EXP_CONTIN,SF-P01-T00-FRGN-ACTS,Total from continuation sheets to Part 1 total expenditures and investments,Total expenditures from continuation sheets on region activities outside the US (Part I),SCHED-F-PART-01-LINE-03B-COL-F,PC,numeric,
SF_01_FRGN_REG_NUM_OFFICE_TOT,SF_01_FRGN_REG_NUM_OFFICE_TOT,SF-P01-T00-FRGN-ACTS,Total number of offices,Total number of offices outside the US,SCHED-F-PART-01-LINE-03C-COL-B,PC,numeric,
SF_01_FRGN_REG_NUM_EMPL_TOT,SF_01_FRGN_REG_NUM_EMPL_TOT,SF-P01-T00-FRGN-ACTS,"Total number of employees, agents, and independent contractors",Total employees working on activities outside the US,SCHED-F-PART-01-LINE-03C-COL-C,PC,numeric,
SF_01_FRGN_REG_TOT_EXP_TOT,SF_01_FRGN_REG_TOT_EXP_TOT,SF-P01-T00-FRGN-ACTS,Total total expenditures and investments,Total expenditures on activities outside the US,SCHED-F-PART-01-LINE-03C-COL-F,PC,numeric,
SF_01_FRGN_REG_REGION,SF_01_FRGN_REG_REGION,SF-P01-T01-FRGN-ACTS-BY-REGION,Region,Region outside the US where activities are conducted,SCHED-F-PART-01-LINE-03-COL-A,PC,text,
SF_01_FRGN_REG_NUM_OFFICE,SF_01_FRGN_REG_NUM_OFFICE,SF-P01-T01-FRGN-ACTS-BY-REGION,Number of offices in the region,Number of offices in the region outside the US,SCHED-F-PART-01-LINE-03-COL-B,PC,numeric,
SF_01_FRGN_REG_NUM_EMPL,SF_01_FRGN_REG_NUM_EMPL,SF-P01-T01-FRGN-ACTS-BY-REGION,"Number of employees, agents, and independent contractors in the region",Number of employees or agents working in the region outside the US,SCHED-F-PART-01-LINE-03-COL-C,PC,numeric,
SF_01_FRGN_REG_ACT,SF_01_FRGN_REG_ACT,SF-P01-T01-FRGN-ACTS-BY-REGION,Activities conducted in the region,Activities conducted in the region outside the US (by type) (i.e.; fundraising; program services; grants to recipients located in the region),SCHED-F-PART-01-LINE-03-COL-D,PC,text,
SF_01_FRGN_REG_SVC_SPECIFIC,SF_01_FRGN_REG_SVC_SPECIFIC,SF-P01-T01-FRGN-ACTS-BY-REGION,Specific type of service(s) in the region,"If the activity in the region outside the US is program service, specific information about the service",SCHED-F-PART-01-LINE-03-COL-E,PC,text,
SF_01_FRGN_REG_TOT_EXP,SF_01_FRGN_REG_TOT_EXP,SF-P01-T01-FRGN-ACTS-BY-REGION,Total expenditures for and investments in the region,Total expenditures in the region outside the US,SCHED-F-PART-01-LINE-03-COL-F,PC,numeric,
SF_02_FRGN_ORG_GRANT_501C3_TOT,SF_02_FRGN_ORG_GRANT_501C3_TOT,SF-P02-T00-FRGN-ORG-GRANTS,Total number of recipient organizations that are 501(c)(3) organizations or equivalent,"Total number of organizations with some 501(c)(3) equivalency outside of the US given grants (recognized as charities by the foreign country, recognized as tax-exempt by the IRS, or an equivalency letter has been been provided)",SCHED-F-PART-02-LINE-02,PC,numeric,
SF_02_FRGN_ORG_GRANT_OTH_ORG_TOT,SF_02_FRGN_ORG_GRANT_OTH_ORG_TOT,SF-P02-T00-FRGN-ORG-GRANTS,Total number of other organizations or entities,"Total number of organizations or entities granted to outside of the US that lack some 501(c)(3) equivalency (not recognized as charities by the foreign country, not recognized as tax-exempt by the IRS, and have not provided an equivalency letter)",SCHED-F-PART-02-LINE-03,PC,numeric,
SF_02_FRGN_ORG_GRANT_REGION,SF_02_FRGN_ORG_GRANT_REGION,SF-P02-T01-FRGN-ORG-GRANTS,Region,Region of the grant to the organization outside the US,SCHED-F-PART-02-LINE-01-COL-C,PC,text,
SF_02_FRGN_ORG_GRANT_PURPOSE,SF_02_FRGN_ORG_GRANT_PURPOSE,SF-P02-T01-FRGN-ORG-GRANTS,Purpose of grant,Purpose of the grant to the organization outside the US,SCHED-F-PART-02-LINE-01-COL-D,PC,text,
SF_02_FRGN_ORG_GRANT_AMT,SF_02_FRGN_ORG_GRANT_AMT,SF-P02-T01-FRGN-ORG-GRANTS,Amount of cash grant,Amount of cash granted to the organization outside the US,SCHED-F-PART-02-LINE-01-COL-E,PC,numeric,
SF_02_FRGN_ORG_GRANT_DISBMT,SF_02_FRGN_ORG_GRANT_DISBMT,SF-P02-T01-FRGN-ORG-GRANTS,Manner of cash disbursement,Way the cash was disbursed to the grantee organization outside the US,SCHED-F-PART-02-LINE-01-COL-F,PC,text,
SF_02_FRGN_ORG_GRANT_NC_AMT,SF_02_FRGN_ORG_GRANT_NC_AMT,SF-P02-T01-FRGN-ORG-GRANTS,Amount of noncash assistance,Value of noncash assistance to the grantee organization outside the US,SCHED-F-PART-02-LINE-01-COL-G,PC,numeric,
SF_02_FRGN_ORG_GRANT_NC_DESC,SF_02_FRGN_ORG_GRANT_NC_DESC,SF-P02-T01-FRGN-ORG-GRANTS,Description of noncash assistance,Description of non-cash assistance to the grantee organizations outside the US,SCHED-F-PART-02-LINE-01-COL-H,PC,text,
SF_02_FRGN_ORG_GRANT_NC_MOV,SF_02_FRGN_ORG_GRANT_NC_MOV,SF-P02-T01-FRGN-ORG-GRANTS,Method of valuation,"Way the value of noncash assistance was calculated (ex. book, fair-market value, appraisal, other)",SCHED-F-PART-02-LINE-01-COL-I,PC,text,
SF_03_FRGN_INDIV_GRANT_TYPE,SF_03_FRGN_INDIV_GRANT_TYPE,SF-P03-T01-FRGN-INDIV-GRANTS,Type of grant or assistance,Type of grant or assistance to the individuals outside the US,SCHED-F-PART-03-COL-A,PC,text,
SF_03_FRGN_INDIV_GRANT_REGION,SF_03_FRGN_INDIV_GRANT_REGION,SF-P03-T01-FRGN-INDIV-GRANTS,Region,Region of the grant to the individuals outside the US,SCHED-F-PART-03-COL-B,PC,text,
SF_03_FRGN_INDIV_GRANT_NUM_INDIV,SF_03_FRGN_INDIV_GRANT_NUM_INDIV,SF-P03-T01-FRGN-INDIV-GRANTS,Number of recipients,"Number of individuals outside the US in the region, given the type of grant",SCHED-F-PART-03-COL-C,PC,numeric,
SF_03_FRGN_INDIV_GRANT_AMT,SF_03_FRGN_INDIV_GRANT_AMT,SF-P03-T01-FRGN-INDIV-GRANTS,Amount of cash grant,Amount of cash granted to the individuals outside the US,SCHED-F-PART-03-COL-D,PC,numeric,
SF_03_FRGN_INDIV_GRANT_DISBMT,SF_03_FRGN_INDIV_GRANT_DISBMT,SF-P03-T01-FRGN-INDIV-GRANTS,Manner of cash disbursement,Way the cash was disbursed to the individuals outside the US,SCHED-F-PART-03-COL-E,PC,text,
SF_03_FRGN_INDIV_GRANT_NC_AMT,SF_03_FRGN_INDIV_GRANT_NC_AMT,SF-P03-T01-FRGN-INDIV-GRANTS,Amount of noncash assistance,Value of noncash assistance to the individuals outside the US,SCHED-F-PART-03-COL-F,PC,numeric,
SF_03_FRGN_INDIV_GRANT_NC_DESC,SF_03_FRGN_INDIV_GRANT_NC_DESC,SF-P03-T01-FRGN-INDIV-GRANTS,Description of noncash assistance,Description of noncash assistance to the individuals outside the US,SCHED-F-PART-03-COL-G,PC,text,
SF_03_FRGN_INDIV_GRANT_NC_MOV,SF_03_FRGN_INDIV_GRANT_NC_MOV,SF-P03-T01-FRGN-INDIV-GRANTS,Method of valuation,"Way the value of noncash assistance was calculated (ex. book, fair-market value, appraisal, other)",SCHED-F-PART-03-COL-H,PC,text,
SF_04_FRGN_CORP_TRANSFEROR_X,SF_04_FRGN_CORP_TRANSFEROR_X,SF-P04-T00-FRGN-INTERESTS,Was a transferor of property to a foreign corporation [x],Was the organization a U.S. transferor of property to a foreign corporation during the tax year?,SCHED-F-PART-04-LINE-01,PC,checkbox,
SF_04_FRGN_TRUST_INT_X,SF_04_FRGN_TRUST_INT_X,SF-P04-T00-FRGN-INTERESTS,Had an interest in a foreign trust [x],Did the organization have an interest in a foreign trust during the tax year?,SCHED-F-PART-04-LINE-02,PC,checkbox,
SF_04_FRGN_CORP_OWNERSHIP_INT_X,SF_04_FRGN_CORP_OWNERSHIP_INT_X,SF-P04-T00-FRGN-INTERESTS,Had an ownership in a foreign corporation [x],Did the organization have an ownership interest in a foreign corporation during the tax year?,SCHED-F-PART-04-LINE-03,PC,checkbox,
SF_04_FRGN_FUND_SHAREHOLDER_X,SF_04_FRGN_FUND_SHAREHOLDER_X,SF-P04-T00-FRGN-INTERESTS,Was a direct or indirect shareholder of a passive foreign investment company or a qualified electing fund [x],Was the organization a direct or indirect shareholder of a passive foreign investment company or a qualified electing fund during the tax year?,SCHED-F-PART-04-LINE-04,PC,checkbox,
SF_04_FRGN_PTR_OWNERSHIP_INT_X,SF_04_FRGN_PTR_OWNERSHIP_INT_X,SF-P04-T00-FRGN-INTERESTS,Had an ownership interest in a foreign partnership [x],Did the organization have an ownership interest in a foreign partnership during the tax year?,SCHED-F-PART-04-LINE-05,PC,checkbox,
SF_04_BOYCOTTING_CNTR_ACT_X,SF_04_BOYCOTTING_CNTR_ACT_X,SF-P04-T00-FRGN-INTERESTS,Had any operations in or related to any boycotting countries [x],Did the organization have any operations in or related to any boycotting countries during the tax year?,SCHED-F-PART-04-LINE-06,PC,checkbox,
SF_05_EXPLANATION_TEXT,SF_05_EXPLANATION_TEXT,SF-P05-T99-EXPLANATION-TEXT,Additional explanations,Form990 Schedule FPart IV - Explanation,SCHED-F-PART-05,PC,text,
SF_05_FORM_LINE_REFERENCE,SF_05_FORM_LINE_REFERENCE,SF-P05-T99-EXPLANATION-TEXT,"Form, part, and line number reference",Form; part and line number reference,SCHED-F-PART-05,PC,text,
SF_05_IDENTIFIER,SF_05_IDENTIFIER,SF-P05-T99-EXPLANATION-TEXT,Identifier,Form990 Schedule FPart IV - Identifier,SCHED-F-PART-05,PC,text,
SF_05_RETURN_REFERENCE,SF_05_RETURN_REFERENCE,SF-P05-T99-EXPLANATION-TEXT,Return reference,Return reference,SCHED-F-PART-05,PC,text,
SF_99_FRGN_ORG_GRANT_LT_5K_X,SF_99_FRGN_ORG_GRANT_LT_5K_X,SF-P99-T00-FRGN-ORG-GRANTS,"No one recipient received more than $5,000 [x]",Check this box if no one recipient received more than $5;000 (see SF-FORM-VERSION-2011-PART-02),SCHED-F-PART-99-LINE-00,PC,checkbox,
SG_01_FUNDR_ACT_SOL_MAIL_X,SG_01_FUNDR_ACT_SOL_MAIL_X,SG-P01-T00-FUNDRAISING-ACTS,Raised funds through mail solicitations [x],Mail solicitations,SCHED-G-PART-01-LINE-01A,PZ,checkbox,
SG_01_FUNDR_ACT_SOL_EMAIL_X,SG_01_FUNDR_ACT_SOL_EMAIL_X,SG-P01-T00-FUNDRAISING-ACTS,Raised funds through internet and email solicitations [x],Email solicitations,SCHED-G-PART-01-LINE-01B,PZ,checkbox,
SG_01_FUNDR_ACT_SOL_PHONE_X,SG_01_FUNDR_ACT_SOL_PHONE_X,SG-P01-T00-FUNDRAISING-ACTS,Raised funds through phone solicitations [x],Phone solicitations,SCHED-G-PART-01-LINE-01C,PZ,checkbox,
SG_01_FUNDR_ACT_SOL_IN_PERSON_X,SG_01_FUNDR_ACT_SOL_IN_PERSON_X,SG-P01-T00-FUNDRAISING-ACTS,Raised funds through in-person solicitations [x],In-person solicitations,SCHED-G-PART-01-LINE-01D,PZ,checkbox,
SG_01_FUNDR_ACT_SOL_NONGOVT_X,SG_01_FUNDR_ACT_SOL_NONGOVT_X,SG-P01-T00-FUNDRAISING-ACTS,Raised funds through solicitation of non-government grants [x],Solicitation of non-govt grants,SCHED-G-PART-01-LINE-01E,PZ,checkbox,
SG_01_FUNDR_ACT_SOL_GOVT_GRANT_X,SG_01_FUNDR_ACT_SOL_GOVT_GRANT_X,SG-P01-T00-FUNDRAISING-ACTS,Raised funds through solicitation of government grants [x],Solicitation of government grants,SCHED-G-PART-01-LINE-01F,PZ,checkbox,
SG_01_FUNDR_ACT_SPECIAL_EVNT_X,SG_01_FUNDR_ACT_SPECIAL_EVNT_X,SG-P01-T00-FUNDRAISING-ACTS,Raised funds through special fundraising events [x],Special fundraising events,SCHED-G-PART-01-LINE-01G,PZ,checkbox,
SG_01_FUNDR_SVC_AGREEMENT_X,SG_01_FUNDR_SVC_AGREEMENT_X,SG-P01-T00-FUNDRAISING-ACTS,Had a written or oral agreement with any individual or entity in connection with professional fundraising services [x],Did the organization have a written or oral agreement with any individual (including officers; directors; trustees or key employees listed in Form 990; Part VII) or entity in connection with professional fundraising activities?,SCHED-G-PART-01-LINE-02A,PZ,checkbox,
SG_01_FUNDRAISER_ACT_GRORCPT_TOT,SG_01_FUNDRAISER_ACT_GRORCPT_TOT,SG-P01-T00-FUNDRAISING-ACTS,Total gross fundraising receipts,Total gross receipts,SCHED-G-PART-01-LINE-02B-COL-iv-TOT,PZ,numeric,
SG_01_FUNDRAISER_AMT_ORG_TOT,SG_01_FUNDRAISER_AMT_ORG_TOT,SG-P01-T00-FUNDRAISING-ACTS,Total amount paid to or retained by organization,Total net to organization,SCHED-G-PART-01-LINE-02B-COL-vi-TOT,PZ,numeric,
SG_01_FUNDRAISER_AMT_PAID_TOT,SG_01_FUNDRAISER_AMT_PAID_TOT,SG-P01-T00-FUNDRAISING-ACTS,Total amount paid to or retained by fundraisers,Total retained by contractors,SCHED-G-PART-01-LINE-02B-COL-v-TOT,PZ,numeric,
SG_01_LIST_STATES_ORG_LIC,SG_01_LIST_STATES_ORG_LIC,SG-P01-T00-FUNDRAISING-ACTS,States in which the organization is registered or licensed to solicit contributions or is exempt from registration or licensing,List all states in which the organization is registered or licensed to solicit funds or has been notified it is exempt from registration or licensing,SCHED-G-PART-01-LINE-03,PZ,text,TRUE
SG_01_FUNDRAISER_ADDR_CITY,SG_01_FUNDRAISER_ADDR_CITY,SG-P01-T01-FUNDRAISERS-INFO,Fundraiser city,Foreign Address - City,SCHED-G-PART-01-LINE-02B-COL-i,PZ,text,
SG_01_FUNDRAISER_ADDR_CNTR,SG_01_FUNDRAISER_ADDR_CNTR,SG-P01-T01-FUNDRAISERS-INFO,Fundraiser country,Foreign Address - Country,SCHED-G-PART-01-LINE-02B-COL-i,PZ,text,
SG_01_FUNDRAISER_ADDR_L1,SG_01_FUNDRAISER_ADDR_L1,SG-P01-T01-FUNDRAISERS-INFO,Fundraiser street address line 1,Foreign Address - AddressLine1,SCHED-G-PART-01-LINE-02B-COL-i,PZ,text,
SG_01_FUNDRAISER_ADDR_L2,SG_01_FUNDRAISER_ADDR_L2,SG-P01-T01-FUNDRAISERS-INFO,Fundraiser street address line 2,Foreign Address - AddressLine2,SCHED-G-PART-01-LINE-02B-COL-i,PZ,text,
SG_01_FUNDRAISER_ADDR_STATE,SG_01_FUNDRAISER_ADDR_STATE,SG-P01-T01-FUNDRAISERS-INFO,Fundraiser state,Province or state,SCHED-G-PART-01-LINE-02B-COL-i,PZ,text,
SG_01_FUNDRAISER_ADDR_ZIP,SG_01_FUNDRAISER_ADDR_ZIP,SG-P01-T01-FUNDRAISERS-INFO,Fundraiser zip,Foreign Address - Postal code,SCHED-G-PART-01-LINE-02B-COL-i,PZ,text,
SG_01_FUNDRAISER_NAME_INDIV,SG_01_FUNDRAISER_NAME_INDIV,SG-P01-T01-FUNDRAISERS-INFO,Fundraiser person name,Name of individual,SCHED-G-PART-01-LINE-02B-COL-i,PZ,text,
SG_01_FUNDRAISER_NAME_ORG_L1,SG_01_FUNDRAISER_NAME_ORG_L1,SG-P01-T01-FUNDRAISERS-INFO,Fundraiser organization name line 1,Business Name - BusinessNameLine1,SCHED-G-PART-01-LINE-02B-COL-i,PZ,text,
SG_01_FUNDRAISER_NAME_ORG_L2,SG_01_FUNDRAISER_NAME_ORG_L2,SG-P01-T01-FUNDRAISERS-INFO,Fundraiser organization name line 2,Business Name - BusinessNameLine2,SCHED-G-PART-01-LINE-02B-COL-i,PZ,text,
SG_01_FUNDRAISER_ACT,SG_01_FUNDRAISER_ACT,SG-P01-T01-FUNDRAISERS-INFO,Fundraising activity,Fundraiser Activity Information - Activity,SCHED-G-PART-01-LINE-02B-COL-ii,PZ,text,
SG_01_FUNDRAISER_CTRL_FUND_X,SG_01_FUNDRAISER_CTRL_FUND_X,SG-P01-T01-FUNDRAISERS-INFO,Fundraiser had custody or control of contributions [x],Fundraiser control of funds?,SCHED-G-PART-01-LINE-02B-COL-iii,PZ,checkbox,
SG_01_FUNDRAISER_ACT_GRORCPT,SG_01_FUNDRAISER_ACT_GRORCPT,SG-P01-T01-FUNDRAISERS-INFO,Gross receipts from fundraising activity,Gross receipts from activity,SCHED-G-PART-01-LINE-02B-COL-iv,PZ,numeric,
SG_01_FUNDRAISER_AMT_PAID,SG_01_FUNDRAISER_AMT_PAID,SG-P01-T01-FUNDRAISERS-INFO,Amount paid to or retained by fundraiser,Amount paid to (or retained by) fundraiser listed in (i),SCHED-G-PART-01-LINE-02B-COL-v,PZ,numeric,
SG_01_FUNDRAISER_AMT_ORG,SG_01_FUNDRAISER_AMT_ORG,SG-P01-T01-FUNDRAISERS-INFO,Amount paid to or retained by organization,Amount paid to (or retained by) organization,SCHED-G-PART-01-LINE-02B-COL-vi,PZ,numeric,
SG_02_FUNDR_EVNT_REV_GRORCPT_TOT,SG_02_FUNDR_EVNT_REV_GRORCPT_TOT,SG-P02-T00-FUNDRAISING-EVENTS,Total gross receipts for fundraising events,Gross receipts; total,SCHED-G-PART-02-LINE-01-COL-D,PZ,numeric,
SG_02_FUNDR_EVNT_REV_CONTR_TOT,SG_02_FUNDR_EVNT_REV_CONTR_TOT,SG-P02-T00-FUNDRAISING-EVENTS,Total contributions for fundraising events,Charitable contributions; total,SCHED-G-PART-02-LINE-02-COL-D,PZ,numeric,
SG_02_FUNDR_EVNT_REV_GRO_TOT,SG_02_FUNDR_EVNT_REV_GRO_TOT,SG-P02-T00-FUNDRAISING-EVENTS,Total gross income for fundraising events,Gross revenue; total,SCHED-G-PART-02-LINE-03-COL-D,PZ,numeric,
SG_02_FUNDR_EVNT_EXP_CASH_TOT,SG_02_FUNDR_EVNT_EXP_CASH_TOT,SG-P02-T00-FUNDRAISING-EVENTS,Total cash prizes for fundraising events,Cash prizes; total,SCHED-G-PART-02-LINE-04-COL-D,PZ,numeric,
SG_02_FUNDR_EVNT_EXP_NONCSH_TOT,SG_02_FUNDR_EVNT_EXP_NONCSH_TOT,SG-P02-T00-FUNDRAISING-EVENTS,Total noncash prizes for fundraising events,Non-cash prizes; total,SCHED-G-PART-02-LINE-05-COL-D,PZ,numeric,
SG_02_FUNDR_EVNT_EXP_RENT_TOT,SG_02_FUNDR_EVNT_EXP_RENT_TOT,SG-P02-T00-FUNDRAISING-EVENTS,Total rent/facility costs for fundraising events,Rent or facility costs; total,SCHED-G-PART-02-LINE-06-COL-D,PZ,numeric,
SG_02_FUNDR_EVNT_EXP_FOOD_TOT,SG_02_FUNDR_EVNT_EXP_FOOD_TOT,SG-P02-T00-FUNDRAISING-EVENTS,Total food and beverages for fundraising events,Food and beverage costs; total,SCHED-G-PART-02-LINE-07-COL-D,PZ,numeric,
SG_02_FUNDR_EVNT_EXP_ENTMT_TOT,SG_02_FUNDR_EVNT_EXP_ENTMT_TOT,SG-P02-T00-FUNDRAISING-EVENTS,Total entertainment for fundraising events,Entertainment costs; total,SCHED-G-PART-02-LINE-08-COL-D,PZ,numeric,
SG_02_FUNDR_EVNT_EXP_OTH_TOT,SG_02_FUNDR_EVNT_EXP_OTH_TOT,SG-P02-T00-FUNDRAISING-EVENTS,Total other direct expenses for fundraising events,Other direct expenses; total,SCHED-G-PART-02-LINE-09-COL-D,PZ,numeric,
SG_02_FUNDR_EVNT_EXP_SUMMARY_TOT,SG_02_FUNDR_EVNT_EXP_SUMMARY_TOT,SG-P02-T00-FUNDRAISING-EVENTS,Direct expense summary,Direct expense summary,SCHED-G-PART-02-LINE-10-COL-D,PZ,numeric,
SG_02_FUNDR_EVNT_NET_INCOME_TOT,SG_02_FUNDR_EVNT_NET_INCOME_TOT,SG-P02-T00-FUNDRAISING-EVENTS,Net income summary,Net income summary,SCHED-G-PART-02-LINE-11-COL-D,PZ,numeric,
SG_02_FUNDR_EVNT_1_NAME,SG_02_FUNDR_EVNT_1_NAME,SG-P02-T01-FUNDRAISING-EVENTS,Name of fundraising event 1,Name of event no.1,SCHED-G-PART-02-LINE-00-COL-A,PZ,text,
SG_02_FUNDR_EVNT_2_NAME,SG_02_FUNDR_EVNT_2_NAME,SG-P02-T01-FUNDRAISING-EVENTS,Name of fundraising event 2,Name of event no.2,SCHED-G-PART-02-LINE-00-COL-B,PZ,text,
SG_02_FUNDR_EVNT_OTH_TOT_NUM,SG_02_FUNDR_EVNT_OTH_TOT_NUM,SG-P02-T01-FUNDRAISING-EVENTS,Number of other fundraising events,Other events: total number,SCHED-G-PART-02-LINE-00-COL-C,PZ,numeric,
SG_02_FUNDR_EVNT_REV_GRORCPT_1,SG_02_FUNDR_EVNT_REV_GRORCPT_1,SG-P02-T01-FUNDRAISING-EVENTS,Gross receipts for fundraising event 1,Gross receipts; event no.1,SCHED-G-PART-02-LINE-01-COL-A,PZ,numeric,
SG_02_FUNDR_EVNT_REV_GRORCPT_2,SG_02_FUNDR_EVNT_REV_GRORCPT_2,SG-P02-T01-FUNDRAISING-EVENTS,Gross receipts for fundraising event 2,Gross receipts; event no.2,SCHED-G-PART-02-LINE-01-COL-B,PZ,numeric,
SG_02_FUNDR_EVNT_REV_GRORCPT_OTH,SG_02_FUNDR_EVNT_REV_GRORCPT_OTH,SG-P02-T01-FUNDRAISING-EVENTS,Gross receipts for other fundraising events,Gross receipts; other events,SCHED-G-PART-02-LINE-01-COL-C,PZ,numeric,
SG_02_FUNDR_EVNT_REV_CONTR_1,SG_02_FUNDR_EVNT_REV_CONTR_1,SG-P02-T01-FUNDRAISING-EVENTS,Contributions for fundraising event 1,Charitable contributions; event no.1,SCHED-G-PART-02-LINE-02-COL-A,PZ,numeric,
SG_02_FUNDR_EVNT_REV_CONTR_2,SG_02_FUNDR_EVNT_REV_CONTR_2,SG-P02-T01-FUNDRAISING-EVENTS,Contributions for fundraising event 2,Charitable contributions; event no.2,SCHED-G-PART-02-LINE-02-COL-B,PZ,numeric,
SG_02_FUNDR_EVNT_REV_CONTR_OTH,SG_02_FUNDR_EVNT_REV_CONTR_OTH,SG-P02-T01-FUNDRAISING-EVENTS,Contributions for other fundraising events,Charitable contributions; other events,SCHED-G-PART-02-LINE-02-COL-C,PZ,numeric,
SG_02_FUNDR_EVNT_REV_GRO_1,SG_02_FUNDR_EVNT_REV_GRO_1,SG-P02-T01-FUNDRAISING-EVENTS,Gross income for fundraising event 1,Gross revenue; event no.1,SCHED-G-PART-02-LINE-03-COL-A,PZ,numeric,
SG_02_FUNDR_EVNT_REV_GRO_2,SG_02_FUNDR_EVNT_REV_GRO_2,SG-P02-T01-FUNDRAISING-EVENTS,Gross income for fundraising event 2,Gross revenue; event no.2,SCHED-G-PART-02-LINE-03-COL-B,PZ,numeric,
SG_02_FUNDR_EVNT_REV_GRO_OTH,SG_02_FUNDR_EVNT_REV_GRO_OTH,SG-P02-T01-FUNDRAISING-EVENTS,Gross income for other fundraising events,Gross revenue; other events,SCHED-G-PART-02-LINE-03-COL-C,PZ,numeric,
SG_02_FUNDR_EVNT_EXP_CASH_1,SG_02_FUNDR_EVNT_EXP_CASH_1,SG-P02-T01-FUNDRAISING-EVENTS,Cash prizes for fundraising event 1,Cash prizes; event no.1,SCHED-G-PART-02-LINE-04-COL-A,PZ,numeric,
SG_02_FUNDR_EVNT_EXP_CASH_2,SG_02_FUNDR_EVNT_EXP_CASH_2,SG-P02-T01-FUNDRAISING-EVENTS,Cash prizes for fundraising event 2,Cash prizes; event no.2,SCHED-G-PART-02-LINE-04-COL-B,PZ,numeric,
SG_02_FUNDR_EVNT_EXP_CASH_OTH,SG_02_FUNDR_EVNT_EXP_CASH_OTH,SG-P02-T01-FUNDRAISING-EVENTS,Cash prizes for other fundraising events,Cash prizes; other events,SCHED-G-PART-02-LINE-04-COL-C,PZ,numeric,
SG_02_FUNDR_EVNT_EXP_NONCSH_1,SG_02_FUNDR_EVNT_EXP_NONCSH_1,SG-P02-T01-FUNDRAISING-EVENTS,Noncash prizes for fundraising event 1,Non-cash prizes; event no.1,SCHED-G-PART-02-LINE-05-COL-A,PZ,numeric,
SG_02_FUNDR_EVNT_EXP_NONCSH_2,SG_02_FUNDR_EVNT_EXP_NONCSH_2,SG-P02-T01-FUNDRAISING-EVENTS,Noncash prizes for fundraising event 2,Non-cash prizes; event no.2,SCHED-G-PART-02-LINE-05-COL-B,PZ,numeric,
SG_02_FUNDR_EVNT_EXP_NONCSH_OTH,SG_02_FUNDR_EVNT_EXP_NONCSH_OTH,SG-P02-T01-FUNDRAISING-EVENTS,Noncash prizes for other fundraising events,Non-cash prizes; other events,SCHED-G-PART-02-LINE-05-COL-C,PZ,numeric,
SG_02_FUNDR_EVNT_EXP_RENT_1,SG_02_FUNDR_EVNT_EXP_RENT_1,SG-P02-T01-FUNDRAISING-EVENTS,Rent/facility costs for fundraising event 1,Rent or facility costs; event no.1,SCHED-G-PART-02-LINE-06-COL-A,PZ,numeric,
SG_02_FUNDR_EVNT_EXP_RENT_2,SG_02_FUNDR_EVNT_EXP_RENT_2,SG-P02-T01-FUNDRAISING-EVENTS,Rent/facility costs for fundraising event 2,Rent or facility costs; event no.2,SCHED-G-PART-02-LINE-06-COL-B,PZ,numeric,
SG_02_FUNDR_EVNT_EXP_RENT_OTH,SG_02_FUNDR_EVNT_EXP_RENT_OTH,SG-P02-T01-FUNDRAISING-EVENTS,Rent/facility costs for other fundraising events,Rent or facility costs; other events,SCHED-G-PART-02-LINE-06-COL-C,PZ,numeric,
SG_02_FUNDR_EVNT_EXP_FOOD_1,SG_02_FUNDR_EVNT_EXP_FOOD_1,SG-P02-T01-FUNDRAISING-EVENTS,Food and beverages for fundraising event 1,Food and beverage expenses; event no.1,SCHED-G-PART-02-LINE-07-COL-A,PZ,numeric,
SG_02_FUNDR_EVNT_EXP_FOOD_2,SG_02_FUNDR_EVNT_EXP_FOOD_2,SG-P02-T01-FUNDRAISING-EVENTS,Food and beverages for fundraising event 2,Food and beverage expenses; event no.2,SCHED-G-PART-02-LINE-07-COL-B,PZ,numeric,
SG_02_FUNDR_EVNT_EXP_FOOD_OTH,SG_02_FUNDR_EVNT_EXP_FOOD_OTH,SG-P02-T01-FUNDRAISING-EVENTS,Food and beverages for other fundraising events,Food and beverage expenses; other events,SCHED-G-PART-02-LINE-07-COL-C,PZ,numeric,
SG_02_FUNDR_EVNT_EXP_ENTMT_1,SG_02_FUNDR_EVNT_EXP_ENTMT_1,SG-P02-T01-FUNDRAISING-EVENTS,Entertainment for fundraising event 1,Entertainment expenses; event no.1,SCHED-G-PART-02-LINE-08-COL-A,PZ,numeric,
SG_02_FUNDR_EVNT_EXP_ENTMT_2,SG_02_FUNDR_EVNT_EXP_ENTMT_2,SG-P02-T01-FUNDRAISING-EVENTS,Entertainment for fundraising event 2,Entertainment expenses; event no.2,SCHED-G-PART-02-LINE-08-COL-B,PZ,numeric,
SG_02_FUNDR_EVNT_EXP_ENTMT_OTH,SG_02_FUNDR_EVNT_EXP_ENTMT_OTH,SG-P02-T01-FUNDRAISING-EVENTS,Entertainment for other fundraising events,Entertainment expenses; other events,SCHED-G-PART-02-LINE-08-COL-C,PZ,numeric,
SG_02_FUNDR_EVNT_EXP_OTH_1,SG_02_FUNDR_EVNT_EXP_OTH_1,SG-P02-T01-FUNDRAISING-EVENTS,Other direct expenses for fundraising event 1,Other direct expenses; event no.1,SCHED-G-PART-02-LINE-09-COL-A,PZ,numeric,
SG_02_FUNDR_EVNT_EXP_OTH_2,SG_02_FUNDR_EVNT_EXP_OTH_2,SG-P02-T01-FUNDRAISING-EVENTS,Other direct expenses for fundraising event 2,Other direct expenses; event no.2,SCHED-G-PART-02-LINE-09-COL-B,PZ,numeric,
SG_02_FUNDR_EVNT_EXP_OTH_OTH,SG_02_FUNDR_EVNT_EXP_OTH_OTH,SG-P02-T01-FUNDRAISING-EVENTS,Other direct expenses for other fundraising events,Other direct expenses; other events,SCHED-G-PART-02-LINE-09-COL-C,PZ,numeric,
SG_03_GAMING_REV_GRO_BINGO,SG_03_GAMING_REV_GRO_BINGO,SG-P03-T00-GAMING,Gross revenue from bingo,Gross revenue; bingo,SCHED-G-PART-03-LINE-01-COL-A,PZ,numeric,
SG_03_GAMING_REV_GRO_PTAB,SG_03_GAMING_REV_GRO_PTAB,SG-P03-T00-GAMING,Gross revenue from pull tabs/instant bingo/progressive bingo,Gross revenue; pull tabs,SCHED-G-PART-03-LINE-01-COL-B,PZ,numeric,
SG_03_GAMING_REV_GRO_OTH,SG_03_GAMING_REV_GRO_OTH,SG-P03-T00-GAMING,Gross revenue from other gaming,Gross revenue; other gaming,SCHED-G-PART-03-LINE-01-COL-C,PZ,numeric,
SG_03_GAMING_REV_GRO_TOT,SG_03_GAMING_REV_GRO_TOT,SG-P03-T00-GAMING,Total gross revenue from gaming,Gross revenue; total,SCHED-G-PART-03-LINE-01-COL-D,PZ,numeric,
SG_03_GAMING_EXP_CASH_BINGO,SG_03_GAMING_EXP_CASH_BINGO,SG-P03-T00-GAMING,Cash prizes from bingo,Cash prizes; bingo,SCHED-G-PART-03-LINE-02-COL-A,PZ,numeric,
SG_03_GAMING_EXP_CASH_PTAP,SG_03_GAMING_EXP_CASH_PTAP,SG-P03-T00-GAMING,Cash prizes from pull tabs/instant bingo/progressive bingo,Cash prizes; pull tabs,SCHED-G-PART-03-LINE-02-COL-B,PZ,numeric,
SG_03_GAMING_EXP_CASH_OTH,SG_03_GAMING_EXP_CASH_OTH,SG-P03-T00-GAMING,Cash prizes from other gaming,Cash prizes; other gaming,SCHED-G-PART-03-LINE-02-COL-C,PZ,numeric,
SG_03_GAMING_EXP_CASH_TOT,SG_03_GAMING_EXP_CASH_TOT,SG-P03-T00-GAMING,Total cash prizes from gaming,Cash prizes; total,SCHED-G-PART-03-LINE-02-COL-D,PZ,numeric,
SG_03_GAMING_EXP_NONCSH_BINGO,SG_03_GAMING_EXP_NONCSH_BINGO,SG-P03-T00-GAMING,Noncash prizes from bingo,Non-cash prizes; bingo,SCHED-G-PART-03-LINE-03-COL-A,PZ,numeric,
SG_03_GAMING_EXP_NONCSH_PTAP,SG_03_GAMING_EXP_NONCSH_PTAP,SG-P03-T00-GAMING,Noncash prizes from pull tabs/instant bingo/progressive bingo,Non-cash prizes; pull tabs,SCHED-G-PART-03-LINE-03-COL-B,PZ,numeric,
SG_03_GAMING_EXP_NONCSH_OTH,SG_03_GAMING_EXP_NONCSH_OTH,SG-P03-T00-GAMING,Noncash prizes from other gaming,Non-cash prizes; other gaming,SCHED-G-PART-03-LINE-03-COL-C,PZ,numeric,
SG_03_GAMING_EXP_NONCSH_TOT,SG_03_GAMING_EXP_NONCSH_TOT,SG-P03-T00-GAMING,Total noncash prizes from gaming,Non-cash prizes; total,SCHED-G-PART-03-LINE-03-COL-D,PZ,numeric,
SG_03_GAMING_EXP_RENT_BINGO,SG_03_GAMING_EXP_RENT_BINGO,SG-P03-T00-GAMING,Rent/facility costs from bingo,Rent or facility costs; bingo,SCHED-G-PART-03-LINE-04-COL-A,PZ,numeric,
SG_03_GAMING_EXP_RENT_PTAP,SG_03_GAMING_EXP_RENT_PTAP,SG-P03-T00-GAMING,Rent/facility costs from pull tabs/instant bingo/progressive bingo,Rent or facility costs; pull tabs,SCHED-G-PART-03-LINE-04-COL-B,PZ,numeric,
SG_03_GAMING_EXP_RENT_OTH,SG_03_GAMING_EXP_RENT_OTH,SG-P03-T00-GAMING,Rent/facility costs from other gaming,Rent or facility costs; other gaming,SCHED-G-PART-03-LINE-04-COL-C,PZ,numeric,
SG_03_GAMING_EXP_RENT_TOT,SG_03_GAMING_EXP_RENT_TOT,SG-P03-T00-GAMING,Total rent/facility costs from gaming,Rent or facility costs; total,SCHED-G-PART-03-LINE-04-COL-D,PZ,numeric,
SG_03_GAMING_EXP_OTH_BINGO,SG_03_GAMING_EXP_OTH_BINGO,SG-P03-T00-GAMING,Other direct expenses from bingo,Other direct expenses; bingo,SCHED-G-PART-03-LINE-05-COL-A,PZ,numeric,
SG_03_GAMING_EXP_OTH_PTAP,SG_03_GAMING_EXP_OTH_PTAP,SG-P03-T00-GAMING,Other direct expenses from pull tabs/instant bingo/progressive bingo,Other direct expenses; pull tabs,SCHED-G-PART-03-LINE-05-COL-B,PZ,numeric,
SG_03_GAMING_EXP_OTH_OTH,SG_03_GAMING_EXP_OTH_OTH,SG-P03-T00-GAMING,Other direct expenses from other gaming,Other direct expenses; other gaming,SCHED-G-PART-03-LINE-05-COL-C,PZ,numeric,
SG_03_GAMING_EXP_OTH_TOT,SG_03_GAMING_EXP_OTH_TOT,SG-P03-T00-GAMING,Total other direct expenses from gaming,Other direct expenses; total,SCHED-G-PART-03-LINE-05-COL-D,PZ,numeric,
SG_03_GAMING_VOL_BINGO_X,SG_03_GAMING_VOL_BINGO_X,SG-P03-T00-GAMING,Volunteer labor for bingo [x],volunteer labor; bingo,SCHED-G-PART-03-LINE-06-COL-A,PZ,checkbox,
SG_03_GAMING_VOL_PCT_BINGO,SG_03_GAMING_VOL_PCT_BINGO,SG-P03-T00-GAMING,Volunteer labor percentage for bingo,volunteer labor percentage; bingo,SCHED-G-PART-03-LINE-06-COL-A,PZ,numeric,
SG_03_GAMING_VOL_PCT_PTAP,SG_03_GAMING_VOL_PCT_PTAP,SG-P03-T00-GAMING,Volunteer labor percentage for pull tabs/instant bingo/progressive bingo,volunteer labor percentage; pull tabs,SCHED-G-PART-03-LINE-06-COL-B,PZ,numeric,
SG_03_GAMING_VOL_PTAP_X,SG_03_GAMING_VOL_PTAP_X,SG-P03-T00-GAMING,Volunteer labor for pull tabs/instant bingo/progressive bingo [x],volunteer labor; pull tabs,SCHED-G-PART-03-LINE-06-COL-B,PZ,checkbox,
SG_03_GAMING_VOL_OTH_X,SG_03_GAMING_VOL_OTH_X,SG-P03-T00-GAMING,Volunteer labor for other gaming [x],volunteer labor; other gaming,SCHED-G-PART-03-LINE-06-COL-C,PZ,checkbox,
SG_03_GAMING_VOL_PCT_OTH,SG_03_GAMING_VOL_PCT_OTH,SG-P03-T00-GAMING,Volunteer labor percentage for other gaming,volunteer labor percentage; other gaming,SCHED-G-PART-03-LINE-06-COL-C,PZ,numeric,
SG_03_GAMING_EXP_SUMMARY_TOT,SG_03_GAMING_EXP_SUMMARY_TOT,SG-P03-T00-GAMING,Direct expense summary,Direct expense summary,SCHED-G-PART-03-LINE-07-COL-D,PZ,numeric,
SG_03_GAMING_NET_INCOME_TOT,SG_03_GAMING_NET_INCOME_TOT,SG-P03-T00-GAMING,Net income summary,Net gaming income summary,SCHED-G-PART-03-LINE-08-COL-D,PZ,numeric,
SG_03_STATES_GAMING_CONDUCTED,SG_03_STATES_GAMING_CONDUCTED,SG-P03-T00-GAMING,State(s) in which the organization conducts gaming activities,Enter state where organization conducts gaming activities,SCHED-G-PART-03-LINE-09,PZ,text,TRUE
SG_03_GAMING_LIC_X,SG_03_GAMING_LIC_X,SG-P03-T00-GAMING,Organization is licensed to conduct gaming activities in each state in which is conducts these activities [x],Is organization licensed in each state?,SCHED-G-PART-03-LINE-09A,PZ,checkbox,
SG_03_GAMING_NO_LIC_EXPLANATION,SG_03_GAMING_NO_LIC_EXPLANATION,SG-P03-T00-GAMING,Explanation if the organization is not licensed to conduct gaming in activities in each state in which it conducts these activities,Explanation if no license,SCHED-G-PART-03-LINE-09B,PZ,text,
SG_03_GAMING_LIC_SUSPENDED_X,SG_03_GAMING_LIC_SUSPENDED_X,SG-P03-T00-GAMING,"Any of the org's gaming licenses were revoked, suspended, or terminated [x]",Were any gaming licenses revoked; suspended; or terminated during the tax year?,SCHED-G-PART-03-LINE-10A,PZ,checkbox,
SG_03_LIC_SUSPENDED_EXPLANATION,SG_03_LIC_SUSPENDED_EXPLANATION,SG-P03-T00-GAMING,"Explanation if any of the org's gaming licenses were revoked, suspended, or terminated",Explanation if license revoked; suspended; or termination,SCHED-G-PART-03-LINE-10B,PZ,text,
SG_03_GAMING_NONMEMB_X,SG_03_GAMING_NONMEMB_X,SG-P03-T00-GAMING,Conducts gaming activities with nonmembers [x],Does organization operate gaming activities with nonmembers?,SCHED-G-PART-03-LINE-11,PZ,checkbox,
SG_03_GAMING_MEMB_OTH_ENTITY_X,SG_03_GAMING_MEMB_OTH_ENTITY_X,SG-P03-T00-GAMING,"Is a grantor, beneficiary, or trustee of an entity formed to administer charitable gaming [x]",Is organization formed to administer charitable gaming?,SCHED-G-PART-03-LINE-12,PZ,checkbox,
SG_03_PCT_GAMING_OWN_FACILITY,SG_03_PCT_GAMING_OWN_FACILITY,SG-P03-T00-GAMING,Percentage of gaming activity conducted in the org's facility,Percentage of gaming in own facility,SCHED-G-PART-03-LINE-13A,PZ,numeric,
SG_03_PCT_GAMING_OTH_FACILITY,SG_03_PCT_GAMING_OTH_FACILITY,SG-P03-T00-GAMING,Percentage of gaming activity conducted in an outside facility,Percentage of gaming in other facility,SCHED-G-PART-03-LINE-13B,PZ,numeric,
SG_03_GRK_ADDR_CITY,SG_03_GRK_ADDR_CITY,SG-P03-T00-GAMING,Preparer of gaming/special events books and records - city,Persons With Books Foreign Address - City,SCHED-G-PART-03-LINE-14,PZ,text,
SG_03_GRK_ADDR_CNTR,SG_03_GRK_ADDR_CNTR,SG-P03-T00-GAMING,Preparer of gaming/special events books and records - country,Persons With Books Foreign Address - Country,SCHED-G-PART-03-LINE-14,PZ,text,
SG_03_GRK_ADDR_L1,SG_03_GRK_ADDR_L1,SG-P03-T00-GAMING,Preparer of gaming/special events books and records - street address line 1,Address Of Gaming Rec Keeper Frgn - AddressLine1,SCHED-G-PART-03-LINE-14,PZ,text,
SG_03_GRK_ADDR_L2,SG_03_GRK_ADDR_L2,SG-P03-T00-GAMING,Preparer of gaming/special events books and records - street address line 2,Address Of Gaming Rec Keeper Frgn - AddressLine2,SCHED-G-PART-03-LINE-14,PZ,text,
SG_03_GRK_ADDR_STATE,SG_03_GRK_ADDR_STATE,SG-P03-T00-GAMING,Preparer of gaming/special events books and records - state,Province or state,SCHED-G-PART-03-LINE-14,PZ,text,
SG_03_GRK_ADDR_ZIP,SG_03_GRK_ADDR_ZIP,SG-P03-T00-GAMING,Preparer of gaming/special events books and records - zip,Persons With Books Foreign Address - Postal code,SCHED-G-PART-03-LINE-14,PZ,text,
SG_03_GRK_NAME_ORG_L1,SG_03_GRK_NAME_ORG_L1,SG-P03-T00-GAMING,Preparer of gaming/special events books and records - organization name line 1,Name Of Gaming Rec Keeper Bus - BusinessNameLine1,SCHED-G-PART-03-LINE-14,PZ,text,
SG_03_GRK_NAME_ORG_L2,SG_03_GRK_NAME_ORG_L2,SG-P03-T00-GAMING,Preparer of gaming/special events books and records - organization name line 2,Name Of Gaming Rec Keeper Bus - BusinessNameLine2,SCHED-G-PART-03-LINE-14,PZ,text,
SG_03_GRK_NAME_PERS,SG_03_GRK_NAME_PERS,SG-P03-T00-GAMING,Preparer of gaming/special events books and records - person name,Person name of gaming records keeper,SCHED-G-PART-03-LINE-14,PZ,text,
SG_03_KONTR_3RD_PARTY_X,SG_03_KONTR_3RD_PARTY_X,SG-P03-T00-GAMING,Has a contract with a third party from whom the organization receives gaming revenue [x],Is there a third party contract for gaming revenue?,SCHED-G-PART-03-LINE-15A,PZ,checkbox,
SG_03_AMT_GAMING_REV_3RD_PARTY,SG_03_AMT_GAMING_REV_3RD_PARTY,SG-P03-T00-GAMING,Amount of gaming revenue received by the org,Amount of gaming revenue retained by 3rd party,SCHED-G-PART-03-LINE-15B,PZ,numeric,
SG_03_AMT_GAMING_REV_ORG,SG_03_AMT_GAMING_REV_ORG,SG-P03-T00-GAMING,Amount of gaming revenue received by the third party,Amount of gaming revenue received by organization,SCHED-G-PART-03-LINE-15B,PZ,numeric,
SG_03_THIRD_PARTY_ADDR_CITY,SG_03_THIRD_PARTY_ADDR_CITY,SG-P03-T00-GAMING,Thirty party - city,Third Party Foreign Address - City,SCHED-G-PART-03-LINE-15C,PZ,text,
SG_03_THIRD_PARTY_ADDR_CNTR,SG_03_THIRD_PARTY_ADDR_CNTR,SG-P03-T00-GAMING,Thirty party - country,Third Party Foreign Address - Country,SCHED-G-PART-03-LINE-15C,PZ,text,
SG_03_THIRD_PARTY_ADDR_L1,SG_03_THIRD_PARTY_ADDR_L1,SG-P03-T00-GAMING,Thirty party - street address line 1,Address Of Third Party Foreign - AddressLine1,SCHED-G-PART-03-LINE-15C,PZ,text,
SG_03_THIRD_PARTY_ADDR_L2,SG_03_THIRD_PARTY_ADDR_L2,SG-P03-T00-GAMING,Thirty party - street address line 2,Address Of Third Party Foreign - AddressLine2,SCHED-G-PART-03-LINE-15C,PZ,text,
SG_03_THIRD_PARTY_ADDR_STATE,SG_03_THIRD_PARTY_ADDR_STATE,SG-P03-T00-GAMING,Thirty party - state,Province or state,SCHED-G-PART-03-LINE-15C,PZ,text,
SG_03_THIRD_PARTY_ADDR_ZIP,SG_03_THIRD_PARTY_ADDR_ZIP,SG-P03-T00-GAMING,Thirty party - zip,Third Party Foreign Address - Postal code,SCHED-G-PART-03-LINE-15C,PZ,text,
SG_03_THIRD_PARTY_NAME_ORG_L1,SG_03_THIRD_PARTY_NAME_ORG_L1,SG-P03-T00-GAMING,Thirty party - organization name line 1,Business Name - BusinessNameLine1,SCHED-G-PART-03-LINE-15C,PZ,text,
SG_03_THIRD_PARTY_NAME_ORG_L2,SG_03_THIRD_PARTY_NAME_ORG_L2,SG-P03-T00-GAMING,Thirty party - organization name line 2,Business Name - BusinessNameLine2,SCHED-G-PART-03-LINE-15C,PZ,text,
SG_03_THIRD_PARTY_NAME_PERS,SG_03_THIRD_PARTY_NAME_PERS,SG-P03-T00-GAMING,Thirty party - person name,Person name of third party,SCHED-G-PART-03-LINE-15C,PZ,text,
SG_03_GAMING_MGR_COMP,SG_03_GAMING_MGR_COMP,SG-P03-T00-GAMING,Gaming manager compensation,Gaming manager compensation,SCHED-G-PART-03-LINE-16,PZ,numeric,
SG_03_GAMING_MGR_DIR_OFF_X,SG_03_GAMING_MGR_DIR_OFF_X,SG-P03-T00-GAMING,Gaming manager is director/officer [x],Gaming manager is a director or officer,SCHED-G-PART-03-LINE-16,PZ,checkbox,
SG_03_GAMING_MGR_EMPL_X,SG_03_GAMING_MGR_EMPL_X,SG-P03-T00-GAMING,Gaming manager is employee [x],Gaming manager is an employee,SCHED-G-PART-03-LINE-16,PZ,checkbox,
SG_03_GAMING_MGR_KONTR_X,SG_03_GAMING_MGR_KONTR_X,SG-P03-T00-GAMING,Gaming manager is independent contractor [x],Gaming manager is an independent contractor,SCHED-G-PART-03-LINE-16,PZ,checkbox,
SG_03_GAMING_MGR_NAME_ORG_L1,SG_03_GAMING_MGR_NAME_ORG_L1,SG-P03-T00-GAMING,Gaming manager - organization name line 1,Business Name - BusinessNameLine1,SCHED-G-PART-03-LINE-16,PZ,text,
SG_03_GAMING_MGR_NAME_ORG_L2,SG_03_GAMING_MGR_NAME_ORG_L2,SG-P03-T00-GAMING,Gaming manager - organization name line 2,Business Name - BusinessNameLine2,SCHED-G-PART-03-LINE-16,PZ,text,
SG_03_GAMING_MGR_NAME_PERS,SG_03_GAMING_MGR_NAME_PERS,SG-P03-T00-GAMING,Gaming manager - person name,Gaming manager person name,SCHED-G-PART-03-LINE-16,PZ,text,
SG_03_GAMING_MGR_SVC_PROV,SG_03_GAMING_MGR_SVC_PROV,SG-P03-T00-GAMING,Gaming manager description of services provided,Gamaing manager services provided,SCHED-G-PART-03-LINE-16,PZ,text,
SG_03_CHARIT_DIST_REQ_X,SG_03_CHARIT_DIST_REQ_X,SG-P03-T00-GAMING,Required under state law to make charitable distributions from gaming proceeds to retain state gaming license [x],Charitable distributions required?,SCHED-G-PART-03-LINE-17A,PZ,checkbox,
SG_03_AMT_DIST,SG_03_AMT_DIST,SG-P03-T00-GAMING,Amount of distributions required under state law,Amount distributed,SCHED-G-PART-03-LINE-17B,PZ,numeric,
SG_04_EXPLANATION_TEXT,SG_04_EXPLANATION_TEXT,SG-P04-T99-SUPPLEMENTAL-INFO,Additional explanations,Form990 Schedule GPart IV - Explanation,SCHED-G-PART-04,PZ,text,
SG_04_FORM_LINE_REFERENCE,SG_04_FORM_LINE_REFERENCE,SG-P04-T99-SUPPLEMENTAL-INFO,"Form, part, and line number reference",Form; part and line number reference,SCHED-G-PART-04,PZ,text,
SG_04_IDENTIFIER,SG_04_IDENTIFIER,SG-P04-T99-SUPPLEMENTAL-INFO,Identifier,Form990 Schedule GPart IV - Identifier,SCHED-G-PART-04,PZ,text,
SG_04_RETURN_REFERENCE,SG_04_RETURN_REFERENCE,SG-P04-T99-SUPPLEMENTAL-INFO,Return reference,Return reference,SCHED-G-PART-04,PZ,text,
SH_01_FAP_X,SH_01_FAP_X,SH-P01-T00-FAP-COMMUNITY-BENEFIT-POLICY,Had a financial assistance policy [x],Charity care policy?,SCHED-H-PART-01-LINE-01A,PC,checkbox,
SH_01_FAP_WRITTEN_X,SH_01_FAP_WRITTEN_X,SH-P01-T00-FAP-COMMUNITY-BENEFIT-POLICY,Had a written financial assistance policy [x],Written policy?,SCHED-H-PART-01-LINE-01B,PC,checkbox,
SH_01_FAP_ALL_HOSPITAL_X,SH_01_FAP_ALL_HOSPITAL_X,SH-P01-T00-FAP-COMMUNITY-BENEFIT-POLICY,Financial assistance policy was applied uniformly to all hospital facilities [x],Policy applied to all hospitals,SCHED-H-PART-01-LINE-02,PC,checkbox,
SH_01_FAP_INDIV_HOSPITAL_X,SH_01_FAP_INDIV_HOSPITAL_X,SH-P01-T00-FAP-COMMUNITY-BENEFIT-POLICY,Financial assistance policy was generally tailored to individual hospital facilities [x],Policy tailored to individual hospitals,SCHED-H-PART-01-LINE-02,PC,checkbox,
SH_01_FAP_MOST_HOSPITAL_X,SH_01_FAP_MOST_HOSPITAL_X,SH-P01-T00-FAP-COMMUNITY-BENEFIT-POLICY,Financial assistance policy was applied uniformly to most hospital facilities [x],Policy applied to most hospitals,SCHED-H-PART-01-LINE-02,PC,checkbox,
SH_01_FPG_FREE_CARE_PCT_100_X,SH_01_FPG_FREE_CARE_PCT_100_X,SH-P01-T00-FAP-COMMUNITY-BENEFIT-POLICY,Used 100% of federal poverty guidelines as the family income limit in determining eligibility for providing free care [x],IRS990 Schedule H - 100%,SCHED-H-PART-01-LINE-03A,PC,checkbox,
SH_01_FPG_FREE_CARE_PCT_150_X,SH_01_FPG_FREE_CARE_PCT_150_X,SH-P01-T00-FAP-COMMUNITY-BENEFIT-POLICY,Used 150% of federal poverty guidelines as the family income limit in determining eligibility for providing free care [x],IRS990 Schedule H - 150%,SCHED-H-PART-01-LINE-03A,PC,checkbox,
SH_01_FPG_FREE_CARE_PCT_200_X,SH_01_FPG_FREE_CARE_PCT_200_X,SH-P01-T00-FAP-COMMUNITY-BENEFIT-POLICY,Used 200% of federal poverty guidelines as the family income limit in determining eligibility for providing free care [x],IRS990 Schedule H - 200%,SCHED-H-PART-01-LINE-03A,PC,checkbox,
SH_01_FPG_FREE_CARE_PCT_OTH,SH_01_FPG_FREE_CARE_PCT_OTH,SH-P01-T00-FAP-COMMUNITY-BENEFIT-POLICY,Other percentage used as the family income limit in determining eligibility for providing free care,Free other percentage,SCHED-H-PART-01-LINE-03A,PC,numeric,
SH_01_FPG_FREE_CARE_PCT_OTH_X,SH_01_FPG_FREE_CARE_PCT_OTH_X,SH-P01-T00-FAP-COMMUNITY-BENEFIT-POLICY,Used another percentage of federal poverty guidelines as the family income limit in determining eligibility for providing free care [x],Free Care Pcent - Other,SCHED-H-PART-01-LINE-03A,PC,checkbox,
SH_01_FPG_FREE_CARE_X,SH_01_FPG_FREE_CARE_X,SH-P01-T00-FAP-COMMUNITY-BENEFIT-POLICY,Used the poverty guidelines as a factor in determining eligibility for providing free care [x],FPG reference free care?,SCHED-H-PART-01-LINE-03A,PC,checkbox,
SH_01_FPG_DCNT_CARE_PCT_200_X,SH_01_FPG_DCNT_CARE_PCT_200_X,SH-P01-T00-FAP-COMMUNITY-BENEFIT-POLICY,Used 200% of federal poverty guidelines as the family income limit in determining eligibility for providing discounted care [x],IRS990 Schedule H - 200%,SCHED-H-PART-01-LINE-03B,PC,checkbox,
SH_01_FPG_DCNT_CARE_PCT_250_X,SH_01_FPG_DCNT_CARE_PCT_250_X,SH-P01-T00-FAP-COMMUNITY-BENEFIT-POLICY,Used 250% of federal poverty guidelines as the family income limit in determining eligibility for providing discounted care [x],IRS990 Schedule H - 250%,SCHED-H-PART-01-LINE-03B,PC,checkbox,
SH_01_FPG_DCNT_CARE_PCT_300_X,SH_01_FPG_DCNT_CARE_PCT_300_X,SH-P01-T00-FAP-COMMUNITY-BENEFIT-POLICY,Used 300% of federal poverty guidelines as the family income limit in determining eligibility for providing discounted care [x],IRS990 Schedule H - 300%,SCHED-H-PART-01-LINE-03B,PC,checkbox,
SH_01_FPG_DCNT_CARE_PCT_350_X,SH_01_FPG_DCNT_CARE_PCT_350_X,SH-P01-T00-FAP-COMMUNITY-BENEFIT-POLICY,Used 350% of federal poverty guidelines as the family income limit in determining eligibility for providing discounted care [x],IRS990 Schedule H - 350%,SCHED-H-PART-01-LINE-03B,PC,checkbox,
SH_01_FPG_DCNT_CARE_PCT_400_X,SH_01_FPG_DCNT_CARE_PCT_400_X,SH-P01-T00-FAP-COMMUNITY-BENEFIT-POLICY,Used 400% of federal poverty guidelines as the family income limit in determining eligibility for providing discounted care [x],IRS990 Schedule H - 400%,SCHED-H-PART-01-LINE-03B,PC,checkbox,
SH_01_FPG_DCNT_CARE_PCT_OTH,SH_01_FPG_DCNT_CARE_PCT_OTH,SH-P01-T00-FAP-COMMUNITY-BENEFIT-POLICY,Other percentage used as the family income limit in determining eligibility for providing discounted care,Discounted other percentage,SCHED-H-PART-01-LINE-03B,PC,numeric,
SH_01_FPG_DCNT_CARE_PCT_OTH_X,SH_01_FPG_DCNT_CARE_PCT_OTH_X,SH-P01-T00-FAP-COMMUNITY-BENEFIT-POLICY,Used another percentage of federal poverty guidelines as the family income limit in determining eligibility for providing discounted care [x],Discounted Care Oth Percentage Grp - Other,SCHED-H-PART-01-LINE-03B,PC,checkbox,
SH_01_FPG_DCNT_CARE_X,SH_01_FPG_DCNT_CARE_X,SH-P01-T00-FAP-COMMUNITY-BENEFIT-POLICY,Used the poverty guidelines as a factor in determining eligibility for providing discounted care [x],FPG reference discounted care?,SCHED-H-PART-01-LINE-03B,PC,checkbox,
SH_01_FAP_FREE_DCNT_CARE_X,SH_01_FAP_FREE_DCNT_CARE_X,SH-P01-T00-FAP-COMMUNITY-BENEFIT-POLICY,Financial assistance policy that applied to largest number of patients provided for free or discounted care to the medically indigent [x],Free or discounted care to medically indigent?,SCHED-H-PART-01-LINE-04,PC,checkbox,
SH_01_FA_AMT_BUDGETED_CARE_X,SH_01_FA_AMT_BUDGETED_CARE_X,SH-P01-T00-FAP-COMMUNITY-BENEFIT-POLICY,Budgeted amounts for free or discounted care provided under financial assistance policy [x],Amounts budgeted for charity care?,SCHED-H-PART-01-LINE-05A,PC,checkbox,
SH_01_FA_EXP_EXCEED_BUDGET_X,SH_01_FA_EXP_EXCEED_BUDGET_X,SH-P01-T00-FAP-COMMUNITY-BENEFIT-POLICY,Financial assistance expenses exceeded the budgeted amount [x],Expenses exceeded budget?,SCHED-H-PART-01-LINE-05B,PC,checkbox,
SH_01_FA_UNAVBL_PROV_CARE_X,SH_01_FA_UNAVBL_PROV_CARE_X,SH-P01-T00-FAP-COMMUNITY-BENEFIT-POLICY,Was unable to provide free or discounted care to a patient who was eligible for free or discounted care [x],Unable to provide care?,SCHED-H-PART-01-LINE-05c,PC,checkbox,
SH_01_REP_ANNUAL_COM_BEN_X,SH_01_REP_ANNUAL_COM_BEN_X,SH-P01-T00-FAP-COMMUNITY-BENEFIT-POLICY,Prepared a community benefit report [x],Annual community benefit report?,SCHED-H-PART-01-LINE-06A,PC,checkbox,
SH_01_REP_AVBL_PUB_X,SH_01_REP_AVBL_PUB_X,SH-P01-T00-FAP-COMMUNITY-BENEFIT-POLICY,Made the community benefit report publicly available [x],Report publically available?,SCHED-H-PART-01-LINE-06B,PC,checkbox,
SH_01_FA_NUM_ACT_PROG,SH_01_FA_NUM_ACT_PROG,SH-P01-T00-FAP-COMMUNITY-BENEFIT-POLICY,Financial assistance at cost - number of activities or programs,Number of activities or programs,SCHED-H-PART-01-LINE-07A-COL-A,PC,numeric,
SH_01_FA_PERS_SERVED,SH_01_FA_PERS_SERVED,SH-P01-T00-FAP-COMMUNITY-BENEFIT-POLICY,Financial assistance at cost - persons served,Persons served,SCHED-H-PART-01-LINE-07A-COL-B,PC,numeric,
SH_01_FA_EXP_TOT_COM_BEN,SH_01_FA_EXP_TOT_COM_BEN,SH-P01-T00-FAP-COMMUNITY-BENEFIT-POLICY,Financial assistance at cost - total community benefit expense,Total community benefit expense,SCHED-H-PART-01-LINE-07A-COL-C,PC,numeric,
SH_01_FA_REV_DIRECT_OFFSET,SH_01_FA_REV_DIRECT_OFFSET,SH-P01-T00-FAP-COMMUNITY-BENEFIT-POLICY,Financial assistance at cost - direct offsetting revenue,Direct offsetting revenue,SCHED-H-PART-01-LINE-07A-COL-D,PC,numeric,
SH_01_FA_EXP_NET_COM_BEN,SH_01_FA_EXP_NET_COM_BEN,SH-P01-T00-FAP-COMMUNITY-BENEFIT-POLICY,Financial assistance at cost - net community benefit expense,Net community benefit expense,SCHED-H-PART-01-LINE-07A-COL-E,PC,numeric,
SH_01_FA_PCT_EXP_TOT,SH_01_FA_PCT_EXP_TOT,SH-P01-T00-FAP-COMMUNITY-BENEFIT-POLICY,Financial assistance at cost - percent of total expense,Percent of total expense,SCHED-H-PART-01-LINE-07A-COL-F,PC,numeric,
SH_01_MEDICAID_NUM_ACT_PROG,SH_01_MEDICAID_NUM_ACT_PROG,SH-P01-T00-FAP-COMMUNITY-BENEFIT-POLICY,Medicaid - number of activities or programs,Number of activities or programs,SCHED-H-PART-01-LINE-07B-COL-A,PC,numeric,
SH_01_MEDICAID_PERS_SERVED,SH_01_MEDICAID_PERS_SERVED,SH-P01-T00-FAP-COMMUNITY-BENEFIT-POLICY,Medicaid - persons served,Persons served,SCHED-H-PART-01-LINE-07B-COL-B,PC,numeric,
SH_01_MEDICAID_EXP_TOT_COM_BEN,SH_01_MEDICAID_EXP_TOT_COM_BEN,SH-P01-T00-FAP-COMMUNITY-BENEFIT-POLICY,Medicaid - total community benefit expense,Total community benefit expense,SCHED-H-PART-01-LINE-07B-COL-C,PC,numeric,
SH_01_MEDICAID_REV_DIRECT_OFFSET,SH_01_MEDICAID_REV_DIRECT_OFFSET,SH-P01-T00-FAP-COMMUNITY-BENEFIT-POLICY,Medicaid - direct offsetting revenue,Direct offsetting revenue,SCHED-H-PART-01-LINE-07B-COL-D,PC,numeric,
SH_01_MEDICAID_EXP_NET_COM_BEN,SH_01_MEDICAID_EXP_NET_COM_BEN,SH-P01-T00-FAP-COMMUNITY-BENEFIT-POLICY,Medicaid - net community benefit expense,Net community benefit expense,SCHED-H-PART-01-LINE-07B-COL-E,PC,numeric,
SH_01_MEDICAID_PCT_EXP_TOT,SH_01_MEDICAID_PCT_EXP_TOT,SH-P01-T00-FAP-COMMUNITY-BENEFIT-POLICY,Medicaid - percent of total expense,Percent of total expense,SCHED-H-PART-01-LINE-07B-COL-F,PC,numeric,
SH_01_MEAN_NUM_ACT_PROG,SH_01_MEAN_NUM_ACT_PROG,SH-P01-T00-FAP-COMMUNITY-BENEFIT-POLICY,Costs of other means-tested government programs - number of activities or programs,Number of activities or programs,SCHED-H-PART-01-LINE-07C-COL-A,PC,numeric,
SH_01_MEAN_PERS_SERVED,SH_01_MEAN_PERS_SERVED,SH-P01-T00-FAP-COMMUNITY-BENEFIT-POLICY,Costs of other means-tested government programs - persons served,Persons served,SCHED-H-PART-01-LINE-07C-COL-B,PC,numeric,
SH_01_MEAN_EXP_TOT_COM_BEN,SH_01_MEAN_EXP_TOT_COM_BEN,SH-P01-T00-FAP-COMMUNITY-BENEFIT-POLICY,Costs of other means-tested government programs - total community benefit expense,Total community benefit expense,SCHED-H-PART-01-LINE-07C-COL-C,PC,numeric,
SH_01_MEAN_REV_DIRECT_OFFSET,SH_01_MEAN_REV_DIRECT_OFFSET,SH-P01-T00-FAP-COMMUNITY-BENEFIT-POLICY,Costs of other means-tested government programs - direct offsetting revenue,Direct offsetting revenue,SCHED-H-PART-01-LINE-07C-COL-D,PC,numeric,
SH_01_MEAN_EXP_NET_COM_BEN,SH_01_MEAN_EXP_NET_COM_BEN,SH-P01-T00-FAP-COMMUNITY-BENEFIT-POLICY,Costs of other means-tested government programs - net community benefit expense,Net community benefit expense,SCHED-H-PART-01-LINE-07C-COL-E,PC,numeric,
SH_01_MEAN_PCT_EXP_TOT,SH_01_MEAN_PCT_EXP_TOT,SH-P01-T00-FAP-COMMUNITY-BENEFIT-POLICY,Costs of other means-tested government programs - percent of total expense,Percent of total expense,SCHED-H-PART-01-LINE-07C-COL-F,PC,numeric,
SH_01_TOT_FA_NUM_ACT_PROG,SH_01_TOT_FA_NUM_ACT_PROG,SH-P01-T00-FAP-COMMUNITY-BENEFIT-POLICY,Total financial assistance and means-tested government programs - number of activities or programs,Number of activities or programs,SCHED-H-PART-01-LINE-07D-COL-A,PC,numeric,
SH_01_TOT_FA_PERS_SERVED,SH_01_TOT_FA_PERS_SERVED,SH-P01-T00-FAP-COMMUNITY-BENEFIT-POLICY,Total financial assistance and means-tested government programs - persons served,Persons served,SCHED-H-PART-01-LINE-07D-COL-B,PC,numeric,
SH_01_TOT_FA_EXP_TOT_COM_BEN,SH_01_TOT_FA_EXP_TOT_COM_BEN,SH-P01-T00-FAP-COMMUNITY-BENEFIT-POLICY,Total financial assistance and means-tested government programs - total community benefit expense,Total community benefit expense,SCHED-H-PART-01-LINE-07D-COL-C,PC,numeric,
SH_01_TOT_FA_REV_DIRECT_OFFSET,SH_01_TOT_FA_REV_DIRECT_OFFSET,SH-P01-T00-FAP-COMMUNITY-BENEFIT-POLICY,Total financial assistance and means-tested government programs - direct offsetting revenue,Direct offsetting revenue,SCHED-H-PART-01-LINE-07D-COL-D,PC,numeric,
SH_01_TOT_FA_EXP_NET_COM_BEN,SH_01_TOT_FA_EXP_NET_COM_BEN,SH-P01-T00-FAP-COMMUNITY-BENEFIT-POLICY,Total financial assistance and means-tested government programs - net community benefit expense,Net community benefit expense,SCHED-H-PART-01-LINE-07D-COL-E,PC,numeric,
SH_01_TOT_FA_PCT_EXP_TOT,SH_01_TOT_FA_PCT_EXP_TOT,SH-P01-T00-FAP-COMMUNITY-BENEFIT-POLICY,Total financial assistance and means-tested government programs - percent of total expense,Percent of total expense,SCHED-H-PART-01-LINE-07D-COL-F,PC,numeric,
SH_01_H_SVC_NUM_ACT_PROG,SH_01_H_SVC_NUM_ACT_PROG,SH-P01-T00-FAP-COMMUNITY-BENEFIT-POLICY,Community health improvement services and community benefit operations - number of activities or programs,Number of activities or programs,SCHED-H-PART-01-LINE-07E-COL-A,PC,numeric,
SH_01_H_SVC_PERS_SERVED,SH_01_H_SVC_PERS_SERVED,SH-P01-T00-FAP-COMMUNITY-BENEFIT-POLICY,Community health improvement services and community benefit operations - persons served,Persons served,SCHED-H-PART-01-LINE-07E-COL-B,PC,numeric,
SH_01_H_SVC_EXP_TOT_COM_BEN,SH_01_H_SVC_EXP_TOT_COM_BEN,SH-P01-T00-FAP-COMMUNITY-BENEFIT-POLICY,Community health improvement services and community benefit operations - total community benefit expense,Total community benefit expense,SCHED-H-PART-01-LINE-07E-COL-C,PC,numeric,
SH_01_H_SVC_REV_DIRECT_OFFSET,SH_01_H_SVC_REV_DIRECT_OFFSET,SH-P01-T00-FAP-COMMUNITY-BENEFIT-POLICY,Community health improvement services and community benefit operations - direct offsetting revenue,Direct offsetting revenue,SCHED-H-PART-01-LINE-07E-COL-D,PC,numeric,
SH_01_H_SVC_EXP_NET_COM_BEN,SH_01_H_SVC_EXP_NET_COM_BEN,SH-P01-T00-FAP-COMMUNITY-BENEFIT-POLICY,Community health improvement services and community benefit operations - net community benefit expense,Net community benefit expense,SCHED-H-PART-01-LINE-07E-COL-E,PC,numeric,
SH_01_H_SVC_PCT_EXP_TOT,SH_01_H_SVC_PCT_EXP_TOT,SH-P01-T00-FAP-COMMUNITY-BENEFIT-POLICY,Community health improvement services and community benefit operations - percent of total expense,Percent of total expense,SCHED-H-PART-01-LINE-07E-COL-F,PC,numeric,
SH_01_H_EDU_NUM_ACT_PROG,SH_01_H_EDU_NUM_ACT_PROG,SH-P01-T00-FAP-COMMUNITY-BENEFIT-POLICY,Health professions education - number of activities or programs,Number of activities or programs,SCHED-H-PART-01-LINE-07F-COL-A,PC,numeric,
SH_01_H_EDU_PERS_SERVEDU,SH_01_H_EDU_PERS_SERVEDU,SH-P01-T00-FAP-COMMUNITY-BENEFIT-POLICY,Health professions education - persons served,Persons served,SCHED-H-PART-01-LINE-07F-COL-B,PC,numeric,
SH_01_H_EDU_EXP_TOT_COM_BEN,SH_01_H_EDU_EXP_TOT_COM_BEN,SH-P01-T00-FAP-COMMUNITY-BENEFIT-POLICY,Health professions education - total community benefit expense,Total community benefit expense,SCHED-H-PART-01-LINE-07F-COL-C,PC,numeric,
SH_01_H_EDU_REV_DIRECT_OFFSET,SH_01_H_EDU_REV_DIRECT_OFFSET,SH-P01-T00-FAP-COMMUNITY-BENEFIT-POLICY,Health professions education - direct offsetting revenue,Direct offsetting revenue,SCHED-H-PART-01-LINE-07F-COL-D,PC,numeric,
SH_01_H_EDU_EXP_NET_COM_BEN,SH_01_H_EDU_EXP_NET_COM_BEN,SH-P01-T00-FAP-COMMUNITY-BENEFIT-POLICY,Health professions education - net community benefit expense,Net community benefit expense,SCHED-H-PART-01-LINE-07F-COL-E,PC,numeric,
SH_01_H_EDU_PCT_EXP_TOT,SH_01_H_EDU_PCT_EXP_TOT,SH-P01-T00-FAP-COMMUNITY-BENEFIT-POLICY,Health professions education - percent of total expense,Percent of total expense,SCHED-H-PART-01-LINE-07F-COL-F,PC,numeric,
SH_01_H_SUBSID_NUM_ACT_PROG,SH_01_H_SUBSID_NUM_ACT_PROG,SH-P01-T00-FAP-COMMUNITY-BENEFIT-POLICY,Subsidized health services - number of activities or programs,Number of activities or programs,SCHED-H-PART-01-LINE-07G-COL-A,PC,numeric,
SH_01_H_SUBSID_PERS_SERVED,SH_01_H_SUBSID_PERS_SERVED,SH-P01-T00-FAP-COMMUNITY-BENEFIT-POLICY,Subsidized health services - persons served,Persons served,SCHED-H-PART-01-LINE-07G-COL-B,PC,numeric,
SH_01_H_SUBSID_EXP_TOT_COM_BEN,SH_01_H_SUBSID_EXP_TOT_COM_BEN,SH-P01-T00-FAP-COMMUNITY-BENEFIT-POLICY,Subsidized health services - total community benefit expense,Total community benefit expense,SCHED-H-PART-01-LINE-07G-COL-C,PC,numeric,
SH_01_H_SUBSID_REV_DIRECT_OFFSET,SH_01_H_SUBSID_REV_DIRECT_OFFSET,SH-P01-T00-FAP-COMMUNITY-BENEFIT-POLICY,Subsidized health services - direct offsetting revenue,Direct offsetting revenue,SCHED-H-PART-01-LINE-07G-COL-D,PC,numeric,
SH_01_H_SUBSID_EXP_NET_COM_BEN,SH_01_H_SUBSID_EXP_NET_COM_BEN,SH-P01-T00-FAP-COMMUNITY-BENEFIT-POLICY,Subsidized health services - net community benefit expense,Net community benefit expense,SCHED-H-PART-01-LINE-07G-COL-E,PC,numeric,
SH_01_H_SUBSID_PCT_EXP_TOT,SH_01_H_SUBSID_PCT_EXP_TOT,SH-P01-T00-FAP-COMMUNITY-BENEFIT-POLICY,Subsidized health services - percent of total expense,Percent of total expense,SCHED-H-PART-01-LINE-07G-COL-F,PC,numeric,
SH_01_RSRCH_NUM_ACT_PROG,SH_01_RSRCH_NUM_ACT_PROG,SH-P01-T00-FAP-COMMUNITY-BENEFIT-POLICY,Research - number of activities or programs,Number of activities or programs,SCHED-H-PART-01-LINE-07H-COL-A,PC,numeric,
SH_01_RSRCH_PERS_SERVED,SH_01_RSRCH_PERS_SERVED,SH-P01-T00-FAP-COMMUNITY-BENEFIT-POLICY,Research - persons served,Persons served,SCHED-H-PART-01-LINE-07H-COL-B,PC,numeric,
SH_01_RSRCH_EXP_TOT_COM_BEN,SH_01_RSRCH_EXP_TOT_COM_BEN,SH-P01-T00-FAP-COMMUNITY-BENEFIT-POLICY,Research - total community benefit expense,Total community benefit expense,SCHED-H-PART-01-LINE-07H-COL-C,PC,numeric,
SH_01_RSRCH_REV_DIRECT_OFFSET,SH_01_RSRCH_REV_DIRECT_OFFSET,SH-P01-T00-FAP-COMMUNITY-BENEFIT-POLICY,Research - direct offsetting revenue,Direct offsetting revenue,SCHED-H-PART-01-LINE-07H-COL-D,PC,numeric,
SH_01_RSRCH_EXP_NET_COM_BEN,SH_01_RSRCH_EXP_NET_COM_BEN,SH-P01-T00-FAP-COMMUNITY-BENEFIT-POLICY,Research - net community benefit expense,Net community benefit expense,SCHED-H-PART-01-LINE-07H-COL-E,PC,numeric,
SH_01_RSRCH_PCT_EXP_TOT,SH_01_RSRCH_PCT_EXP_TOT,SH-P01-T00-FAP-COMMUNITY-BENEFIT-POLICY,Research - percent of total expense,Percent of total expense,SCHED-H-PART-01-LINE-07H-COL-F,PC,numeric,
SH_01_CASH_NUM_ACT_PROG,SH_01_CASH_NUM_ACT_PROG,SH-P01-T00-FAP-COMMUNITY-BENEFIT-POLICY,Cash and in-kind contributions for community benefit - number of activities or programs,Number of activities or programs,SCHED-H-PART-01-LINE-07I-COL-A,PC,numeric,
SH_01_CASH_PERS_SERVED,SH_01_CASH_PERS_SERVED,SH-P01-T00-FAP-COMMUNITY-BENEFIT-POLICY,Cash and in-kind contributions for community benefit - persons served,Persons served,SCHED-H-PART-01-LINE-07I-COL-B,PC,numeric,
SH_01_CASH_EXP_TOT_COM_BEN,SH_01_CASH_EXP_TOT_COM_BEN,SH-P01-T00-FAP-COMMUNITY-BENEFIT-POLICY,Cash and in-kind contributions for community benefit - total community benefit expense,Total community benefit expense,SCHED-H-PART-01-LINE-07I-COL-C,PC,numeric,
SH_01_CASH_REV_DIRECT_OFFSET,SH_01_CASH_REV_DIRECT_OFFSET,SH-P01-T00-FAP-COMMUNITY-BENEFIT-POLICY,Cash and in-kind contributions for community benefit - direct offsetting revenue,Direct offsetting revenue,SCHED-H-PART-01-LINE-07I-COL-D,PC,numeric,
SH_01_CASH_EXP_NET_COM_BEN,SH_01_CASH_EXP_NET_COM_BEN,SH-P01-T00-FAP-COMMUNITY-BENEFIT-POLICY,Cash and in-kind contributions for community benefit - net community benefit expense,Net community benefit expense,SCHED-H-PART-01-LINE-07I-COL-E,PC,numeric,
SH_01_CASH_PCT_EXP_TOT,SH_01_CASH_PCT_EXP_TOT,SH-P01-T00-FAP-COMMUNITY-BENEFIT-POLICY,Cash and in-kind contributions for community benefit - percent of total expense,Percent of total expense,SCHED-H-PART-01-LINE-07I-COL-F,PC,numeric,
SH_01_TOT_OTH_NUM_ACT_PROG,SH_01_TOT_OTH_NUM_ACT_PROG,SH-P01-T00-FAP-COMMUNITY-BENEFIT-POLICY,Total other benefits - number of activities or programs,Number of activities or programs,SCHED-H-PART-01-LINE-07J-COL-A,PC,numeric,
SH_01_TOT_OTH_PERS_SERVED,SH_01_TOT_OTH_PERS_SERVED,SH-P01-T00-FAP-COMMUNITY-BENEFIT-POLICY,Total other benefits - persons served,Persons served,SCHED-H-PART-01-LINE-07J-COL-B,PC,numeric,
SH_01_TOT_OTH_EXP_TOT_COM_BEN,SH_01_TOT_OTH_EXP_TOT_COM_BEN,SH-P01-T00-FAP-COMMUNITY-BENEFIT-POLICY,Total other benefits - total community benefit expense,Total community benefit expense,SCHED-H-PART-01-LINE-07J-COL-C,PC,numeric,
SH_01_TOT_OTH_REV_DIRECT_OFFSET,SH_01_TOT_OTH_REV_DIRECT_OFFSET,SH-P01-T00-FAP-COMMUNITY-BENEFIT-POLICY,Total other benefits - direct offsetting revenue,Direct offsetting revenue,SCHED-H-PART-01-LINE-07J-COL-D,PC,numeric,
SH_01_TOT_OTH_EXP_NET_COM_BEN,SH_01_TOT_OTH_EXP_NET_COM_BEN,SH-P01-T00-FAP-COMMUNITY-BENEFIT-POLICY,Total other benefits - net community benefit expense,Net community benefit expense,SCHED-H-PART-01-LINE-07J-COL-E,PC,numeric,
SH_01_TOT_OTH_PCT_EXP_TOT,SH_01_TOT_OTH_PCT_EXP_TOT,SH-P01-T00-FAP-COMMUNITY-BENEFIT-POLICY,Total other benefits - percent of total expense,Percent of total expense,SCHED-H-PART-01-LINE-07J-COL-F,PC,numeric,
SH_01_TOT_NUM_ACT_PROG,SH_01_TOT_NUM_ACT_PROG,SH-P01-T00-FAP-COMMUNITY-BENEFIT-POLICY,Total financial assistance and means-tested government programs and other benefits - number of activities or programs,Number of activities or programs,SCHED-H-PART-01-LINE-07K-COL-A,PC,numeric,
SH_01_TOT_PERS_SERVED,SH_01_TOT_PERS_SERVED,SH-P01-T00-FAP-COMMUNITY-BENEFIT-POLICY,Total financial assistance and means-tested government programs and other benefits - persons served,Persons served,SCHED-H-PART-01-LINE-07K-COL-B,PC,numeric,
SH_01_TOT_EXP_TOT_COM_BEN,SH_01_TOT_EXP_TOT_COM_BEN,SH-P01-T00-FAP-COMMUNITY-BENEFIT-POLICY,Total financial assistance and means-tested government programs and other benefits - total community benefit expense,Total community benefit expense,SCHED-H-PART-01-LINE-07K-COL-C,PC,numeric,
SH_01_TOT_REV_DIRECT_OFFSET,SH_01_TOT_REV_DIRECT_OFFSET,SH-P01-T00-FAP-COMMUNITY-BENEFIT-POLICY,Total financial assistance and means-tested government programs and other benefits - direct offsetting revenue,Direct offsetting revenue,SCHED-H-PART-01-LINE-07K-COL-D,PC,numeric,
SH_01_TOT_EXP_NET_COM_BEN,SH_01_TOT_EXP_NET_COM_BEN,SH-P01-T00-FAP-COMMUNITY-BENEFIT-POLICY,Total financial assistance and means-tested government programs and other benefits - net community benefit expense,Net community benefit expense,SCHED-H-PART-01-LINE-07K-COL-E,PC,numeric,
SH_01_TOT_PCT_EXP_TOT,SH_01_TOT_PCT_EXP_TOT,SH-P01-T00-FAP-COMMUNITY-BENEFIT-POLICY,Total financial assistance and means-tested government programs and other benefits - percent of total expense,Percent of total expense,SCHED-H-PART-01-LINE-07K-COL-F,PC,numeric,
SH_02_PHY_IMP_NUM_ACT_PROG,SH_02_PHY_IMP_NUM_ACT_PROG,SH-P02-T00-FAP-COMMUNITY-BENEFIT-POLICY,Physical improvements and housing - number of activities and programs,Number of activities or programs,SCHED-H-PART-02-LINE-01-COL-A,PC,numeric,
SH_02_PHY_IMP_PERS_SERVED,SH_02_PHY_IMP_PERS_SERVED,SH-P02-T00-FAP-COMMUNITY-BENEFIT-POLICY,Physical improvements and housing - persons served,Persons served,SCHED-H-PART-02-LINE-01-COL-B,PC,numeric,
SH_02_PHY_IMP_EXP_TOT_COM_BLDG,SH_02_PHY_IMP_EXP_TOT_COM_BLDG,SH-P02-T00-FAP-COMMUNITY-BENEFIT-POLICY,Physical improvements and housing - total community building expertise,Total community building expense,SCHED-H-PART-02-LINE-01-COL-C,PC,numeric,
SH_02_PHY_IMP_REV_DIRECT_OFFSET,SH_02_PHY_IMP_REV_DIRECT_OFFSET,SH-P02-T00-FAP-COMMUNITY-BENEFIT-POLICY,Physical improvements and housing - direct offsetting revenue,Direct offsetting revenue,SCHED-H-PART-02-LINE-01-COL-D,PC,numeric,
SH_02_PHY_IMP_EXP_NET_COM_BLDG,SH_02_PHY_IMP_EXP_NET_COM_BLDG,SH-P02-T00-FAP-COMMUNITY-BENEFIT-POLICY,Physical improvements and housing - net community building expense,Net community building expense,SCHED-H-PART-02-LINE-01-COL-E,PC,numeric,
SH_02_PHY_IMP_PCT_EXP_TOT,SH_02_PHY_IMP_PCT_EXP_TOT,SH-P02-T00-FAP-COMMUNITY-BENEFIT-POLICY,Physical improvements and housing - percent of total expense,Percent of total expense,SCHED-H-PART-02-LINE-01-COL-F,PC,numeric,
SH_02_ECON_DEV_NUM_ACT_PROG,SH_02_ECON_DEV_NUM_ACT_PROG,SH-P02-T00-FAP-COMMUNITY-BENEFIT-POLICY,Economic development - number of activities and programs,Number of activities or programs,SCHED-H-PART-02-LINE-02-COL-A,PC,numeric,
SH_02_ECON_DEV_PERS_SERVED,SH_02_ECON_DEV_PERS_SERVED,SH-P02-T00-FAP-COMMUNITY-BENEFIT-POLICY,Economic development - persons served,Persons served,SCHED-H-PART-02-LINE-02-COL-B,PC,numeric,
SH_02_ECON_DEV_EXP_TOT_COM_BLDG,SH_02_ECON_DEV_EXP_TOT_COM_BLDG,SH-P02-T00-FAP-COMMUNITY-BENEFIT-POLICY,Economic development - total community building expertise,Total community building expense,SCHED-H-PART-02-LINE-02-COL-C,PC,numeric,
SH_02_ECON_DEV_REV_DIRECT_OFFSET,SH_02_ECON_DEV_REV_DIRECT_OFFSET,SH-P02-T00-FAP-COMMUNITY-BENEFIT-POLICY,Economic development - direct offsetting revenue,Direct offsetting revenue,SCHED-H-PART-02-LINE-02-COL-D,PC,numeric,
SH_02_ECON_DEV_EXP_NET_COM_BLDG,SH_02_ECON_DEV_EXP_NET_COM_BLDG,SH-P02-T00-FAP-COMMUNITY-BENEFIT-POLICY,Economic development - net community building expense,Net community building expense,SCHED-H-PART-02-LINE-02-COL-E,PC,numeric,
SH_02_ECON_DEV_PCT_EXP_TOT,SH_02_ECON_DEV_PCT_EXP_TOT,SH-P02-T00-FAP-COMMUNITY-BENEFIT-POLICY,Economic development - percent of total expense,Percent of total expense,SCHED-H-PART-02-LINE-02-COL-F,PC,numeric,
SH_02_COM_SUP_NUM_ACT_PROG,SH_02_COM_SUP_NUM_ACT_PROG,SH-P02-T00-FAP-COMMUNITY-BENEFIT-POLICY,Community support - number of activities and programs,Number of activities or programs,SCHED-H-PART-02-LINE-03-COL-A,PC,numeric,
SH_02_COM_SUP_PERS_SERVED,SH_02_COM_SUP_PERS_SERVED,SH-P02-T00-FAP-COMMUNITY-BENEFIT-POLICY,Community support - persons served,Persons served,SCHED-H-PART-02-LINE-03-COL-B,PC,numeric,
SH_02_COM_SUP_EXP_TOT_COM_BLDG,SH_02_COM_SUP_EXP_TOT_COM_BLDG,SH-P02-T00-FAP-COMMUNITY-BENEFIT-POLICY,Community support - total community building expertise,Total community building expense,SCHED-H-PART-02-LINE-03-COL-C,PC,numeric,
SH_02_COM_SUP_REV_DIRECT_OFFSET,SH_02_COM_SUP_REV_DIRECT_OFFSET,SH-P02-T00-FAP-COMMUNITY-BENEFIT-POLICY,Community support - direct offsetting revenue,Direct offsetting revenue,SCHED-H-PART-02-LINE-03-COL-D,PC,numeric,
SH_02_COM_SUP_EXP_NET_COM_BLDG,SH_02_COM_SUP_EXP_NET_COM_BLDG,SH-P02-T00-FAP-COMMUNITY-BENEFIT-POLICY,Community support - net community building expense,Net community building expense,SCHED-H-PART-02-LINE-03-COL-E,PC,numeric,
SH_02_COM_SUP_PCT_EXP_TOT,SH_02_COM_SUP_PCT_EXP_TOT,SH-P02-T00-FAP-COMMUNITY-BENEFIT-POLICY,Community support - percent of total expense,Percent of total expense,SCHED-H-PART-02-LINE-03-COL-F,PC,numeric,
SH_02_ENVIR_NUM_ACT_PROG,SH_02_ENVIR_NUM_ACT_PROG,SH-P02-T00-FAP-COMMUNITY-BENEFIT-POLICY,Environmental improvements - number of activities and programs,Number of activities or programs,SCHED-H-PART-02-LINE-04-COL-A,PC,numeric,
SH_02_ENVIR_PERS_SERVED,SH_02_ENVIR_PERS_SERVED,SH-P02-T00-FAP-COMMUNITY-BENEFIT-POLICY,Environmental improvements - persons served,Persons served,SCHED-H-PART-02-LINE-04-COL-B,PC,numeric,
SH_02_ENVIR_EXP_TOT_COM_BLDG,SH_02_ENVIR_EXP_TOT_COM_BLDG,SH-P02-T00-FAP-COMMUNITY-BENEFIT-POLICY,Environmental improvements - total community building expertise,Total community building expense,SCHED-H-PART-02-LINE-04-COL-C,PC,numeric,
SH_02_ENVIR_REV_DIRECT_OFFSET,SH_02_ENVIR_REV_DIRECT_OFFSET,SH-P02-T00-FAP-COMMUNITY-BENEFIT-POLICY,Environmental improvements - direct offsetting revenue,Direct offsetting revenue,SCHED-H-PART-02-LINE-04-COL-D,PC,numeric,
SH_02_ENVIR_EXP_NET_COM_BLDG,SH_02_ENVIR_EXP_NET_COM_BLDG,SH-P02-T00-FAP-COMMUNITY-BENEFIT-POLICY,Environmental improvements - net community building expense,Net community building expense,SCHED-H-PART-02-LINE-04-COL-E,PC,numeric,
SH_02_ENVIR_PCT_EXP_TOT,SH_02_ENVIR_PCT_EXP_TOT,SH-P02-T00-FAP-COMMUNITY-BENEFIT-POLICY,Environmental improvements - percent of total expense,Percent of total expense,SCHED-H-PART-02-LINE-04-COL-F,PC,numeric,
SH_02_LDRSP_NUM_ACT_PROG,SH_02_LDRSP_NUM_ACT_PROG,SH-P02-T00-FAP-COMMUNITY-BENEFIT-POLICY,Leadership development and training for community members - number of activities and programs,Number of activities or programs,SCHED-H-PART-02-LINE-05-COL-A,PC,numeric,
SH_02_LDRSP_PERS_SERVED,SH_02_LDRSP_PERS_SERVED,SH-P02-T00-FAP-COMMUNITY-BENEFIT-POLICY,Leadership development and training for community members - persons served,Persons served,SCHED-H-PART-02-LINE-05-COL-B,PC,numeric,
SH_02_LDRSP_EXP_TOT_COM_BLDG,SH_02_LDRSP_EXP_TOT_COM_BLDG,SH-P02-T00-FAP-COMMUNITY-BENEFIT-POLICY,Leadership development and training for community members - total community building expertise,Total community building expense,SCHED-H-PART-02-LINE-05-COL-C,PC,numeric,
SH_02_LDRSP_REV_DIRECT_OFFSET,SH_02_LDRSP_REV_DIRECT_OFFSET,SH-P02-T00-FAP-COMMUNITY-BENEFIT-POLICY,Leadership development and training for community members - direct offsetting revenue,Direct offsetting revenue,SCHED-H-PART-02-LINE-05-COL-D,PC,numeric,
SH_02_LDRSP_EXP_NET_COM_BLDG,SH_02_LDRSP_EXP_NET_COM_BLDG,SH-P02-T00-FAP-COMMUNITY-BENEFIT-POLICY,Leadership development and training for community members - net community building expense,Net community building expense,SCHED-H-PART-02-LINE-05-COL-E,PC,numeric,
SH_02_LDRSP_PCT_EXP_TOT,SH_02_LDRSP_PCT_EXP_TOT,SH-P02-T00-FAP-COMMUNITY-BENEFIT-POLICY,Leadership development and training for community members - percent of total expense,Percent of total expense,SCHED-H-PART-02-LINE-05-COL-F,PC,numeric,
SH_02_COAL_NUM_ACT_PROG,SH_02_COAL_NUM_ACT_PROG,SH-P02-T00-FAP-COMMUNITY-BENEFIT-POLICY,Coalition building - number of activities and programs,Number of activities or programs,SCHED-H-PART-02-LINE-06-COL-A,PC,numeric,
SH_02_COAL_PERS_SERVED,SH_02_COAL_PERS_SERVED,SH-P02-T00-FAP-COMMUNITY-BENEFIT-POLICY,Coalition building - persons served,Persons served,SCHED-H-PART-02-LINE-06-COL-B,PC,numeric,
SH_02_COAL_EXP_TOT_COM_BLDG,SH_02_COAL_EXP_TOT_COM_BLDG,SH-P02-T00-FAP-COMMUNITY-BENEFIT-POLICY,Coalition building - total community building expertise,Total community building expense,SCHED-H-PART-02-LINE-06-COL-C,PC,numeric,
SH_02_COAL_REV_DIRECT_OFFSET,SH_02_COAL_REV_DIRECT_OFFSET,SH-P02-T00-FAP-COMMUNITY-BENEFIT-POLICY,Coalition building - direct offsetting revenue,Direct offsetting revenue,SCHED-H-PART-02-LINE-06-COL-D,PC,numeric,
SH_02_COAL_EXP_NET_COM_BLDG,SH_02_COAL_EXP_NET_COM_BLDG,SH-P02-T00-FAP-COMMUNITY-BENEFIT-POLICY,Coalition building - net community building expense,Net community building expense,SCHED-H-PART-02-LINE-06-COL-E,PC,numeric,
SH_02_COAL_PCT_EXP_TOT,SH_02_COAL_PCT_EXP_TOT,SH-P02-T00-FAP-COMMUNITY-BENEFIT-POLICY,Coalition building - percent of total expense,Percent of total expense,SCHED-H-PART-02-LINE-06-COL-F,PC,numeric,
SH_02_ADVOCACY_NUM_ACT_PROG,SH_02_ADVOCACY_NUM_ACT_PROG,SH-P02-T00-FAP-COMMUNITY-BENEFIT-POLICY,Community health improvement advocacy - number of activities and programs,Number of activities or programs,SCHED-H-PART-02-LINE-07-COL-A,PC,numeric,
SH_02_ADVOCACY_PERS_SERVED,SH_02_ADVOCACY_PERS_SERVED,SH-P02-T00-FAP-COMMUNITY-BENEFIT-POLICY,Community health improvement advocacy - persons served,Persons served,SCHED-H-PART-02-LINE-07-COL-B,PC,numeric,
SH_02_ADVOCACY_EXP_TOT_COM_BLDG,SH_02_ADVOCACY_EXP_TOT_COM_BLDG,SH-P02-T00-FAP-COMMUNITY-BENEFIT-POLICY,Community health improvement advocacy - percent of total expense,Total community building expense,SCHED-H-PART-02-LINE-07-COL-C,PC,numeric,
SH_02_ADVOCACY_REV_DIRECT_OFFSET,SH_02_ADVOCACY_REV_DIRECT_OFFSET,SH-P02-T00-FAP-COMMUNITY-BENEFIT-POLICY,Community health improvement advocacy - total community building expertise,Direct offsetting revenue,SCHED-H-PART-02-LINE-07-COL-D,PC,numeric,
SH_02_ADVOCACY_EXP_NET_COM_BLDG,SH_02_ADVOCACY_EXP_NET_COM_BLDG,SH-P02-T00-FAP-COMMUNITY-BENEFIT-POLICY,Community health improvement advocacy - direct offsetting revenue,Net community building expense,SCHED-H-PART-02-LINE-07-COL-E,PC,numeric,
SH_02_ADVOCACY_PCT_EXP_TOT,SH_02_ADVOCACY_PCT_EXP_TOT,SH-P02-T00-FAP-COMMUNITY-BENEFIT-POLICY,Community health improvement advocacy - net community building expense,Percent of total expense,SCHED-H-PART-02-LINE-07-COL-F,PC,numeric,
SH_02_WORK_NUM_ACT_PROG,SH_02_WORK_NUM_ACT_PROG,SH-P02-T00-FAP-COMMUNITY-BENEFIT-POLICY,Workforce development - number of activities and programs,Number of activities or programs,SCHED-H-PART-02-LINE-08-COL-A,PC,numeric,
SH_02_WORK_PERS_SERVED,SH_02_WORK_PERS_SERVED,SH-P02-T00-FAP-COMMUNITY-BENEFIT-POLICY,Workforce development - persons served,Persons served,SCHED-H-PART-02-LINE-08-COL-B,PC,numeric,
SH_02_WORK_EXP_TOT_COM_BLDG,SH_02_WORK_EXP_TOT_COM_BLDG,SH-P02-T00-FAP-COMMUNITY-BENEFIT-POLICY,Workforce development - total community building expertise,Total community building expense,SCHED-H-PART-02-LINE-08-COL-C,PC,numeric,
SH_02_WORK_REV_DIRECT_OFFSET,SH_02_WORK_REV_DIRECT_OFFSET,SH-P02-T00-FAP-COMMUNITY-BENEFIT-POLICY,Workforce development - direct offsetting revenue,Direct offsetting revenue,SCHED-H-PART-02-LINE-08-COL-D,PC,numeric,
SH_02_WORK_EXP_NET_COM_BLDG,SH_02_WORK_EXP_NET_COM_BLDG,SH-P02-T00-FAP-COMMUNITY-BENEFIT-POLICY,Workforce development - net community building expense,Net community building expense,SCHED-H-PART-02-LINE-08-COL-E,PC,numeric,
SH_02_WORK_PCT_EXP_TOT,SH_02_WORK_PCT_EXP_TOT,SH-P02-T00-FAP-COMMUNITY-BENEFIT-POLICY,Workforce development - percent of total expense,Percent of total expense,SCHED-H-PART-02-LINE-08-COL-F,PC,numeric,
SH_02_OTH_NUM_ACT_PROG,SH_02_OTH_NUM_ACT_PROG,SH-P02-T00-FAP-COMMUNITY-BENEFIT-POLICY,Other - number of activities and programs,Number of activities or programs,SCHED-H-PART-02-LINE-09-COL-A,PC,numeric,
SH_02_OTH_PERS_SERVED,SH_02_OTH_PERS_SERVED,SH-P02-T00-FAP-COMMUNITY-BENEFIT-POLICY,Other - persons served,Persons served,SCHED-H-PART-02-LINE-09-COL-B,PC,numeric,
SH_02_OTH_EXP_TOT_COM_BLDG,SH_02_OTH_EXP_TOT_COM_BLDG,SH-P02-T00-FAP-COMMUNITY-BENEFIT-POLICY,Other - total community building expertise,Total community building expense,SCHED-H-PART-02-LINE-09-COL-C,PC,numeric,
SH_02_OTH_REV_DIRECT_OFFSET,SH_02_OTH_REV_DIRECT_OFFSET,SH-P02-T00-FAP-COMMUNITY-BENEFIT-POLICY,Other - direct offsetting revenue,Direct offsetting revenue,SCHED-H-PART-02-LINE-09-COL-D,PC,numeric,
SH_02_OTH_EXP_NET_COM_BLDG,SH_02_OTH_EXP_NET_COM_BLDG,SH-P02-T00-FAP-COMMUNITY-BENEFIT-POLICY,Other - net community building expense,Net community building expense,SCHED-H-PART-02-LINE-09-COL-E,PC,numeric,
SH_02_OTH_PCT_EXP_TOT,SH_02_OTH_PCT_EXP_TOT,SH-P02-T00-FAP-COMMUNITY-BENEFIT-POLICY,Other - percent of total expense,Percent of total expense,SCHED-H-PART-02-LINE-09-COL-F,PC,numeric,
SH_02_TOT_NUM_ACT_PROG,SH_02_TOT_NUM_ACT_PROG,SH-P02-T00-FAP-COMMUNITY-BENEFIT-POLICY,Total community building activities - number of activities and programs,Number of activities or programs,SCHED-H-PART-02-LINE-10-COL-A,PC,numeric,
SH_02_TOT_PERS_SERVED,SH_02_TOT_PERS_SERVED,SH-P02-T00-FAP-COMMUNITY-BENEFIT-POLICY,Total community building activities - persons served,Persons served,SCHED-H-PART-02-LINE-10-COL-B,PC,numeric,
SH_02_TOT_EXP_TOT_COM_BLDG,SH_02_TOT_EXP_TOT_COM_BLDG,SH-P02-T00-FAP-COMMUNITY-BENEFIT-POLICY,Total community building activities - total community building expertise,Total community building expense,SCHED-H-PART-02-LINE-10-COL-C,PC,numeric,
SH_02_TOT_REV_DIRECT_OFFSET,SH_02_TOT_REV_DIRECT_OFFSET,SH-P02-T00-FAP-COMMUNITY-BENEFIT-POLICY,Total community building activities - direct offsetting revenue,Direct offsetting revenue,SCHED-H-PART-02-LINE-10-COL-D,PC,numeric,
SH_02_TOT_EXP_NET_COM_BLDG,SH_02_TOT_EXP_NET_COM_BLDG,SH-P02-T00-FAP-COMMUNITY-BENEFIT-POLICY,Total community building activities - net community building expense,Net community building expense,SCHED-H-PART-02-LINE-10-COL-E,PC,numeric,
SH_02_TOT_PCT_EXP_TOT,SH_02_TOT_PCT_EXP_TOT,SH-P02-T00-FAP-COMMUNITY-BENEFIT-POLICY,Total community building activities - percent of total expense,Percent of total expense,SCHED-H-PART-02-LINE-10-COL-F,PC,numeric,
SH_03_BAD_DEBT_EXP_REPORTED_X,SH_03_BAD_DEBT_EXP_REPORTED_X,SH-P03-T00-FAP-COMMUNITY-BENEFIT-POLICY,Reported bad debt expense [x],Bad debt expense reported?,SCHED-H-PART-03-SECTION-A-LINE-01,PC,checkbox,
SH_03_BAD_DEBT_EXP_AMT,SH_03_BAD_DEBT_EXP_AMT,SH-P03-T00-FAP-COMMUNITY-BENEFIT-POLICY,Amount of bad debt expense,Bad debt expense amount,SCHED-H-PART-03-SECTION-A-LINE-02,PC,numeric,
SH_03_BAD_DEBT_CONTR_FAP,SH_03_BAD_DEBT_CONTR_FAP,SH-P03-T00-FAP-COMMUNITY-BENEFIT-POLICY,Amount of bad debt expense attributable to patients eligible under financial assistance policy,Amount attributable to,SCHED-H-PART-03-SECTION-A-LINE-03,PC,numeric,
SH_03_MEDICARE_REIMBURSE_AMT,SH_03_MEDICARE_REIMBURSE_AMT,SH-P03-T00-FAP-COMMUNITY-BENEFIT-POLICY,Total revenue received from Medicare,Amount reimbursed by Medicare,SCHED-H-PART-03-SECTION-B-LINE-05,PC,numeric,
SH_03_MEDICARE_COST_REIMBURSED,SH_03_MEDICARE_COST_REIMBURSED,SH-P03-T00-FAP-COMMUNITY-BENEFIT-POLICY,Medicare allowable costs of care,Cost of care reimbursed by Medicare,SCHED-H-PART-03-SECTION-B-LINE-06,PC,numeric,
SH_03_MEDICARE_SURPLUS,SH_03_MEDICARE_SURPLUS,SH-P03-T00-FAP-COMMUNITY-BENEFIT-POLICY,Medicare surplus or shortfall,Line 5 less line 6,SCHED-H-PART-03-SECTION-B-LINE-07,PC,numeric,
SH_03_MEDICARE_COST_ACC_X,SH_03_MEDICARE_COST_ACC_X,SH-P03-T00-FAP-COMMUNITY-BENEFIT-POLICY,Costing methodology for Medicare allowable costs - cost accounting system [x],Cost accounting system,SCHED-H-PART-03-SECTION-B-LINE-08,PC,checkbox,
SH_03_MEDICARE_COST_OTH_X,SH_03_MEDICARE_COST_OTH_X,SH-P03-T00-FAP-COMMUNITY-BENEFIT-POLICY,Costing methodology for Medicare allowable costs - other [x],Costing Methodology Used - Other,SCHED-H-PART-03-SECTION-B-LINE-08,PC,checkbox,
SH_03_MEDICARE_COST_RATIO_X,SH_03_MEDICARE_COST_RATIO_X,SH-P03-T00-FAP-COMMUNITY-BENEFIT-POLICY,Costing methodology for Medicare allowable costs - cost to charge ratio [x],Cost to charge ratio,SCHED-H-PART-03-SECTION-B-LINE-08,PC,checkbox,
SH_03_COLLEC_POLICY_WRITTEN_X,SH_03_COLLEC_POLICY_WRITTEN_X,SH-P03-T00-FAP-COMMUNITY-BENEFIT-POLICY,Had a written debt collection policy [x],Written debt collection policy?,SCHED-H-PART-03-SECTION-C-LINE-09A,PC,checkbox,
SH_03_COLLEC_POLICY_PROV_FA_X,SH_03_COLLEC_POLICY_PROV_FA_X,SH-P03-T00-FAP-COMMUNITY-BENEFIT-POLICY,Debt collection policy that applied to largest number of patients contained provisions on practices for patients known to qualify for financial assistance [x],Provision for charity care?,SCHED-H-PART-03-SECTION-C-LINE-09B,PC,checkbox,
SH_04_CO_ENTITY_NAME_L1,SH_04_CO_ENTITY_NAME_L1,SH-P04-T01-COMPANY-JOINT-VENTURES,Entity name line 1,Name Of Entity - BusinessNameLine1,SCHED-H-PART-04-COL-A,PC,text,
SH_04_CO_ENTITY_NAME_L2,SH_04_CO_ENTITY_NAME_L2,SH-P04-T01-COMPANY-JOINT-VENTURES,Entity name line 2,Name Of Entity - BusinessNameLine2,SCHED-H-PART-04-COL-A,PC,text,
SH_04_CO_ENTITY_ACT_DESC,SH_04_CO_ENTITY_ACT_DESC,SH-P04-T01-COMPANY-JOINT-VENTURES,Description of primary activity of entity,Description of entity's primary activity,SCHED-H-PART-04-COL-B,PC,text,
SH_04_CO_PROFIT_PCT_ORG,SH_04_CO_PROFIT_PCT_ORG,SH-P04-T01-COMPANY-JOINT-VENTURES,Org's profit % or stock ownership %,Organization's profit % or ownership %,SCHED-H-PART-04-COL-C,PC,numeric,
SH_04_CO_PROFIT_PCT_OFF,SH_04_CO_PROFIT_PCT_OFF,SH-P04-T01-COMPANY-JOINT-VENTURES,"Officers, directs, trustees, of key employees' profit % or stock ownership %",Officers; etc. profit % or ownership %,SCHED-H-PART-04-COL-D,PC,numeric,
SH_04_CO_PROFIT_PCT_PHYSICIAN,SH_04_CO_PROFIT_PCT_PHYSICIAN,SH-P04-T01-COMPANY-JOINT-VENTURES,Physician's profit % or stock ownership %,Physican's profit % or ownership %,SCHED-H-PART-04-COL-E,PC,numeric,
SH_05_HOSPITAL_NUM,SH_05_HOSPITAL_NUM,SH-P05-T00-FAP-COMMUNITY-BENEFIT-POLICY,Number of hospital facilities the organization operated,Number of hospital facilities,SCHED-H-PART-05-SECTION-A-LINE-00,PC,numeric,
SH_05_HOSPITAL_FACILITY_LINE_NUM,SH_05_HOSPITAL_FACILITY_LINE_NUM,SH-P05-T03-FACILITY-POLICIES-PRACTICES,Line number of hospital facility,Line number of hospital facility,SCHED-H-PART-05-SECTION-B-LINE-00,PC,numeric,
SH_05_HOSPITAL_FACILITY_NAME_L1,SH_05_HOSPITAL_FACILITY_NAME_L1,SH-P05-T03-FACILITY-POLICIES-PRACTICES,Hospital facility name line 1,Hospital Facility Name - BusinessNameLine1,SCHED-H-PART-05-SECTION-B-LINE-00,PC,text,
SH_05_HOSPITAL_FACILITY_NAME_L2,SH_05_HOSPITAL_FACILITY_NAME_L2,SH-P05-T03-FACILITY-POLICIES-PRACTICES,Hospital facility name line 2,Hospital Facility Name - BusinessNameLine2,SCHED-H-PART-05-SECTION-B-LINE-00,PC,text,
SH_05_CHNA_FIRST_LIC_X,SH_05_CHNA_FIRST_LIC_X,SH-P05-T03-FACILITY-POLICIES-PRACTICES,"Hospital facility was first licensed, registered, or similar recognized by a state in the current or immediately preceding tax year [x]",First licensed; registered or recognized by a State in current year or preceding prior year?,SCHED-H-PART-05-SECTION-B-LINE-01,PC,checkbox,
SH_05_CHNA_TAX_EXEMPT_HOSPITAL_X,SH_05_CHNA_TAX_EXEMPT_HOSPITAL_X,SH-P05-T03-FACILITY-POLICIES-PRACTICES,Hospital facility was acquired or placed into service as a tax-exempt hospital in the current or immediately preceding tax year [x],Acquired or placed into service as tax-exempt hospital in current year or  preceding prior year?,SCHED-H-PART-05-SECTION-B-LINE-02,PC,checkbox,
SH_05_CHNA_CONDUCTED_X,SH_05_CHNA_CONDUCTED_X,SH-P05-T03-FACILITY-POLICIES-PRACTICES,Conducted a community health needs assessment [x],Conduct community needs health assessments?,SCHED-H-PART-05-SECTION-B-LINE-03,PC,checkbox,
SH_05_CHNA_DESC_DEFINITION_COM_X,SH_05_CHNA_DESC_DEFINITION_COM_X,SH-P05-T03-FACILITY-POLICIES-PRACTICES,Community health needs assessment report describes a definition of the community served by the hospital facility [x],Definition of community served,SCHED-H-PART-05-SECTION-B-LINE-03A,PC,checkbox,
SH_05_CHNA_DESC_DEMOGRAPHICS_X,SH_05_CHNA_DESC_DEMOGRAPHICS_X,SH-P05-T03-FACILITY-POLICIES-PRACTICES,Community health needs assessment report describes demographics of the community [x],Demographics of community,SCHED-H-PART-05-SECTION-B-LINE-03B,PC,checkbox,
SH_05_CHNA_DESC_RESOURCES_X,SH_05_CHNA_DESC_RESOURCES_X,SH-P05-T03-FACILITY-POLICIES-PRACTICES,Community health needs assessment report describes existing health care facilities and resources [x],Existing health care facilities and resources,SCHED-H-PART-05-SECTION-B-LINE-03C,PC,checkbox,
SH_05_CHNA_DESC_DATA_OBTAINED_X,SH_05_CHNA_DESC_DATA_OBTAINED_X,SH-P05-T03-FACILITY-POLICIES-PRACTICES,Community health needs assessment report describes how data was obtained [x],How data obtained,SCHED-H-PART-05-SECTION-B-LINE-03D,PC,checkbox,
SH_05_CHNA_DESC_HEALTH_NEED_X,SH_05_CHNA_DESC_HEALTH_NEED_X,SH-P05-T03-FACILITY-POLICIES-PRACTICES,Community health needs assessment report describes the significant health needs of the community [x],Health needs of community,SCHED-H-PART-05-SECTION-B-LINE-03E,PC,checkbox,
SH_05_CHNA_DESC_HEALTH_ISSUE_X,SH_05_CHNA_DESC_HEALTH_ISSUE_X,SH-P05-T03-FACILITY-POLICIES-PRACTICES,Community health needs assessment report describes primary and chronic disease needs and other health issues of uninsured and low-income persons and minority groups [x],Other health issues,SCHED-H-PART-05-SECTION-B-LINE-03F,PC,checkbox,
SH_05_CHNA_DESC_IDENTIFYING_X,SH_05_CHNA_DESC_IDENTIFYING_X,SH-P05-T03-FACILITY-POLICIES-PRACTICES,Community health needs assessment report describes the process for identifying and prioritizing community health needs and services to meet them [x],Identifying process,SCHED-H-PART-05-SECTION-B-LINE-03G,PC,checkbox,
SH_05_CHNA_DESC_CONSULTING_X,SH_05_CHNA_DESC_CONSULTING_X,SH-P05-T03-FACILITY-POLICIES-PRACTICES,Community health needs assessment report describes the process for consulting with persons representing the community's interests [x],Consulting process,SCHED-H-PART-05-SECTION-B-LINE-03H,PC,checkbox,
SH_05_CHNA_DESC_INFO_GAP_X,SH_05_CHNA_DESC_INFO_GAP_X,SH-P05-T03-FACILITY-POLICIES-PRACTICES,Community health needs assessment report describes the impact of any actions taken to address the significant health needs identified in prior assessments [x],Information gaps,SCHED-H-PART-05-SECTION-B-LINE-03I,PC,checkbox,
SH_05_CHNA_DESC_OTH_X,SH_05_CHNA_DESC_OTH_X,SH-P05-T03-FACILITY-POLICIES-PRACTICES,Community health needs assessment report describes other [x],CHNA describes other,SCHED-H-PART-05-SECTION-B-LINE-03J,PC,checkbox,
SH_05_CHNA_YEAR_CONDUCTED,SH_05_CHNA_YEAR_CONDUCTED,SH-P05-T03-FACILITY-POLICIES-PRACTICES,Tax year in which the hospital facility last conducted a community health needs assessment,Year last conducted CHNA,SCHED-H-PART-05-SECTION-B-LINE-04,PC,numeric,
SH_05_CHNA_TAKE_COM_ACC_X,SH_05_CHNA_TAKE_COM_ACC_X,SH-P05-T03-FACILITY-POLICIES-PRACTICES,Hospital facility took community input into account [x],Take community input into account,SCHED-H-PART-05-SECTION-B-LINE-05,PC,checkbox,
SH_05_CHNA_FACILITY_OTH_X,SH_05_CHNA_FACILITY_OTH_X,SH-P05-T03-FACILITY-POLICIES-PRACTICES,Community health needs assessment was conducted with one or more other hospital facilities [x],Other hospital facilities?,SCHED-H-PART-05-SECTION-B-LINE-06A,PC,checkbox,
SH_05_CHNA_FACILITY_NON_X,SH_05_CHNA_FACILITY_NON_X,SH-P05-T03-FACILITY-POLICIES-PRACTICES,Community health needs assessment was conducted with one or more organizations other than hospital facilities [x],Other than hospital facilities?,SCHED-H-PART-05-SECTION-B-LINE-06B,PC,checkbox,
SH_05_CHNA_AVBL_PUB_X,SH_05_CHNA_AVBL_PUB_X,SH-P05-T03-FACILITY-POLICIES-PRACTICES,Made the community health needs assessment report widely available to the public [x],CHNA widely available to public?,SCHED-H-PART-05-SECTION-B-LINE-07,PC,checkbox,
SH_05_CHNA_AVBL_WEBSITE,SH_05_CHNA_AVBL_WEBSITE,SH-P05-T03-FACILITY-POLICIES-PRACTICES,Hospital facility website,Hospital facilities website URL,SCHED-H-PART-05-SECTION-B-LINE-07A,PC,text,
SH_05_CHNA_AVBL_WEBSITE_X,SH_05_CHNA_AVBL_WEBSITE_X,SH-P05-T03-FACILITY-POLICIES-PRACTICES,Made the community health needs assessment report widely available to the public on the hospital facility's website [x],Available on own website,SCHED-H-PART-05-SECTION-B-LINE-07A,PC,checkbox,
SH_05_CHNA_AVBL_OTH_WEBSITE,SH_05_CHNA_AVBL_OTH_WEBSITE,SH-P05-T03-FACILITY-POLICIES-PRACTICES,Other website,Other website URL,SCHED-H-PART-05-SECTION-B-LINE-07B,PC,text,
SH_05_CHNA_AVBL_OTH_WEBSITE_X,SH_05_CHNA_AVBL_OTH_WEBSITE_X,SH-P05-T03-FACILITY-POLICIES-PRACTICES,Made the community health needs assessment report widely available to the public on another website [x],Hospital Fclty Policies Prctc Grp - Other website,SCHED-H-PART-05-SECTION-B-LINE-07B,PC,checkbox,
SH_05_CHNA_AVBL_PAPER_COPY_X,SH_05_CHNA_AVBL_PAPER_COPY_X,SH-P05-T03-FACILITY-POLICIES-PRACTICES,Made the community health needs assessment report widely available to the public via paper copy without charge [x],Made paper copy  available for public inspection,SCHED-H-PART-05-SECTION-B-LINE-07C,PC,checkbox,
SH_05_CHNA_AVBL_OTH_METHOD_X,SH_05_CHNA_AVBL_OTH_METHOD_X,SH-P05-T03-FACILITY-POLICIES-PRACTICES,Made the community health needs assessment report widely available to the public via another method [x],Available other method,SCHED-H-PART-05-SECTION-B-LINE-07D,PC,checkbox,
SH_05_CHNA_IMPLEMENT_ADOPT_X,SH_05_CHNA_IMPLEMENT_ADOPT_X,SH-P05-T03-FACILITY-POLICIES-PRACTICES,Adopted an implementation strategy to meet significant community health needs [x],Adopt implementation strategy?,SCHED-H-PART-05-SECTION-B-LINE-08,PC,checkbox,
SH_05_CHNA_IMPLEMENT_ADOPT_YEAR,SH_05_CHNA_IMPLEMENT_ADOPT_YEAR,SH-P05-T03-FACILITY-POLICIES-PRACTICES,Tax year in which the hospital facility last adopted an implementation strategy,Year last adopted implementation strategy,SCHED-H-PART-05-SECTION-B-LINE-09,PC,numeric,
SH_05_CHNA_STRATEGY_WEBSITE_X,SH_05_CHNA_STRATEGY_WEBSITE_X,SH-P05-T03-FACILITY-POLICIES-PRACTICES,Posted the implementation strategy on a website [x],Implementation strategy posted on website?,SCHED-H-PART-05-SECTION-B-LINE-10,PC,checkbox,
SH_05_CHNA_STRATEGY_WEBSITE,SH_05_CHNA_STRATEGY_WEBSITE,SH-P05-T03-FACILITY-POLICIES-PRACTICES,Implementation strategy website URL,Implementation strategy website URL,SCHED-H-PART-05-SECTION-B-LINE-10A,PC,text,
SH_05_CHNA_STRATEGY_ATTACHED_X,SH_05_CHNA_STRATEGY_ATTACHED_X,SH-P05-T03-FACILITY-POLICIES-PRACTICES,Attached implementation strategy to return [x],Implementation strategy attached to return?,SCHED-H-PART-05-SECTION-B-LINE-10B,PC,checkbox,
SH_05_CHNA_EXCISE_TAX_4959_X,SH_05_CHNA_EXCISE_TAX_4959_X,SH-P05-T03-FACILITY-POLICIES-PRACTICES,Incurred an excise tax under section 4959 for the hospital facility's failure to conduct a CHNA [x],Form990 Schedule HPart VSection B - OrganizationIncurExciseTax,SCHED-H-PART-05-SECTION-B-LINE-12A,PC,checkbox,
SH_05_CHNA_4959_FORM4720_FILED_X,SH_05_CHNA_4959_FORM4720_FILED_X,SH-P05-T03-FACILITY-POLICIES-PRACTICES,Incurred an excise tax under section 4959 for the hospital facility's failure to conduct a CHNA [x],Form990 Schedule HPart VSection B - FileForm4720ReportExciseTax,SCHED-H-PART-05-SECTION-B-LINE-12B,PC,checkbox,
SH_05_CHNA_EXCISE_TAX_4959_AMT,SH_05_CHNA_EXCISE_TAX_4959_AMT,SH-P05-T03-FACILITY-POLICIES-PRACTICES,Amount of excise tax for all hospital facilities,Form990 Schedule HPart VSection B - ExciseReportForm4720ForAllAmt,SCHED-H-PART-05-SECTION-B-LINE-12C,PC,numeric,
SH_05_FAP_CRITERIA_EXPLAIN_X,SH_05_FAP_CRITERIA_EXPLAIN_X,SH-P05-T03-FACILITY-POLICIES-PRACTICES,Had a written financial assistance policy that explained eligibility criteria for financial assistance [x],Policy explains eligibility criteria for financial assistance?,SCHED-H-PART-05-SECTION-B-LINE-13,PC,checkbox,
SH_05_FAP_CRITERIA_PCT_FPG_DCNT,SH_05_FAP_CRITERIA_PCT_FPG_DCNT,SH-P05-T03-FACILITY-POLICIES-PRACTICES,Limit for eligibility of discounted care,Percentage of FPG used to determine discount care,SCHED-H-PART-05-SECTION-B-LINE-13A,PC,numeric,
SH_05_FAP_CRITERIA_PCT_FPG_FREE,SH_05_FAP_CRITERIA_PCT_FPG_FREE,SH-P05-T03-FACILITY-POLICIES-PRACTICES,Limit for eligibility of free care,Percentage of FPG used to determine free care,SCHED-H-PART-05-SECTION-B-LINE-13A,PC,numeric,
SH_05_FAP_CRITERIA_PCT_FPG_X,SH_05_FAP_CRITERIA_PCT_FPG_X,SH-P05-T03-FACILITY-POLICIES-PRACTICES,Eligibility criteria used in financial assistance policy - federal poverty guidelines [x],Explained free care percent and discounted care percent,SCHED-H-PART-05-SECTION-B-LINE-13A,PC,checkbox,
SH_05_FAP_CRITERIA_INCOME_X,SH_05_FAP_CRITERIA_INCOME_X,SH-P05-T03-FACILITY-POLICIES-PRACTICES,Eligibility criteria used in financial assistance policy - income level other than federal poverty guidelines [x],Income level criteria,SCHED-H-PART-05-SECTION-B-LINE-13B,PC,checkbox,
SH_05_FAP_CRITERIA_ASSET_X,SH_05_FAP_CRITERIA_ASSET_X,SH-P05-T03-FACILITY-POLICIES-PRACTICES,Eligibility criteria used in financial assistance policy - asset level [x],Asset level criteria,SCHED-H-PART-05-SECTION-B-LINE-13C,PC,checkbox,
SH_05_FAP_CRITERIA_INDIGENCY_X,SH_05_FAP_CRITERIA_INDIGENCY_X,SH-P05-T03-FACILITY-POLICIES-PRACTICES,Eligibility criteria used in financial assistance policy - medical indigency [x],Medical indigency criteria,SCHED-H-PART-05-SECTION-B-LINE-13D,PC,checkbox,
SH_05_FAP_CRITERIA_INSURANCE_X,SH_05_FAP_CRITERIA_INSURANCE_X,SH-P05-T03-FACILITY-POLICIES-PRACTICES,Eligibility criteria used in financial assistance policy - insurance status [x],Insurance status criteria,SCHED-H-PART-05-SECTION-B-LINE-13E,PC,checkbox,
SH_05_FAP_CRITERIA_UNINSURED_X,SH_05_FAP_CRITERIA_UNINSURED_X,SH-P05-T03-FACILITY-POLICIES-PRACTICES,Eligibility criteria used in financial assistance policy - underinsurance status [x],Underinsurance status criteria,SCHED-H-PART-05-SECTION-B-LINE-13F,PC,checkbox,
SH_05_FAP_CRITERIA_RESIDENCY_X,SH_05_FAP_CRITERIA_RESIDENCY_X,SH-P05-T03-FACILITY-POLICIES-PRACTICES,Eligibility criteria used in financial assistance policy - residency [x],Residency criteria,SCHED-H-PART-05-SECTION-B-LINE-13G,PC,checkbox,
SH_05_FAP_CRITERIA_OTH_X,SH_05_FAP_CRITERIA_OTH_X,SH-P05-T03-FACILITY-POLICIES-PRACTICES,Eligibility criteria used in financial assistance policy - other [x],Other criteria,SCHED-H-PART-05-SECTION-B-LINE-13H,PC,checkbox,
SH_05_FAP_BASIS_EXPLAIN_X,SH_05_FAP_BASIS_EXPLAIN_X,SH-P05-T03-FACILITY-POLICIES-PRACTICES,Explained the basis for calculating amounts charged to patients [x],Policy explains basis for calculating amounts?,SCHED-H-PART-05-SECTION-B-LINE-14,PC,checkbox,
SH_05_FAP_METHOD_EXPLAIN_X,SH_05_FAP_METHOD_EXPLAIN_X,SH-P05-T03-FACILITY-POLICIES-PRACTICES,Explained the method for applying for financial assistance [x],Policy explains method for applying for assistance?,SCHED-H-PART-05-SECTION-B-LINE-15,PC,checkbox,
SH_05_FAP_METHOD_DESC_INFO_X,SH_05_FAP_METHOD_DESC_INFO_X,SH-P05-T03-FACILITY-POLICIES-PRACTICES,Described the information the hospital facility may require [x],Described information as part of application.,SCHED-H-PART-05-SECTION-B-LINE-15A,PC,checkbox,
SH_05_FAP_METHOD_DESC_DOC_X,SH_05_FAP_METHOD_DESC_DOC_X,SH-P05-T03-FACILITY-POLICIES-PRACTICES,Described the supporting documentation the hospital facility may require [x],Described supporting documentation as part of application.,SCHED-H-PART-05-SECTION-B-LINE-15B,PC,checkbox,
SH_05_FAP_METHOD_INFO_HOSPITAL_X,SH_05_FAP_METHOD_INFO_HOSPITAL_X,SH-P05-T03-FACILITY-POLICIES-PRACTICES,Provided the contact information of hospital facility staff [x],Provided  contact information of hospital staff.,SCHED-H-PART-05-SECTION-B-LINE-15C,PC,checkbox,
SH_05_FAP_METHOD_INFO_NPO_X,SH_05_FAP_METHOD_INFO_NPO_X,SH-P05-T03-FACILITY-POLICIES-PRACTICES,Provided the contact information of nonprofit organizations and government agencies [x],Provided contact information of nonprofit organization.,SCHED-H-PART-05-SECTION-B-LINE-15D,PC,checkbox,
SH_05_FAP_METHOD_OTH_X,SH_05_FAP_METHOD_OTH_X,SH-P05-T03-FACILITY-POLICIES-PRACTICES,Explained the method for applying for financial assistance in another way [x],Other method used to explain.,SCHED-H-PART-05-SECTION-B-LINE-15E,PC,checkbox,
SH_05_FAP_AVBL_PUBLICITY_X,SH_05_FAP_AVBL_PUBLICITY_X,SH-P05-T03-FACILITY-POLICIES-PRACTICES,Widely publicized the financial assistance policy [x],Policy includes publicity measures?,SCHED-H-PART-05-SECTION-B-LINE-16,PC,checkbox,
SH_05_FAP_AVBL_WEBSITE,SH_05_FAP_AVBL_WEBSITE,SH-P05-T03-FACILITY-POLICIES-PRACTICES,Financial assistance policy website,FAP website URL,SCHED-H-PART-05-SECTION-B-LINE-16A,PC,text,
SH_05_FAP_AVBL_WEBSITE_X,SH_05_FAP_AVBL_WEBSITE_X,SH-P05-T03-FACILITY-POLICIES-PRACTICES,Financial assistance policy available on website [x],FAP widely available on a website,SCHED-H-PART-05-SECTION-B-LINE-16A,PC,checkbox,
SH_05_FAP_AVBL_FORM_WEBSITE,SH_05_FAP_AVBL_FORM_WEBSITE,SH-P05-T03-FACILITY-POLICIES-PRACTICES,Financial assistance application form website,FAP application form website URL,SCHED-H-PART-05-SECTION-B-LINE-16B,PC,text,
SH_05_FAP_AVBL_FORM_WEBSITE_X,SH_05_FAP_AVBL_FORM_WEBSITE_X,SH-P05-T03-FACILITY-POLICIES-PRACTICES,Financial assistance application form on website [x],FAP application form widely available on a website,SCHED-H-PART-05-SECTION-B-LINE-16B,PC,checkbox,
SH_05_FAP_AVBL_SUMMARY_WEBSITE,SH_05_FAP_AVBL_SUMMARY_WEBSITE,SH-P05-T03-FACILITY-POLICIES-PRACTICES,Plain language summary of financial assistance policy website,FAP plain language summary website URL,SCHED-H-PART-05-SECTION-B-LINE-16C,PC,text,
SH_05_FAP_AVBL_SUMMARY_WEBSITE_X,SH_05_FAP_AVBL_SUMMARY_WEBSITE_X,SH-P05-T03-FACILITY-POLICIES-PRACTICES,Plain language summary of financial assistance policy on website [x],FAP plain language summary on a website,SCHED-H-PART-05-SECTION-B-LINE-16C,PC,checkbox,
SH_05_FAP_AVBL_REQUEST_X,SH_05_FAP_AVBL_REQUEST_X,SH-P05-T03-FACILITY-POLICIES-PRACTICES,Financial assistance policy available upon request without charge [x],FAP available upon request and without charge,SCHED-H-PART-05-SECTION-B-LINE-16D,PC,checkbox,
SH_05_FAP_AVBL_FORM_REQUEST_X,SH_05_FAP_AVBL_FORM_REQUEST_X,SH-P05-T03-FACILITY-POLICIES-PRACTICES,Financial assistance application form available upon request without charge [x],FAP application form available upon request and without charge,SCHED-H-PART-05-SECTION-B-LINE-16E,PC,checkbox,
SH_05_FAP_AVBL_SUMMARY_REQUEST_X,SH_05_FAP_AVBL_SUMMARY_REQUEST_X,SH-P05-T03-FACILITY-POLICIES-PRACTICES,Plain language summary of financial assistance policy available upon request without charge [x],FAP plain language summary available upon request and without charge,SCHED-H-PART-05-SECTION-B-LINE-16F,PC,checkbox,
SH_05_FAP_METHOD_WRITTEN_X,SH_05_FAP_METHOD_WRITTEN_X,SH-P05-T03-FACILITY-POLICIES-PRACTICES,Written explanation of the method for applying for financial assistance [x],"Individuals were notified about the FAP by being offered a paper copy of the plain language summary of the FAP, by receiving a conspicuous written notice about the FAP on their billing statements, and via conspicuous public displays or other measures reasonably calculated to attract patients' attention",SCHED-H-PART-05-SECTION-B-LINE-16G,PC,checkbox,
SH_05_FAP_AVBL_COM_NOTIFIED_X,SH_05_FAP_AVBL_COM_NOTIFIED_X,SH-P05-T03-FACILITY-POLICIES-PRACTICES,Notified community members most likely to require financial assistance about availability of it [x],Notified community about availability of FAP,SCHED-H-PART-05-SECTION-B-LINE-16H,PC,checkbox,
SH_05_FAP_AVBL_OTH_PUBLICITY_X,SH_05_FAP_AVBL_OTH_PUBLICITY_X,SH-P05-T03-FACILITY-POLICIES-PRACTICES,Publicized the financial assistance policy in another way [x],Other publicity,SCHED-H-PART-05-SECTION-B-LINE-16I,PC,checkbox,
SH_05_BILL_EXPLAIN_ACT_NOPAY_X,SH_05_BILL_EXPLAIN_ACT_NOPAY_X,SH-P05-T03-FACILITY-POLICIES-PRACTICES,Had a separate billing and collections policy to explain actions authorized upon nonpayment [x],Policy explains actions taken upon non-payment?,SCHED-H-PART-05-SECTION-B-LINE-17,PC,checkbox,
SH_05_BILL_PERMIT_AGENCY_X,SH_05_BILL_PERMIT_AGENCY_X,SH-P05-T03-FACILITY-POLICIES-PRACTICES,Permitted actions - reporting to credit agency(ies) [x],Report to credit agency permitted,SCHED-H-PART-05-SECTION-B-LINE-18A,PC,checkbox,
SH_05_BILL_PERMIT_SELL_DEBT_X,SH_05_BILL_PERMIT_SELL_DEBT_X,SH-P05-T03-FACILITY-POLICIES-PRACTICES,Permitted actions - selling an individual's debt to another party [x],Selling debt permitted,SCHED-H-PART-05-SECTION-B-LINE-18B,PC,checkbox,
SH_05_BILL_PERMIT_LEGAL_X,SH_05_BILL_PERMIT_LEGAL_X,SH-P05-T03-FACILITY-POLICIES-PRACTICES,Permitted actions - actions that require a legal or judicial process [x],Actions that required a legal or judicial process,SCHED-H-PART-05-SECTION-B-LINE-18D,PC,checkbox,
SH_05_BILL_PERMIT_OTH_ACT_X,SH_05_BILL_PERMIT_OTH_ACT_X,SH-P05-T03-FACILITY-POLICIES-PRACTICES,Permitted actions - other similar actions [x],Other actions permitted,SCHED-H-PART-05-SECTION-B-LINE-18E,PC,checkbox,
SH_05_BILL_PERMIT_NO_ACT_X,SH_05_BILL_PERMIT_NO_ACT_X,SH-P05-T03-FACILITY-POLICIES-PRACTICES,Permitted actions - none of these or other similar actions [x],None of these actions or similar actions permitted,SCHED-H-PART-05-SECTION-B-LINE-18F,PC,checkbox,
SH_05_BILL_3RD_PARTY_COLLEC_X,SH_05_BILL_3RD_PARTY_COLLEC_X,SH-P05-T03-FACILITY-POLICIES-PRACTICES,Engaged in actions [x],Authorize third-party to engage in collection activities?,SCHED-H-PART-05-SECTION-B-LINE-19,PC,checkbox,
SH_05_BILL_3RD_PARTY_AGENCY_X,SH_05_BILL_3RD_PARTY_AGENCY_X,SH-P05-T03-FACILITY-POLICIES-PRACTICES,Engaged in actions - reporting to credit agency(ies) [x],Credit agency engaged,SCHED-H-PART-05-SECTION-B-LINE-19A,PC,checkbox,
SH_05_BILL_3RD_PARTY_SELL_DEBT_X,SH_05_BILL_3RD_PARTY_SELL_DEBT_X,SH-P05-T03-FACILITY-POLICIES-PRACTICES,Engaged in actions - selling an individual's debt to another party [x],Selling debt engaged,SCHED-H-PART-05-SECTION-B-LINE-19B,PC,checkbox,
SH_05_BILL_3RD_PARTY_LEGAL_X,SH_05_BILL_3RD_PARTY_LEGAL_X,SH-P05-T03-FACILITY-POLICIES-PRACTICES,Engaged in actions - actions that require a legal or judicial process [x],Engaged actions that required a legal or judicial process,SCHED-H-PART-05-SECTION-B-LINE-19D,PC,checkbox,
SH_05_BILL_3RD_PARTY_OTH_ACT_X,SH_05_BILL_3RD_PARTY_OTH_ACT_X,SH-P05-T03-FACILITY-POLICIES-PRACTICES,Engaged in actions - other similar actions [x],Other actions engaged,SCHED-H-PART-05-SECTION-B-LINE-19E,PC,checkbox,
SH_05_BILL_MADE_OTH_ACT_X,SH_05_BILL_MADE_OTH_ACT_X,SH-P05-T03-FACILITY-POLICIES-PRACTICES,Prior actions taken - other [x],Other action taken,SCHED-H-PART-05-SECTION-B-LINE-20E,PC,checkbox,
SH_05_BILL_MADE_NO_ACT_X,SH_05_BILL_MADE_NO_ACT_X,SH-P05-T03-FACILITY-POLICIES-PRACTICES,Prior actions taken - none of these efforts were made [x],None of these efforts were made,SCHED-H-PART-05-SECTION-B-LINE-20F,PC,checkbox,
SH_05_EMERGENCY_NODISCR_POLICY_X,SH_05_EMERGENCY_NODISCR_POLICY_X,SH-P05-T03-FACILITY-POLICIES-PRACTICES,Had a written policy relating to emergency medical care [x],Non-discriminatory emergency medical care policy?,SCHED-H-PART-05-SECTION-B-LINE-21,PC,checkbox,
SH_05_EMERGENCY_NO_CARE_X,SH_05_EMERGENCY_NO_CARE_X,SH-P05-T03-FACILITY-POLICIES-PRACTICES,Did not provide care for any emergency medical conditions [x],No emergency care,SCHED-H-PART-05-SECTION-B-LINE-21A,PC,checkbox,
SH_05_EMERGENCY_NO_POLICY_X,SH_05_EMERGENCY_NO_POLICY_X,SH-P05-T03-FACILITY-POLICIES-PRACTICES,Policy was not in writing [x],No emergency policy,SCHED-H-PART-05-SECTION-B-LINE-21B,PC,checkbox,
SH_05_EMERGENCY_LIMIT_CARE_X,SH_05_EMERGENCY_LIMIT_CARE_X,SH-P05-T03-FACILITY-POLICIES-PRACTICES,Limited who was eligible to receive care for emergency medical conditions [x],Limits emergency care,SCHED-H-PART-05-SECTION-B-LINE-21C,PC,checkbox,
SH_05_EMERGENCY_OTH_REASON_X,SH_05_EMERGENCY_OTH_REASON_X,SH-P05-T03-FACILITY-POLICIES-PRACTICES,Did not have a written policy relating to emergency medical care for other reasons [x],Form990 Schedule HPart VSection B - Other reason,SCHED-H-PART-05-SECTION-B-LINE-21D,PC,checkbox,
SH_05_CHARGE_MT_AMT_BILLED_X,SH_05_CHARGE_MT_AMT_BILLED_X,SH-P05-T03-FACILITY-POLICIES-PRACTICES,Charged more than generally billed to insurance [x],Charged more than amount generally billed?,SCHED-H-PART-05-SECTION-B-LINE-23,PC,checkbox,
SH_05_CHARGE_FAP_GRO_CHARGE_X,SH_05_CHARGE_FAP_GRO_CHARGE_X,SH-P05-T03-FACILITY-POLICIES-PRACTICES,Charged amount equal to the gross charge [x],Gross charges in billing?,SCHED-H-PART-05-SECTION-B-LINE-24,PC,checkbox,
SH_05_NON_HOSPITAL_NUM,SH_05_NON_HOSPITAL_NUM,SH-P05-T00-FAP-COMMUNITY-BENEFIT-POLICY,Number of non-hospital health care facilities,Number of other facilities,SCHED-H-PART-05-SECTION-D-LINE-00,PC,numeric,
SH_05_HOSPITAL_ADDR_CITY,SH_05_HOSPITAL_ADDR_CITY,SH-P05-T01-HOSPITAL-FACILITY,Hospital facility city,Address - City,SCHED-H-PART-05-SECTION-A-COL-01,PC,text,
SH_05_HOSPITAL_ADDR_CNTR,SH_05_HOSPITAL_ADDR_CNTR,SH-P05-T01-HOSPITAL-FACILITY,Hospital facility country,Address Foreign - Country,SCHED-H-PART-05-SECTION-A-COL-01,PC,text,
SH_05_HOSPITAL_ADDR_L1,SH_05_HOSPITAL_ADDR_L1,SH-P05-T01-HOSPITAL-FACILITY,Hospital facility street address line 1,Address - AddressLine1,SCHED-H-PART-05-SECTION-A-COL-01,PC,text,
SH_05_HOSPITAL_ADDR_L2,SH_05_HOSPITAL_ADDR_L2,SH-P05-T01-HOSPITAL-FACILITY,Hospital facility street address line 2,Address - AddressLine2,SCHED-H-PART-05-SECTION-A-COL-01,PC,text,
SH_05_HOSPITAL_ADDR_STATE,SH_05_HOSPITAL_ADDR_STATE,SH-P05-T01-HOSPITAL-FACILITY,Hospital facility state,Address - State,SCHED-H-PART-05-SECTION-A-COL-01,PC,text,
SH_05_HOSPITAL_ADDR_ZIP,SH_05_HOSPITAL_ADDR_ZIP,SH-P05-T01-HOSPITAL-FACILITY,Hospital facility zip,Address - ZIPCode,SCHED-H-PART-05-SECTION-A-COL-01,PC,text,
SH_05_HOSPITAL_NAME_L1,SH_05_HOSPITAL_NAME_L1,SH-P05-T01-HOSPITAL-FACILITY,Hospital facility name line 1,Name - BusinessNameLine1,SCHED-H-PART-05-SECTION-A-COL-01,PC,text,
SH_05_HOSPITAL_NAME_L2,SH_05_HOSPITAL_NAME_L2,SH-P05-T01-HOSPITAL-FACILITY,Hospital facility name line 2,Name - BusinessNameLine2,SCHED-H-PART-05-SECTION-A-COL-01,PC,text,
SH_05_HOSPITAL_STATE_LIC_NUM,SH_05_HOSPITAL_STATE_LIC_NUM,SH-P05-T01-HOSPITAL-FACILITY,Hospital facility license number,Hospital facilities state license number,SCHED-H-PART-05-SECTION-A-COL-01,PC,text,
SH_05_HOSPITAL_SUBORD_EIN,SH_05_HOSPITAL_SUBORD_EIN,SH-P05-T01-HOSPITAL-FACILITY,Subordinate hospital EIN,EIN; subordinate hospital,SCHED-H-PART-05-SECTION-A-COL-01,PC,text,
SH_05_HOSPITAL_SUBORD_NAME_L1,SH_05_HOSPITAL_SUBORD_NAME_L1,SH-P05-T01-HOSPITAL-FACILITY,Subordinate hospital name line 1,Subordinate Hospital Name - BusinessNameLine1Txt,SCHED-H-PART-05-SECTION-A-COL-01,PC,text,
SH_05_HOSPITAL_SUBORD_NAME_L2,SH_05_HOSPITAL_SUBORD_NAME_L2,SH-P05-T01-HOSPITAL-FACILITY,Subordinate hospital name line 2,Subordinate Hospital Name - BusinessNameLine2Txt,SCHED-H-PART-05-SECTION-A-COL-01,PC,text,
SH_05_HOSPITAL_WEBSITE,SH_05_HOSPITAL_WEBSITE,SH-P05-T01-HOSPITAL-FACILITY,Hospital facility website,Form990 Schedule HPart VSection A - WebsiteAddress,SCHED-H-PART-05-SECTION-A-COL-01,PC,text,
SH_05_HOSPITAL_LIC_X,SH_05_HOSPITAL_LIC_X,SH-P05-T01-HOSPITAL-FACILITY,Licensed hospital [x],Licensed hospital,SCHED-H-PART-05-SECTION-A-COL-02,PC,checkbox,
SH_05_HOSPITAL_MEDICAL_X,SH_05_HOSPITAL_MEDICAL_X,SH-P05-T01-HOSPITAL-FACILITY,General medical and surgical [x],General medical and surgical,SCHED-H-PART-05-SECTION-A-COL-03,PC,checkbox,
SH_05_HOSPITAL_CHILDREN_X,SH_05_HOSPITAL_CHILDREN_X,SH-P05-T01-HOSPITAL-FACILITY,Children's hospital [x],Children's hospital,SCHED-H-PART-05-SECTION-A-COL-04,PC,checkbox,
SH_05_HOSPITAL_TEACHING_X,SH_05_HOSPITAL_TEACHING_X,SH-P05-T01-HOSPITAL-FACILITY,Teaching hospital [x],Teaching hospital,SCHED-H-PART-05-SECTION-A-COL-05,PC,checkbox,
SH_05_HOSPITAL_CRITICAL_ACCESS_X,SH_05_HOSPITAL_CRITICAL_ACCESS_X,SH-P05-T01-HOSPITAL-FACILITY,Critical access hospital [x],Critical Access hospital,SCHED-H-PART-05-SECTION-A-COL-06,PC,checkbox,
SH_05_HOSPITAL_RSRCH_FACILITY_X,SH_05_HOSPITAL_RSRCH_FACILITY_X,SH-P05-T01-HOSPITAL-FACILITY,Research facility [x],Research facility,SCHED-H-PART-05-SECTION-A-COL-07,PC,checkbox,
SH_05_HOSPITAL_ER_24HOURS_X,SH_05_HOSPITAL_ER_24HOURS_X,SH-P05-T01-HOSPITAL-FACILITY,ER-24 hours [x],Form990 Schedule HPart V - ER - 24 hours,SCHED-H-PART-05-SECTION-A-COL-08,PC,checkbox,
SH_05_HOSPITAL_ER_OTH_X,SH_05_HOSPITAL_ER_OTH_X,SH-P05-T01-HOSPITAL-FACILITY,ER-other [x],Form990 Schedule HPart V - ER - other,SCHED-H-PART-05-SECTION-A-COL-09,PC,checkbox,
SH_05_HOSPITAL_OTH,SH_05_HOSPITAL_OTH,SH-P05-T01-HOSPITAL-FACILITY,Hospital facility other description,Form990 Schedule HPart V - Other,SCHED-H-PART-05-SECTION-A-COL-10,PC,text,
SH_05_HOSPITAL_FACILITY_GROUP,SH_05_HOSPITAL_FACILITY_GROUP,SH-P05-T01-HOSPITAL-FACILITY,Hospital facility reporting group,Form990 Schedule HPart VSection A - FacilityReportingGroup,SCHED-H-PART-05-SECTION-A-COL-11,PC,text,
SH_05_NON_HOSPITAL_ADDR_CITY,SH_05_NON_HOSPITAL_ADDR_CITY,SH-P05-T02-NON-HOSPITAL-FACILITY,Non-hospital health care facility city,Address - City,SCHED-H-PART-05-SECTION-D-COL-01,PC,text,
SH_05_NON_HOSPITAL_ADDR_L1,SH_05_NON_HOSPITAL_ADDR_L1,SH-P05-T02-NON-HOSPITAL-FACILITY,Non-hospital health care facility street address line 1,Address - AddressLine1,SCHED-H-PART-05-SECTION-D-COL-01,PC,text,
SH_05_NON_HOSPITAL_ADDR_L2,SH_05_NON_HOSPITAL_ADDR_L2,SH-P05-T02-NON-HOSPITAL-FACILITY,Non-hospital health care facility street address line 2,Address - AddressLine2,SCHED-H-PART-05-SECTION-D-COL-01,PC,text,
SH_05_NON_HOSPITAL_ADDR_STATE,SH_05_NON_HOSPITAL_ADDR_STATE,SH-P05-T02-NON-HOSPITAL-FACILITY,Non-hospital health care facility state,Address - State,SCHED-H-PART-05-SECTION-D-COL-01,PC,text,
SH_05_NON_HOSPITAL_ADDR_ZIP,SH_05_NON_HOSPITAL_ADDR_ZIP,SH-P05-T02-NON-HOSPITAL-FACILITY,Non-hospital health care facility zip,Address - ZIPCode,SCHED-H-PART-05-SECTION-D-COL-01,PC,text,
SH_05_NON_HOSPITAL_NAME_L1,SH_05_NON_HOSPITAL_NAME_L1,SH-P05-T02-NON-HOSPITAL-FACILITY,Non-hospital health care facility name line 1,Name - BusinessNameLine1,SCHED-H-PART-05-SECTION-D-COL-01,PC,text,
SH_05_NON_HOSPITAL_NAME_L2,SH_05_NON_HOSPITAL_NAME_L2,SH-P05-T02-NON-HOSPITAL-FACILITY,Non-hospital health care facility name line 2,Name - BusinessNameLine2,SCHED-H-PART-05-SECTION-D-COL-01,PC,text,
SH_05_NON_HOSPITAL_FACILITY_TYPE,SH_05_NON_HOSPITAL_FACILITY_TYPE,SH-P05-T02-NON-HOSPITAL-FACILITY,Non-hospital health care facility type,Other Facilities - Facility type,SCHED-H-PART-05-SECTION-D-COL-02,PC,text,
SH_05_EXPLANATION_TEXT,SH_05_EXPLANATION_TEXT,SH-P05-T99-SUPPLEMENTAL-INFO,"Form, part, and line number reference",Form; part and line number reference explanation,SCHED-H-PART-05-SECTION-C,PC,text,
SH_05_FORM_LINE_REFERENCE,SH_05_FORM_LINE_REFERENCE,SH-P05-T99-SUPPLEMENTAL-INFO,"Form, part, and line number reference",Form; part and line number reference,SCHED-H-PART-05-SECTION-C,PC,text,
SH_06_EXPLANATION_TEXT,SH_06_EXPLANATION_TEXT,SH-P06-T99-SUPPLEMENTAL-INFO,Additional explanations,Form990 Schedule HPart VI - Explanation,SCHED-H-PART-06,PC,text,
SH_06_IDENTIFIER,SH_06_IDENTIFIER,SH-P06-T99-SUPPLEMENTAL-INFO,Identifier,Form990 Schedule HPart VI - Identifier,SCHED-H-PART-06,PC,text,
SH_06_RETURN_REFERENCE,SH_06_RETURN_REFERENCE,SH-P06-T99-SUPPLEMENTAL-INFO,Return reference,Return reference,SCHED-H-PART-06,PC,text,
SH_06_EXPLANATION_ADDITIONAL,SH_06_EXPLANATION_ADDITIONAL,SH-P06-T99-SUPPLEMENTAL-INFO,Additional explanations,Additional explanations (see SH-FORM-VERSION-2009-PART-06),SCHED-H-PART-06-LINE-01,PC,text,
SH_06_EXPLANATION_FACILITY_TYPE,SH_06_EXPLANATION_FACILITY_TYPE,SH-P06-T99-SUPPLEMENTAL-INFO,Additional explanation of facility type,Form990 Schedule HPart VI - Part V (see SH-FORM-VERSION-2009-PART-06),SCHED-H-PART-06-LINE-01,PC,text,
SH_06_EXPLANATION_PART_01_L3C,SH_06_EXPLANATION_PART_01_L3C,SH-P06-T99-SUPPLEMENTAL-INFO,Additional explanation for part 1 line 3c,Part I; line 3c (see SH-FORM-VERSION-2009-PART-06),SCHED-H-PART-06-LINE-01,PC,text,
SH_06_EXPLANATION_PART_01_L6A,SH_06_EXPLANATION_PART_01_L6A,SH-P06-T99-SUPPLEMENTAL-INFO,Additional explanation for part 1 line 6a,Part I; line 6a (see SH-FORM-VERSION-2009-PART-06),SCHED-H-PART-06-LINE-01,PC,text,
SH_06_EXPLANATION_PART_01_L7,SH_06_EXPLANATION_PART_01_L7,SH-P06-T99-SUPPLEMENTAL-INFO,Additional explanation for part 1 line 7,Part I; line 7 (see SH-FORM-VERSION-2009-PART-06),SCHED-H-PART-06-LINE-01,PC,text,
SH_06_EXPLANATION_PART_01_L7_F,SH_06_EXPLANATION_PART_01_L7_F,SH-P06-T99-SUPPLEMENTAL-INFO,Additional explanation for part 1 line 7 column f,Part I; line 7; column(f) (see SH-FORM-VERSION-2009-PART-06),SCHED-H-PART-06-LINE-01,PC,text,
SH_06_EXPLANATION_PART_01_L7G,SH_06_EXPLANATION_PART_01_L7G,SH-P06-T99-SUPPLEMENTAL-INFO,Additional explanation for part 1 line 7g,Part I; line 7g (see SH-FORM-VERSION-2009-PART-06),SCHED-H-PART-06-LINE-01,PC,text,
SH_06_EXPLANATION_PART_03_L4,SH_06_EXPLANATION_PART_03_L4,SH-P06-T99-SUPPLEMENTAL-INFO,Additional explanation for part 3 line 4,Part III; line 4 (see SH-FORM-VERSION-2009-PART-06),SCHED-H-PART-06-LINE-01,PC,text,
SH_06_EXPLANATION_PART_03_L8,SH_06_EXPLANATION_PART_03_L8,SH-P06-T99-SUPPLEMENTAL-INFO,Additional explanation for part 3 line 8,Part III; line 8 (see SH-FORM-VERSION-2009-PART-06),SCHED-H-PART-06-LINE-01,PC,text,
SH_06_EXPLANATION_PART_03_L9B,SH_06_EXPLANATION_PART_03_L9B,SH-P06-T99-SUPPLEMENTAL-INFO,Additional explanation for part 3 line 9b,Part III; line 9b (see SH-FORM-VERSION-2009-PART-06),SCHED-H-PART-06-LINE-01,PC,text,
SH_06_EXPLANATION_NEED_ASSESS,SH_06_EXPLANATION_NEED_ASSESS,SH-P06-T99-SUPPLEMENTAL-INFO,Additional explanation for the needs assessment,Needs assessment (see SH-FORM-VERSION-2009-PART-06),SCHED-H-PART-06-LINE-02,PC,text,
SH_06_EXPLANATION_PATIENT_EDU,SH_06_EXPLANATION_PATIENT_EDU,SH-P06-T99-SUPPLEMENTAL-INFO,Additional explanation for the patient education of eligibility for assistance,Patient education reference assistance (see SH-FORM-VERSION-2009-PART-06),SCHED-H-PART-06-LINE-03,PC,text,
SH_06_EXPLANATION_COM_INFO,SH_06_EXPLANATION_COM_INFO,SH-P06-T99-SUPPLEMENTAL-INFO,Additional explanation for the community information,Community information (see SH-FORM-VERSION-2009-PART-06),SCHED-H-PART-06-LINE-04,PC,text,
SH_06_EXPLANATION_COM_BLDG_ACT,SH_06_EXPLANATION_COM_BLDG_ACT,SH-P06-T99-SUPPLEMENTAL-INFO,Additional explanation for the community building activities,Community building activities (see SH-FORM-VERSION-2009-PART-06),SCHED-H-PART-06-LINE-05,PC,text,
SH_06_EXPLANATION_OTH_INFO,SH_06_EXPLANATION_OTH_INFO,SH-P06-T99-SUPPLEMENTAL-INFO,Additional explanation for the other information,Other information (see SH-FORM-VERSION-2009-PART-06),SCHED-H-PART-06-LINE-06,PC,text,
SH_06_EXPLANATION_HEALTH_SYSTEM,SH_06_EXPLANATION_HEALTH_SYSTEM,SH-P06-T99-SUPPLEMENTAL-INFO,Additional explanation for the affiliated health care system,Affiliated health care system (see SH-FORM-VERSION-2009-PART-06),SCHED-H-PART-06-LINE-07,PC,text,
SH_06_EXPLANATION_REP_STATES,SH_06_EXPLANATION_REP_STATES,SH-P06-T99-SUPPLEMENTAL-INFO,Additional explanation for the state filing of community benefit report,Reports filed with states (see SH-FORM-VERSION-2009-PART-06),SCHED-H-PART-06-LINE-08,PC,text,
SH_99_CHNA_AVBL_REQUEST_X,SH_99_CHNA_AVBL_REQUEST_X,SH-P99-T00-FAP-COMMUNITY-BENEFIT-POLICY,Community health needs assessment report available upon request [x],Needs assessment available upon request (see SH-FORM-VERSION-2013-PART-05),SCHED-H-PART-99-SECTION-B-LINE-05C,PC,checkbox,
SH_99_CHNA_NEED_ADOPT_IMP_X,SH_99_CHNA_NEED_ADOPT_IMP_X,SH-P99-T00-FAP-COMMUNITY-BENEFIT-POLICY,Addressed needs through adoption of an implementation strategy [x],Adoption of implementation strategy (see SH-FORM-VERSION-2013-PART-05),SCHED-H-PART-99-SECTION-B-LINE-06A,PC,checkbox,
SH_99_CHNA_NEED_EXECUTE_IMP_X,SH_99_CHNA_NEED_EXECUTE_IMP_X,SH-P99-T00-FAP-COMMUNITY-BENEFIT-POLICY,Addressed needs through execution of the implementation strategy [x],Execution of implementation strategy (see SH-FORM-VERSION-2013-PART-05),SCHED-H-PART-99-SECTION-B-LINE-06B,PC,checkbox,
SH_99_CHNA_NEED_DEVELOP_PLAN_X,SH_99_CHNA_NEED_DEVELOP_PLAN_X,SH-P99-T00-FAP-COMMUNITY-BENEFIT-POLICY,Addressed needs through participation in the development of a community-wide plan [x],Development of community benefit plan (see SH-FORM-VERSION-2013-PART-05),SCHED-H-PART-99-SECTION-B-LINE-06C,PC,checkbox,
SH_99_CHNA_NEED_PARTICIPA_PLAN_X,SH_99_CHNA_NEED_PARTICIPA_PLAN_X,SH-P99-T00-FAP-COMMUNITY-BENEFIT-POLICY,Addressed needs through participation in the execution of a community-wide plan [x],Participation in community-wide benefit plan (see SH-FORM-VERSION-2013-PART-05),SCHED-H-PART-99-SECTION-B-LINE-06D,PC,checkbox,
SH_99_CHNA_NEED_INCL_PLAN_X,SH_99_CHNA_NEED_INCL_PLAN_X,SH-P99-T00-FAP-COMMUNITY-BENEFIT-POLICY,Addressed needs through inclusion of a community benefit section in operational plans [x],Inclusion in operational plans (see SH-FORM-VERSION-2013-PART-05),SCHED-H-PART-99-SECTION-B-LINE-06E,PC,checkbox,
SH_99_CHNA_NEED_ADOPT_BUDGET_X,SH_99_CHNA_NEED_ADOPT_BUDGET_X,SH-P99-T00-FAP-COMMUNITY-BENEFIT-POLICY,Addressed needs through adoption of a budget [x],Operational of budget (see SH-FORM-VERSION-2013-PART-05),SCHED-H-PART-99-SECTION-B-LINE-06F,PC,checkbox,
SH_99_CHNA_NEED_PRIORITIZA_X,SH_99_CHNA_NEED_PRIORITIZA_X,SH-P99-T00-FAP-COMMUNITY-BENEFIT-POLICY,Addressed needs through prioritization of health needs [x],Prioritization of health needs (see SH-FORM-VERSION-2013-PART-05),SCHED-H-PART-99-SECTION-B-LINE-06G,PC,checkbox,
SH_99_CHNA_NEED_PRIORITIZA_SVC_X,SH_99_CHNA_NEED_PRIORITIZA_SVC_X,SH-P99-T00-FAP-COMMUNITY-BENEFIT-POLICY,Addressed needs through prioritization of services [x],Prioritization of health services (see SH-FORM-VERSION-2013-PART-05),SCHED-H-PART-99-SECTION-B-LINE-06H,PC,checkbox,
SH_99_CHNA_NEED_OTH_X,SH_99_CHNA_NEED_OTH_X,SH-P99-T00-FAP-COMMUNITY-BENEFIT-POLICY,Addressed needs through other [x],Other needs addressed (see SH-FORM-VERSION-2013-PART-05),SCHED-H-PART-99-SECTION-B-LINE-06I,PC,checkbox,
SH_99_CHNA_NEED_ALL_ADDRESSED_X,SH_99_CHNA_NEED_ALL_ADDRESSED_X,SH-P99-T00-FAP-COMMUNITY-BENEFIT-POLICY,Addressed all of the needs identified in most recent community health needs assessment [x],All needs addressed? (see SH-FORM-VERSION-2013-PART-05),SCHED-H-PART-99-SECTION-B-LINE-07,PC,checkbox,
SH_99_FAP_USE_FPG_FREE_CARE_PCT,SH_99_FAP_USE_FPG_FREE_CARE_PCT,SH-P99-T00-FAP-COMMUNITY-BENEFIT-POLICY,Family income limit for eligibility for free care percentage,Percentage of FPG used to determine free care (see SH-FORM-VERSION-2013-PART-05),SCHED-H-PART-99-SECTION-B-LINE-10,PC,numeric,
SH_99_FAP_USE_FPG_FREE_CARE_X,SH_99_FAP_USE_FPG_FREE_CARE_X,SH-P99-T00-FAP-COMMUNITY-BENEFIT-POLICY,Used federal poverty guidelines to determine eligibility for providing free care [x],Policy uses FPG determine free care? (see SH-FORM-VERSION-2013-PART-05),SCHED-H-PART-99-SECTION-B-LINE-10,PC,checkbox,
SH_99_FAP_USE_FPG_DCNT_CARE_PCT,SH_99_FAP_USE_FPG_DCNT_CARE_PCT,SH-P99-T00-FAP-COMMUNITY-BENEFIT-POLICY,Family income limit for eligibility for discounted care percentage,Percentage of FPG used to determine discount care (see SH-FORM-VERSION-2013-PART-05),SCHED-H-PART-99-SECTION-B-LINE-11,PC,numeric,
SH_99_FAP_USE_FPG_DCNT_CARE_X,SH_99_FAP_USE_FPG_DCNT_CARE_X,SH-P99-T00-FAP-COMMUNITY-BENEFIT-POLICY,Used federal poverty guidelines to determine eligibility for providing discounted care [x],Policy uses FPG determine discounted care? (see SH-FORM-VERSION-2013-PART-05),SCHED-H-PART-99-SECTION-B-LINE-11,PC,checkbox,
SH_99_FAP_FACTOR_INCOME_X,SH_99_FAP_FACTOR_INCOME_X,SH-P99-T00-FAP-COMMUNITY-BENEFIT-POLICY,Basis for calculating amounts charged to patients - income level [x],Income level basis (see SH-FORM-VERSION-2013-PART-05),SCHED-H-PART-99-SECTION-B-LINE-12A,PC,checkbox,
SH_99_FAP_FACTOR_ASSET_X,SH_99_FAP_FACTOR_ASSET_X,SH-P99-T00-FAP-COMMUNITY-BENEFIT-POLICY,Basis for calculating amounts charged to patients - asset level [x],Asset level basis (see SH-FORM-VERSION-2013-PART-05),SCHED-H-PART-99-SECTION-B-LINE-12B,PC,checkbox,
SH_99_FAP_FACTOR_INDIGENCY_X,SH_99_FAP_FACTOR_INDIGENCY_X,SH-P99-T00-FAP-COMMUNITY-BENEFIT-POLICY,Basis for calculating amounts charged to patients - medical indigency [x],Medical indigency basis (see SH-FORM-VERSION-2013-PART-05),SCHED-H-PART-99-SECTION-B-LINE-12C,PC,checkbox,
SH_99_FAP_FACTOR_INSURANCE_X,SH_99_FAP_FACTOR_INSURANCE_X,SH-P99-T00-FAP-COMMUNITY-BENEFIT-POLICY,Basis for calculating amounts charged to patients - insurance status [x],Insurance status basis (see SH-FORM-VERSION-2013-PART-05),SCHED-H-PART-99-SECTION-B-LINE-12D,PC,checkbox,
SH_99_FAP_FACTOR_UNINSURED_X,SH_99_FAP_FACTOR_UNINSURED_X,SH-P99-T00-FAP-COMMUNITY-BENEFIT-POLICY,Basis for calculating amounts charged to patients - uninsured discount [x],Uninsured discount basis (see SH-FORM-VERSION-2013-PART-05),SCHED-H-PART-99-SECTION-B-LINE-12E,PC,checkbox,
SH_99_FAP_FACTOR_MEDICAID_X,SH_99_FAP_FACTOR_MEDICAID_X,SH-P99-T00-FAP-COMMUNITY-BENEFIT-POLICY,Basis for calculating amounts charged to patients - Medicaid/Medicare [x],Medicaid/Medicare basis (see SH-FORM-VERSION-2013-PART-05),SCHED-H-PART-99-SECTION-B-LINE-12F,PC,checkbox,
SH_99_FAP_FACTOR_STATE_REG_X,SH_99_FAP_FACTOR_STATE_REG_X,SH-P99-T00-FAP-COMMUNITY-BENEFIT-POLICY,Basis for calculating amounts charged to patients - state regulation [x],State regulation basis (see SH-FORM-VERSION-2013-PART-05),SCHED-H-PART-99-SECTION-B-LINE-12G,PC,checkbox,
SH_99_FAP_FACTOR_RESIDENCY_X,SH_99_FAP_FACTOR_RESIDENCY_X,SH-P99-T00-FAP-COMMUNITY-BENEFIT-POLICY,Basis for calculating amounts charged to patients - residency [x],Residency basis (see SH-FORM-VERSION-2013-PART-05),SCHED-H-PART-99-SECTION-B-LINE-12H,PC,checkbox,
SH_99_FAP_FACTOR_OTH_X,SH_99_FAP_FACTOR_OTH_X,SH-P99-T00-FAP-COMMUNITY-BENEFIT-POLICY,Basis for calculating amounts charged to patients - other [x],Form990 Schedule HPart VSection B - Other basis (see SH-FORM-VERSION-2013-PART-05),SCHED-H-PART-99-SECTION-B-LINE-12I,PC,checkbox,
SH_99_FAP_PROV_PUBLICITY_X,SH_99_FAP_PROV_PUBLICITY_X,SH-P99-T00-FAP-COMMUNITY-BENEFIT-POLICY,Financial assistance policy included publicity measures [x],Policy includes publicity measures? (see SH-FORM-VERSION-2013-PART-05),SCHED-H-PART-99-SECTION-B-LINE-14,PC,checkbox,
SH_99_FAP_PROV_WEBSITE_X,SH_99_FAP_PROV_WEBSITE_X,SH-P99-T00-FAP-COMMUNITY-BENEFIT-POLICY,Financial assistance policy was posted on the hospital facility's website [x],Posted on own website (see SH-FORM-VERSION-2013-PART-05),SCHED-H-PART-99-SECTION-B-LINE-14A,PC,checkbox,
SH_99_FAP_PROV_ATTACH_INVOICE_X,SH_99_FAP_PROV_ATTACH_INVOICE_X,SH-P99-T00-FAP-COMMUNITY-BENEFIT-POLICY,Financial assistance policy was attached to billing invoices [x],Attached to invoices (see SH-FORM-VERSION-2013-PART-05),SCHED-H-PART-99-SECTION-B-LINE-14B,PC,checkbox,
SH_99_FAP_PROV_EMERGENCY_ROOM_X,SH_99_FAP_PROV_EMERGENCY_ROOM_X,SH-P99-T00-FAP-COMMUNITY-BENEFIT-POLICY,Financial assistance policy was posted in the hospital facility's emergency or waiting rooms [x],Posted in emergency room or waiting room (see SH-FORM-VERSION-2013-PART-05),SCHED-H-PART-99-SECTION-B-LINE-14C,PC,checkbox,
SH_99_FAP_PROV_ADM_OFFICE_X,SH_99_FAP_PROV_ADM_OFFICE_X,SH-P99-T00-FAP-COMMUNITY-BENEFIT-POLICY,Financial assistance policy was posted in the hospital facility's admissions offices [x],Posted in admissions office (see SH-FORM-VERSION-2013-PART-05),SCHED-H-PART-99-SECTION-B-LINE-14D,PC,checkbox,
SH_99_FAP_PROV_ADM_X,SH_99_FAP_PROV_ADM_X,SH-P99-T00-FAP-COMMUNITY-BENEFIT-POLICY,Financial assistance policy was provided in writing on admission [x],Provided upon admission (see SH-FORM-VERSION-2013-PART-05),SCHED-H-PART-99-SECTION-B-LINE-14E,PC,checkbox,
SH_99_FAP_PROV_REQUEST_X,SH_99_FAP_PROV_REQUEST_X,SH-P99-T00-FAP-COMMUNITY-BENEFIT-POLICY,Financial assistance policy was available on request [x],Financial assistance policy available upon request (see SH-FORM-VERSION-2013-PART-05),SCHED-H-PART-99-SECTION-B-LINE-14F,PC,checkbox,
SH_99_FAP_PROV_OTH_X,SH_99_FAP_PROV_OTH_X,SH-P99-T00-FAP-COMMUNITY-BENEFIT-POLICY,Financial assistance policy was available in another way [x],Other publicity (see SH-FORM-VERSION-2013-PART-05),SCHED-H-PART-99-SECTION-B-LINE-14G,PC,checkbox,
SH_99_BILL_PERMIT_LAWSUIT_X,SH_99_BILL_PERMIT_LAWSUIT_X,SH-P99-T00-FAP-COMMUNITY-BENEFIT-POLICY,Permitted actions - lawsuits [x],Lawsuit permitted (see SH-FORM-VERSION-2013-PART-05),SCHED-H-PART-99-SECTION-B-LINE-16B,PC,checkbox,
SH_99_BILL_PERMIT_LIEN_X,SH_99_BILL_PERMIT_LIEN_X,SH-P99-T00-FAP-COMMUNITY-BENEFIT-POLICY,Permitted actions - liens on residences [x],Lien on residence permitted (see SH-FORM-VERSION-2013-PART-05),SCHED-H-PART-99-SECTION-B-LINE-16C,PC,checkbox,
SH_99_BILL_PERMIT_BODY_ATTACH_X,SH_99_BILL_PERMIT_BODY_ATTACH_X,SH-P99-T00-FAP-COMMUNITY-BENEFIT-POLICY,Permitted actions - body attachments [x],Body attachment permitted (see SH-FORM-VERSION-2013-PART-05),SCHED-H-PART-99-SECTION-B-LINE-16D,PC,checkbox,
SH_99_FAP_AVBL_NOTICE_DISPLAY_X,SH_99_FAP_AVBL_NOTICE_DISPLAY_X,SH-P99-T00-FAP-COMMUNITY-BENEFIT-POLICY,Notice of availability of financial assistance policy was conspicuously displayed throughout facility [x],Notice of availability of FAP displayed throughout hospital facility (see SH-FORM-VERSION-2015-PART-05),SCHED-H-PART-99-SECTION-B-LINE-16G,PC,checkbox,
SH_99_BILL_3RD_PARTY_LAWSUIT_X,SH_99_BILL_3RD_PARTY_LAWSUIT_X,SH-P99-T00-FAP-COMMUNITY-BENEFIT-POLICY,Engaged in actions - lawsuits [x],Lawsuit engaged (see SH-FORM-VERSION-2013-PART-05),SCHED-H-PART-99-SECTION-B-LINE-17B,PC,checkbox,
SH_99_BILL_3RD_PARTY_LIEN_X,SH_99_BILL_3RD_PARTY_LIEN_X,SH-P99-T00-FAP-COMMUNITY-BENEFIT-POLICY,Engaged in actions - liens on residences [x],Lien on residence engaged (see SH-FORM-VERSION-2013-PART-05),SCHED-H-PART-99-SECTION-B-LINE-17C,PC,checkbox,
SH_99_BILL_3RD_PARTY_BODY_X,SH_99_BILL_3RD_PARTY_BODY_X,SH-P99-T00-FAP-COMMUNITY-BENEFIT-POLICY,Engaged in actions - body attachments [x],Body attachment engaged (see SH-FORM-VERSION-2013-PART-05),SCHED-H-PART-99-SECTION-B-LINE-17D,PC,checkbox,
SH_99_BILL_NOTIFIED_ADM_X,SH_99_BILL_NOTIFIED_ADM_X,SH-P99-T00-FAP-COMMUNITY-BENEFIT-POLICY,Prior actions taken - notified individuals of the financial assistance policy on admission [x],Notified upon admission (see SH-FORM-VERSION-2015-PART-05),SCHED-H-PART-99-SECTION-B-LINE-20A,PC,checkbox,
SH_99_BILL_NOTIFIED_DISCHARGE_X,SH_99_BILL_NOTIFIED_DISCHARGE_X,SH-P99-T00-FAP-COMMUNITY-BENEFIT-POLICY,Prior actions taken - notified individuals of the financial assistance policy prior to discharge [x],Notified prior to discharge (see SH-FORM-VERSION-2015-PART-05),SCHED-H-PART-99-SECTION-B-LINE-20B,PC,checkbox,
SH_99_BILL_NOTIFIED_PATIENT_X,SH_99_BILL_NOTIFIED_PATIENT_X,SH-P99-T00-FAP-COMMUNITY-BENEFIT-POLICY,Prior actions taken - notified individuals of the financial assistance policy in communications [x],Notified patients in communications (see SH-FORM-VERSION-2015-PART-05),SCHED-H-PART-99-SECTION-B-LINE-20C,PC,checkbox,
SH_99_BILL_NOTIFIED_DOC_X,SH_99_BILL_NOTIFIED_DOC_X,SH-P99-T00-FAP-COMMUNITY-BENEFIT-POLICY,Prior actions taken - documented determination [x],Documented determination (see SH-FORM-VERSION-2015-PART-05),SCHED-H-PART-99-SECTION-B-LINE-20D,PC,checkbox,
SH_99_BILL_NOTIFIED_OTH_ACT_X,SH_99_BILL_NOTIFIED_OTH_ACT_X,SH-P99-T00-FAP-COMMUNITY-BENEFIT-POLICY,Prior actions taken - other [x],Other action taken (see SH-FORM-VERSION-2015-PART-05),SCHED-H-PART-99-SECTION-B-LINE-20E,PC,checkbox,
SH_99_CHARGE_LOW_RATE_X,SH_99_CHARGE_LOW_RATE_X,SH-P99-T00-FAP-COMMUNITY-BENEFIT-POLICY,Used its lowest negotiated commercial insurance rate [x],Charged amount in excess of lowest negotiated rates? (see SH-FORM-VERSION-2015-PART-05),SCHED-H-PART-99-SECTION-B-LINE-22A,PC,checkbox,
SH_99_CHARGE_AVE_RATE_X,SH_99_CHARGE_AVE_RATE_X,SH-P99-T00-FAP-COMMUNITY-BENEFIT-POLICY,Used the average of its three lowest negotiated commercial insurance rates [x],Charged amount in excess of average negotiated rates? (see SH-FORM-VERSION-2015-PART-05),SCHED-H-PART-99-SECTION-B-LINE-22B,PC,checkbox,
SH_99_CHARGE_MT_MEDICARE_RATE_X,SH_99_CHARGE_MT_MEDICARE_RATE_X,SH-P99-T00-FAP-COMMUNITY-BENEFIT-POLICY,Used the Medicare rates [x],Charged more than medicare rate? (see SH-FORM-VERSION-2015-PART-05),SCHED-H-PART-99-SECTION-B-LINE-22C,PC,checkbox,
SH_99_CHARGE_OTH_METHOD_X,SH_99_CHARGE_OTH_METHOD_X,SH-P99-T00-FAP-COMMUNITY-BENEFIT-POLICY,Used another method to determine maximum amounts [x],Used other method (see SH-FORM-VERSION-2015-PART-05),SCHED-H-PART-99-SECTION-B-LINE-22D,PC,checkbox,
SI_01_GRANT_RECORD_MAINT_X,SI_01_GRANT_RECORD_MAINT_X,SI-P01-T00-GRANTS-INFO,"Maintains records to substantiate the amount of grants or assistance, the grantees' eligibility, and the selection criteria [x]",Does the organization maintain records to substantiate the amount of the grants or assistance; the grantees' eligibility for the grants or assistance; and the selection criteria used to award the grants or assistance?,SCHED-I-PART-01-LINE-01,PC,checkbox,
SI_02_GRANT_US_ORG_501C3_TOT,SI_02_GRANT_US_ORG_501C3_TOT,SI-P02-T00-GRANTS-US-ORGS-GOVTS,Total number of section 501(c)(3) and government organizations,Enter total number of 501(c)(3) and government organizations,SCHED-I-PART-02-LINE-02,PC,numeric,
SI_02_GRANT_US_ORG_OTH_TOT,SI_02_GRANT_US_ORG_OTH_TOT,SI-P02-T00-GRANTS-US-ORGS-GOVTS,Total number of other organizations,Enter total number of other organizations,SCHED-I-PART-02-LINE-03,PC,numeric,
SI_02_GRANT_US_ORG_ADDR_CITY,SI_02_GRANT_US_ORG_ADDR_CITY,SI-P02-T01-GRANTS-US-ORGS-GOVTS,Grantee city,Address Foreign - City,SCHED-I-PART-02-LINE-01-COL-A,PC,text,
SI_02_GRANT_US_ORG_ADDR_CNTR,SI_02_GRANT_US_ORG_ADDR_CNTR,SI-P02-T01-GRANTS-US-ORGS-GOVTS,Grantee country,Address Foreign - Country,SCHED-I-PART-02-LINE-01-COL-A,PC,text,
SI_02_GRANT_US_ORG_ADDR_L1,SI_02_GRANT_US_ORG_ADDR_L1,SI-P02-T01-GRANTS-US-ORGS-GOVTS,Grantee street address line 1,Address Foreign - AddressLine1,SCHED-I-PART-02-LINE-01-COL-A,PC,text,
SI_02_GRANT_US_ORG_ADDR_L2,SI_02_GRANT_US_ORG_ADDR_L2,SI-P02-T01-GRANTS-US-ORGS-GOVTS,Grantee street address line 2,Address Foreign - AddressLine2,SCHED-I-PART-02-LINE-01-COL-A,PC,text,
SI_02_GRANT_US_ORG_ADDR_STATE,SI_02_GRANT_US_ORG_ADDR_STATE,SI-P02-T01-GRANTS-US-ORGS-GOVTS,Grantee state,Province or state,SCHED-I-PART-02-LINE-01-COL-A,PC,text,
SI_02_GRANT_US_ORG_ADDR_ZIP,SI_02_GRANT_US_ORG_ADDR_ZIP,SI-P02-T01-GRANTS-US-ORGS-GOVTS,Grantee zip,Address Foreign - Postal code,SCHED-I-PART-02-LINE-01-COL-A,PC,text,
SI_02_GRANT_US_ORG_NAME_L1,SI_02_GRANT_US_ORG_NAME_L1,SI-P02-T01-GRANTS-US-ORGS-GOVTS,Grantee name line 1,Recipient Name Business - BusinessNameLine1,SCHED-I-PART-02-LINE-01-COL-A,PC,text,
SI_02_GRANT_US_ORG_NAME_L2,SI_02_GRANT_US_ORG_NAME_L2,SI-P02-T01-GRANTS-US-ORGS-GOVTS,Grantee name line 2,Recipient Name Business - BusinessNameLine2,SCHED-I-PART-02-LINE-01-COL-A,PC,text,
SI_02_GRANT_US_ORG_EIN,SI_02_GRANT_US_ORG_EIN,SI-P02-T01-GRANTS-US-ORGS-GOVTS,Grantee EIN,EIN of recipient,SCHED-I-PART-02-LINE-01-COL-B,PC,text,
SI_02_GRANT_US_ORG_IRC_SECTION,SI_02_GRANT_US_ORG_IRC_SECTION,SI-P02-T01-GRANTS-US-ORGS-GOVTS,Grantee IRC section,IRC code section if applicable,SCHED-I-PART-02-LINE-01-COL-C,PC,text,
SI_02_GRANT_US_ORG_AMT_CASH,SI_02_GRANT_US_ORG_AMT_CASH,SI-P02-T01-GRANTS-US-ORGS-GOVTS,Amount of cash grant,Amount of cash grant,SCHED-I-PART-02-LINE-01-COL-D,PC,numeric,
SI_02_GRANT_US_ORG_AMT_NONCSH,SI_02_GRANT_US_ORG_AMT_NONCSH,SI-P02-T01-GRANTS-US-ORGS-GOVTS,Amount of noncash assistance,Amount of non-cash assistance,SCHED-I-PART-02-LINE-01-COL-E,PC,numeric,
SI_02_GRANT_US_ORG_MOV,SI_02_GRANT_US_ORG_MOV,SI-P02-T01-GRANTS-US-ORGS-GOVTS,Method of valuation,Method of valuation (book. FMV; appraisal; other),SCHED-I-PART-02-LINE-01-COL-F,PC,text,
SI_02_GRANT_US_ORG_DESC_NONCSH,SI_02_GRANT_US_ORG_DESC_NONCSH,SI-P02-T01-GRANTS-US-ORGS-GOVTS,Description of noncash assistance,Description of non-cash assistance,SCHED-I-PART-02-LINE-01-COL-G,PC,text,
SI_02_GRANT_US_ORG_PURPOSE,SI_02_GRANT_US_ORG_PURPOSE,SI-P02-T01-GRANTS-US-ORGS-GOVTS,Purpose of grant or assistance,Purpose of grant,SCHED-I-PART-02-LINE-01-COL-H,PC,text,
SI_03_GRANT_US_INDIV_TYPE_GRANT,SI_03_GRANT_US_INDIV_TYPE_GRANT,SI-P03-T01-GRANTS-US-INDIV,Type of grant or assistance,Type of grant or assistance,SCHED-I-PART-03-COL-A,PC,text,
SI_03_GRANT_US_INDIV_NUM,SI_03_GRANT_US_INDIV_NUM,SI-P03-T01-GRANTS-US-INDIV,Number of recipients,Number of recipients,SCHED-I-PART-03-COL-B,PC,numeric,
SI_03_GRANT_US_INDIV_AMT_CASH,SI_03_GRANT_US_INDIV_AMT_CASH,SI-P03-T01-GRANTS-US-INDIV,Amount of cash grant,Amount of cash grant,SCHED-I-PART-03-COL-C,PC,numeric,
SI_03_GRANT_US_INDIV_AMT_NONCSH,SI_03_GRANT_US_INDIV_AMT_NONCSH,SI-P03-T01-GRANTS-US-INDIV,Amount of noncash assistance,Amount of non-cash assistance,SCHED-I-PART-03-COL-D,PC,numeric,
SI_03_GRANT_US_INDIV_MOV,SI_03_GRANT_US_INDIV_MOV,SI-P03-T01-GRANTS-US-INDIV,Method of valuation,Method of valuation (book; FMV; appraisal; other),SCHED-I-PART-03-COL-E,PC,text,
SI_03_GRANT_US_INDIV_DESC_NONCSH,SI_03_GRANT_US_INDIV_DESC_NONCSH,SI-P03-T01-GRANTS-US-INDIV,Description of noncash assistance,Description of non-cash assistance,SCHED-I-PART-03-COL-F,PC,text,
SI_04_EXPLANATION_TEXT,SI_04_EXPLANATION_TEXT,SI-P04-T99-SUPPLEMENTAL-INFO,Additional explanations,Form990 Schedule IPart IV - Explanation,SCHED-I-PART-04,PC,text,
SI_04_FORM_LINE_REFERENCE,SI_04_FORM_LINE_REFERENCE,SI-P04-T99-SUPPLEMENTAL-INFO,"Form, part, and line number reference",Form; part and line number reference,SCHED-I-PART-04,PC,text,
SI_04_IDENTIFIER,SI_04_IDENTIFIER,SI-P04-T99-SUPPLEMENTAL-INFO,Identifier,Form990 Schedule IPart IV - Identifier,SCHED-I-PART-04,PC,text,
SI_04_RETURN_REFERENCE,SI_04_RETURN_REFERENCE,SI-P04-T99-SUPPLEMENTAL-INFO,Return reference,Return reference,SCHED-I-PART-04,PC,text,
SI_99_GRANT_US_ORG_LT_5K_X,SI_99_GRANT_US_ORG_LT_5K_X,SI-P99-T00-GRANTS-US-ORGS-GOVTS,"No one recipient received more than $5,000 [x]",Check this box if no one recipient received more than $5;000 (see SI-FORM-VERSION-2011-PART-02),SCHED-I-PART-99-LINE-00,PC,checkbox,
SJ_01_COMP_PROV_CLUB_DUE_FEE_X,SJ_01_COMP_PROV_CLUB_DUE_FEE_X,SJ-P01-T00-COMPENSATION,Provided health or social club dues or initiation fees [x],Club dues or fees,SCHED-J-PART-01-LINE-01A,PC,checkbox,
SJ_01_COMP_PROV_DISCRETIONARY_X,SJ_01_COMP_PROV_DISCRETIONARY_X,SJ-P01-T00-COMPENSATION,Provided discretionary spending account [x],Discretionary spending account,SCHED-J-PART-01-LINE-01A,PC,checkbox,
SJ_01_COMP_PROV_FIRST_CLASS_X,SJ_01_COMP_PROV_FIRST_CLASS_X,SJ-P01-T00-COMPENSATION,Provided first-class or charter travel [x],First class or charter travel,SCHED-J-PART-01-LINE-01A,PC,checkbox,
SJ_01_COMP_PROV_HOUSING_ALLOW_X,SJ_01_COMP_PROV_HOUSING_ALLOW_X,SJ-P01-T00-COMPENSATION,Provided housing allowance or residence or personal use [x],Housing allowance or residence,SCHED-J-PART-01-LINE-01A,PC,checkbox,
SJ_01_COMP_PROV_INDEMNIFY_X,SJ_01_COMP_PROV_INDEMNIFY_X,SJ-P01-T00-COMPENSATION,Provided tax indemnification and gross-up payments [x],Idemnification and gross-up payments,SCHED-J-PART-01-LINE-01A,PC,checkbox,
SJ_01_COMP_PROV_PERSONAL_SVC_X,SJ_01_COMP_PROV_PERSONAL_SVC_X,SJ-P01-T00-COMPENSATION,Provided personal services [x],Personal services,SCHED-J-PART-01-LINE-01A,PC,checkbox,
SJ_01_COMP_PROV_TRAVEL_X,SJ_01_COMP_PROV_TRAVEL_X,SJ-P01-T00-COMPENSATION,Provided travel for companions [x],Travel for companions,SCHED-J-PART-01-LINE-01A,PC,checkbox,
SJ_01_COMP_PROV_USE_RESIDENCE_X,SJ_01_COMP_PROV_USE_RESIDENCE_X,SJ-P01-T00-COMPENSATION,Provided payments for business use of personal residence [x],Payments for use of residence,SCHED-J-PART-01-LINE-01A,PC,checkbox,
SJ_01_COMP_WRITTEN_POLICY_X,SJ_01_COMP_WRITTEN_POLICY_X,SJ-P01-T00-COMPENSATION,Followed a written policy regarding payment or reimbursement [x],Written policy reference T and E expenses?,SCHED-J-PART-01-LINE-01B,PC,checkbox,
SJ_01_COMP_SUBSTANTIATION_REQ_X,SJ_01_COMP_SUBSTANTIATION_REQ_X,SJ-P01-T00-COMPENSATION,Required substantiation prior to payment or reimbursement [x],Substantiation required?,SCHED-J-PART-01-LINE-02,PC,checkbox,
SJ_01_COMP_METHOD_BOARD_APPROV_X,SJ_01_COMP_METHOD_BOARD_APPROV_X,SJ-P01-T00-COMPENSATION,Used to establish CEO compensation - approval by the board or compensation committee [x],Board or committee approval,SCHED-J-PART-01-LINE-03,PC,checkbox,
SJ_01_COMP_METHOD_COMMITTEE_X,SJ_01_COMP_METHOD_COMMITTEE_X,SJ-P01-T00-COMPENSATION,Used to establish CEO compensation - compensation committee [x],Compensation committee,SCHED-J-PART-01-LINE-03,PC,checkbox,
SJ_01_COMP_METHOD_CONSULTANT_X,SJ_01_COMP_METHOD_CONSULTANT_X,SJ-P01-T00-COMPENSATION,Used to establish CEO compensation - independent compensation consultant [x],Independent consultant,SCHED-J-PART-01-LINE-03,PC,checkbox,
SJ_01_COMP_METHOD_EMPL_KONTR_X,SJ_01_COMP_METHOD_EMPL_KONTR_X,SJ-P01-T00-COMPENSATION,Used to establish CEO compensation - written employment contract [x],Written employment contract,SCHED-J-PART-01-LINE-03,PC,checkbox,
SJ_01_COMP_METHOD_OTH_ORG_990_X,SJ_01_COMP_METHOD_OTH_ORG_990_X,SJ-P01-T00-COMPENSATION,Used to establish CEO compensation - Form 990 of other organizations [x],Form 990 of other organizations,SCHED-J-PART-01-LINE-03,PC,checkbox,
SJ_01_COMP_METHOD_SURVEY_X,SJ_01_COMP_METHOD_SURVEY_X,SJ-P01-T00-COMPENSATION,Used to establish CEO compensation - compensation survey or study [x],Compensation survey,SCHED-J-PART-01-LINE-03,PC,checkbox,
SJ_01_COMP_PAY_SEVERANCE_X,SJ_01_COMP_PAY_SEVERANCE_X,SJ-P01-T00-COMPENSATION,Any listed person received a severance or change-of-control payment [x],Severance payment?,SCHED-J-PART-01-LINE-04A,PC,checkbox,
SJ_01_COMP_PAY_RETIREMENT_PLAN_X,SJ_01_COMP_PAY_RETIREMENT_PLAN_X,SJ-P01-T00-COMPENSATION,Any listed person participated in or received payment from a supplemental nonqualified retirement plan [x],Supplemental nonqualified retirement plan?,SCHED-J-PART-01-LINE-04B,PC,checkbox,
SJ_01_COMP_PAY_EQUITY_BASED_X,SJ_01_COMP_PAY_EQUITY_BASED_X,SJ-P01-T00-COMPENSATION,Any listed person participated in or received payment from an equity-based compensation arrangement [x],Equity based compensation arrangement?,SCHED-J-PART-01-LINE-04C,PC,checkbox,
SJ_01_COMP_CONTINGENT_REV_ORG_X,SJ_01_COMP_CONTINGENT_REV_ORG_X,SJ-P01-T00-COMPENSATION,Paid or accrued compensation contingent on revenues of the organization [x],Compensation based on revenue of filing org?,SCHED-J-PART-01-LINE-05A,PC,checkbox,
SJ_01_COMP_CONTINGENT_REV_RLTD_X,SJ_01_COMP_CONTINGENT_REV_RLTD_X,SJ-P01-T00-COMPENSATION,Paid or accrued compensation contingent on revenues of any related organization [x],Compensation based on revenue of related orgs?,SCHED-J-PART-01-LINE-05B,PC,checkbox,
SJ_01_COMP_CONTINGENT_NET_ORG_X,SJ_01_COMP_CONTINGENT_NET_ORG_X,SJ-P01-T00-COMPENSATION,Paid or accrued compensation contingent on net earnings of the organization [x],Compensation based on net earnings of filing org?,SCHED-J-PART-01-LINE-06A,PC,checkbox,
SJ_01_COMP_CONTINGENT_NET_RLTD_X,SJ_01_COMP_CONTINGENT_NET_RLTD_X,SJ-P01-T00-COMPENSATION,Paid or accrued compensation contingent on net earnings of any related organization [x],Compensation based on net earnings of related orgs?,SCHED-J-PART-01-LINE-06B,PC,checkbox,
SJ_01_COMP_NON_FIXED_PAYMENT_X,SJ_01_COMP_NON_FIXED_PAYMENT_X,SJ-P01-T00-COMPENSATION,Provided nonfixed payments [x],Any non-fixed payments?,SCHED-J-PART-01-LINE-07,PC,checkbox,
SJ_01_COMP_KONTR_EXCEPTION_X,SJ_01_COMP_KONTR_EXCEPTION_X,SJ-P01-T00-COMPENSATION,Paid or accrued amounts pursuant to a contract subject to initial contract exception [x],Initial contract exception?,SCHED-J-PART-01-LINE-08,PC,checkbox,
SJ_01_COMP_REBUTTABLE_PROC_X,SJ_01_COMP_REBUTTABLE_PROC_X,SJ-P01-T00-COMPENSATION,Followed the rebuttable presumption procedure [x],Rebuttable presumption procedure?,SCHED-J-PART-01-LINE-09,PC,checkbox,
SJ_02_COMP_DTK_NAME_ORG_L1,SJ_02_COMP_DTK_NAME_ORG_L1,SJ-P02-T01-COMPENSATION-DTK,Compensated organization name line 1,Name Business - BusinessNameLine1,SCHED-J-PART-02-COL-A,PC,text,
SJ_02_COMP_DTK_NAME_ORG_L2,SJ_02_COMP_DTK_NAME_ORG_L2,SJ-P02-T01-COMPENSATION-DTK,Compensated organization name line 2,Name Business - BusinessNameLine2,SCHED-J-PART-02-COL-A,PC,text,
SJ_02_COMP_DTK_NAME_PERS,SJ_02_COMP_DTK_NAME_PERS,SJ-P02-T01-COMPENSATION-DTK,Compensated person name,Name of officer - person,SCHED-J-PART-02-COL-A,PC,text,
SJ_02_COMP_DTK_TITLE,SJ_02_COMP_DTK_TITLE,SJ-P02-T01-COMPENSATION-DTK,Compensated person title,Form990 Schedule JPart II - Title,SCHED-J-PART-02-COL-A,PC,text,
SJ_02_COMP_DTK_BASE_ORG,SJ_02_COMP_DTK_BASE_ORG,SJ-P02-T01-COMPENSATION-DTK,Base compensation from org,Base compensation ($) from filing organization,SCHED-J-PART-02-COL-B(i)-LINE-(i),PC,numeric,
SJ_02_COMP_DTK_BASE_RLTD,SJ_02_COMP_DTK_BASE_RLTD,SJ-P02-T01-COMPENSATION-DTK,Base compensation from related org,Compensation based on related organizations?,SCHED-J-PART-02-COL-B(i)-LINE-(ii),PC,numeric,
SJ_02_COMP_DTK_BONUS_ORG,SJ_02_COMP_DTK_BONUS_ORG,SJ-P02-T01-COMPENSATION-DTK,Bonus and incentive compensation from org,Bonus and incentive compensation ($) from filing organization,SCHED-J-PART-02-COL-B(ii)-LINE-(i),PC,numeric,
SJ_02_COMP_DTK_BONUS_RLTD,SJ_02_COMP_DTK_BONUS_RLTD,SJ-P02-T01-COMPENSATION-DTK,Bonus and incentive compensation from related org,Bonus and incentive compensation ($) from related organizations,SCHED-J-PART-02-COL-B(ii)-LINE-(ii),PC,numeric,
SJ_02_COMP_DTK_OTH_ORG,SJ_02_COMP_DTK_OTH_ORG,SJ-P02-T01-COMPENSATION-DTK,Other reportable compensation from org,Other compensation ($) from filing organization,SCHED-J-PART-02-COL-B(iii)-LINE-(i),PC,numeric,
SJ_02_COMP_DTK_OTH_RLTD,SJ_02_COMP_DTK_OTH_RLTD,SJ-P02-T01-COMPENSATION-DTK,Other reportable compensation from related org,Other compensation ($) from realted organizations,SCHED-J-PART-02-COL-B(iii)-LINE-(ii),PC,numeric,
SJ_02_COMP_DTK_DEFERRED_ORG,SJ_02_COMP_DTK_DEFERRED_ORG,SJ-P02-T01-COMPENSATION-DTK,Retirement and other deferred compensation from org,Deferred compensation ($) from filing organization,SCHED-J-PART-02-COL-C-LINE-(i),PC,numeric,
SJ_02_COMP_DTK_DEFERRED_RLTD,SJ_02_COMP_DTK_DEFERRED_RLTD,SJ-P02-T01-COMPENSATION-DTK,Retirement and other deferred compensation from related org,Deferred compensation ($) from related organizations,SCHED-J-PART-02-COL-C-LINE-(ii),PC,numeric,
SJ_02_COMP_DTK_BENFIT_ORG,SJ_02_COMP_DTK_BENFIT_ORG,SJ-P02-T01-COMPENSATION-DTK,Nontaxable benefits from org,Nontaxable benefits ($) from filing organization,SCHED-J-PART-02-COL-D-LINE-(i),PC,numeric,
SJ_02_COMP_DTK_BENFIT_RLTD,SJ_02_COMP_DTK_BENFIT_RLTD,SJ-P02-T01-COMPENSATION-DTK,Nontaxable benefits from related org,Nontaxable benefits ($) from related organizations,SCHED-J-PART-02-COL-D-LINE-(ii),PC,numeric,
SJ_02_COMP_DTK_TOT_ORG,SJ_02_COMP_DTK_TOT_ORG,SJ-P02-T01-COMPENSATION-DTK,Total compensation from org,Total of (B)(i) - (D); from filing org,SCHED-J-PART-02-COL-E-LINE-(i),PC,numeric,
SJ_02_COMP_DTK_TOT_RLTD,SJ_02_COMP_DTK_TOT_RLTD,SJ-P02-T01-COMPENSATION-DTK,Total compensation from related org,Total of (B)(i) - (D); from related orgs,SCHED-J-PART-02-COL-E-LINE-(ii),PC,numeric,
SJ_02_COMP_DTK_PRIOR_990_ORG,SJ_02_COMP_DTK_PRIOR_990_ORG,SJ-P02-T01-COMPENSATION-DTK,Compensation from organization reported as deferred on prior Form 990,Comp reported prior 990 - from filing org,SCHED-J-PART-02-COL-F-LINE-(i),PC,numeric,
SJ_02_COMP_DTK_PRIOR_990_RLTD,SJ_02_COMP_DTK_PRIOR_990_RLTD,SJ-P02-T01-COMPENSATION-DTK,Compensation from related organization reported as deferred on prior Form 990,Comp reported prior 990 - from related orgs,SCHED-J-PART-02-COL-F-LINE-(ii),PC,numeric,
SJ_03_EXPLANATION_TEXT,SJ_03_EXPLANATION_TEXT,SJ-P03-T99-SUPPLEMENTAL-INFO,Additional explanations,Form990 Schedule JPart III - Explanation,SCHED-J-PART-03,PC,text,
SJ_03_FORM_LINE_REFERENCE,SJ_03_FORM_LINE_REFERENCE,SJ-P03-T99-SUPPLEMENTAL-INFO,"Form, part, and line number reference",Form; Part and line number reference,SCHED-J-PART-03,PC,text,
SJ_03_IDENTIFIER,SJ_03_IDENTIFIER,SJ-P03-T99-SUPPLEMENTAL-INFO,Identifier,Form990 Schedule JPart III - Identifier,SCHED-J-PART-03,PC,text,
SJ_03_RETURN_REFERENCE,SJ_03_RETURN_REFERENCE,SJ-P03-T99-SUPPLEMENTAL-INFO,Return reference,Return reference,SCHED-J-PART-03,PC,text,
SK_01_BOND_ISSUE_REFERENCE_NUM,SK_01_BOND_ISSUE_REFERENCE_NUM,SK-P01-T01-BOND-ISSUES,Bond issue reference number,Bond issue reference number (A-D),SCHED-K-PART-01,PC,text,
SK_01_BOND_ISSUER_NAME_L1,SK_01_BOND_ISSUER_NAME_L1,SK-P01-T01-BOND-ISSUES,Issuer name line 1,Issuer Name - BusinessNameLine1,SCHED-K-PART-01-COL-A,PC,text,
SK_01_BOND_ISSUER_NAME_L2,SK_01_BOND_ISSUER_NAME_L2,SK-P01-T01-BOND-ISSUES,Issuer name line 2,Issuer Name - BusinessNameLine2,SCHED-K-PART-01-COL-A,PC,text,
SK_01_BOND_ISSUER_EIN,SK_01_BOND_ISSUER_EIN,SK-P01-T01-BOND-ISSUES,Issuer EIN,Form990 Schedule KPart I - Issuer EIN,SCHED-K-PART-01-COL-B,PC,text,
SK_01_BOND_ISSUE_CUSIP_NUM,SK_01_BOND_ISSUE_CUSIP_NUM,SK-P01-T01-BOND-ISSUES,Issuer CUSIP number,Form990 Schedule KPart I - CUSIP number,SCHED-K-PART-01-COL-C,PC,text,
SK_01_BOND_ISSUE_DATE,SK_01_BOND_ISSUE_DATE,SK-P01-T01-BOND-ISSUES,Date issued,Form990 Schedule KPart I - Date issued,SCHED-K-PART-01-COL-D,PC,date,
SK_01_BOND_ISSUE_PRICE,SK_01_BOND_ISSUE_PRICE,SK-P01-T01-BOND-ISSUES,Issue price,Form990 Schedule KPart I - Issue price,SCHED-K-PART-01-COL-E,PC,numeric,
SK_01_BOND_ISSUE_PURPOSE_DESC,SK_01_BOND_ISSUE_PURPOSE_DESC,SK-P01-T01-BOND-ISSUES,Description of purpose,Description of purpose,SCHED-K-PART-01-COL-F,PC,text,
SK_01_BOND_ISSUE_DEFEASED_X,SK_01_BOND_ISSUE_DEFEASED_X,SK-P01-T01-BOND-ISSUES,Defeased [x],Form990 Schedule KPart I - Defeased?,SCHED-K-PART-01-COL-G,PC,checkbox,
SK_01_BOND_ISSUER_ON_BEHALF_OF_X,SK_01_BOND_ISSUER_ON_BEHALF_OF_X,SK-P01-T01-BOND-ISSUES,On behalf of issuer [x],On behalf of issuer?,SCHED-K-PART-01-COL-H,PC,checkbox,
SK_01_BOND_ISSUE_POOL_FIN_X,SK_01_BOND_ISSUE_POOL_FIN_X,SK-P01-T01-BOND-ISSUES,Pooled financing [x],Pool financing?,SCHED-K-PART-01-COL-I,PC,checkbox,
SK_02_BOND_ISSUE_REFERENCE_NUM,SK_02_BOND_ISSUE_REFERENCE_NUM,SK-P02-T01-BOND-PROCEEDS,Bond issue reference number,Bond issue reference number (A-D),SCHED-K-PART-02-LINE-00,PC,text,
SK_02_BOND_PROCEED_AMT_RETIRED,SK_02_BOND_PROCEED_AMT_RETIRED,SK-P02-T01-BOND-PROCEEDS,Amount of bonds retired,Amount of bonds retired,SCHED-K-PART-02-LINE-01,PC,numeric,
SK_02_BOND_PROCEED_AMT_DEFEASED,SK_02_BOND_PROCEED_AMT_DEFEASED,SK-P02-T01-BOND-PROCEEDS,Amount of bonds legally defeased,Amount of bonds defeased,SCHED-K-PART-02-LINE-02,PC,numeric,
SK_02_BOND_PROCEED_TOT,SK_02_BOND_PROCEED_TOT,SK-P02-T01-BOND-PROCEEDS,Total proceeds of issue,Total proceeds,SCHED-K-PART-02-LINE-03,PC,numeric,
SK_02_BOND_PROCEED_RESERVE_FUND,SK_02_BOND_PROCEED_RESERVE_FUND,SK-P02-T01-BOND-PROCEEDS,Gross proceeds in reserve funds,Amount in reserve fund,SCHED-K-PART-02-LINE-04,PC,numeric,
SK_02_BOND_PROCEED_INT_CAP,SK_02_BOND_PROCEED_INT_CAP,SK-P02-T01-BOND-PROCEEDS,Capitalized interest from proceeds,Capitalized interest from proceeds,SCHED-K-PART-02-LINE-05,PC,numeric,
SK_02_BOND_PROCEED_REFUND_ESCROW,SK_02_BOND_PROCEED_REFUND_ESCROW,SK-P02-T01-BOND-PROCEEDS,Proceeds in refunding escrows,Proceeds in refunding escrow,SCHED-K-PART-02-LINE-06,PC,numeric,
SK_02_BOND_PROCEED_ISSUANCE_COST,SK_02_BOND_PROCEED_ISSUANCE_COST,SK-P02-T01-BOND-PROCEEDS,Issuance costs from proceeds,Issuance costs from proceeds,SCHED-K-PART-02-LINE-07,PC,numeric,
SK_02_BOND_PROCEED_CREDIT_ENHANC,SK_02_BOND_PROCEED_CREDIT_ENHANC,SK-P02-T01-BOND-PROCEEDS,Credit enhancement from proceeds,Credit enhancement from proceeds,SCHED-K-PART-02-LINE-08,PC,numeric,
SK_02_BOND_PROCEED_CAP_EXP_WORK,SK_02_BOND_PROCEED_CAP_EXP_WORK,SK-P02-T01-BOND-PROCEEDS,Working capital expenditures from proceeds,Working capital expenditures,SCHED-K-PART-02-LINE-09,PC,numeric,
SK_02_BOND_PROCEED_CAP_EXP,SK_02_BOND_PROCEED_CAP_EXP,SK-P02-T01-BOND-PROCEEDS,Capital expenditures from proceeds,Capital expenditures,SCHED-K-PART-02-LINE-10,PC,numeric,
SK_02_BOND_PROCEED_OTH_SPENT,SK_02_BOND_PROCEED_OTH_SPENT,SK-P02-T01-BOND-PROCEEDS,Other spent proceeds,Other spent proceeds,SCHED-K-PART-02-LINE-11,PC,numeric,
SK_02_BOND_PROCEED_OTH_UNSPENT,SK_02_BOND_PROCEED_OTH_UNSPENT,SK-P02-T01-BOND-PROCEEDS,Other unspent proceeds,Amount unspent,SCHED-K-PART-02-LINE-12,PC,numeric,
SK_02_BOND_PROCEED_Y_COMPLETION,SK_02_BOND_PROCEED_Y_COMPLETION,SK-P02-T01-BOND-PROCEEDS,Year of substantial completion,Year of substantial completion,SCHED-K-PART-02-LINE-13,PC,numeric,
SK_02_BOND_PROCEED_REFUND_CURR_X,SK_02_BOND_PROCEED_REFUND_CURR_X,SK-P02-T01-BOND-PROCEEDS,Bonds were issued as part of a refunding issue of tax-exempt bonds or a current refunding issue [x],Current refunding?,SCHED-K-PART-02-LINE-14,PC,checkbox,
SK_02_BOND_PROCEED_REFUND_ADVC_X,SK_02_BOND_PROCEED_REFUND_ADVC_X,SK-P02-T01-BOND-PROCEEDS,Bonds were issued as part of a refunding issue of taxable bonds or an advance refunding issue [x],Advance refunding?,SCHED-K-PART-02-LINE-15,PC,checkbox,
SK_02_BOND_PROCEED_ALLOC_FINAL_X,SK_02_BOND_PROCEED_ALLOC_FINAL_X,SK-P02-T01-BOND-PROCEEDS,Final allocation of proceeds has been made [x],Final allocation made?,SCHED-K-PART-02-LINE-16,PC,checkbox,
SK_02_BOND_PROCEED_BOOK_RECORD_X,SK_02_BOND_PROCEED_BOOK_RECORD_X,SK-P02-T01-BOND-PROCEEDS,Maintains adequate books and records [x],Adequate books and records maintained?,SCHED-K-PART-02-LINE-17,PC,checkbox,
SK_03_BOND_ISSUE_REFERENCE_NUM,SK_03_BOND_ISSUE_REFERENCE_NUM,SK-P03-T01-BOND-PRIVATE-BIZ-USE,Bond issue reference number,Bond issue reference number (A-D),SCHED-K-PART-03-LINE-00,PC,text,
SK_03_BOND_BIZUSE_PTR_OWN_X,SK_03_BOND_BIZUSE_PTR_OWN_X,SK-P03-T01-BOND-PRIVATE-BIZ-USE,Was a partner in a partnership or a member of an LLC which owned property financed by tax-exempt bonds [x],Partnership or LLC owning bond financed property?,SCHED-K-PART-03-LINE-01,PC,checkbox,
SK_03_BOND_BIZUSE_LEASEARRANGE_X,SK_03_BOND_BIZUSE_LEASEARRANGE_X,SK-P03-T01-BOND-PRIVATE-BIZ-USE,Lease arrangements that may result in private business use of bond-financed property [x],Any lease arrangements?,SCHED-K-PART-03-LINE-02,PC,checkbox,
SK_03_BOND_BIZUSE_MGMT_KONTR_X,SK_03_BOND_BIZUSE_MGMT_KONTR_X,SK-P03-T01-BOND-PRIVATE-BIZ-USE,Management or service contracts that may result in private business use of bond-financed property [x],Management contract for bond financed property?,SCHED-K-PART-03-LINE-03A,PC,checkbox,
SK_03_BOND_BIZUSE_COUNS_KONTR_X,SK_03_BOND_BIZUSE_COUNS_KONTR_X,SK-P03-T01-BOND-PRIVATE-BIZ-USE,Routinely engages bond or other outside counsel to review management or service contracts [x],Bond Counsel routinely engaged to review management or service contracts?,SCHED-K-PART-03-LINE-03B,PC,checkbox,
SK_03_BOND_BIZUSE_COUNS_ENGAGE_X,SK_03_BOND_BIZUSE_COUNS_ENGAGE_X,SK-P03-T01-BOND-PRIVATE-BIZ-USE,Routinely engages bond or other outside counsel to review management or service contracts or research agreements [x],Bond counsel routinely engaged? (see SK-FORM-VERSION-2010-PART-03),SCHED-K-PART-03-LINE-03C,PC,checkbox,
SK_03_BOND_BIZUSE_RSRCH_AGREE_X,SK_03_BOND_BIZUSE_RSRCH_AGREE_X,SK-P03-T01-BOND-PRIVATE-BIZ-USE,Research arrangements that may result in private business use of bond-financed property [x],Any research agreements?,SCHED-K-PART-03-LINE-03C,PC,checkbox,
SK_03_BOND_BIZUSE_COUNS_RSRCH_X,SK_03_BOND_BIZUSE_COUNS_RSRCH_X,SK-P03-T01-BOND-PRIVATE-BIZ-USE,Routinely engages bond or other outside counsel to review research agreements [x],Bond Counsel routinely engaged to review management or service contracts?,SCHED-K-PART-03-LINE-03D,PC,checkbox,
SK_03_BOND_BIZUSE_PCT_BY_OTH,SK_03_BOND_BIZUSE_PCT_BY_OTH,SK-P03-T01-BOND-PRIVATE-BIZ-USE,Percentage of financed property used in a private business use,Percentage of private business use by others,SCHED-K-PART-03-LINE-04,PC,numeric,
SK_03_BOND_BIZUSE_PCT_UBIZ,SK_03_BOND_BIZUSE_PCT_UBIZ,SK-P03-T01-BOND-PRIVATE-BIZ-USE,Percentage of financed property used in a private business use as a result of unrelated trade or business activity,Percentage of private business concerning UBI,SCHED-K-PART-03-LINE-05,PC,numeric,
SK_03_BOND_BIZUSE_PCT_TOT_L45,SK_03_BOND_BIZUSE_PCT_TOT_L45,SK-P03-T01-BOND-PRIVATE-BIZ-USE,Total of lines 4 and 5,Total of lines 4 and 5,SCHED-K-PART-03-LINE-06,PC,numeric,
SK_03_BOND_BIZUSE_POST_ISSUANC_X,SK_03_BOND_BIZUSE_POST_ISSUANC_X,SK-P03-T01-BOND-PRIVATE-BIZ-USE,Adopted management practices and procedures to ensure the post-issuance compliance of its tax-exempt bond liabilities [x],Post-issuance compliance procedures?  (see SK-FORM-VERSION-2011-PART-03),SCHED-K-PART-03-LINE-07,PC,checkbox,
SK_03_BOND_BIZUSE_PRIVATE_SEC_X,SK_03_BOND_BIZUSE_PRIVATE_SEC_X,SK-P03-T01-BOND-PRIVATE-BIZ-USE,Bond issue meets the private security or payment test [x],Bond issue meets private security or payment test?,SCHED-K-PART-03-LINE-07,PC,checkbox,
SK_03_BOND_BIZUSE_CHANGE_X,SK_03_BOND_BIZUSE_CHANGE_X,SK-P03-T01-BOND-PRIVATE-BIZ-USE,Has been a sale or disposition of any of the bond-financed property [x],Change in use of bond financed property?,SCHED-K-PART-03-LINE-08A,PC,checkbox,
SK_03_BOND_BIZUSE_CHANGE_PCT,SK_03_BOND_BIZUSE_CHANGE_PCT,SK-P03-T01-BOND-PRIVATE-BIZ-USE,Percentage of bond-financed property sold or disposed of,Percentage change in use of bond financed property,SCHED-K-PART-03-LINE-08B,PC,numeric,
SK_03_BOND_BIZUSE_REMEDIAL_ACT_X,SK_03_BOND_BIZUSE_REMEDIAL_ACT_X,SK-P03-T01-BOND-PRIVATE-BIZ-USE,Remedial action was taken [x],Remedial action taken?,SCHED-K-PART-03-LINE-08C,PC,checkbox,
SK_03_BOND_BIZUSE_REMEDIATED_X,SK_03_BOND_BIZUSE_REMEDIATED_X,SK-P03-T01-BOND-PRIVATE-BIZ-USE,Established written procedures to ensure all nonqualified bonds of the issue are remediated [x],Nonqualified bonds remediated procedures?,SCHED-K-PART-03-LINE-09,PC,checkbox,
SK_04_BOND_ISSUE_REFERENCE_NUM,SK_04_BOND_ISSUE_REFERENCE_NUM,SK-P04-T01-BOND-ARBITRAGE,Bond issue reference number,Bond issue reference number (A-D),SCHED-K-PART-04-LINE-00,PC,text,
SK_04_BOND_ARB_FORM_8038_FILED_X,SK_04_BOND_ARB_FORM_8038_FILED_X,SK-P04-T01-BOND-ARBITRAGE,Issuer filed Form 8038-T [x],Form 8038-T filed?,SCHED-K-PART-04-LINE-01,PC,checkbox,
SK_04_BOND_ARB_REBATE_NOT_DUE_X,SK_04_BOND_ARB_REBATE_NOT_DUE_X,SK-P04-T01-BOND-ARBITRAGE,Rebate not due yet [x],Rebate not due yet?,SCHED-K-PART-04-LINE-02A,PC,checkbox,
SK_04_BOND_ARB_REBATE_EXCEPT_X,SK_04_BOND_ARB_REBATE_EXCEPT_X,SK-P04-T01-BOND-ARBITRAGE,Exception to rebate [x],Exception to rebate?,SCHED-K-PART-04-LINE-02B,PC,checkbox,
SK_04_BOND_ARB_NO_REBATE_DUE_X,SK_04_BOND_ARB_NO_REBATE_DUE_X,SK-P04-T01-BOND-ARBITRAGE,No rebate due [x],No rebate due?,SCHED-K-PART-04-LINE-02C,PC,checkbox,
SK_04_BOND_ARB_VAR_RATE_ISSUE_X,SK_04_BOND_ARB_VAR_RATE_ISSUE_X,SK-P04-T01-BOND-ARBITRAGE,Bond issue is a variable rate issue [x],Variable rate issue?,SCHED-K-PART-04-LINE-03,PC,checkbox,
SK_04_BOND_ARB_HEDGE_IDENTIFY_X,SK_04_BOND_ARB_HEDGE_IDENTIFY_X,SK-P04-T01-BOND-ARBITRAGE,Entered into a qualified hedge [x],Hedge identified in books and records?,SCHED-K-PART-04-LINE-04A,PC,checkbox,
SK_04_BOND_ARB_HEDGE_NAME_L1,SK_04_BOND_ARB_HEDGE_NAME_L1,SK-P04-T01-BOND-ARBITRAGE,Hedge provider name line 1,Name Of Hedge Provider - BusinessNameLine1,SCHED-K-PART-04-LINE-04B,PC,text,
SK_04_BOND_ARB_HEDGE_NAME_L2,SK_04_BOND_ARB_HEDGE_NAME_L2,SK-P04-T01-BOND-ARBITRAGE,Hedge provider name line 2,Name Of Hedge Provider - BusinessNameLine2,SCHED-K-PART-04-LINE-04B,PC,text,
SK_04_BOND_ARB_HEDGE_TERM,SK_04_BOND_ARB_HEDGE_TERM,SK-P04-T01-BOND-ARBITRAGE,Term of hedge,Form990 Schedule KPart IV - Term of hedge,SCHED-K-PART-04-LINE-04C,PC,numeric,
SK_04_BOND_ARB_HEDGE_INTEGRATE_X,SK_04_BOND_ARB_HEDGE_INTEGRATE_X,SK-P04-T01-BOND-ARBITRAGE,Hedge was superintegrated [x],Was the hedge superintegrated?,SCHED-K-PART-04-LINE-04D,PC,checkbox,
SK_04_BOND_ARB_HEDGE_TERMINATE_X,SK_04_BOND_ARB_HEDGE_TERMINATE_X,SK-P04-T01-BOND-ARBITRAGE,Hedge was terminated [x],Was the hedge terminated?,SCHED-K-PART-04-LINE-04E,PC,checkbox,
SK_04_BOND_ARB_GIC_INVESTED_X,SK_04_BOND_ARB_GIC_INVESTED_X,SK-P04-T01-BOND-ARBITRAGE,Gross proceeds were invested in a guaranteed investment contract (GIC) [x],Gross proceeds invested in GIC?,SCHED-K-PART-04-LINE-05A,PC,checkbox,
SK_04_BOND_ARB_GIC_PROV_NAME_L1,SK_04_BOND_ARB_GIC_PROV_NAME_L1,SK-P04-T01-BOND-ARBITRAGE,GIC provider name line 1,Name Of GICProvider - BusinessNameLine1,SCHED-K-PART-04-LINE-05B,PC,text,
SK_04_BOND_ARB_GIC_PROV_NAME_L2,SK_04_BOND_ARB_GIC_PROV_NAME_L2,SK-P04-T01-BOND-ARBITRAGE,GIC provider name line 2,Name Of GICProvider - BusinessNameLine2,SCHED-K-PART-04-LINE-05B,PC,text,
SK_04_BOND_ARB_GIC_TERM,SK_04_BOND_ARB_GIC_TERM,SK-P04-T01-BOND-ARBITRAGE,Term of GIC,Form990 Schedule KPart IV - Term of GIC,SCHED-K-PART-04-LINE-05C,PC,numeric,
SK_04_BOND_ARB_GIC_SAFE_HARBOR_X,SK_04_BOND_ARB_GIC_SAFE_HARBOR_X,SK-P04-T01-BOND-ARBITRAGE,Regulatory safe harbor for establishing the fair market value of the GIC was satisfied [x],Regulatory safe harbor satisfied?,SCHED-K-PART-04-LINE-05D,PC,checkbox,
SK_04_BOND_ARB_PROCEED_INVEST_X,SK_04_BOND_ARB_PROCEED_INVEST_X,SK-P04-T01-BOND-ARBITRAGE,Gross proceeds were invested beyond an available temporary period [x],Gross proceeds invested?,SCHED-K-PART-04-LINE-06,PC,checkbox,
SK_04_BOND_ARB_WRITTEN_PROC_X,SK_04_BOND_ARB_WRITTEN_PROC_X,SK-P04-T01-BOND-ARBITRAGE,Established written procedures to monitor the requirements of section 148 [x],Written procedures to monitor requirements?,SCHED-K-PART-04-LINE-07,PC,checkbox,
SK_05_BOND_ISSUE_REFERENCE_NUM,SK_05_BOND_ISSUE_REFERENCE_NUM,SK-P05-T01-PROCEDURE-CORRECTIVE-ACT,Bond issue reference number,Bond issue reference number (A-D),SCHED-K-PART-05,PC,text,
SK_05_PROC_CORRECTIVE_ACT_X,SK_05_PROC_CORRECTIVE_ACT_X,SK-P05-T01-PROCEDURE-CORRECTIVE-ACT,Established written procedures to ensure violations of federal tax requirements are timely identified and corrected [x],Procedures to ensure violations identified and corrected?,SCHED-K-PART-05,PC,checkbox,
SK_06_EXPLANATION_TEXT,SK_06_EXPLANATION_TEXT,SK-P06-T99-SUPPLEMENTAL-INFO,Additional explanations,Form990 Schedule KPart V - Explanation,SCHED-K-PART-06,PC,text,
SK_06_FORM_LINE_REFERENCE,SK_06_FORM_LINE_REFERENCE,SK-P06-T99-SUPPLEMENTAL-INFO,"Form, part, and line number reference",Return reference,SCHED-K-PART-06,PC,text,
SK_06_IDENTIFIER,SK_06_IDENTIFIER,SK-P06-T99-SUPPLEMENTAL-INFO,Identifier,Form990 Schedule KPart V - Identifier,SCHED-K-PART-06,PC,text,
SK_06_RETURN_REFERENCE,SK_06_RETURN_REFERENCE,SK-P06-T99-SUPPLEMENTAL-INFO,Return reference,Return reference,SCHED-K-PART-06,PC,text,
SL_01_TRANSAC_AMT_TAX_IMPOSED,SL_01_TRANSAC_AMT_TAX_IMPOSED,SL-P01-T00-EXCESS-BENEFIT-TRANSAC,Amount of tax incurred by organization managers or disqualified persons,Amount of tax imposed,SCHED-L-PART-01-LINE-02,PZ,numeric,
SL_01_TRANSAC_AMT_TAX_REIMBURSED,SL_01_TRANSAC_AMT_TAX_REIMBURSED,SL-P01-T00-EXCESS-BENEFIT-TRANSAC,Amount of tax reimbursed by the org,Amount of tax reimbursed,SCHED-L-PART-01-LINE-03,PZ,numeric,
SL_01_TRANSAC_DSQ_NAME_ORG_L1,SL_01_TRANSAC_DSQ_NAME_ORG_L1,SL-P01-T01-EXCESS-BENEFIT-TRANSAC,Disqualified organization name line 1,Name Business - BusinessNameLine1,SCHED-L-PART-01-LINE-01-COL-A,PZ,text,
SL_01_TRANSAC_DSQ_NAME_ORG_L2,SL_01_TRANSAC_DSQ_NAME_ORG_L2,SL-P01-T01-EXCESS-BENEFIT-TRANSAC,Disqualified organization name line 2,Name Business - BusinessNameLine2,SCHED-L-PART-01-LINE-01-COL-A,PZ,text,
SL_01_TRANSAC_DSQ_NAME_PERS,SL_01_TRANSAC_DSQ_NAME_PERS,SL-P01-T01-EXCESS-BENEFIT-TRANSAC,Disqualified person name,DQPTable - Name - Person,SCHED-L-PART-01-LINE-01-COL-A,PZ,text,
SL_01_TRANSAC_RELATIONSHIP,SL_01_TRANSAC_RELATIONSHIP,SL-P01-T01-EXCESS-BENEFIT-TRANSAC,Relationship between disqualified person and org,Relationship between disqualified person and organization,SCHED-L-PART-01-LINE-01-COL-B,PZ,text,
SL_01_TRANSAC_DESC,SL_01_TRANSAC_DESC,SL-P01-T01-EXCESS-BENEFIT-TRANSAC,Description of transaction,Description of transaction,SCHED-L-PART-01-LINE-01-COL-C,PZ,text,
SL_01_TRANSAC_CORRECTED_X,SL_01_TRANSAC_CORRECTED_X,SL-P01-T01-EXCESS-BENEFIT-TRANSAC,Transaction corrected [x],Transaction corrected?,SCHED-L-PART-01-LINE-01-COL-D,PZ,checkbox,
SL_02_LOAN_BALANCE_DUE_TOT,SL_02_LOAN_BALANCE_DUE_TOT,SL-P02-T00-LOANS-INTERESTED-PERS,Total balance due,Total balance due,SCHED-L-PART-02-COL-F-TOT,PZ,numeric,
SL_02_LOAN_INT_NAME_ORG_L1,SL_02_LOAN_INT_NAME_ORG_L1,SL-P02-T01-LOANS-INTERESTED-PERS,Interested organization name line 1,Name Business - BusinessNameLine1,SCHED-L-PART-02-COL-A,PZ,text,
SL_02_LOAN_INT_NAME_ORG_L2,SL_02_LOAN_INT_NAME_ORG_L2,SL-P02-T01-LOANS-INTERESTED-PERS,Interested organization name line 2,Name Business - BusinessNameLine2,SCHED-L-PART-02-COL-A,PZ,text,
SL_02_LOAN_INT_NAME_PERS,SL_02_LOAN_INT_NAME_PERS,SL-P02-T01-LOANS-INTERESTED-PERS,Interested person name,Loan Table - Name - Person,SCHED-L-PART-02-COL-A,PZ,text,
SL_02_LOAN_RELATIONSHIP,SL_02_LOAN_RELATIONSHIP,SL-P02-T01-LOANS-INTERESTED-PERS,Relationship with org,Relationship with organization,SCHED-L-PART-02-COL-B,PZ,text,
SL_02_LOAN_PURPOSE,SL_02_LOAN_PURPOSE,SL-P02-T01-LOANS-INTERESTED-PERS,Purpose of loan,Purpose of loan,SCHED-L-PART-02-COL-C,PZ,text,
SL_02_LOAN_FROM_ORG_X,SL_02_LOAN_FROM_ORG_X,SL-P02-T01-LOANS-INTERESTED-PERS,Loan from the organization [x],Loan from organization?,SCHED-L-PART-02-COL-D,PZ,checkbox,
SL_02_LOAN_TO_ORG_X,SL_02_LOAN_TO_ORG_X,SL-P02-T01-LOANS-INTERESTED-PERS,Loan to the organization [x],Loan to organization?,SCHED-L-PART-02-COL-D,PZ,checkbox,
SL_02_LOAN_AMT_ORIGIN_PRINCIPAL,SL_02_LOAN_AMT_ORIGIN_PRINCIPAL,SL-P02-T01-LOANS-INTERESTED-PERS,Original principal amount,Original principal amount,SCHED-L-PART-02-COL-E,PZ,numeric,
SL_02_LOAN_BALANCE_DUE,SL_02_LOAN_BALANCE_DUE,SL-P02-T01-LOANS-INTERESTED-PERS,Balance due,Loan Table - Balance due,SCHED-L-PART-02-COL-F,PZ,numeric,
SL_02_LOAN_DEFAULT_X,SL_02_LOAN_DEFAULT_X,SL-P02-T01-LOANS-INTERESTED-PERS,In default [x],Loan Table - Default?,SCHED-L-PART-02-COL-G,PZ,checkbox,
SL_02_LOAN_BOARD_APPROV_X,SL_02_LOAN_BOARD_APPROV_X,SL-P02-T01-LOANS-INTERESTED-PERS,Approved by board or committee [x],Approved by board?,SCHED-L-PART-02-COL-H,PZ,checkbox,
SL_02_LOAN_WRITTEN_AGREEMENT_X,SL_02_LOAN_WRITTEN_AGREEMENT_X,SL-P02-T01-LOANS-INTERESTED-PERS,Written agreement [x],Written agreement?,SCHED-L-PART-02-COL-I,PZ,checkbox,
SL_03_GRANT_INT_NAME_ORG_L1,SL_03_GRANT_INT_NAME_ORG_L1,SL-P03-T01-GRANTS-INTERESTED-PERS,Interested organization name line 1,Name Of Interested Business - BusinessNameLine1,SCHED-L-PART-03-COL-A,PZ,text,
SL_03_GRANT_INT_NAME_ORG_L2,SL_03_GRANT_INT_NAME_ORG_L2,SL-P03-T01-GRANTS-INTERESTED-PERS,Interested organization name line 2,Name Of Interested Business - BusinessNameLine2,SCHED-L-PART-03-COL-A,PZ,text,
SL_03_GRANT_INT_NAME_PERS,SL_03_GRANT_INT_NAME_PERS,SL-P03-T01-GRANTS-INTERESTED-PERS,Interested person name,Name of interested person - Person,SCHED-L-PART-03-COL-A,PZ,text,
SL_03_GRANT_RELATIONSHIP,SL_03_GRANT_RELATIONSHIP,SL-P03-T01-GRANTS-INTERESTED-PERS,Relationship between interested person and the org,Relationship with organization,SCHED-L-PART-03-COL-B,PZ,text,
SL_03_GRANT_AMT,SL_03_GRANT_AMT,SL-P03-T01-GRANTS-INTERESTED-PERS,Amount of assistance,Amount of grant,SCHED-L-PART-03-COL-C,PZ,numeric,
SL_03_GRANT_TYPE,SL_03_GRANT_TYPE,SL-P03-T01-GRANTS-INTERESTED-PERS,Type of assistance,Type of assistance,SCHED-L-PART-03-COL-D,PZ,text,
SL_03_GRANT_PURPOSE,SL_03_GRANT_PURPOSE,SL-P03-T01-GRANTS-INTERESTED-PERS,Purpose of assistance,Form990 Schedule LPart III - PurposeOfAssistance,SCHED-L-PART-03-COL-E,PZ,text,
SL_04_BIZTRANSAC_INT_NAME_ORG_L1,SL_04_BIZTRANSAC_INT_NAME_ORG_L1,SL-P04-T01-BIZ-TRANSAC-INTERESTED-PERS,Interested organization name line 1,Business Name - BusinessNameLine1,SCHED-L-PART-04-COL-A,PZ,text,
SL_04_BIZTRANSAC_INT_NAME_ORG_L2,SL_04_BIZTRANSAC_INT_NAME_ORG_L2,SL-P04-T01-BIZ-TRANSAC-INTERESTED-PERS,Interested organization name line 2,Business Name - BusinessNameLine2,SCHED-L-PART-04-COL-A,PZ,text,
SL_04_BIZTRANSAC_INT_NAME_PERS,SL_04_BIZTRANSAC_INT_NAME_PERS,SL-P04-T01-BIZ-TRANSAC-INTERESTED-PERS,Interested person name,Name Of Interested - Name - Person,SCHED-L-PART-04-COL-A,PZ,text,
SL_04_BIZTRANSAC_RELATIONSHIP,SL_04_BIZTRANSAC_RELATIONSHIP,SL-P04-T01-BIZ-TRANSAC-INTERESTED-PERS,Relationship between interested person and the org,Relationship with organization,SCHED-L-PART-04-COL-B,PZ,text,
SL_04_BIZTRANSAC_AMT,SL_04_BIZTRANSAC_AMT,SL-P04-T01-BIZ-TRANSAC-INTERESTED-PERS,Amount of transaction,Amount of transaction,SCHED-L-PART-04-COL-C,PZ,numeric,
SL_04_BIZTRANSAC_DESC,SL_04_BIZTRANSAC_DESC,SL-P04-T01-BIZ-TRANSAC-INTERESTED-PERS,Description of transaction,Description of transaction,SCHED-L-PART-04-COL-D,PZ,text,
SL_04_BIZTRANSAC_SHARING_REV_X,SL_04_BIZTRANSAC_SHARING_REV_X,SL-P04-T01-BIZ-TRANSAC-INTERESTED-PERS,Sharing of org's revenues [x],Sharing of revenues?,SCHED-L-PART-04-COL-E,PZ,checkbox,
SL_05_EXPLANATION_TEXT,SL_05_EXPLANATION_TEXT,SL-P05-T99-SUPPLEMENTAL-INFO,Additional explanations,Form990 Schedule LPart V - Explanation,SCHED-L-PART-05,PZ,text,
SL_05_FORM_LINE_REFERENCE,SL_05_FORM_LINE_REFERENCE,SL-P05-T99-SUPPLEMENTAL-INFO,"Form, part, and line number reference",Form; part and line number reference,SCHED-L-PART-05,PZ,text,
SL_05_IDENTIFIER,SL_05_IDENTIFIER,SL-P05-T99-SUPPLEMENTAL-INFO,Identifier,Form990 Schedule LPart V - Identifier,SCHED-L-PART-05,PZ,text,
SL_05_RETURN_REFERENCE,SL_05_RETURN_REFERENCE,SL-P05-T99-SUPPLEMENTAL-INFO,Return reference,Return reference,SCHED-L-PART-05,PZ,text,
SM_01_ART_WORK_NONCSH_X,SM_01_ART_WORK_NONCSH_X,SM-P01-T00-NONCASH-CONTRIBUTIONS,Art - works of art [x],Checkbox for lines on Part I,SCHED-M-PART-01-LINE-01-COL-A,PC,checkbox,
SM_01_ART_WORK_NUM_CONTR,SM_01_ART_WORK_NUM_CONTR,SM-P01-T00-NONCASH-CONTRIBUTIONS,Art - works of art - number of contributions or items contributed,Number of contributions,SCHED-M-PART-01-LINE-01-COL-B,PC,numeric,
SM_01_ART_WORK_NONCSH_CONTR,SM_01_ART_WORK_NONCSH_CONTR,SM-P01-T00-NONCASH-CONTRIBUTIONS,Art - works of art - noncash contribution amounts,Revenues reported on F990; Pt VIII; line 1g,SCHED-M-PART-01-LINE-01-COL-C,PC,numeric,
SM_01_ART_WORK_METHOD_REV,SM_01_ART_WORK_METHOD_REV,SM-P01-T00-NONCASH-CONTRIBUTIONS,Art - works of art - method of determining noncash contribution amounts,Method of determining revenues,SCHED-M-PART-01-LINE-01-COL-D,PC,text,
SM_01_ART_HIST_TREASURE_NONCSH_X,SM_01_ART_HIST_TREASURE_NONCSH_X,SM-P01-T00-NONCASH-CONTRIBUTIONS,Art - historical treasures [x],Checkbox for lines on Part I,SCHED-M-PART-01-LINE-02-COL-A,PC,checkbox,
SM_01_ART_HIST_NUM_CONTR,SM_01_ART_HIST_NUM_CONTR,SM-P01-T00-NONCASH-CONTRIBUTIONS,Art - historical treasures - number of contributions or items contributed,Number of contributions,SCHED-M-PART-01-LINE-02-COL-B,PC,numeric,
SM_01_ART_HIST_NONCSH_CONTR,SM_01_ART_HIST_NONCSH_CONTR,SM-P01-T00-NONCASH-CONTRIBUTIONS,Art - historical treasures - noncash contribution amounts,Revenues reported on F990; Pt VIII; line 1g,SCHED-M-PART-01-LINE-02-COL-C,PC,numeric,
SM_01_ART_HIST_METHOD_REV,SM_01_ART_HIST_METHOD_REV,SM-P01-T00-NONCASH-CONTRIBUTIONS,Art - historical treasures - method of determining noncash contribution amounts,Method of determining revenues,SCHED-M-PART-01-LINE-02-COL-D,PC,text,
SM_01_ART_FRACT_INT_NONCSH_X,SM_01_ART_FRACT_INT_NONCSH_X,SM-P01-T00-NONCASH-CONTRIBUTIONS,Art - fractional interests [x],Checkbox for lines on Part I,SCHED-M-PART-01-LINE-03-COL-A,PC,checkbox,
SM_01_ART_FRACT_INT_NUM_CONTR,SM_01_ART_FRACT_INT_NUM_CONTR,SM-P01-T00-NONCASH-CONTRIBUTIONS,Art - fractional interests - number of contributions or items contributed,Number of contributions,SCHED-M-PART-01-LINE-03-COL-B,PC,numeric,
SM_01_ART_FRACT_INT_NONCSH_CONTR,SM_01_ART_FRACT_INT_NONCSH_CONTR,SM-P01-T00-NONCASH-CONTRIBUTIONS,Art - fractional interests - noncash contribution amounts,Revenues reported on F990; Pt VIII; line 1g,SCHED-M-PART-01-LINE-03-COL-C,PC,numeric,
SM_01_ART_FRACT_INT_METHOD_REV,SM_01_ART_FRACT_INT_METHOD_REV,SM-P01-T00-NONCASH-CONTRIBUTIONS,Art - fractional interests - method of determining noncash contribution amounts,Method of determining revenues,SCHED-M-PART-01-LINE-03-COL-D,PC,text,
SM_01_BOOK_PUBLICA_NONCSH_X,SM_01_BOOK_PUBLICA_NONCSH_X,SM-P01-T00-NONCASH-CONTRIBUTIONS,Books and publications [x],Checkbox for lines on Part I,SCHED-M-PART-01-LINE-04-COL-A,PC,checkbox,
SM_01_BOOK_PUBLICA_NONCSH_CONTR,SM_01_BOOK_PUBLICA_NONCSH_CONTR,SM-P01-T00-NONCASH-CONTRIBUTIONS,Books and publications - noncash contribution amounts,Revenues reported on F990; Pt VIII; line 1g,SCHED-M-PART-01-LINE-04-COL-C,PC,numeric,
SM_01_BOOK_PUBLICA_METHOD_REV,SM_01_BOOK_PUBLICA_METHOD_REV,SM-P01-T00-NONCASH-CONTRIBUTIONS,Books and publications - method of determining noncash contribution amounts,Method of determining revenues,SCHED-M-PART-01-LINE-04-COL-D,PC,text,
SM_01_CLOTHING_NONCSH_X,SM_01_CLOTHING_NONCSH_X,SM-P01-T00-NONCASH-CONTRIBUTIONS,Clothing and household goods [x],Checkbox for lines on Part I,SCHED-M-PART-01-LINE-05-COL-A,PC,checkbox,
SM_01_CLOTHING_NONCSH_CONTR,SM_01_CLOTHING_NONCSH_CONTR,SM-P01-T00-NONCASH-CONTRIBUTIONS,Clothing and household goods - noncash contribution amounts,Revenues reported on F990; Pt VIII; line 1g,SCHED-M-PART-01-LINE-05-COL-C,PC,numeric,
SM_01_CLOTHING_METHOD_REV,SM_01_CLOTHING_METHOD_REV,SM-P01-T00-NONCASH-CONTRIBUTIONS,Clothing and household goods - method of determining noncash contribution amounts,Method of determining revenues,SCHED-M-PART-01-LINE-05-COL-D,PC,text,
SM_01_CAR_BEHICLE_NONCSH_X,SM_01_CAR_BEHICLE_NONCSH_X,SM-P01-T00-NONCASH-CONTRIBUTIONS,Cars and other vehicles [x],Checkbox for lines on Part I,SCHED-M-PART-01-LINE-06-COL-A,PC,checkbox,
SM_01_CAR_BEHICLE_NUM_CONTR,SM_01_CAR_BEHICLE_NUM_CONTR,SM-P01-T00-NONCASH-CONTRIBUTIONS,Cars and other vehicles - number of contributions or items contributed,Number of contributions,SCHED-M-PART-01-LINE-06-COL-B,PC,numeric,
SM_01_CAR_BEHICLE_NONCSH_CONTR,SM_01_CAR_BEHICLE_NONCSH_CONTR,SM-P01-T00-NONCASH-CONTRIBUTIONS,Cars and other vehicles - noncash contribution amounts,Revenues reported on F990; Pt VIII; line 1g,SCHED-M-PART-01-LINE-06-COL-C,PC,numeric,
SM_01_CAR_BEHICLE_METHOD_REV,SM_01_CAR_BEHICLE_METHOD_REV,SM-P01-T00-NONCASH-CONTRIBUTIONS,Cars and other vehicles - method of determining noncash contribution amounts,Method of determining revenues,SCHED-M-PART-01-LINE-06-COL-D,PC,text,
SM_01_BOAT_PLANE_NONCSH_X,SM_01_BOAT_PLANE_NONCSH_X,SM-P01-T00-NONCASH-CONTRIBUTIONS,Boats and planes [x],Checkbox for lines on Part I,SCHED-M-PART-01-LINE-07-COL-A,PC,checkbox,
SM_01_BOAT_PLANE_NUM_CONTR,SM_01_BOAT_PLANE_NUM_CONTR,SM-P01-T00-NONCASH-CONTRIBUTIONS,Boats and planes - number of contributions or items contributed,Number of contributions,SCHED-M-PART-01-LINE-07-COL-B,PC,numeric,
SM_01_BOAT_PLANE_NONCSH_CONTR,SM_01_BOAT_PLANE_NONCSH_CONTR,SM-P01-T00-NONCASH-CONTRIBUTIONS,Boats and planes - noncash contribution amounts,Revenues reported on F990; Pt VIII; line 1g,SCHED-M-PART-01-LINE-07-COL-C,PC,numeric,
SM_01_BOAT_PLANE_METHOD_REV,SM_01_BOAT_PLANE_METHOD_REV,SM-P01-T00-NONCASH-CONTRIBUTIONS,Boats and planes - method of determining noncash contribution amounts,Method of determining revenues,SCHED-M-PART-01-LINE-07-COL-D,PC,text,
SM_01_IP_NONCSH_X,SM_01_IP_NONCSH_X,SM-P01-T00-NONCASH-CONTRIBUTIONS,Intellectual property [x],Checkbox for lines on Part I,SCHED-M-PART-01-LINE-08-COL-A,PC,checkbox,
SM_01_IP_NUM_CONTR,SM_01_IP_NUM_CONTR,SM-P01-T00-NONCASH-CONTRIBUTIONS,Intellectual property - number of contributions or items contributed,Number of contributions,SCHED-M-PART-01-LINE-08-COL-B,PC,numeric,
SM_01_IP_NONCSH_CONTR,SM_01_IP_NONCSH_CONTR,SM-P01-T00-NONCASH-CONTRIBUTIONS,Intellectual property - noncash contribution amounts,Revenues reported on F990; Pt VIII; line 1g,SCHED-M-PART-01-LINE-08-COL-C,PC,numeric,
SM_01_IP_METHOD_REV,SM_01_IP_METHOD_REV,SM-P01-T00-NONCASH-CONTRIBUTIONS,Intellectual property - method of determining noncash contribution amounts,Method of determining revenues,SCHED-M-PART-01-LINE-08-COL-D,PC,text,
SM_01_SEC_PUB_TRADE_NONCSH_X,SM_01_SEC_PUB_TRADE_NONCSH_X,SM-P01-T00-NONCASH-CONTRIBUTIONS,Securities - publicly traded [x],Checkbox for lines on Part I,SCHED-M-PART-01-LINE-09-COL-A,PC,checkbox,
SM_01_SEC_PUB_TRADE_NUM_CONTR,SM_01_SEC_PUB_TRADE_NUM_CONTR,SM-P01-T00-NONCASH-CONTRIBUTIONS,Securities - publicly traded - number of contributions or items contributed,Number of contributions,SCHED-M-PART-01-LINE-09-COL-B,PC,numeric,
SM_01_SEC_PUB_TRADE_NONCSH_CONTR,SM_01_SEC_PUB_TRADE_NONCSH_CONTR,SM-P01-T00-NONCASH-CONTRIBUTIONS,Securities - publicly traded - noncash contribution amounts,Revenues reported on F990; Pt VIII; line 1g,SCHED-M-PART-01-LINE-09-COL-C,PC,numeric,
SM_01_SEC_PUB_TRADE_METHOD_REV,SM_01_SEC_PUB_TRADE_METHOD_REV,SM-P01-T00-NONCASH-CONTRIBUTIONS,Securities - publicly traded - method of determining noncash contribution amounts,Method of determining revenues,SCHED-M-PART-01-LINE-09-COL-D,PC,text,
SM_01_SEC_STCK_NONCSH_X,SM_01_SEC_STCK_NONCSH_X,SM-P01-T00-NONCASH-CONTRIBUTIONS,Securities - closely held stock [x],Checkbox for lines on Part I,SCHED-M-PART-01-LINE-10-COL-A,PC,checkbox,
SM_01_SEC_STCK_NUM_CONTR,SM_01_SEC_STCK_NUM_CONTR,SM-P01-T00-NONCASH-CONTRIBUTIONS,Securities - closely held stock - number of contributions or items contributed,Number of contributions,SCHED-M-PART-01-LINE-10-COL-B,PC,numeric,
SM_01_SEC_STCK_NONCSH_CONTR,SM_01_SEC_STCK_NONCSH_CONTR,SM-P01-T00-NONCASH-CONTRIBUTIONS,Securities - closely held stock - noncash contribution amounts,Revenues reported on F990; Pt VIII; line 1g,SCHED-M-PART-01-LINE-10-COL-C,PC,numeric,
SM_01_SEC_STCK_METHOD_REV,SM_01_SEC_STCK_METHOD_REV,SM-P01-T00-NONCASH-CONTRIBUTIONS,Securities - closely held stock - method of determining noncash contribution amounts,Method of determining revenues,SCHED-M-PART-01-LINE-10-COL-D,PC,text,
SM_01_SEC_PTR_NONCSH_X,SM_01_SEC_PTR_NONCSH_X,SM-P01-T00-NONCASH-CONTRIBUTIONS,"Securities - partnership, LLC, or trust interests [x]",Checkbox for lines on Part I,SCHED-M-PART-01-LINE-11-COL-A,PC,checkbox,
SM_01_SEC_PTR_NUM_CONTR,SM_01_SEC_PTR_NUM_CONTR,SM-P01-T00-NONCASH-CONTRIBUTIONS,"Securities - partnership, LLC, or trust interests - number of contributions or items contributed",Number of contributions,SCHED-M-PART-01-LINE-11-COL-B,PC,numeric,
SM_01_SEC_PTR_NONCSH_CONTR,SM_01_SEC_PTR_NONCSH_CONTR,SM-P01-T00-NONCASH-CONTRIBUTIONS,"Securities - partnership, LLC, or trust interests - noncash contribution amounts",Revenues reported on F990; Pt VIII; line 1g,SCHED-M-PART-01-LINE-11-COL-C,PC,numeric,
SM_01_SEC_PTR_METHOD_REV,SM_01_SEC_PTR_METHOD_REV,SM-P01-T00-NONCASH-CONTRIBUTIONS,"Securities - partnership, LLC, or trust interests - method of determining noncash contribution amounts",Method of determining revenues,SCHED-M-PART-01-LINE-11-COL-D,PC,text,
SM_01_SEC_MISC_NONCSH_X,SM_01_SEC_MISC_NONCSH_X,SM-P01-T00-NONCASH-CONTRIBUTIONS,Securities - miscellaneous [x],Checkbox for lines on Part I,SCHED-M-PART-01-LINE-12-COL-A,PC,checkbox,
SM_01_SEC_MISC_NUM_CONTR,SM_01_SEC_MISC_NUM_CONTR,SM-P01-T00-NONCASH-CONTRIBUTIONS,Securities - miscellaneous - number of contributions or items contributed,Number of contributions,SCHED-M-PART-01-LINE-12-COL-B,PC,numeric,
SM_01_SEC_MISC_NONCSH_CONTR,SM_01_SEC_MISC_NONCSH_CONTR,SM-P01-T00-NONCASH-CONTRIBUTIONS,Securities - miscellaneous - noncash contribution amounts,Revenues reported on F990; Pt VIII; line 1g,SCHED-M-PART-01-LINE-12-COL-C,PC,numeric,
SM_01_SEC_MISC_METHOD_REV,SM_01_SEC_MISC_METHOD_REV,SM-P01-T00-NONCASH-CONTRIBUTIONS,Securities - miscellaneous - method of determining noncash contribution amounts,Method of determining revenues,SCHED-M-PART-01-LINE-12-COL-D,PC,text,
SM_01_QUAL_HIST_NONCSH_X,SM_01_QUAL_HIST_NONCSH_X,SM-P01-T00-NONCASH-CONTRIBUTIONS,Qualified conservation contribution - historic structures [x],Checkbox for lines on Part I,SCHED-M-PART-01-LINE-13-COL-A,PC,checkbox,
SM_01_QUAL_HIST_NUM_CONTR,SM_01_QUAL_HIST_NUM_CONTR,SM-P01-T00-NONCASH-CONTRIBUTIONS,Qualified conservation contribution - historic structures - number of contributions or items contributed,Number of contributions,SCHED-M-PART-01-LINE-13-COL-B,PC,numeric,
SM_01_QUAL_HIST_NONCSH_CONTR,SM_01_QUAL_HIST_NONCSH_CONTR,SM-P01-T00-NONCASH-CONTRIBUTIONS,Qualified conservation contribution - historic structures - noncash contribution amounts,Revenues reported on F990; Pt VIII; line 1g,SCHED-M-PART-01-LINE-13-COL-C,PC,numeric,
SM_01_QUAL_HIST_METHOD_REV,SM_01_QUAL_HIST_METHOD_REV,SM-P01-T00-NONCASH-CONTRIBUTIONS,Qualified conservation contribution - historic structures - method of determining noncash contribution amounts,Method of determining revenues,SCHED-M-PART-01-LINE-13-COL-D,PC,text,
SM_01_QUAL_OTH_NONCSH_X,SM_01_QUAL_OTH_NONCSH_X,SM-P01-T00-NONCASH-CONTRIBUTIONS,Qualified conservation contribution - other [x],Checkbox for lines on Part I,SCHED-M-PART-01-LINE-14-COL-A,PC,checkbox,
SM_01_QUAL_OTH_NUM_CONTR,SM_01_QUAL_OTH_NUM_CONTR,SM-P01-T00-NONCASH-CONTRIBUTIONS,Qualified conservation contribution - other - number of contributions or items contributed,Number of contributions,SCHED-M-PART-01-LINE-14-COL-B,PC,numeric,
SM_01_QUAL_OTH_NONCSH_CONTR,SM_01_QUAL_OTH_NONCSH_CONTR,SM-P01-T00-NONCASH-CONTRIBUTIONS,Qualified conservation contribution - other - noncash contribution amounts,Revenues reported on F990; Pt VIII; line 1g,SCHED-M-PART-01-LINE-14-COL-C,PC,numeric,
SM_01_QUAL_OTH_METHOD_REV,SM_01_QUAL_OTH_METHOD_REV,SM-P01-T00-NONCASH-CONTRIBUTIONS,Qualified conservation contribution - other - method of determining noncash contribution amounts,Method of determining revenues,SCHED-M-PART-01-LINE-14-COL-D,PC,text,
SM_01_RE_RESID_NONCSH_X,SM_01_RE_RESID_NONCSH_X,SM-P01-T00-NONCASH-CONTRIBUTIONS,Real estate - residential [x],Checkbox for lines on Part I,SCHED-M-PART-01-LINE-15-COL-A,PC,checkbox,
SM_01_RE_RESID_NUM_CONTR,SM_01_RE_RESID_NUM_CONTR,SM-P01-T00-NONCASH-CONTRIBUTIONS,Real estate - residential - number of contributions or items contributed,Number of contributions,SCHED-M-PART-01-LINE-15-COL-B,PC,numeric,
SM_01_RE_RESID_NONCSH_CONTR,SM_01_RE_RESID_NONCSH_CONTR,SM-P01-T00-NONCASH-CONTRIBUTIONS,Real estate - residential - noncash contribution amounts,Revenues reported on F990; Pt VIII; line 1g,SCHED-M-PART-01-LINE-15-COL-C,PC,numeric,
SM_01_RE_RESID_METHOD_REV,SM_01_RE_RESID_METHOD_REV,SM-P01-T00-NONCASH-CONTRIBUTIONS,Real estate - residential - method of determining noncash contribution amounts,Method of determining revenues,SCHED-M-PART-01-LINE-15-COL-D,PC,text,
SM_01_RE_COMMERCIAL_NONCSH_X,SM_01_RE_COMMERCIAL_NONCSH_X,SM-P01-T00-NONCASH-CONTRIBUTIONS,Real estate - commercial [x],Checkbox for lines on Part I,SCHED-M-PART-01-LINE-16-COL-A,PC,checkbox,
SM_01_RE_COMMERCIAL_NUM_CONTR,SM_01_RE_COMMERCIAL_NUM_CONTR,SM-P01-T00-NONCASH-CONTRIBUTIONS,Real estate - commercial - number of contributions or items contributed,Number of contributions,SCHED-M-PART-01-LINE-16-COL-B,PC,numeric,
SM_01_RE_COMMERCIAL_NONCSH_CONTR,SM_01_RE_COMMERCIAL_NONCSH_CONTR,SM-P01-T00-NONCASH-CONTRIBUTIONS,Real estate - commercial - noncash contribution amounts,Revenues reported on F990; Pt VIII; line 1g,SCHED-M-PART-01-LINE-16-COL-C,PC,numeric,
SM_01_RE_COMMERCIAL_METHOD_REV,SM_01_RE_COMMERCIAL_METHOD_REV,SM-P01-T00-NONCASH-CONTRIBUTIONS,Real estate - commercial - method of determining noncash contribution amounts,Method of determining revenues,SCHED-M-PART-01-LINE-16-COL-D,PC,text,
SM_01_RE_OTH_NONCSH_X,SM_01_RE_OTH_NONCSH_X,SM-P01-T00-NONCASH-CONTRIBUTIONS,Real estate - other [x],Checkbox for lines on Part I,SCHED-M-PART-01-LINE-17-COL-A,PC,checkbox,
SM_01_RE_OTH_NUM_CONTR,SM_01_RE_OTH_NUM_CONTR,SM-P01-T00-NONCASH-CONTRIBUTIONS,Real estate - other - number of contributions or items contributed,Number of contributions,SCHED-M-PART-01-LINE-17-COL-B,PC,numeric,
SM_01_RE_OTH_NONCSH_CONTR,SM_01_RE_OTH_NONCSH_CONTR,SM-P01-T00-NONCASH-CONTRIBUTIONS,Real estate - other - noncash contribution amounts,Revenues reported on F990; Pt VIII; line 1g,SCHED-M-PART-01-LINE-17-COL-C,PC,numeric,
SM_01_RE_OTH_METHOD_REV,SM_01_RE_OTH_METHOD_REV,SM-P01-T00-NONCASH-CONTRIBUTIONS,Real estate - other - method of determining noncash contribution amounts,Method of determining revenues,SCHED-M-PART-01-LINE-17-COL-D,PC,text,
SM_01_COLLECTIBLES_NONCSH_X,SM_01_COLLECTIBLES_NONCSH_X,SM-P01-T00-NONCASH-CONTRIBUTIONS,Collectibles [x],Checkbox for lines on Part I,SCHED-M-PART-01-LINE-18-COL-A,PC,checkbox,
SM_01_COLLECTIBLES_NUM_CONTR,SM_01_COLLECTIBLES_NUM_CONTR,SM-P01-T00-NONCASH-CONTRIBUTIONS,Collectibles - number of contributions or items contributed,Number of contributions,SCHED-M-PART-01-LINE-18-COL-B,PC,numeric,
SM_01_COLLECTIBLES_NONCSH_CONTR,SM_01_COLLECTIBLES_NONCSH_CONTR,SM-P01-T00-NONCASH-CONTRIBUTIONS,Collectibles - noncash contribution amounts,Revenues reported on F990; Pt VIII; line 1g,SCHED-M-PART-01-LINE-18-COL-C,PC,numeric,
SM_01_COLLECTIBLES_METHOD_REV,SM_01_COLLECTIBLES_METHOD_REV,SM-P01-T00-NONCASH-CONTRIBUTIONS,Collectibles - method of determining noncash contribution amounts,Method of determining revenues,SCHED-M-PART-01-LINE-18-COL-D,PC,text,
SM_01_FOOD_INV_NONCSH_X,SM_01_FOOD_INV_NONCSH_X,SM-P01-T00-NONCASH-CONTRIBUTIONS,Food inventory [x],Checkbox for lines on Part I,SCHED-M-PART-01-LINE-19-COL-A,PC,checkbox,
SM_01_FOOD_INV_NUM_CONTR,SM_01_FOOD_INV_NUM_CONTR,SM-P01-T00-NONCASH-CONTRIBUTIONS,Food inventory - number of contributions or items contributed,Number of contributions,SCHED-M-PART-01-LINE-19-COL-B,PC,numeric,
SM_01_FOOD_INV_NONCSH_CONTR,SM_01_FOOD_INV_NONCSH_CONTR,SM-P01-T00-NONCASH-CONTRIBUTIONS,Food inventory - noncash contribution amounts,Revenues reported on F990; Pt VIII; line 1g,SCHED-M-PART-01-LINE-19-COL-C,PC,numeric,
SM_01_FOOD_INV_METHOD_REV,SM_01_FOOD_INV_METHOD_REV,SM-P01-T00-NONCASH-CONTRIBUTIONS,Food inventory - method of determining noncash contribution amounts,Method of determining revenues,SCHED-M-PART-01-LINE-19-COL-D,PC,text,
SM_01_DRUG_MEDICAL_NONCSH_X,SM_01_DRUG_MEDICAL_NONCSH_X,SM-P01-T00-NONCASH-CONTRIBUTIONS,Drugs and medical supplies [x],Checkbox for lines on Part I,SCHED-M-PART-01-LINE-20-COL-A,PC,checkbox,
SM_01_DRUG_MEDICAL_NUM_CONTR,SM_01_DRUG_MEDICAL_NUM_CONTR,SM-P01-T00-NONCASH-CONTRIBUTIONS,Drugs and medical supplies - number of contributions or items contributed,Number of contributions,SCHED-M-PART-01-LINE-20-COL-B,PC,numeric,
SM_01_DRUG_MEDICAL_NONCSH_CONTR,SM_01_DRUG_MEDICAL_NONCSH_CONTR,SM-P01-T00-NONCASH-CONTRIBUTIONS,Drugs and medical supplies - noncash contribution amounts,Revenues reported on F990; Pt VIII; line 1g,SCHED-M-PART-01-LINE-20-COL-C,PC,numeric,
SM_01_DRUG_MEDICAL_METHOD_REV,SM_01_DRUG_MEDICAL_METHOD_REV,SM-P01-T00-NONCASH-CONTRIBUTIONS,Drugs and medical supplies - method of determining noncash contribution amounts,Method of determining revenues,SCHED-M-PART-01-LINE-20-COL-D,PC,text,
SM_01_TAXIDERMY_NONCSH_X,SM_01_TAXIDERMY_NONCSH_X,SM-P01-T00-NONCASH-CONTRIBUTIONS,Taxidermy [x],Checkbox for lines on Part I,SCHED-M-PART-01-LINE-21-COL-A,PC,checkbox,
SM_01_TAXIDERMY_NUM_CONTR,SM_01_TAXIDERMY_NUM_CONTR,SM-P01-T00-NONCASH-CONTRIBUTIONS,Taxidermy - number of contributions or items contributed,Number of contributions,SCHED-M-PART-01-LINE-21-COL-B,PC,numeric,
SM_01_TAXIDERMY_NONCSH_CONTR,SM_01_TAXIDERMY_NONCSH_CONTR,SM-P01-T00-NONCASH-CONTRIBUTIONS,Taxidermy - noncash contribution amounts,Revenues reported on F990; Pt VIII; line 1g,SCHED-M-PART-01-LINE-21-COL-C,PC,numeric,
SM_01_TAXIDERMY_METHOD_REV,SM_01_TAXIDERMY_METHOD_REV,SM-P01-T00-NONCASH-CONTRIBUTIONS,Taxidermy - method of determining noncash contribution amounts,Method of determining revenues,SCHED-M-PART-01-LINE-21-COL-D,PC,text,
SM_01_HIST_ARTIFACT_NONCSH_X,SM_01_HIST_ARTIFACT_NONCSH_X,SM-P01-T00-NONCASH-CONTRIBUTIONS,Historical artifacts [x],Checkbox for lines on Part I,SCHED-M-PART-01-LINE-22-COL-A,PC,checkbox,
SM_01_HIST_ARTIFACT_NUM_CONTR,SM_01_HIST_ARTIFACT_NUM_CONTR,SM-P01-T00-NONCASH-CONTRIBUTIONS,Historical artifacts - number of contributions or items contributed,Number of contributions,SCHED-M-PART-01-LINE-22-COL-B,PC,numeric,
SM_01_HIST_ARTIFACT_NONCSH_CONTR,SM_01_HIST_ARTIFACT_NONCSH_CONTR,SM-P01-T00-NONCASH-CONTRIBUTIONS,Historical artifacts - noncash contribution amounts,Revenues reported on F990; Pt VIII; line 1g,SCHED-M-PART-01-LINE-22-COL-C,PC,numeric,
SM_01_HIST_ARTIFACT_METHOD_REV,SM_01_HIST_ARTIFACT_METHOD_REV,SM-P01-T00-NONCASH-CONTRIBUTIONS,Historical artifacts - method of determining noncash contribution amounts,Method of determining revenues,SCHED-M-PART-01-LINE-22-COL-D,PC,text,
SM_01_SPECIMENS_NONCSH_X,SM_01_SPECIMENS_NONCSH_X,SM-P01-T00-NONCASH-CONTRIBUTIONS,Scientific specimens [x],Checkbox for lines on Part I,SCHED-M-PART-01-LINE-23-COL-A,PC,checkbox,
SM_01_SPECIMENS_NUM_CONTR,SM_01_SPECIMENS_NUM_CONTR,SM-P01-T00-NONCASH-CONTRIBUTIONS,Scientific specimens - number of contributions or items contributed,Number of contributions,SCHED-M-PART-01-LINE-23-COL-B,PC,numeric,
SM_01_SPECIMENS_NONCSH_CONTR,SM_01_SPECIMENS_NONCSH_CONTR,SM-P01-T00-NONCASH-CONTRIBUTIONS,Scientific specimens - noncash contribution amounts,Revenues reported on F990; Pt VIII; line 1g,SCHED-M-PART-01-LINE-23-COL-C,PC,numeric,
SM_01_SPECIMENS_METHOD_REV,SM_01_SPECIMENS_METHOD_REV,SM-P01-T00-NONCASH-CONTRIBUTIONS,Scientific specimens - method of determining noncash contribution amounts,Method of determining revenues,SCHED-M-PART-01-LINE-23-COL-D,PC,text,
SM_01_ARCHAE_NONCSH_X,SM_01_ARCHAE_NONCSH_X,SM-P01-T00-NONCASH-CONTRIBUTIONS,Archeological artifacts [x],Checkbox for lines on Part I,SCHED-M-PART-01-LINE-24-COL-A,PC,checkbox,
SM_01_ARCHAE_NUM_CONTR,SM_01_ARCHAE_NUM_CONTR,SM-P01-T00-NONCASH-CONTRIBUTIONS,Archeological artifacts - number of contributions or items contributed,Number of contributions,SCHED-M-PART-01-LINE-24-COL-B,PC,numeric,
SM_01_ARCHAE_NONCSH_CONTR,SM_01_ARCHAE_NONCSH_CONTR,SM-P01-T00-NONCASH-CONTRIBUTIONS,Archeological artifacts - noncash contribution amounts,Revenues reported on F990; Pt VIII; line 1g,SCHED-M-PART-01-LINE-24-COL-C,PC,numeric,
SM_01_ARCHAE_METHOD_REV,SM_01_ARCHAE_METHOD_REV,SM-P01-T00-NONCASH-CONTRIBUTIONS,Archeological artifacts - method of determining noncash contribution amounts,Method of determining revenues,SCHED-M-PART-01-LINE-24-COL-D,PC,text,
SM_01_NUM_FORM_8283_REC,SM_01_NUM_FORM_8283_REC,SM-P01-T00-NONCASH-CONTRIBUTIONS,Number of Forms 8283 received,Number of 8283s received,SCHED-M-PART-01-LINE-29,PC,numeric,
SM_01_PROP_HELD_X,SM_01_PROP_HELD_X,SM-P01-T00-NONCASH-CONTRIBUTIONS,Received property that must be held for at least 3 years [x],Any property that must be held?,SCHED-M-PART-01-LINE-30A,PC,checkbox,
SM_01_REVIEW_PROCESS_UNUSUAL_X,SM_01_REVIEW_PROCESS_UNUSUAL_X,SM-P01-T00-NONCASH-CONTRIBUTIONS,Has a gift acceptance policy that requires the review of any nonstandard contributions [x],Review process reference unusual noncash gifts?,SCHED-M-PART-01-LINE-31,PC,checkbox,
SM_01_THIRD_PARTIES_USED_X,SM_01_THIRD_PARTIES_USED_X,SM-P01-T00-NONCASH-CONTRIBUTIONS,"Hires or uses third parties or related organizations to solicit, process, or sell noncash contributions [x]",Third parties used?,SCHED-M-PART-01-LINE-32A,PC,checkbox,
SM_01_OTH_NONCSH_DESC,SM_01_OTH_NONCSH_DESC,SM-P01-T01-NONCASH-CONTRIBUTIONS,Other - description,Other Non Cash Contributions Table - Description,SCHED-M-PART-01-LINE-25,PC,text,
SM_01_OTH_NONCSH_X,SM_01_OTH_NONCSH_X,SM-P01-T01-NONCASH-CONTRIBUTIONS,Other [x],Checkbox for lines on Part I,SCHED-M-PART-01-LINE-25-COL-A,PC,checkbox,
SM_01_OTH_NUM_CONTR,SM_01_OTH_NUM_CONTR,SM-P01-T01-NONCASH-CONTRIBUTIONS,Other - number of contributions or items contributed,Number of contributions,SCHED-M-PART-01-LINE-25-COL-B,PC,numeric,
SM_01_OTH_NONCSH_CONTR,SM_01_OTH_NONCSH_CONTR,SM-P01-T01-NONCASH-CONTRIBUTIONS,Other - noncash contribution amounts,Revenues reported on F990; Pt VIII; line 1g,SCHED-M-PART-01-LINE-25-COL-C,PC,numeric,
SM_01_OTH_METHOD_REV,SM_01_OTH_METHOD_REV,SM-P01-T01-NONCASH-CONTRIBUTIONS,Other - method of determining noncash contribution amounts,Method of determining revenues,SCHED-M-PART-01-LINE-25-COL-D,PC,text,
SM_02_EXPLANATION_TEXT,SM_02_EXPLANATION_TEXT,SM-P02-T99-SUPPLEMENTAL-INFO,Additional explanations,Form990 Schedule MPart II - Explanation,SCHED-M-PART-02,PC,text,
SM_02_FORM_LINE_REFERENCE,SM_02_FORM_LINE_REFERENCE,SM-P02-T99-SUPPLEMENTAL-INFO,"Form, part, and line number reference",Return Reference,SCHED-M-PART-02,PC,text,
SM_02_IDENTIFIER,SM_02_IDENTIFIER,SM-P02-T99-SUPPLEMENTAL-INFO,Identifier,Form990 Schedule MPart II - Identifier,SCHED-M-PART-02,PC,text,
SM_02_RETURN_REFERENCE,SM_02_RETURN_REFERENCE,SM-P02-T99-SUPPLEMENTAL-INFO,Return reference,Return Reference,SCHED-M-PART-02,PC,text,
SN_01_ORG_DTK_DIR_SUCCESSOR_X,SN_01_ORG_DTK_DIR_SUCCESSOR_X,SN-P01-T00-LIQUIDATION-TERMINATION-DISSOLUTION,"Officer, director, trustee, or key employee did or will become a director or trustee of a successor or transferee organization [x]",Become a director or trustee of a successor or transferee organization?,SCHED-N-PART-01-LINE-02A,PZ,checkbox,
SN_01_ORG_DTK_EMPL_SUCCESSOR_X,SN_01_ORG_DTK_EMPL_SUCCESSOR_X,SN-P01-T00-LIQUIDATION-TERMINATION-DISSOLUTION,"Officer, director, trustee, or key employee did or will become an employee of, or independent contractor for, a successor or transferee organization [x]",Become an employee of; or independent contractor for; a successor or transferee organization?,SCHED-N-PART-01-LINE-02B,PZ,checkbox,
SN_01_ORG_DTK_OWN_SUCCESSOR_X,SN_01_ORG_DTK_OWN_SUCCESSOR_X,SN-P01-T00-LIQUIDATION-TERMINATION-DISSOLUTION,"Officer, director, trustee, or key employee did or will become a direct or indirect owner of a successor or transferee organization [x]",Become a direct or indirect owner of a successor or transferee organization?,SCHED-N-PART-01-LINE-02C,PZ,checkbox,
SN_01_ORG_DTK_REC_COMP_X,SN_01_ORG_DTK_REC_COMP_X,SN-P01-T00-LIQUIDATION-TERMINATION-DISSOLUTION,"Officer, director, trustee, or key employee did or will receive compensation or similar payment as result of the org's liquidation, termination, or dissolution [x]",Receive; or become entitled to; compensation or other similar payments as a result of the organization's liquidation; termination; or dissolution?,SCHED-N-PART-01-LINE-02D,PZ,checkbox,
SN_01_ORG_ASSET_DIST_GVRN_X,SN_01_ORG_ASSET_DIST_GVRN_X,SN-P01-T00-LIQUIDATION-TERMINATION-DISSOLUTION,Distributed assets in accordance with its governing instruments [x],Did the organization distribute its assets in accordance with its governing instruments?,SCHED-N-PART-01-LINE-03,PZ,checkbox,
SN_01_ORG_REQ_NOTIFY_ATTORNEY_X,SN_01_ORG_REQ_NOTIFY_ATTORNEY_X,SN-P01-T00-LIQUIDATION-TERMINATION-DISSOLUTION,"Is required to notify the attorney general or other state official of intent to dissolve, liquidate, or terminate [x]",Is the organization required to notify the attorney general or other appropriate state official of its intent to dissolve?,SCHED-N-PART-01-LINE-04A,PZ,checkbox,
SN_01_ORG_ATTORNEY_NOTIFIED_X,SN_01_ORG_ATTORNEY_NOTIFIED_X,SN-P01-T00-LIQUIDATION-TERMINATION-DISSOLUTION,Provided such notice [x],"If ""Yes;"" did the organization provide such notice?",SCHED-N-PART-01-LINE-04B,PZ,checkbox,
SN_01_ORG_LIAB_PAID_X,SN_01_ORG_LIAB_PAID_X,SN-P01-T00-LIQUIDATION-TERMINATION-DISSOLUTION,Discharged or paid all of its liabilities in accordance with state laws [x],Did the organization discharge or pay all liabilities in accordance with state laws?,SCHED-N-PART-01-LINE-05,PZ,checkbox,
SN_01_ORG_BOND_OUTSTANDING_X,SN_01_ORG_BOND_OUTSTANDING_X,SN-P01-T00-LIQUIDATION-TERMINATION-DISSOLUTION,Had tax-exempt bonds outstanding [x],Did the organization have any tax-exempt bonds outstanding during the year?,SCHED-N-PART-01-LINE-06A,PZ,checkbox,
SN_01_ORG_BOND_LIAB_DISCHARGED_X,SN_01_ORG_BOND_LIAB_DISCHARGED_X,SN-P01-T00-LIQUIDATION-TERMINATION-DISSOLUTION,Discharged or defeased all tax-exempt bond liabilities in accordance with IRC and state laws [x],Did the organization discharge or defease tax-exempt bond liabilities in accordance with the Internal Revenue Code and state laws?,SCHED-N-PART-01-LINE-06B,PZ,checkbox,
SN_01_LTD_ASSET_DIST_DESC,SN_01_LTD_ASSET_DIST_DESC,SN-P01-T01-LIQUIDATION-TERMINATION-DISSOLUTION,Description of asset(s) distributed or transaction expenses paid,Description of asset(s) distributed or transactional expenses paid,SCHED-N-PART-01-LINE-01-COL-A,PZ,text,
SN_01_LTD_ASSET_DIST_DATE,SN_01_LTD_ASSET_DIST_DATE,SN-P01-T01-LIQUIDATION-TERMINATION-DISSOLUTION,Date of distribution,Date of distribution,SCHED-N-PART-01-LINE-01-COL-B,PZ,date,
SN_01_LTD_ASSET_DIST_FMV,SN_01_LTD_ASSET_DIST_FMV,SN-P01-T01-LIQUIDATION-TERMINATION-DISSOLUTION,Fair market value of asset(s) distributed or amount of transaction expenses,Fair market value of asset(s) distributed or amount of transactional expenses,SCHED-N-PART-01-LINE-01-COL-C,PZ,numeric,
SN_01_LTD_ASSET_DIST_FMV_METHOD,SN_01_LTD_ASSET_DIST_FMV_METHOD,SN-P01-T01-LIQUIDATION-TERMINATION-DISSOLUTION,Method of determining FMV for asset(s) distributed or transaction expenses,Method of determining FMV for asset(s) distributed or transactional expenses,SCHED-N-PART-01-LINE-01-COL-D,PZ,text,
SN_01_LTD_RECIP_EIN,SN_01_LTD_RECIP_EIN,SN-P01-T01-LIQUIDATION-TERMINATION-DISSOLUTION,EIN of recipient,EIN of recipient (if tax-exempt),SCHED-N-PART-01-LINE-01-COL-E,PZ,text,
SN_01_LTD_RECIP_ADDR_CITY,SN_01_LTD_RECIP_ADDR_CITY,SN-P01-T01-LIQUIDATION-TERMINATION-DISSOLUTION,Recipient city,Address Foreign - City,SCHED-N-PART-01-LINE-01-COL-F,PZ,text,
SN_01_LTD_RECIP_ADDR_CNTR,SN_01_LTD_RECIP_ADDR_CNTR,SN-P01-T01-LIQUIDATION-TERMINATION-DISSOLUTION,Recipient country,Address Foreign - Country,SCHED-N-PART-01-LINE-01-COL-F,PZ,text,
SN_01_LTD_RECIP_ADDR_L1,SN_01_LTD_RECIP_ADDR_L1,SN-P01-T01-LIQUIDATION-TERMINATION-DISSOLUTION,Recipient street address line 1,Address Foreign - AddressLine1,SCHED-N-PART-01-LINE-01-COL-F,PZ,text,
SN_01_LTD_RECIP_ADDR_L2,SN_01_LTD_RECIP_ADDR_L2,SN-P01-T01-LIQUIDATION-TERMINATION-DISSOLUTION,Recipient street address line 2,Address Foreign - AddressLine2,SCHED-N-PART-01-LINE-01-COL-F,PZ,text,
SN_01_LTD_RECIP_ADDR_STATE,SN_01_LTD_RECIP_ADDR_STATE,SN-P01-T01-LIQUIDATION-TERMINATION-DISSOLUTION,Recipient state,Province or state,SCHED-N-PART-01-LINE-01-COL-F,PZ,text,
SN_01_LTD_RECIP_ADDR_ZIP,SN_01_LTD_RECIP_ADDR_ZIP,SN-P01-T01-LIQUIDATION-TERMINATION-DISSOLUTION,Recipient zip,Address Foreign - Postal code,SCHED-N-PART-01-LINE-01-COL-F,PZ,text,
SN_01_LTD_RECIP_NAME_ORG_L1,SN_01_LTD_RECIP_NAME_ORG_L1,SN-P01-T01-LIQUIDATION-TERMINATION-DISSOLUTION,Recipient organization name line 1,Name Business - BusinessNameLine1,SCHED-N-PART-01-LINE-01-COL-F,PZ,text,
SN_01_LTD_RECIP_NAME_ORG_L2,SN_01_LTD_RECIP_NAME_ORG_L2,SN-P01-T01-LIQUIDATION-TERMINATION-DISSOLUTION,Recipient organization name line 2,Name Business - BusinessNameLine2,SCHED-N-PART-01-LINE-01-COL-F,PZ,text,
SN_01_LTD_RECIP_NAME_PERS,SN_01_LTD_RECIP_NAME_PERS,SN-P01-T01-LIQUIDATION-TERMINATION-DISSOLUTION,Recipient person name,Liquidation Table - Name - Person,SCHED-N-PART-01-LINE-01-COL-F,PZ,text,
SN_01_LTD_RECIP_IRC_SECTION,SN_01_LTD_RECIP_IRC_SECTION,SN-P01-T01-LIQUIDATION-TERMINATION-DISSOLUTION,IRC section of recipient(s) (if tax-exempt) or type of entity,IRC code section of recipient(s) (if tax-exempt) or type of entity,SCHED-N-PART-01-LINE-01-COL-G,PZ,text,
SN_02_ORG_DTK_DIR_SUCCESSOR_X,SN_02_ORG_DTK_DIR_SUCCESSOR_X,SN-P02-T00-DISPOSITION-OF-ASSETS,"Officer, director, trustee, or key employee did or will become a director or trustee of a successor or transferee organization [x]",Become a director or trustee of a successor or transferee organization?,SCHED-N-PART-02-LINE-02A,PZ,checkbox,
SN_02_ORG_DTK_EMPL_SUCCESSOR_X,SN_02_ORG_DTK_EMPL_SUCCESSOR_X,SN-P02-T00-DISPOSITION-OF-ASSETS,"Officer, director, trustee, or key employee did or will become an employee of, or independent contractor for, a successor or transferee organization [x]",Become an employee of; or independent contractor for; a successor or transferee organization?,SCHED-N-PART-02-LINE-02B,PZ,checkbox,
SN_02_ORG_DTK_OWN_SUCCESSOR_X,SN_02_ORG_DTK_OWN_SUCCESSOR_X,SN-P02-T00-DISPOSITION-OF-ASSETS,"Officer, director, trustee, or key employee did or will become a direct or indirect owner of a successor or transferee organization [x]",Become a direct or indirect owner of a successor or transferee organization?,SCHED-N-PART-02-LINE-02C,PZ,checkbox,
SN_02_ORG_DTK_REC_COMP_X,SN_02_ORG_DTK_REC_COMP_X,SN-P02-T00-DISPOSITION-OF-ASSETS,"Officer, director, trustee, or key employee did or will receive compensation or similar payment as result of the org's significant disposition of assets [x]",Receive; or become entitled to; compensation or other similar payments as a result of the organization's significant DISPOSITION-OF-ASSETS?,SCHED-N-PART-02-LINE-02D,PZ,checkbox,
SN_02_DOA_ASSET_DIST_DESC,SN_02_DOA_ASSET_DIST_DESC,SN-P02-T01-DISPOSITION-OF-ASSETS,Description of asset(s) distributed or transaction expenses paid,Description of asset(s) distributed or transactional expenses paid,SCHED-N-PART-02-LINE-01-COL-A,PZ,text,
SN_02_DOA_ASSET_DIST_DATE,SN_02_DOA_ASSET_DIST_DATE,SN-P02-T01-DISPOSITION-OF-ASSETS,Date of distribution,Date of distribution,SCHED-N-PART-02-LINE-01-COL-B,PZ,date,
SN_02_DOA_ASSET_DIST_FMV,SN_02_DOA_ASSET_DIST_FMV,SN-P02-T01-DISPOSITION-OF-ASSETS,Fair market value of asset(s) distributed or amount of transaction expenses,Fair market value of asset(s) distributed or amount of transactional expenses,SCHED-N-PART-02-LINE-01-COL-C,PZ,numeric,
SN_02_DOA_ASSET_DIST_FMV_METHOD,SN_02_DOA_ASSET_DIST_FMV_METHOD,SN-P02-T01-DISPOSITION-OF-ASSETS,Method of determining FMV for asset(s) distributed or transaction expenses,Method of determining FMV for asset(s) distributed or transactional expenses,SCHED-N-PART-02-LINE-01-COL-D,PZ,text,
SN_02_DOA_RECIP_EIN,SN_02_DOA_RECIP_EIN,SN-P02-T01-DISPOSITION-OF-ASSETS,EIN of recipient,EIN of recipient (if tax-exempt),SCHED-N-PART-02-LINE-01-COL-E,PZ,text,
SN_02_DOA_RECIP_ADDR_CITY,SN_02_DOA_RECIP_ADDR_CITY,SN-P02-T01-DISPOSITION-OF-ASSETS,Recipient city,Foreign Address - City,SCHED-N-PART-02-LINE-01-COL-F,PZ,text,
SN_02_DOA_RECIP_ADDR_CNTR,SN_02_DOA_RECIP_ADDR_CNTR,SN-P02-T01-DISPOSITION-OF-ASSETS,Recipient country,Foreign Address - Country,SCHED-N-PART-02-LINE-01-COL-F,PZ,text,
SN_02_DOA_RECIP_ADDR_L1,SN_02_DOA_RECIP_ADDR_L1,SN-P02-T01-DISPOSITION-OF-ASSETS,Recipient street address line 1,Address Foreign - AddressLine1,SCHED-N-PART-02-LINE-01-COL-F,PZ,text,
SN_02_DOA_RECIP_ADDR_L2,SN_02_DOA_RECIP_ADDR_L2,SN-P02-T01-DISPOSITION-OF-ASSETS,Recipient street address line 2,Address Foreign - AddressLine2,SCHED-N-PART-02-LINE-01-COL-F,PZ,text,
SN_02_DOA_RECIP_ADDR_STATE,SN_02_DOA_RECIP_ADDR_STATE,SN-P02-T01-DISPOSITION-OF-ASSETS,Recipient state,Province or state,SCHED-N-PART-02-LINE-01-COL-F,PZ,text,
SN_02_DOA_RECIP_ADDR_ZIP,SN_02_DOA_RECIP_ADDR_ZIP,SN-P02-T01-DISPOSITION-OF-ASSETS,Recipient zip,Foreign Address - Postal code,SCHED-N-PART-02-LINE-01-COL-F,PZ,text,
SN_02_DOA_RECIP_NAME_ORG_L1,SN_02_DOA_RECIP_NAME_ORG_L1,SN-P02-T01-DISPOSITION-OF-ASSETS,Recipient organization name line 1,Business Name - BusinessNameLine1,SCHED-N-PART-02-LINE-01-COL-F,PZ,text,
SN_02_DOA_RECIP_NAME_ORG_L2,SN_02_DOA_RECIP_NAME_ORG_L2,SN-P02-T01-DISPOSITION-OF-ASSETS,Recipient organization name line 2,Name Business - BusinessNameLine2,SCHED-N-PART-02-LINE-01-COL-F,PZ,text,
SN_02_DOA_RECIP_NAME_PERS,SN_02_DOA_RECIP_NAME_PERS,SN-P02-T01-DISPOSITION-OF-ASSETS,Recipient person name,Disposition Table - Name - Person,SCHED-N-PART-02-LINE-01-COL-F,PZ,text,
SN_02_DOA_RECIP_IRC_SECTION,SN_02_DOA_RECIP_IRC_SECTION,SN-P02-T01-DISPOSITION-OF-ASSETS,IRC section of recipient(s) (if tax-exempt) or type of entity,IRC code section of recipient(s) (if tax-exempt) or type of entity,SCHED-N-PART-02-LINE-01-COL-G,PZ,text,
SN_03_EXPLANATION_TEXT,SN_03_EXPLANATION_TEXT,SN-P03-T99-SUPPLEMENTAL-INFO,Additional explanations,Explanatory text,SCHED-N-PART-03,PZ,text,
SN_03_FORM_LINE_REFERENCE,SN_03_FORM_LINE_REFERENCE,SN-P03-T99-SUPPLEMENTAL-INFO,"Form, part, and line number reference",Return reference,SCHED-N-PART-03,PZ,text,
SN_03_IDENTIFIER,SN_03_IDENTIFIER,SN-P03-T99-SUPPLEMENTAL-INFO,Identifier,Form990 Schedule NPart III - Identifier,SCHED-N-PART-03,PZ,text,
SN_03_RETURN_REFERENCE,SN_03_RETURN_REFERENCE,SN-P03-T99-SUPPLEMENTAL-INFO,Return reference,Return reference,SCHED-N-PART-03,PZ,text,
SN_99_ORG_DETERMIN_LETTER_X,SN_99_ORG_DETERMIN_LETTER_X,SN-P99-T00-LIQUIDATION-TERMINATION-DISSOLUTION,Requested or received a letter from the IRS that exempt status was terminated [x],Did the organization request or receive a determination letter from EO Determinations that the organization's exempt status was terminated? (see SN-FORM-VERSION-2009-PART-01),SCHED-N-PART-99-LINE-04A,PZ,checkbox,
SN_99_ORG_DATE_LETTER,SN_99_ORG_DATE_LETTER,SN-P99-T00-LIQUIDATION-TERMINATION-DISSOLUTION,Date of letter,Date of letter (see SN-FORM-VERSION-2009-PART-01),SCHED-N-PART-99-LINE-04B,PZ,date,
SO_00_EXPLANATION_TEXT,SO_00_EXPLANATION_TEXT,SO-P00-T99-SUPPLEMENTAL-INFO,Additional explanations,General Explanation - Explanation,SCHED-O-PART-00,PZ,text,
SO_00_FORM_LINE_REFERENCE,SO_00_FORM_LINE_REFERENCE,SO-P00-T99-SUPPLEMENTAL-INFO,"Form, part, and line number reference",Form; part and line number reference,SCHED-O-PART-00,PZ,text,
SO_00_IDENTIFIER,SO_00_IDENTIFIER,SO-P00-T99-SUPPLEMENTAL-INFO,Identifier,General Explanation - Identifier,SCHED-O-PART-00,PZ,text,
SO_00_RETURN_REFERENCE,SO_00_RETURN_REFERENCE,SO-P00-T99-SUPPLEMENTAL-INFO,Return reference,Return reference,SCHED-O-PART-00,PZ,text,
SR_01_DISREG_ENTITY_ADDR_CITY,SR_01_DISREG_ENTITY_ADDR_CITY,SR-P01-T01-ID-DISREGARDED-ENTITIES,Disregarded entity city,Foreign Address - City,SCHED-R-PART-01-COL-A,PC,text,
SR_01_DISREG_ENTITY_ADDR_CNTR,SR_01_DISREG_ENTITY_ADDR_CNTR,SR-P01-T01-ID-DISREGARDED-ENTITIES,Disregarded entity country,Foreign Address - Country,SCHED-R-PART-01-COL-A,PC,text,
SR_01_DISREG_ENTITY_ADDR_L1,SR_01_DISREG_ENTITY_ADDR_L1,SR-P01-T01-ID-DISREGARDED-ENTITIES,Disregarded entity street address line 1,Address Foreign - AddressLine1,SCHED-R-PART-01-COL-A,PC,text,
SR_01_DISREG_ENTITY_ADDR_L2,SR_01_DISREG_ENTITY_ADDR_L2,SR-P01-T01-ID-DISREGARDED-ENTITIES,Disregarded entity street address line 2,Address Foreign - AddressLine2,SCHED-R-PART-01-COL-A,PC,text,
SR_01_DISREG_ENTITY_ADDR_STATE,SR_01_DISREG_ENTITY_ADDR_STATE,SR-P01-T01-ID-DISREGARDED-ENTITIES,Disregarded entity state,Province or state,SCHED-R-PART-01-COL-A,PC,text,
SR_01_DISREG_ENTITY_ADDR_ZIP,SR_01_DISREG_ENTITY_ADDR_ZIP,SR-P01-T01-ID-DISREGARDED-ENTITIES,Disregarded entity zip,Foreign Address - Postal code,SCHED-R-PART-01-COL-A,PC,text,
SR_01_DISREG_ENTITY_EIN,SR_01_DISREG_ENTITY_EIN,SR-P01-T01-ID-DISREGARDED-ENTITIES,Disregarded entity EIN,Form990 Schedule RPart I - EIN,SCHED-R-PART-01-COL-A,PC,text,
SR_01_DISREG_ENTITY_NAME_L1,SR_01_DISREG_ENTITY_NAME_L1,SR-P01-T01-ID-DISREGARDED-ENTITIES,Disregarded entity name line 1,Name Of Disregarded Entity - BusinessNameLine1,SCHED-R-PART-01-COL-A,PC,text,
SR_01_DISREG_ENTITY_NAME_L2,SR_01_DISREG_ENTITY_NAME_L2,SR-P01-T01-ID-DISREGARDED-ENTITIES,Disregarded entity name line 2,Name Of Disregarded Entity - BusinessNameLine2,SCHED-R-PART-01-COL-A,PC,text,
SR_01_DISREG_ENTITY_PRIMARY_ACT,SR_01_DISREG_ENTITY_PRIMARY_ACT,SR-P01-T01-ID-DISREGARDED-ENTITIES,Primary activity,Nature of activities,SCHED-R-PART-01-COL-B,PC,text,
SR_01_DISREG_ENTITY_DMCL_CNTR,SR_01_DISREG_ENTITY_DMCL_CNTR,SR-P01-T01-ID-DISREGARDED-ENTITIES,Legal domicile (foreign country),Legal domicile - Foreign Country,SCHED-R-PART-01-COL-C,PC,text,
SR_01_DISREG_ENTITY_DMCL_STATE,SR_01_DISREG_ENTITY_DMCL_STATE,SR-P01-T01-ID-DISREGARDED-ENTITIES,Legal domicile (state),Legal domicile - State,SCHED-R-PART-01-COL-C,PC,text,
SR_01_DISREG_ENTITY_INCOME_TOT,SR_01_DISREG_ENTITY_INCOME_TOT,SR-P01-T01-ID-DISREGARDED-ENTITIES,Total income,Total income ($),SCHED-R-PART-01-COL-D,PC,numeric,
SR_01_DISREG_ENTITY_ASSETS_EOY,SR_01_DISREG_ENTITY_ASSETS_EOY,SR-P01-T01-ID-DISREGARDED-ENTITIES,End-of-year assets,End-of-year assets ($),SCHED-R-PART-01-COL-E,PC,numeric,
SR_01_DISREG_ENTITY_CTRL_NA,SR_01_DISREG_ENTITY_CTRL_NA,SR-P01-T01-ID-DISREGARDED-ENTITIES,Direct controlling entity - not applicable,Direct controlling entity - Literal for not applicable,SCHED-R-PART-01-COL-F,PC,text,
SR_01_DISREG_ENTITY_CTRL_NAME_L1,SR_01_DISREG_ENTITY_CTRL_NAME_L1,SR-P01-T01-ID-DISREGARDED-ENTITIES,Direct controlling entity name line 1,Direct Controlling Entity Name - BusinessNameLine1,SCHED-R-PART-01-COL-F,PC,text,
SR_01_DISREG_ENTITY_CTRL_NAME_L2,SR_01_DISREG_ENTITY_CTRL_NAME_L2,SR-P01-T01-ID-DISREGARDED-ENTITIES,Direct controlling entity name line 2,Direct Controlling Entity Name - BusinessNameLine2,SCHED-R-PART-01-COL-F,PC,text,
SR_02_RLTD_ORG_ADDR_CITY,SR_02_RLTD_ORG_ADDR_CITY,SR-P02-T01-ID-RLTD-TAX-EXEMPED-ORGS,Related organization city,Foreign Address - City,SCHED-R-PART-02-COL-A,PC,text,
SR_02_RLTD_ORG_ADDR_CNTR,SR_02_RLTD_ORG_ADDR_CNTR,SR-P02-T01-ID-RLTD-TAX-EXEMPED-ORGS,Related organization country,Foreign Address - Country,SCHED-R-PART-02-COL-A,PC,text,
SR_02_RLTD_ORG_ADDR_L1,SR_02_RLTD_ORG_ADDR_L1,SR-P02-T01-ID-RLTD-TAX-EXEMPED-ORGS,Related organization street address line 1,Address Foreign - AddressLine1,SCHED-R-PART-02-COL-A,PC,text,
SR_02_RLTD_ORG_ADDR_L2,SR_02_RLTD_ORG_ADDR_L2,SR-P02-T01-ID-RLTD-TAX-EXEMPED-ORGS,Related organization street address line 2,Address Foreign - AddressLine2,SCHED-R-PART-02-COL-A,PC,text,
SR_02_RLTD_ORG_ADDR_STATE,SR_02_RLTD_ORG_ADDR_STATE,SR-P02-T01-ID-RLTD-TAX-EXEMPED-ORGS,Related organization state,Province or state,SCHED-R-PART-02-COL-A,PC,text,
SR_02_RLTD_ORG_ADDR_ZIP,SR_02_RLTD_ORG_ADDR_ZIP,SR-P02-T01-ID-RLTD-TAX-EXEMPED-ORGS,Related organization zip,Foreign Address - Postal code,SCHED-R-PART-02-COL-A,PC,text,
SR_02_RLTD_ORG_EIN,SR_02_RLTD_ORG_EIN,SR-P02-T01-ID-RLTD-TAX-EXEMPED-ORGS,Related organization EIN,Form990 Schedule RPart II - EIN,SCHED-R-PART-02-COL-A,PC,text,
SR_02_RLTD_ORG_NAME_L1,SR_02_RLTD_ORG_NAME_L1,SR-P02-T01-ID-RLTD-TAX-EXEMPED-ORGS,Related organization name line 1,Name Of Disregarded Entity - BusinessNameLine1,SCHED-R-PART-02-COL-A,PC,text,
SR_02_RLTD_ORG_NAME_L2,SR_02_RLTD_ORG_NAME_L2,SR-P02-T01-ID-RLTD-TAX-EXEMPED-ORGS,Related organization name line 2,Name Of Disregarded Entity - BusinessNameLine2,SCHED-R-PART-02-COL-A,PC,text,
SR_02_RLTD_ORG_PRIMARY_ACT,SR_02_RLTD_ORG_PRIMARY_ACT,SR-P02-T01-ID-RLTD-TAX-EXEMPED-ORGS,Primary activity,Primary activities,SCHED-R-PART-02-COL-B,PC,text,
SR_02_RLTD_ORG_DMCL_CNTR,SR_02_RLTD_ORG_DMCL_CNTR,SR-P02-T01-ID-RLTD-TAX-EXEMPED-ORGS,Legal domicile (foreign country),Legal domicile - Foreign Country,SCHED-R-PART-02-COL-C,PC,text,
SR_02_RLTD_ORG_DMCL_STATE,SR_02_RLTD_ORG_DMCL_STATE,SR-P02-T01-ID-RLTD-TAX-EXEMPED-ORGS,Legal domicile (state),Legal domicile - State,SCHED-R-PART-02-COL-C,PC,text,
SR_02_RLTD_ORG_EXEMPT_CODE,SR_02_RLTD_ORG_EXEMPT_CODE,SR-P02-T01-ID-RLTD-TAX-EXEMPED-ORGS,Exempt code section,Exempt code section,SCHED-R-PART-02-COL-D,PC,text,
SR_02_RLTD_ORG_PCSTAT,SR_02_RLTD_ORG_PCSTAT,SR-P02-T01-ID-RLTD-TAX-EXEMPED-ORGS,Public charity status (if 501(c)(3)),Public charity status (if 501(c)(3)),SCHED-R-PART-02-COL-E,PC,text,
SR_02_RLTD_ORG_CTRL_NA,SR_02_RLTD_ORG_CTRL_NA,SR-P02-T01-ID-RLTD-TAX-EXEMPED-ORGS,Direct controlling entity - not applicable,Direct controlling entity - Literal for not applicable,SCHED-R-PART-02-COL-F,PC,text,
SR_02_RLTD_ORG_CTRL_NAME_L1,SR_02_RLTD_ORG_CTRL_NAME_L1,SR-P02-T01-ID-RLTD-TAX-EXEMPED-ORGS,Direct controlling entity name line 1,Direct Controlling Entity Name - BusinessNameLine1,SCHED-R-PART-02-COL-F,PC,text,
SR_02_RLTD_ORG_CTRL_NAME_L2,SR_02_RLTD_ORG_CTRL_NAME_L2,SR-P02-T01-ID-RLTD-TAX-EXEMPED-ORGS,Direct controlling entity name line 2,Direct Controlling Entity Name - BusinessNameLine2,SCHED-R-PART-02-COL-F,PC,text,
SR_02_RLTD_ORG_CTRL_512_X,SR_02_RLTD_ORG_CTRL_512_X,SR-P02-T01-ID-RLTD-TAX-EXEMPED-ORGS,Section 512(b)(13) controlled entity [x],512(b)(13) controlled organization? (Y-N),SCHED-R-PART-02-COL-G,PC,checkbox,
SR_03_RLTD_ORG_PTR_ADDR_CITY,SR_03_RLTD_ORG_PTR_ADDR_CITY,SR-P03-T01-ID-RLTD-ORGS-TAXABLE-PARTNERSHIP,Related organization city,Foreign Address - City,SCHED-R-PART-03-COL-A,PC,text,
SR_03_RLTD_ORG_PTR_ADDR_CNTR,SR_03_RLTD_ORG_PTR_ADDR_CNTR,SR-P03-T01-ID-RLTD-ORGS-TAXABLE-PARTNERSHIP,Related organization country,Foreign Address - Country,SCHED-R-PART-03-COL-A,PC,text,
SR_03_RLTD_ORG_PTR_ADDR_L1,SR_03_RLTD_ORG_PTR_ADDR_L1,SR-P03-T01-ID-RLTD-ORGS-TAXABLE-PARTNERSHIP,Related organization street address line 1,Address Foreign - AddressLine1,SCHED-R-PART-03-COL-A,PC,text,
SR_03_RLTD_ORG_PTR_ADDR_L2,SR_03_RLTD_ORG_PTR_ADDR_L2,SR-P03-T01-ID-RLTD-ORGS-TAXABLE-PARTNERSHIP,Related organization street address line 2,Address Foreign - AddressLine2,SCHED-R-PART-03-COL-A,PC,text,
SR_03_RLTD_ORG_PTR_ADDR_STATE,SR_03_RLTD_ORG_PTR_ADDR_STATE,SR-P03-T01-ID-RLTD-ORGS-TAXABLE-PARTNERSHIP,Related organization state,Province or state,SCHED-R-PART-03-COL-A,PC,text,
SR_03_RLTD_ORG_PTR_ADDR_ZIP,SR_03_RLTD_ORG_PTR_ADDR_ZIP,SR-P03-T01-ID-RLTD-ORGS-TAXABLE-PARTNERSHIP,Related organization zip,Foreign Address - Postal code,SCHED-R-PART-03-COL-A,PC,text,
SR_03_RLTD_ORG_PTR_EIN,SR_03_RLTD_ORG_PTR_EIN,SR-P03-T01-ID-RLTD-ORGS-TAXABLE-PARTNERSHIP,Related organization EIN,Form990 Schedule RPart III - EIN,SCHED-R-PART-03-COL-A,PC,text,
SR_03_RLTD_ORG_PTR_NAME_L1,SR_03_RLTD_ORG_PTR_NAME_L1,SR-P03-T01-ID-RLTD-ORGS-TAXABLE-PARTNERSHIP,Related organization name line 1,Name Of Related Org - BusinessNameLine1,SCHED-R-PART-03-COL-A,PC,text,
SR_03_RLTD_ORG_PTR_NAME_L2,SR_03_RLTD_ORG_PTR_NAME_L2,SR-P03-T01-ID-RLTD-ORGS-TAXABLE-PARTNERSHIP,Related organization name line 2,Name Of Related Org - BusinessNameLine2,SCHED-R-PART-03-COL-A,PC,text,
SR_03_RLTD_ORG_PTR_PRIMARY_ACT,SR_03_RLTD_ORG_PTR_PRIMARY_ACT,SR-P03-T01-ID-RLTD-ORGS-TAXABLE-PARTNERSHIP,Primary activity,Primary business activity; product or service,SCHED-R-PART-03-COL-B,PC,text,
SR_03_RLTD_ORG_PTR_DMCL_CNTR,SR_03_RLTD_ORG_PTR_DMCL_CNTR,SR-P03-T01-ID-RLTD-ORGS-TAXABLE-PARTNERSHIP,Legal domicile (foreign country),Legal domicile - Foreign Country,SCHED-R-PART-03-COL-C,PC,text,
SR_03_RLTD_ORG_PTR_DMCL_STATE,SR_03_RLTD_ORG_PTR_DMCL_STATE,SR-P03-T01-ID-RLTD-ORGS-TAXABLE-PARTNERSHIP,Legal domicile (state),Legal domicile - State,SCHED-R-PART-03-COL-C,PC,text,
SR_03_RLTD_ORG_PTR_CTRL_NA,SR_03_RLTD_ORG_PTR_CTRL_NA,SR-P03-T01-ID-RLTD-ORGS-TAXABLE-PARTNERSHIP,Direct controlling entity - not applicable,Direct controlling entity - Literal for not applicable,SCHED-R-PART-03-COL-D,PC,text,
SR_03_RLTD_ORG_PTR_CTRL_NAME_L1,SR_03_RLTD_ORG_PTR_CTRL_NAME_L1,SR-P03-T01-ID-RLTD-ORGS-TAXABLE-PARTNERSHIP,Direct controlling entity organization name line 1,Direct Controlling Entity Name - BusinessNameLine1,SCHED-R-PART-03-COL-D,PC,text,
SR_03_RLTD_ORG_PTR_CTRL_NAME_L2,SR_03_RLTD_ORG_PTR_CTRL_NAME_L2,SR-P03-T01-ID-RLTD-ORGS-TAXABLE-PARTNERSHIP,Direct controlling entity organization name line 2,Direct Controlling Entity Name - BusinessNameLine2,SCHED-R-PART-03-COL-D,PC,text,
SR_03_RLTD_ORG_PTR_PREDMNTINCOME,SR_03_RLTD_ORG_PTR_PREDMNTINCOME,SR-P03-T01-ID-RLTD-ORGS-TAXABLE-PARTNERSHIP,Predominant income,Predominant income (related; investment; unrelated),SCHED-R-PART-03-COL-E,PC,text,
SR_03_RLTD_ORG_PTR_TOT_INCOME,SR_03_RLTD_ORG_PTR_TOT_INCOME,SR-P03-T01-ID-RLTD-ORGS-TAXABLE-PARTNERSHIP,Share of total income,Share of total income ($),SCHED-R-PART-03-COL-F,PC,numeric,
SR_03_RLTD_ORG_PTR_EOY_ASSETS,SR_03_RLTD_ORG_PTR_EOY_ASSETS,SR-P03-T01-ID-RLTD-ORGS-TAXABLE-PARTNERSHIP,Share of end-of-year assets,Share of end-of-year assets ($),SCHED-R-PART-03-COL-G,PC,numeric,
SR_03_RLTD_ORG_PTR_ALLOC_X,SR_03_RLTD_ORG_PTR_ALLOC_X,SR-P03-T01-ID-RLTD-ORGS-TAXABLE-PARTNERSHIP,Disproportionate allocations [x],Disproportionate allocations? (Y-N),SCHED-R-PART-03-COL-H,PC,checkbox,
SR_03_RLTD_ORG_PTR_CODE_V_AMT,SR_03_RLTD_ORG_PTR_CODE_V_AMT,SR-P03-T01-ID-RLTD-ORGS-TAXABLE-PARTNERSHIP,Code V-UBI amount in box 20 of Schedule K-1 (Form 1065),Code V-UBI amount on Box 20 of K-1 ($),SCHED-R-PART-03-COL-I,PC,numeric,
SR_03_RLTD_ORG_PTR_GENERAL_X,SR_03_RLTD_ORG_PTR_GENERAL_X,SR-P03-T01-ID-RLTD-ORGS-TAXABLE-PARTNERSHIP,General or managing partner [x],General or managing partner? (Y-N),SCHED-R-PART-03-COL-J,PC,checkbox,
SR_03_RLTD_ORG_PTR_PCT_OWN,SR_03_RLTD_ORG_PTR_PCT_OWN,SR-P03-T01-ID-RLTD-ORGS-TAXABLE-PARTNERSHIP,Percentage ownership,Percentage ownership,SCHED-R-PART-03-COL-K,PC,numeric,
SR_04_RLTD_ORG_CORP_ADDR_CITY,SR_04_RLTD_ORG_CORP_ADDR_CITY,SR-P04-T01-ID-RLTD-ORGS-TAXABLE-CORPORATION,Related organization city,Foreign Address - City,SCHED-R-PART-04-COL-A,PC,text,
SR_04_RLTD_ORG_CORP_ADDR_CNTR,SR_04_RLTD_ORG_CORP_ADDR_CNTR,SR-P04-T01-ID-RLTD-ORGS-TAXABLE-CORPORATION,Related organization country,Foreign Address - Country,SCHED-R-PART-04-COL-A,PC,text,
SR_04_RLTD_ORG_CORP_ADDR_L1,SR_04_RLTD_ORG_CORP_ADDR_L1,SR-P04-T01-ID-RLTD-ORGS-TAXABLE-CORPORATION,Related organization street address line 1,Address Foreign - AddressLine1,SCHED-R-PART-04-COL-A,PC,text,
SR_04_RLTD_ORG_CORP_ADDR_L2,SR_04_RLTD_ORG_CORP_ADDR_L2,SR-P04-T01-ID-RLTD-ORGS-TAXABLE-CORPORATION,Related organization street address line 2,Address Foreign - AddressLine2,SCHED-R-PART-04-COL-A,PC,text,
SR_04_RLTD_ORG_CORP_ADDR_STATE,SR_04_RLTD_ORG_CORP_ADDR_STATE,SR-P04-T01-ID-RLTD-ORGS-TAXABLE-CORPORATION,Related organization state,Province or state,SCHED-R-PART-04-COL-A,PC,text,
SR_04_RLTD_ORG_CORP_ADDR_ZIP,SR_04_RLTD_ORG_CORP_ADDR_ZIP,SR-P04-T01-ID-RLTD-ORGS-TAXABLE-CORPORATION,Related organization zip,Foreign Address - Postal code,SCHED-R-PART-04-COL-A,PC,text,
SR_04_RLTD_ORG_CORP_EIN,SR_04_RLTD_ORG_CORP_EIN,SR-P04-T01-ID-RLTD-ORGS-TAXABLE-CORPORATION,Related organization EIN,Form990 Schedule RPart IV - EIN,SCHED-R-PART-04-COL-A,PC,text,
SR_04_RLTD_ORG_CORP_NAME_L1,SR_04_RLTD_ORG_CORP_NAME_L1,SR-P04-T01-ID-RLTD-ORGS-TAXABLE-CORPORATION,Related organization name line 1,Name Of Related Org - BusinessNameLine1,SCHED-R-PART-04-COL-A,PC,text,
SR_04_RLTD_ORG_CORP_NAME_L2,SR_04_RLTD_ORG_CORP_NAME_L2,SR-P04-T01-ID-RLTD-ORGS-TAXABLE-CORPORATION,Related organization name line 2,Name Of Related Org - BusinessNameLine2,SCHED-R-PART-04-COL-A,PC,text,
SR_04_RLTD_ORG_CORP_PRIMARY_ACT,SR_04_RLTD_ORG_CORP_PRIMARY_ACT,SR-P04-T01-ID-RLTD-ORGS-TAXABLE-CORPORATION,Primary activity,Primary activity; product or service,SCHED-R-PART-04-COL-B,PC,text,
SR_04_RLTD_ORG_CORP_DMCL_CNTR,SR_04_RLTD_ORG_CORP_DMCL_CNTR,SR-P04-T01-ID-RLTD-ORGS-TAXABLE-CORPORATION,Legal domicile (foreign country),Legal domicile - Foreign Country,SCHED-R-PART-04-COL-C,PC,text,
SR_04_RLTD_ORG_CORP_DMCL_STATE,SR_04_RLTD_ORG_CORP_DMCL_STATE,SR-P04-T01-ID-RLTD-ORGS-TAXABLE-CORPORATION,Legal domicile (state),Legal domicile - State,SCHED-R-PART-04-COL-C,PC,text,
SR_04_RLTD_ORG_CORP_CTRL_NA,SR_04_RLTD_ORG_CORP_CTRL_NA,SR-P04-T01-ID-RLTD-ORGS-TAXABLE-CORPORATION,Direct controlling entity - not applicable,Direct controlling entity - Literal for not applicable,SCHED-R-PART-04-COL-D,PC,text,
SR_04_RLTD_ORG_CORP_CTRL_NAME_L1,SR_04_RLTD_ORG_CORP_CTRL_NAME_L1,SR-P04-T01-ID-RLTD-ORGS-TAXABLE-CORPORATION,Direct controlling entity name line 1,Direct Controlling Entity Name - BusinessNameLine1,SCHED-R-PART-04-COL-D,PC,text,
SR_04_RLTD_ORG_CORP_CTRL_NAME_L2,SR_04_RLTD_ORG_CORP_CTRL_NAME_L2,SR-P04-T01-ID-RLTD-ORGS-TAXABLE-CORPORATION,Direct controlling entity name line 2,Direct Controlling Entity Name - BusinessNameLine2,SCHED-R-PART-04-COL-D,PC,text,
SR_04_RLTD_ORG_CORP_TYPE,SR_04_RLTD_ORG_CORP_TYPE,SR-P04-T01-ID-RLTD-ORGS-TAXABLE-CORPORATION,"Type of entity (C corp, S corp, or trust)",Type of entity (C corp; S corp; or trust),SCHED-R-PART-04-COL-E,PC,text,
SR_04_RLTD_ORG_CORP_TOT_INCOME,SR_04_RLTD_ORG_CORP_TOT_INCOME,SR-P04-T01-ID-RLTD-ORGS-TAXABLE-CORPORATION,Share of total income,Share of total income ($),SCHED-R-PART-04-COL-F,PC,numeric,
SR_04_RLTD_ORG_CORP_EOY_ASSETS,SR_04_RLTD_ORG_CORP_EOY_ASSETS,SR-P04-T01-ID-RLTD-ORGS-TAXABLE-CORPORATION,Share of end-of-year assets,Share of end-of-year assets ($),SCHED-R-PART-04-COL-G,PC,numeric,
SR_04_RLTD_ORG_CORP_PCT_OWN,SR_04_RLTD_ORG_CORP_PCT_OWN,SR-P04-T01-ID-RLTD-ORGS-TAXABLE-CORPORATION,Percentage ownership,Percentage ownership,SCHED-R-PART-04-COL-H,PC,numeric,
SR_04_RLTD_ORG_CORP_CTRL_512_X,SR_04_RLTD_ORG_CORP_CTRL_512_X,SR-P04-T01-ID-RLTD-ORGS-TAXABLE-CORPORATION,Section 512(b)(13) controlled entity [x],Form990 Schedule RPart IV - ControlledOrg,SCHED-R-PART-04-COL-I,PC,checkbox,
SR_05_TRANSAC_RCPT_INT_X,SR_05_TRANSAC_RCPT_INT_X,SR-P05-T00-TRANSACTIONS-RLTD-ORGS,"Engaged in receipt of interest, annuities, royalties, or rent from a controlled entities [x]",Receipt of interest; annuities; rents; royalties?,SCHED-R-PART-05-LINE-01A,PC,checkbox,
SR_05_TRANSAC_GIFT_GRANT_TO_X,SR_05_TRANSAC_GIFT_GRANT_TO_X,SR-P05-T00-TRANSACTIONS-RLTD-ORGS,"Engaged in gift, grant, or capital contribution to related organization(s) [x]",Gift; grant; or capital contribution to other organization?,SCHED-R-PART-05-LINE-01B,PC,checkbox,
SR_05_TRANSAC_GIFT_GRANT_FROM_X,SR_05_TRANSAC_GIFT_GRANT_FROM_X,SR-P05-T00-TRANSACTIONS-RLTD-ORGS,"Engaged in gift, grant, or capital contribution from related organization(s) [x]",Gift; grant; or capital contribution from other organization?,SCHED-R-PART-05-LINE-01C,PC,checkbox,
SR_05_TRANSAC_LOAN_TO_X,SR_05_TRANSAC_LOAN_TO_X,SR-P05-T00-TRANSACTIONS-RLTD-ORGS,Engaged in loans or loan guarantees to or for related organization(s) [x],Loans or loan guarantees to or for other organization?,SCHED-R-PART-05-LINE-01D,PC,checkbox,
SR_05_TRANSAC_LOAN_BY_X,SR_05_TRANSAC_LOAN_BY_X,SR-P05-T00-TRANSACTIONS-RLTD-ORGS,Engaged in loans or loan guarantees by related organization(s) [x],Loans or loan guarantees by other organization?,SCHED-R-PART-05-LINE-01E,PC,checkbox,
SR_05_TRANSAC_DIVIDEND_X,SR_05_TRANSAC_DIVIDEND_X,SR-P05-T00-TRANSACTIONS-RLTD-ORGS,Engaged in dividends from related organization(s) [x],IRS990 Schedule R - DividendsRelatedOrganization,SCHED-R-PART-05-LINE-01F,PC,checkbox,
SR_05_TRANSAC_SALE_ASSET_X,SR_05_TRANSAC_SALE_ASSET_X,SR-P05-T00-TRANSACTIONS-RLTD-ORGS,Engaged in sale f assets to related organization(s) [x],Sale of assets to other organization?,SCHED-R-PART-05-LINE-01G,PC,checkbox,
SR_05_TRANSAC_PURCHASE_ASSET_X,SR_05_TRANSAC_PURCHASE_ASSET_X,SR-P05-T00-TRANSACTIONS-RLTD-ORGS,Engaged in purchase of assets from related organization(s) [x],Purchase of assets from other organization?,SCHED-R-PART-05-LINE-01H,PC,checkbox,
SR_05_TRANSAC_EXCHANGE_ASSET_X,SR_05_TRANSAC_EXCHANGE_ASSET_X,SR-P05-T00-TRANSACTIONS-RLTD-ORGS,Engaged in exchange of assets with related organization(s) [x],Exchange of assets?,SCHED-R-PART-05-LINE-01I,PC,checkbox,
SR_05_TRANSAC_LEASE_TO_X,SR_05_TRANSAC_LEASE_TO_X,SR-P05-T00-TRANSACTIONS-RLTD-ORGS,"Engaged in lease of facilities, equipment, or other assets to related organization(s) [x]",Lease of facilities; equipment; or other assets to other organizations?,SCHED-R-PART-05-LINE-01J,PC,checkbox,
SR_05_TRANSAC_LEASE_FROM_X,SR_05_TRANSAC_LEASE_FROM_X,SR-P05-T00-TRANSACTIONS-RLTD-ORGS,"Engaged in lease of facilities, equipment, or other assets from related organization(s) [x]",Lease of facilities; equipment; or other assets from other organizations?,SCHED-R-PART-05-LINE-01K,PC,checkbox,
SR_05_TRANSAC_PERFORM_SVC_FOR_X,SR_05_TRANSAC_PERFORM_SVC_FOR_X,SR-P05-T00-TRANSACTIONS-RLTD-ORGS,Engaged in performance of services or membership or fundraising solicitations for related organization(s) [x],Performance of services or membership or fundraising solicitations for other organizations?,SCHED-R-PART-05-LINE-01L,PC,checkbox,
SR_05_TRANSAC_PERFORM_SVC_BY_X,SR_05_TRANSAC_PERFORM_SVC_BY_X,SR-P05-T00-TRANSACTIONS-RLTD-ORGS,Engaged in performance of services or membership or fundraising solicitations by related organization(s) [x],Performance of services or membership or fundraising solicitations by other organizations?,SCHED-R-PART-05-LINE-01M,PC,checkbox,
SR_05_TRANSAC_SHARE_FACILITIES_X,SR_05_TRANSAC_SHARE_FACILITIES_X,SR-P05-T00-TRANSACTIONS-RLTD-ORGS,"Engaged in sharing of facilities, equipment, mailing lists, or other assets with related organization(s) [x]",Sharing of facilities; equipment; mailing lists; other assets; or employees?,SCHED-R-PART-05-LINE-01N,PC,checkbox,
SR_05_TRANSAC_SHARE_PAID_EMPL_X,SR_05_TRANSAC_SHARE_PAID_EMPL_X,SR-P05-T00-TRANSACTIONS-RLTD-ORGS,Engaged in sharing of paid employees with related organization(s) [x],Sharing of paid employees?,SCHED-R-PART-05-LINE-01O,PC,checkbox,
SR_05_TRANSAC_REIMBURSEMENT_TO_X,SR_05_TRANSAC_REIMBURSEMENT_TO_X,SR-P05-T00-TRANSACTIONS-RLTD-ORGS,Engaged in reimbursement paid to related organization(s) for expenses [x],Reimbursement paid to other organization for expenses?,SCHED-R-PART-05-LINE-01P,PC,checkbox,
SR_05_TRANSAC_REIMBURSEMENT_BY_X,SR_05_TRANSAC_REIMBURSEMENT_BY_X,SR-P05-T00-TRANSACTIONS-RLTD-ORGS,Engaged in reimbursement paid by related organization(s) for expenses [x],Reimbursement paid by other organization for expenses?,SCHED-R-PART-05-LINE-01Q,PC,checkbox,
SR_05_TRANSAC_OTH_CASH_TO_X,SR_05_TRANSAC_OTH_CASH_TO_X,SR-P05-T00-TRANSACTIONS-RLTD-ORGS,Engaged in other transfer of cash or property to related organization(s) [x],Other transfer of cash or property to other organization?,SCHED-R-PART-05-LINE-01R,PC,checkbox,
SR_05_TRANSAC_OTH_CASH_FROM_X,SR_05_TRANSAC_OTH_CASH_FROM_X,SR-P05-T00-TRANSACTIONS-RLTD-ORGS,Engaged in other transfer of cash or property from related organization(s) [x],Other transfer of cash or property from other organization?,SCHED-R-PART-05-LINE-01S,PC,checkbox,
SR_05_TRANSAC_NAME_L1,SR_05_TRANSAC_NAME_L1,SR-P05-T01-TRANSACTIONS-RLTD-ORGS,Related organization name line 1,Name Of Other Organization - BusinessNameLine1,SCHED-R-PART-05-LINE-02-COL-A,PC,text,
SR_05_TRANSAC_NAME_L2,SR_05_TRANSAC_NAME_L2,SR-P05-T01-TRANSACTIONS-RLTD-ORGS,Related organization name line 2,Name Of Other Organization - BusinessNameLine2,SCHED-R-PART-05-LINE-02-COL-A,PC,text,
SR_05_TRANSAC_TYPE,SR_05_TRANSAC_TYPE,SR-P05-T01-TRANSACTIONS-RLTD-ORGS,Transaction type,Transaction type; enter up to five characters,SCHED-R-PART-05-LINE-02-COL-B,PC,text,
SR_05_TRANSAC_AMT_INVOLVED,SR_05_TRANSAC_AMT_INVOLVED,SR-P05-T01-TRANSACTIONS-RLTD-ORGS,Amount involved,Amount involved ($),SCHED-R-PART-05-LINE-02-COL-C,PC,numeric,
SR_05_TRANSAC_METHOD_DETERMIN,SR_05_TRANSAC_METHOD_DETERMIN,SR-P05-T01-TRANSACTIONS-RLTD-ORGS,Method of determining amount involved,Method of determining amount involved,SCHED-R-PART-05-LINE-02-COL-D,PC,text,
SR_06_UNRLTD_ORG_PTR_ADDR_CITY,SR_06_UNRLTD_ORG_PTR_ADDR_CITY,SR-P06-T01-UNRLTD-ORGS-TAXABLE-PARTNERSHIP,Unrelated organization city,Foreign Address - City,SCHED-R-PART-06-COL-A,PC,text,
SR_06_UNRLTD_ORG_PTR_ADDR_CNTR,SR_06_UNRLTD_ORG_PTR_ADDR_CNTR,SR-P06-T01-UNRLTD-ORGS-TAXABLE-PARTNERSHIP,Unrelated organization country,Foreign Address - Country,SCHED-R-PART-06-COL-A,PC,text,
SR_06_UNRLTD_ORG_PTR_ADDR_L1,SR_06_UNRLTD_ORG_PTR_ADDR_L1,SR-P06-T01-UNRLTD-ORGS-TAXABLE-PARTNERSHIP,Unrelated organization street address line 1,Address Foreign - AddressLine1,SCHED-R-PART-06-COL-A,PC,text,
SR_06_UNRLTD_ORG_PTR_ADDR_L2,SR_06_UNRLTD_ORG_PTR_ADDR_L2,SR-P06-T01-UNRLTD-ORGS-TAXABLE-PARTNERSHIP,Unrelated organization street address line 2,Address Foreign - AddressLine2,SCHED-R-PART-06-COL-A,PC,text,
SR_06_UNRLTD_ORG_PTR_ADDR_STATE,SR_06_UNRLTD_ORG_PTR_ADDR_STATE,SR-P06-T01-UNRLTD-ORGS-TAXABLE-PARTNERSHIP,Unrelated organization state,Province or state,SCHED-R-PART-06-COL-A,PC,text,
SR_06_UNRLTD_ORG_PTR_ADDR_ZIP,SR_06_UNRLTD_ORG_PTR_ADDR_ZIP,SR-P06-T01-UNRLTD-ORGS-TAXABLE-PARTNERSHIP,Unrelated organization zip,Foreign Address - Postal code,SCHED-R-PART-06-COL-A,PC,text,
SR_06_UNRLTD_ORG_PTR_EIN,SR_06_UNRLTD_ORG_PTR_EIN,SR-P06-T01-UNRLTD-ORGS-TAXABLE-PARTNERSHIP,Unrelated organization EIN,Form990 Schedule RPart VI - EIN,SCHED-R-PART-06-COL-A,PC,text,
SR_06_UNRLTD_ORG_PTR_NAME_L1,SR_06_UNRLTD_ORG_PTR_NAME_L1,SR-P06-T01-UNRLTD-ORGS-TAXABLE-PARTNERSHIP,Unrelated organization name line 1,Name Of Business - BusinessNameLine1,SCHED-R-PART-06-COL-A,PC,text,
SR_06_UNRLTD_ORG_PTR_NAME_L2,SR_06_UNRLTD_ORG_PTR_NAME_L2,SR-P06-T01-UNRLTD-ORGS-TAXABLE-PARTNERSHIP,Unrelated organization name line 2,Name Of Business - BusinessNameLine2,SCHED-R-PART-06-COL-A,PC,text,
SR_06_UNRLTD_ORG_PTR_PRIMARY_ACT,SR_06_UNRLTD_ORG_PTR_PRIMARY_ACT,SR-P06-T01-UNRLTD-ORGS-TAXABLE-PARTNERSHIP,Primary activity,Primary activity,SCHED-R-PART-06-COL-B,PC,text,
SR_06_UNRLTD_ORG_PTR_DMCL_CNTR,SR_06_UNRLTD_ORG_PTR_DMCL_CNTR,SR-P06-T01-UNRLTD-ORGS-TAXABLE-PARTNERSHIP,Legal domicile (foreign country),Legal domicile - Foreign Country,SCHED-R-PART-06-COL-C,PC,text,
SR_06_UNRLTD_ORG_PTR_DMCL_STATE,SR_06_UNRLTD_ORG_PTR_DMCL_STATE,SR-P06-T01-UNRLTD-ORGS-TAXABLE-PARTNERSHIP,Legal domicile (state),Legal domicile - State,SCHED-R-PART-06-COL-C,PC,text,
SR_06_UNRLTD_ORG_PTR_PREDMNT,SR_06_UNRLTD_ORG_PTR_PREDMNT,SR-P06-T01-UNRLTD-ORGS-TAXABLE-PARTNERSHIP,Predominant income,Form990 Schedule RPart VI - PredominateIncomeDesc,SCHED-R-PART-06-COL-D,PC,text,
SR_06_UNRLTD_ORG_PTR_501C3_X,SR_06_UNRLTD_ORG_PTR_501C3_X,SR-P06-T01-UNRLTD-ORGS-TAXABLE-PARTNERSHIP,All partners are section 501(c)(3) organizations [x],All partners c3s?,SCHED-R-PART-06-COL-E,PC,checkbox,
SR_06_UNRLTD_ORG_PTR_TOT_INCOME,SR_06_UNRLTD_ORG_PTR_TOT_INCOME,SR-P06-T01-UNRLTD-ORGS-TAXABLE-PARTNERSHIP,Share of total income,Form990 Schedule RPart VI - ShareOfTotalIncome,SCHED-R-PART-06-COL-F,PC,numeric,
SR_06_UNRLTD_ORG_PTR_EOY_ASSETS,SR_06_UNRLTD_ORG_PTR_EOY_ASSETS,SR-P06-T01-UNRLTD-ORGS-TAXABLE-PARTNERSHIP,Share of end-of-year assets,Share of end-of-year assets ($),SCHED-R-PART-06-COL-G,PC,numeric,
SR_06_UNRLTD_ORG_PTR_ALLOC_X,SR_06_UNRLTD_ORG_PTR_ALLOC_X,SR-P06-T01-UNRLTD-ORGS-TAXABLE-PARTNERSHIP,Disproportionate allocations [x],Disproportionate allocations?,SCHED-R-PART-06-COL-H,PC,checkbox,
SR_06_UNRLTD_ORG_PTR_CODE_V_AMT,SR_06_UNRLTD_ORG_PTR_CODE_V_AMT,SR-P06-T01-UNRLTD-ORGS-TAXABLE-PARTNERSHIP,Code V-UBI amount in box 20 of Schedule K-1 (Form 1065),Form990 Schedule RPart VI - Code V amount,SCHED-R-PART-06-COL-I,PC,numeric,
SR_06_UNRLTD_ORG_PTR_GENERAL_X,SR_06_UNRLTD_ORG_PTR_GENERAL_X,SR-P06-T01-UNRLTD-ORGS-TAXABLE-PARTNERSHIP,General or managing partner [x],General or managing partner?,SCHED-R-PART-06-COL-J,PC,checkbox,
SR_06_UNRLTD_ORG_PTR_PCT_OWN,SR_06_UNRLTD_ORG_PTR_PCT_OWN,SR-P06-T01-UNRLTD-ORGS-TAXABLE-PARTNERSHIP,Percentage ownership,Form990 Schedule RPart VI - PercentageOwnership,SCHED-R-PART-06-COL-K,PC,numeric,
SR_07_EXPLANATION_TEXT,SR_07_EXPLANATION_TEXT,SR-P07-T99-SUPPLEMENTAL-INFO,Additional explanations,Form990 Schedule RPart VII - Explanation,SCHED-R-PART-07,PC,text,
SR_07_FORM_LINE_REFERENCE,SR_07_FORM_LINE_REFERENCE,SR-P07-T99-SUPPLEMENTAL-INFO,"Form, part, and line number reference",Form; part and line number reference,SCHED-R-PART-07,PC,text,
SR_07_IDENTIFIER,SR_07_IDENTIFIER,SR-P07-T99-SUPPLEMENTAL-INFO,Identifier,Form990 Schedule RPart VII - Identifier,SCHED-R-PART-07,PC,text,
SR_07_RETURN_REFERENCE,SR_07_RETURN_REFERENCE,SR-P07-T99-SUPPLEMENTAL-INFO,Return reference,Return reference,SCHED-R-PART-07,PC,text,
F9_04_SCHED_B_NOT_REQ_X,F9_04_SCHED_B_REQ_X,F9-P04-T00-REQUIRED-SCHEDULES,Schedule B not required [x],Indicates Schedule B is not required (990-EZ checkbox; the opposite of F9_04_SCHED_B_REQ_X),F990-PC-PART-04-LINE-02,PZ,checkbox,
F9_05_170C_PREMIUM_DECL_TEXT,F9_05_170C_FUNDS_FOR_PREMIUM_X,F9-P05-T00-OTHER-IRS-FILING,Declaration on funds to pay premiums on personal benefit contracts,"Text of the statement on funds received to pay premiums on a personal benefit contract (TransferPrsnlBnftContractsDecl, filed with the 990-EZ)",F990-PC-PART-05-LINE-07E,PZ,text,
F9_00_IRS_SEC_FILING_DEVICE_ID,F9_00_IRS_SEC_FILING_DEVICE_ID,F9-P00-T00-HEADER,Device id at submission filing,Verification: device id when the submission was filed,F990-PC-PART-00-X,HD,text,
F9_00_IRS_SEC_SUBMISSION_DATE,F9_00_IRS_SEC_SUBMISSION_DATE,F9-P00-T00-HEADER,Federal original submission date,Verification: date of the federal original submission,F990-PC-PART-00-X,HD,date,
SA_05_ASSET_MINIM_INDEPTED_PY,SA_05_ASSET_MINIM_INDEPTED_PY,SA-P05-T00-SUPPORT-ORGS,Acquisition indebtedness applicable to non-exempt-use assets - prior year,Prior year amount,SCHED-A-PART-05-SECTION-B-LINE-02-COL-A,PZ,numeric,
SH_05_HOSPITAL_FACILITY_NUM,SH_05_HOSPITAL_FACILITY_NUM,SH-P05-T01-HOSPITAL-FACILITY,Hospital facility line number,"Line number of the hospital facility in Part V, Section A",SCHED-H-PART-05-SECTION-A-LINE-00,PC,numeric,
SH_05_NON_HOSPITAL_FACILITY_NUM,SH_05_NON_HOSPITAL_FACILITY_NUM,SH-P05-T02-NON-HOSPITAL-FACILITY,Non-hospital facility line number,"Line number of the non-hospital health care facility in Part V, Section D",SCHED-H-PART-05-SECTION-D-LINE-00,PC,numeric,
F9_08_REV_OTH_EVNT_GRO,F9_08_REV_OTH_EVNT_GRO,F9-P08-T00-REVENUE,Gross revenue from fundraising events and gaming activities,Special events and activities: gross revenue (fundraising events and gaming combined),F990-PC-PART-08-LINE-08A-09A,PZ,numeric,
F9_00_AFFIL_ADDR_L1,F9_00_AFFIL_ADDR_L1,F9-P00-T01-AFFILIATE-LISTING,Group return - subordinate street address line 1,Group return - subordinate street address line 1,F990-PC-PART-00,HD,text,
F9_00_AFFIL_ADDR_L2,F9_00_AFFIL_ADDR_L2,F9-P00-T01-AFFILIATE-LISTING,Group return - subordinate street address line 2,Group return - subordinate street address line 2,F990-PC-PART-00,HD,text,
F9_00_AFFIL_ADDR_CITY,F9_00_AFFIL_ADDR_CITY,F9-P00-T01-AFFILIATE-LISTING,Group return - subordinate city,Group return - subordinate city,F990-PC-PART-00,HD,text,
F9_00_AFFIL_ADDR_STATE,F9_00_AFFIL_ADDR_STATE,F9-P00-T01-AFFILIATE-LISTING,Group return - subordinate state,Group return - subordinate state,F990-PC-PART-00,HD,text,
F9_00_AFFIL_ADDR_ZIP,F9_00_AFFIL_ADDR_ZIP,F9-P00-T01-AFFILIATE-LISTING,Group return - subordinate ZIP code,Group return - subordinate ZIP code,F990-PC-PART-00,HD,text,
F9_00_AFFIL_EIN,F9_00_AFFIL_EIN,F9-P00-T01-AFFILIATE-LISTING,Group return - subordinate (affiliate) EIN,Group return - subordinate (affiliate) EIN,F990-PC-PART-00,HD,text,
F9_00_AFFIL_NAME_L1,F9_00_AFFIL_NAME_L1,F9-P00-T01-AFFILIATE-LISTING,Group return - subordinate name line 1,Group return - subordinate name line 1,F990-PC-PART-00,HD,text,
F9_00_AFFIL_NAME_L2,F9_00_AFFIL_NAME_L2,F9-P00-T01-AFFILIATE-LISTING,Group return - subordinate name line 2,Group return - subordinate name line 2,F990-PC-PART-00,HD,text,
F9_00_AFFIL_NAME_CTRL,F9_00_AFFIL_NAME_CTRL,F9-P00-T01-AFFILIATE-LISTING,Group return - subordinate name control,Group return - subordinate name control,F990-PC-PART-00,HD,text,
SC_02_AFFIL_GROUP_EXPL,SC_02_AFFIL_GROUP_EXPL,SC-P02-T00-LOBBY,"Explanation attached for the affiliated group (Schedule C Part II-A, line A/B)","Explanation attached for the affiliated group (Schedule C Part II-A, line A/B)",SCHED-C-PART-02-A,PZ,text,
SC_02_AFFIL_ADDR_L1,SC_02_AFFIL_ADDR_L1,SC-P02-T01-AFFILIATED-GROUP,Affiliated group member street address line 1,Affiliated group member street address line 1,SCHED-C-PART-02-A,PZ,text,
SC_02_AFFIL_ADDR_L2,SC_02_AFFIL_ADDR_L2,SC-P02-T01-AFFILIATED-GROUP,Affiliated group member street address line 2,Affiliated group member street address line 2,SCHED-C-PART-02-A,PZ,text,
SC_02_AFFIL_ADDR_CITY,SC_02_AFFIL_ADDR_CITY,SC-P02-T01-AFFILIATED-GROUP,Affiliated group member city,Affiliated group member city,SCHED-C-PART-02-A,PZ,text,
SC_02_AFFIL_ADDR_STATE,SC_02_AFFIL_ADDR_STATE,SC-P02-T01-AFFILIATED-GROUP,Affiliated group member state,Affiliated group member state,SCHED-C-PART-02-A,PZ,text,
SC_02_AFFIL_ADDR_ZIP,SC_02_AFFIL_ADDR_ZIP,SC-P02-T01-AFFILIATED-GROUP,Affiliated group member ZIP code,Affiliated group member ZIP code,SCHED-C-PART-02-A,PZ,text,
SC_02_AFFIL_NAME_L1,SC_02_AFFIL_NAME_L1,SC-P02-T01-AFFILIATED-GROUP,Affiliated group member name line 1,Affiliated group member name line 1,SCHED-C-PART-02-A,PZ,text,
SC_02_AFFIL_EIN,SC_02_AFFIL_EIN,SC-P02-T01-AFFILIATED-GROUP,Affiliated group member EIN (Schedule C Part II-A affiliated group schedule),Affiliated group member EIN (Schedule C Part II-A affiliated group schedule),SCHED-C-PART-02-A,PZ,text,
SC_02_AFFIL_ELECTING_X,SC_02_AFFIL_ELECTING_X,SC-P02-T01-AFFILIATED-GROUP,Affiliated group member is an electing (501(h)) organization,Affiliated group member is an electing (501(h)) organization,SCHED-C-PART-02-A,PZ,checkbox,
SC_02_AFFIL_EXP_GRASS_NONTAX,SC_02_AFFIL_EXP_GRASS_NONTAX,SC-P02-T01-AFFILIATED-GROUP,Affiliated member - grassroots nontaxable amount (line 1g),Affiliated member - grassroots nontaxable amount (line 1g),SCHED-C-PART-02-A,PZ,numeric,
SC_02_AFFIL_EXP_LOB_NONTAX,SC_02_AFFIL_EXP_LOB_NONTAX,SC-P02-T01-AFFILIATED-GROUP,Affiliated member - lobbying nontaxable amount (line 1f),Affiliated member - lobbying nontaxable amount (line 1f),SCHED-C-PART-02-A,PZ,numeric,
SC_02_AFFIL_EXP_OTH_EXEMPT,SC_02_AFFIL_EXP_OTH_EXEMPT,SC-P02-T01-AFFILIATED-GROUP,Affiliated member - other exempt purpose expenditures (line 1d),Affiliated member - other exempt purpose expenditures (line 1d),SCHED-C-PART-02-A,PZ,numeric,
SC_02_AFFIL_EXP_SHARE_EXCESS,SC_02_AFFIL_EXP_SHARE_EXCESS,SC-P02-T01-AFFILIATED-GROUP,Affiliated member - share of excess lobbying expenditures,Affiliated member - share of excess lobbying expenditures,SCHED-C-PART-02-A,PZ,numeric,
SC_02_AFFIL_EXP_LOB_M_NONTAX,SC_02_AFFIL_EXP_LOB_M_NONTAX,SC-P02-T01-AFFILIATED-GROUP,Affiliated member - total lobbying expenditures minus lobbying nontaxable amount (line 1i),Affiliated member - total lobbying expenditures minus lobbying nontaxable amount (line 1i),SCHED-C-PART-02-A,PZ,numeric,
SC_02_AFFIL_EXP_GRASS_M_NONTAX,SC_02_AFFIL_EXP_GRASS_M_NONTAX,SC-P02-T01-AFFILIATED-GROUP,Affiliated member - grassroots lobbying minus grassroots nontaxable amount (line 1h),Affiliated member - grassroots lobbying minus grassroots nontaxable amount (line 1h),SCHED-C-PART-02-A,PZ,numeric,
SC_02_AFFIL_EXP_DIRECT_LOB,SC_02_AFFIL_EXP_DIRECT_LOB,SC-P02-T01-AFFILIATED-GROUP,Affiliated member - total direct lobbying expenditures (line 1b),Affiliated member - total direct lobbying expenditures (line 1b),SCHED-C-PART-02-A,PZ,numeric,
SC_02_AFFIL_EXP_TOT_EXEMPT,SC_02_AFFIL_EXP_TOT_EXEMPT,SC-P02-T01-AFFILIATED-GROUP,Affiliated member - total exempt purpose expenditures (line 1e),Affiliated member - total exempt purpose expenditures (line 1e),SCHED-C-PART-02-A,PZ,numeric,
SC_02_AFFIL_EXP_GRASS_LOB,SC_02_AFFIL_EXP_GRASS_LOB,SC-P02-T01-AFFILIATED-GROUP,Affiliated member - total grassroots lobbying expenditures (line 1a),Affiliated member - total grassroots lobbying expenditures (line 1a),SCHED-C-PART-02-A,PZ,numeric,
SC_02_AFFIL_EXP_TOT_LOB,SC_02_AFFIL_EXP_TOT_LOB,SC-P02-T01-AFFILIATED-GROUP,Affiliated member - total lobbying expenditures (line 1c),Affiliated member - total lobbying expenditures (line 1c),SCHED-C-PART-02-A,PZ,numeric,
SC_02_AFFIL_NAME_L2,SC_02_AFFIL_NAME_L2,SC-P02-T01-AFFILIATED-GROUP,Affiliated group member name line 2,Affiliated group member name line 2,SCHED-C-PART-02-A,PZ,text,
SC_02_LOB_AVERAGING_EXPL,SC_02_LOB_AVERAGING_EXPL,SC-P02-T00-LOBBY,Explanation attached to the Schedule C Part II-A 4-year lobbying averaging period (lines 2a-2f),Explanation attached to the Schedule C Part II-A 4-year lobbying averaging period (lines 2a-2f),SCHED-C-PART-02-A,PZ,text,
SA_01_PCSTAT_AGRI_UNIV_CITY,SA_01_PCSTAT_AGRI_UNIV_CITY,SA-P01-T03-AGRI-RESEARCH-UNIV,Agricultural research org - college/university city (Part I line 9),Agricultural research org - college/university city (Part I line 9),SCHED-A-PART-01,PZ,text,
SA_01_PCSTAT_AGRI_UNIV_NAME_L1,SA_01_PCSTAT_AGRI_UNIV_NAME_L1,SA-P01-T03-AGRI-RESEARCH-UNIV,Agricultural research org - college/university name line 1 (Part I line 9),Agricultural research org - college/university name line 1 (Part I line 9),SCHED-A-PART-01,PZ,text,
SA_01_PCSTAT_AGRI_UNIV_NAME_L2,SA_01_PCSTAT_AGRI_UNIV_NAME_L2,SA-P01-T03-AGRI-RESEARCH-UNIV,Agricultural research org - college/university name line 2 (Part I line 9),Agricultural research org - college/university name line 2 (Part I line 9),SCHED-A-PART-01,PZ,text,
SA_01_PCSTAT_AGRI_UNIV_CNTR,SA_01_PCSTAT_AGRI_UNIV_CNTR,SA-P01-T03-AGRI-RESEARCH-UNIV,Agricultural research org - college/university country (Part I line 9),Agricultural research org - college/university country (Part I line 9),SCHED-A-PART-01,PZ,text,
SA_01_PCSTAT_AGRI_UNIV_STATE,SA_01_PCSTAT_AGRI_UNIV_STATE,SA-P01-T03-AGRI-RESEARCH-UNIV,Agricultural research org - college/university state (Part I line 9),Agricultural research org - college/university state (Part I line 9),SCHED-A-PART-01,PZ,text,
SA_01_PCSTAT_AGRI_RSRCH_X,SA_01_PCSTAT_AGRI_RSRCH_X,SA-P01-T00-PUBLIC-CHARITY-STATUS,"Agricultural research organization operated with a land-grant or other college (Part I line 9, 2016+)","Agricultural research organization operated with a land-grant or other college (Part I line 9, 2016+)",SCHED-A-PART-01,PZ,checkbox,
SA_05_DIST_ALLOC_CYOV_NOT_APPLY,SA_05_DIST_ALLOC_CYOV_NOT_APPLY,SA-P05-T00-SUPPORT-ORGS,Carryover of excess distributions from prior years not applied (Section E line 3i),Carryover of excess distributions from prior years not applied (Section E line 3i),SCHED-A-PART-05,PZ,numeric,
SA_02_PCT_10_FACTS_CIRC_EXPL,SA_02_PCT_10_FACTS_CIRC_EXPL,SA-P02-T00-SUPPORT_SCHEDULE_170,"Explanation of how the organization meets the 10% facts-and-circumstances test (Part II line 10, reported in Part VI)","Explanation of how the organization meets the 10% facts-and-circumstances test (Part II line 10, reported in Part VI)",SCHED-A-PART-02,PZ,text,
SH_05_BILL_3RD_PARTY_DEFER_X,SH_05_BILL_3RD_PARTY_DEFER_X,SH-P05-T03-FACILITY-POLICIES-PRACTICES,"Facility or third party deferred/denied care or required payment due to nonpayment of a previous bill (Section B line 19c, 2016+)","Facility or third party deferred/denied care or required payment due to nonpayment of a previous bill (Section B line 19c, 2016+)",SCHED-H-PART-05,PC,checkbox,
SH_05_FAP_AVBL_TRANSLATED_X,SH_05_FAP_AVBL_TRANSLATED_X,SH-P05-T03-FACILITY-POLICIES-PRACTICES,"FAP, application and plain-language summary translated into primary languages of LEP populations (Section B line 16i, 2016+)","FAP, application and plain-language summary translated into primary languages of LEP populations (Section B line 16i, 2016+)",SCHED-H-PART-05,PC,checkbox,
SH_05_CHARGE_LOOKBACK_MCD_X,SH_05_CHARGE_LOOKBACK_MCD_X,SH-P05-T03-FACILITY-POLICIES-PRACTICES,"AGB determined by look-back method based on Medicaid alone or with Medicare/private insurers (Section B line 22c, 2016+)","AGB determined by look-back method based on Medicaid alone or with Medicare/private insurers (Section B line 22c, 2016+)",SCHED-H-PART-05,PC,checkbox,
SH_05_CHARGE_LOOKBACK_MCR_X,SH_05_CHARGE_LOOKBACK_MCR_X,SH-P05-T03-FACILITY-POLICIES-PRACTICES,"AGB determined by look-back method based on Medicare fee-for-service claims (Section B line 22a, 2016+)","AGB determined by look-back method based on Medicare fee-for-service claims (Section B line 22a, 2016+)",SCHED-H-PART-05,PC,checkbox,
SH_05_CHARGE_LOOKBACK_MCR_PRIV_X,SH_05_CHARGE_LOOKBACK_MCR_PRIV_X,SH-P05-T03-FACILITY-POLICIES-PRACTICES,"AGB determined by look-back method based on Medicare FFS and all private insurers (Section B line 22b, 2016+)","AGB determined by look-back method based on Medicare FFS and all private insurers (Section B line 22b, 2016+)",SCHED-H-PART-05,PC,checkbox,
SH_05_BILL_MADE_ORAL_NOTICE_X,SH_05_BILL_MADE_ORAL_NOTICE_X,SH-P05-T03-FACILITY-POLICIES-PRACTICES,"Made a reasonable effort to orally notify individuals about the FAP before initiating ECAs (Section B line 20b, 2016+)","Made a reasonable effort to orally notify individuals about the FAP before initiating ECAs (Section B line 20b, 2016+)",SCHED-H-PART-05,PC,checkbox,
SH_05_BILL_MADE_PRESUMPT_ELIG_X,SH_05_BILL_MADE_PRESUMPT_ELIG_X,SH-P05-T03-FACILITY-POLICIES-PRACTICES,"Made presumptive eligibility determinations before initiating ECAs (Section B line 20d, 2016+)","Made presumptive eligibility determinations before initiating ECAs (Section B line 20d, 2016+)",SCHED-H-PART-05,PC,checkbox,
SH_05_FAP_AVBL_NOTIFY_COPY_X,SH_05_FAP_AVBL_NOTIFY_COPY_X,SH-P05-T03-FACILITY-POLICIES-PRACTICES,"Notified individuals of the FAP by offering a paper copy of the plain-language summary, by bill notice or conspicuous display (Section B line 16g, 2016+)","Notified individuals of the FAP by offering a paper copy of the plain-language summary, by bill notice or conspicuous display (Section B line 16g, 2016+)",SCHED-H-PART-05,PC,checkbox,
SH_05_BILL_PERMIT_DEFER_CARE_X,SH_05_BILL_PERMIT_DEFER_CARE_X,SH-P05-T03-FACILITY-POLICIES-PRACTICES,"FAP permits deferring/denying care or requiring payment due to nonpayment of a previous bill (Section B line 18c, 2016+)","FAP permits deferring/denying care or requiring payment due to nonpayment of a previous bill (Section B line 18c, 2016+)",SCHED-H-PART-05,PC,checkbox,
SH_05_CHNA_DESC_PRIOR_IMPACT_X,SH_05_CHNA_DESC_PRIOR_IMPACT_X,SH-P05-T03-FACILITY-POLICIES-PRACTICES,"CHNA report describes the impact of actions taken to address needs identified in prior CHNA(s) (Section B line 3j, 2016+)","CHNA report describes the impact of actions taken to address needs identified in prior CHNA(s) (Section B line 3j, 2016+)",SCHED-H-PART-05,PC,checkbox,
SH_05_BILL_MADE_PROCESS_APP_X,SH_05_BILL_MADE_PROCESS_APP_X,SH-P05-T03-FACILITY-POLICIES-PRACTICES,"Processed incomplete and complete FAP applications before initiating ECAs (Section B line 20c, 2016+)","Processed incomplete and complete FAP applications before initiating ECAs (Section B line 20c, 2016+)",SCHED-H-PART-05,PC,checkbox,
SH_05_CHARGE_PROSPECTIVE_X,SH_05_CHARGE_PROSPECTIVE_X,SH-P05-T03-FACILITY-POLICIES-PRACTICES,"AGB determined by prospective Medicare or Medicaid method (Section B line 22d, 2016+)","AGB determined by prospective Medicare or Medicaid method (Section B line 22d, 2016+)",SCHED-H-PART-05,PC,checkbox,
F9_00_EXEMPT_STAT_501C_TYPE,F9_00_EXEMPT_STAT_501C_TYPE,F9-P00-T00-HEADER,501(c) subsection of the organization,"Subsection number of a 501(c) organization (e.g. 3, 4, 6), from the attribute of the 501(c) checkbox",F990-PC-PART-00-SECTION-I,HD,text,
PF_00_PF_STAT_TERMIN_507B1A_X,PF_00_PF_STAT_TERMIN_507B1A_X,PF-P00-T00-HEADER,Indicates private foundation status terminated under section 507(b)(1)(A),Indicates private foundation status terminated under section 507(b)(1)(A),F990-PC-PART-00-LINE-00,HD,checkbox,
PF_00_FORM_ADDR_CHANGE_X,PF_00_FORM_ADDR_CHANGE_X,PF-P00-T00-HEADER,Indicates this return has an address change,Indicates this return has an address change,F990-PC-PART-00-LINE-00,HD,checkbox,
PF_00_FORM_AMENDED_RETURN_X,PF_00_FORM_AMENDED_RETURN_X,PF-P00-T00-HEADER,Amended return,Amended return,F990-PC-PART-00-LINE-00,HD,checkbox,
PF_00_FORM_FINAL_RETURN_X,PF_00_FORM_FINAL_RETURN_X,PF-P00-T00-HEADER,Final return,IRS990 PF - Final return,F990-PC-PART-00-LINE-00,HD,checkbox,
PF_00_FORM_INITIAL_RETURN_PC_X,PF_00_FORM_INITIAL_RETURN_PC_X,PF-P00-T00-HEADER,Indicates this is an initial return of a former public charity,Indicates this is an initial return of a former public charity,F990-PC-PART-00-LINE-00,HD,checkbox,
PF_00_FORM_INITIAL_RETURN_X,PF_00_FORM_INITIAL_RETURN_X,PF-P00-T00-HEADER,Indicates this is an initial return,Indicates this is an initial return,F990-PC-PART-00-LINE-00,HD,checkbox,
PF_00_ORG_TYPE_4947A1_NOEXEMPT_X,PF_00_ORG_TYPE_4947A1_NOEXEMPT_X,PF-P00-T00-HEADER,Section 4947(a)(1) nonexempt charitable trust,Section 4947(a)(1) nonexempt charitable trust,F990-PC-PART-00-LINE-00,HD,checkbox,
PF_00_ORG_TYPE_501C3_EXEMPT_PF_X,PF_00_ORG_TYPE_501C3_EXEMPT_PF_X,PF-P00-T00-HEADER,Section 501(c)(3) exempt private foundation,Section 501(c)(3) exempt private foundation,F990-PC-PART-00-LINE-00,HD,checkbox,
PF_00_ORG_TYPE_OTH_TAXABLE_PF_X,PF_00_ORG_TYPE_OTH_TAXABLE_PF_X,PF-P00-T00-HEADER,Other taxable private foundation,Other taxable private foundation,F990-PC-PART-00-LINE-00,HD,checkbox,
PF_00_FMV_ASSET_EOY,PF_00_FMV_ASSET_EOY,PF-P00-T00-HEADER,Fair market value of all assets at end of year,Fair market value of all assets at end of year,F990-PC-PART-00-LINE-00,HD,numeric,
PF_00_METHOD_ACC_ACCRUAL_X,PF_00_METHOD_ACC_ACCRUAL_X,PF-P00-T00-HEADER,Accrual,Method of accounting - Accrual,F990-PC-PART-00-LINE-00,HD,checkbox,
PF_00_METHOD_ACC_CASH_X,PF_00_METHOD_ACC_CASH_X,PF-P00-T00-HEADER,Cash,Method of accounting - Cash,F990-PC-PART-00-LINE-00,HD,checkbox,
PF_00_METHOD_ACC_OTH_X,PF_00_METHOD_ACC_OTH_X,PF-P00-T00-HEADER,Other,Method of accounting - Other,F990-PC-PART-00-LINE-00,HD,checkbox,
PF_01_REV_CONTR_REC_BOOKS,PF_01_REV_CONTR_REC_BOOKS,PF-P01-T00-REVENUE-EXPENSE,Revenue and Expenses per Books,Contributions Received - Revenue and Expenses per Books,F990-PF-PART-01-LINE-01-COL-A,PF,numeric,
PF_01_REV_SCHED_B_NOT_REQ_X,PF_01_REV_SCHED_B_NOT_REQ_X,PF-P01-T00-REVENUE-EXPENSE,Not required to attach Schedule B,Not required to attach Schedule B,F990-PF-PART-01-LINE-02,PF,checkbox,
PF_01_REV_INT_SAVING_BOOKS,PF_01_REV_INT_SAVING_BOOKS,PF-P01-T00-REVENUE-EXPENSE,Revenue and Expenses per Books,Interest on Savings and Temporary Cash Investments - Revenue and Expenses per Books,F990-PF-PART-01-LINE-03-COL-A,PF,numeric,
PF_01_REV_INT_SAVING_NET,PF_01_REV_INT_SAVING_NET,PF-P01-T00-REVENUE-EXPENSE,Net Investment Income,Interest on Savings and Temporary Cash Investments - Net Investment Income,F990-PF-PART-01-LINE-03-COL-B,PF,numeric,
PF_01_REV_INT_SAVING_ADJ_NET,PF_01_REV_INT_SAVING_ADJ_NET,PF-P01-T00-REVENUE-EXPENSE,Adjusted Net Income,Interest on Savings and Temporary Cash Investments - Adjusted Net Income,F990-PF-PART-01-LINE-03-COL-C,PF,numeric,
PF_01_REV_DIVIDEND_BOOKS,PF_01_REV_DIVIDEND_BOOKS,PF-P01-T00-REVENUE-EXPENSE,Revenue and Expenses per Books,Dividends and Interest from Securities - Revenue and Expenses per Books,F990-PF-PART-01-LINE-04-COL-A,PF,numeric,
PF_01_REV_DIVIDEND_NET,PF_01_REV_DIVIDEND_NET,PF-P01-T00-REVENUE-EXPENSE,Net Investment Income,Dividends and Interest from Securities - Net Investment Income,F990-PF-PART-01-LINE-04-COL-B,PF,numeric,
PF_01_REV_DIVIDEND_ADJ_NET,PF_01_REV_DIVIDEND_ADJ_NET,PF-P01-T00-REVENUE-EXPENSE,Adjusted Net Income,Dividends and Interest from Securities - Adjusted Net Income,F990-PF-PART-01-LINE-04-COL-C,PF,numeric,
PF_01_REV_RENT_GRO_BOOKS,PF_01_REV_RENT_GRO_BOOKS,PF-P01-T00-REVENUE-EXPENSE,Revenue and Expenses per Books,Gross Rents - Revenue and Expenses per Books,F990-PF-PART-01-LINE-05A-COL-A,PF,numeric,
PF_01_REV_RENT_GRO_NET,PF_01_REV_RENT_GRO_NET,PF-P01-T00-REVENUE-EXPENSE,Net Investment Income,Gross Rents - Net Investment Income,F990-PF-PART-01-LINE-05A-COL-B,PF,numeric,
PF_01_REV_RENT_GRO_ADJ_NET,PF_01_REV_RENT_GRO_ADJ_NET,PF-P01-T00-REVENUE-EXPENSE,Adjusted Net Income,Gross Rents - Adjusted Net Income,F990-PF-PART-01-LINE-05A-COL-C,PF,numeric,
PF_01_REV_RENTAL_NET_INCOME,PF_01_REV_RENTAL_NET_INCOME,PF-P01-T00-REVENUE-EXPENSE,Net Rental Income or Los,Net Rental Income or Los,F990-PF-PART-01-LINE-05B,PF,numeric,
PF_01_REV_SALE_ASSET_NET_BOOKS,PF_01_REV_SALE_ASSET_NET_BOOKS,PF-P01-T00-REVENUE-EXPENSE,Revenue and Expenses per Books,Net Gain from Sale of Assets - Revenue and Expenses per Books,F990-PF-PART-01-LINE-06A-COL-A,PF,numeric,
PF_01_REV_SALE_GRO_PRICE,PF_01_REV_SALE_GRO_PRICE,PF-P01-T00-REVENUE-EXPENSE,Gross Sales Price,Gross Sales Price,F990-PF-PART-01-LINE-06B,PF,numeric,
PF_01_REV_CAP_GAIN_NET,PF_01_REV_CAP_GAIN_NET,PF-P01-T00-REVENUE-EXPENSE,Net Investment Income,Capital Gain Net Income - Net Investment Income,F990-PF-PART-01-LINE-07-COL-B,PF,numeric,
PF_01_REV_CAP_GAIN_ADJ_NET,PF_01_REV_CAP_GAIN_ADJ_NET,PF-P01-T00-REVENUE-EXPENSE,Adjusted Net Income,Net Short-Term Capital Gain - Adjusted Net Income,F990-PF-PART-01-LINE-08-COL-C,PF,numeric,
PF_01_REV_INCOME_MOD_ADJ_NET,PF_01_REV_INCOME_MOD_ADJ_NET,PF-P01-T00-REVENUE-EXPENSE,Adjusted Net Income,Income Modifications - Adjusted Net Income,F990-PF-PART-01-LINE-09-COL-C,PF,numeric,
PF_01_REV_GRO_SALE_LESS_RETURN,PF_01_REV_GRO_SALE_LESS_RETURN,PF-P01-T00-REVENUE-EXPENSE,Gross Sales Less Returns and Allowances,Gross Sales Less Returns and Allowances,F990-PF-PART-01-LINE-10A,PF,numeric,
PF_01_REV_LESS_COST_GOODS_SOLD,PF_01_REV_LESS_COST_GOODS_SOLD,PF-P01-T00-REVENUE-EXPENSE,Cost of Goods Sold,Cost of Goods Sold,F990-PF-PART-01-LINE-10B,PF,numeric,
PF_01_REV_GRO_PROFIT_BOOKS,PF_01_REV_GRO_PROFIT_BOOKS,PF-P01-T00-REVENUE-EXPENSE,Revenue and Expenses per Books,Gross Profit - Revenue and Expenses per Books,F990-PF-PART-01-LINE-10C-COL-A,PF,numeric,
PF_01_REV_GRO_PROFIT_ADJ_NET,PF_01_REV_GRO_PROFIT_ADJ_NET,PF-P01-T00-REVENUE-EXPENSE,Adjusted Net Income,Gross Profit - Adjusted Net Income,F990-PF-PART-01-LINE-10C-COL-C,PF,numeric,
PF_01_REV_OTH_INCOME_BOOKS,PF_01_REV_OTH_INCOME_BOOKS,PF-P01-T00-REVENUE-EXPENSE,Revenue and Expenses per Books,Other Income - Revenue and Expenses per Books,F990-PF-PART-01-LINE-11-COL-A,PF,numeric,
PF_01_REV_OTH_INCOME_NET,PF_01_REV_OTH_INCOME_NET,PF-P01-T00-REVENUE-EXPENSE,Net Investment Income,Other Income - Net Investment Income,F990-PF-PART-01-LINE-11-COL-B,PF,numeric,
PF_01_REV_OTH_INCOME_ADJ_NET,PF_01_REV_OTH_INCOME_ADJ_NET,PF-P01-T00-REVENUE-EXPENSE,Adjusted Net Income,Other Income - Adjusted Net Income,F990-PF-PART-01-LINE-11-COL-C,PF,numeric,
PF_01_REV_TOT_BOOKS,PF_01_REV_TOT_BOOKS,PF-P01-T00-REVENUE-EXPENSE,Revenue and Expenses per Books,Total - Revenue and Expenses per Books,F990-PF-PART-01-LINE-12-COL-A,PF,numeric,
PF_01_REV_TOT_NET,PF_01_REV_TOT_NET,PF-P01-T00-REVENUE-EXPENSE,Net Investment Income,Total - Net Investment Income,F990-PF-PART-01-LINE-12-COL-B,PF,numeric,
PF_01_REV_TOT_ADJ_NET,PF_01_REV_TOT_ADJ_NET,PF-P01-T00-REVENUE-EXPENSE,Adjusted Net Income,Total - Adjusted Net Income,F990-PF-PART-01-LINE-12-COL-C,PF,numeric,
PF_01_EXP_COMP_OFF_BOOKS,PF_01_EXP_COMP_OFF_BOOKS,PF-P01-T00-REVENUE-EXPENSE,Revenue and Expenses per Books,Compensation of Officers; Directors; Trustees; etc. - Revenue and Expenses per Books,F990-PF-PART-01-LINE-13-COL-A,PF,numeric,
PF_01_EXP_COMP_OFF_NET,PF_01_EXP_COMP_OFF_NET,PF-P01-T00-REVENUE-EXPENSE,Net Investment Income,Compensation of Officers; Directors; Trustees; etc. - Net Investment Income,F990-PF-PART-01-LINE-13-COL-B,PF,numeric,
PF_01_EXP_COMP_OFF_ADJ_NET,PF_01_EXP_COMP_OFF_ADJ_NET,PF-P01-T00-REVENUE-EXPENSE,Adjusted Net Income,Compensation of Officers; Directors; Trustees; etc. - Adjusted Net Income,F990-PF-PART-01-LINE-13-COL-C,PF,numeric,
PF_01_EXP_COMP_OFF_DISBMT,PF_01_EXP_COMP_OFF_DISBMT,PF-P01-T00-REVENUE-EXPENSE,Disbursements for Charitable Purposes,Compensation of Officers; Directors; Trustees; etc. - Disbursements for Charitable Purposes,F990-PF-PART-01-LINE-13-COL-D,PF,numeric,
PF_01_EXP_OTH_EMPL_SAL_BOOKS,PF_01_EXP_OTH_EMPL_SAL_BOOKS,PF-P01-T00-REVENUE-EXPENSE,Revenue and Expenses per Books,Other Employee Salaries and Wages - Revenue and Expenses per Books,F990-PF-PART-01-LINE-14-COL-A,PF,numeric,
PF_01_EXP_OTH_EMPL_SAL_NET,PF_01_EXP_OTH_EMPL_SAL_NET,PF-P01-T00-REVENUE-EXPENSE,Net Investment Income,Other Employee Salaries and Wages - Net Investment Income,F990-PF-PART-01-LINE-14-COL-B,PF,numeric,
PF_01_EXP_OTH_EMPL_SAL_ADJ_NET,PF_01_EXP_OTH_EMPL_SAL_ADJ_NET,PF-P01-T00-REVENUE-EXPENSE,Adjusted Net Income,Other Employee Salaries and Wages - Adjusted Net Income,F990-PF-PART-01-LINE-14-COL-C,PF,numeric,
PF_01_EXP_OTH_EMPL_SAL_DISBMT,PF_01_EXP_OTH_EMPL_SAL_DISBMT,PF-P01-T00-REVENUE-EXPENSE,Disbursements for Charitable Purposes,Other Employee Salaries and Wages - Disbursements for Charitable Purposes,F990-PF-PART-01-LINE-14-COL-D,PF,numeric,
PF_01_EXP_PENSION_EMPL_BOOKS,PF_01_EXP_PENSION_EMPL_BOOKS,PF-P01-T00-REVENUE-EXPENSE,Revenue and Expenses per Books,Pension Plans; Employee Benefits - Revenue and Expenses per Books,F990-PF-PART-01-LINE-15-COL-A,PF,numeric,
PF_01_EXP_PENSION_EMPL_NET,PF_01_EXP_PENSION_EMPL_NET,PF-P01-T00-REVENUE-EXPENSE,Net Investment Income,Pension Plans; Employee Benefits - Net Investment Income,F990-PF-PART-01-LINE-15-COL-B,PF,numeric,
PF_01_EXP_PENSION_EMPL_ADJ_NET,PF_01_EXP_PENSION_EMPL_ADJ_NET,PF-P01-T00-REVENUE-EXPENSE,Adjusted Net Income,Pension Plans; Employee Benefits - Adjusted Net Income,F990-PF-PART-01-LINE-15-COL-C,PF,numeric,
PF_01_EXP_PENSION_EMPL_DISBMT,PF_01_EXP_PENSION_EMPL_DISBMT,PF-P01-T00-REVENUE-EXPENSE,Disbursements for Charitable Purposes,Pension Plans; Employee Benefits - Disbursements for Charitable Purposes,F990-PF-PART-01-LINE-15-COL-D,PF,numeric,
PF_01_EXP_LEGAL_BEN_BOOKS,PF_01_EXP_LEGAL_BEN_BOOKS,PF-P01-T00-REVENUE-EXPENSE,Revenue and Expenses per Books,Legal Fees - Revenue and Expenses per Books,F990-PF-PART-01-LINE-16A-COL-A,PF,numeric,
PF_01_EXP_LEGAL_BEN_NET,PF_01_EXP_LEGAL_BEN_NET,PF-P01-T00-REVENUE-EXPENSE,Net Investment Income,Legal Fees - Net Investment Income,F990-PF-PART-01-LINE-16A-COL-B,PF,numeric,
PF_01_EXP_LEGAL_BEN_ADJ_NET,PF_01_EXP_LEGAL_BEN_ADJ_NET,PF-P01-T00-REVENUE-EXPENSE,Adjusted Net Income,Legal Fees - Adjusted Net Income,F990-PF-PART-01-LINE-16A-COL-C,PF,numeric,
PF_01_EXP_LEGAL_BEN_DISBMT,PF_01_EXP_LEGAL_BEN_DISBMT,PF-P01-T00-REVENUE-EXPENSE,Disbursements for Charitable Purposes,Legal Fees - Disbursements for Charitable Purposes,F990-PF-PART-01-LINE-16A-COL-D,PF,numeric,
PF_01_EXP_ACC_FEE_BOOKS,PF_01_EXP_ACC_FEE_BOOKS,PF-P01-T00-REVENUE-EXPENSE,Revenue and Expenses per Books,Accounting Fees - Revenue and Expenses per Books,F990-PF-PART-01-LINE-16B-COL-A,PF,numeric,
PF_01_EXP_ACC_FEE_NET,PF_01_EXP_ACC_FEE_NET,PF-P01-T00-REVENUE-EXPENSE,Net Investment Income,Accounting Fees - Net Investment Income,F990-PF-PART-01-LINE-16B-COL-B,PF,numeric,
PF_01_EXP_ACC_FEE_ADJ_NET,PF_01_EXP_ACC_FEE_ADJ_NET,PF-P01-T00-REVENUE-EXPENSE,Adjusted Net Income,Accounting Fees - Adjusted Net Income,F990-PF-PART-01-LINE-16B-COL-C,PF,numeric,
PF_01_EXP_ACC_FEE_DISBMT,PF_01_EXP_ACC_FEE_DISBMT,PF-P01-T00-REVENUE-EXPENSE,Disbursements for Charitable Purposes,Accounting Fees - Disbursements for Charitable Purposes,F990-PF-PART-01-LINE-16B-COL-D,PF,numeric,
PF_01_EXP_OTH_PROF_FEE_BOOKS,PF_01_EXP_OTH_PROF_FEE_BOOKS,PF-P01-T00-REVENUE-EXPENSE,Revenue and Expenses per Books,Other Professional Fees - Revenue and Expenses per Books,F990-PF-PART-01-LINE-16C-COL-A,PF,numeric,
PF_01_EXP_OTH_PROF_FEE_NET,PF_01_EXP_OTH_PROF_FEE_NET,PF-P01-T00-REVENUE-EXPENSE,Net Investment Income,Other Professional Fees - Net Investment Income,F990-PF-PART-01-LINE-16C-COL-B,PF,numeric,
PF_01_EXP_OTH_PROF_FEE_ADJ_NET,PF_01_EXP_OTH_PROF_FEE_ADJ_NET,PF-P01-T00-REVENUE-EXPENSE,Adjusted Net Income,Other Professional Fees - Adjusted Net Income,F990-PF-PART-01-LINE-16C-COL-C,PF,numeric,
PF_01_EXP_OTH_PROF_FEE_DISBMT,PF_01_EXP_OTH_PROF_FEE_DISBMT,PF-P01-T00-REVENUE-EXPENSE,Disbursements for Charitable Purposes,Other Professional Fees - Disbursements for Charitable Purposes,F990-PF-PART-01-LINE-16C-COL-D,PF,numeric,
PF_01_EXP_INT_BOOKS,PF_01_EXP_INT_BOOKS,PF-P01-T00-REVENUE-EXPENSE,Revenue and Expenses per Books,Interest - Revenue and Expenses per Books,F990-PF-PART-01-LINE-17-COL-A,PF,numeric,
PF_01_EXP_INT_NET,PF_01_EXP_INT_NET,PF-P01-T00-REVENUE-EXPENSE,Net Investment Income,Interest - Net Investment Income,F990-PF-PART-01-LINE-17-COL-B,PF,numeric,
PF_01_EXP_INT_ADJ_NET,PF_01_EXP_INT_ADJ_NET,PF-P01-T00-REVENUE-EXPENSE,Adjusted Net Income,Interest - Adjusted Net Income,F990-PF-PART-01-LINE-17-COL-C,PF,numeric,
PF_01_EXP_INT_DISBMT,PF_01_EXP_INT_DISBMT,PF-P01-T00-REVENUE-EXPENSE,Disbursements for Charitable Purposes,Interest - Disbursements for Charitable Purposes,F990-PF-PART-01-LINE-17-COL-D,PF,numeric,
PF_01_EXP_TAXES_BOOKS,PF_01_EXP_TAXES_BOOKS,PF-P01-T00-REVENUE-EXPENSE,Revenue and Expenses per Books,Taxes - Revenue and Expenses per Books,F990-PF-PART-01-LINE-18-COL-A,PF,numeric,
PF_01_EXP_TAXES_NET,PF_01_EXP_TAXES_NET,PF-P01-T00-REVENUE-EXPENSE,Net Investment Income,Taxes - Net Investment Income,F990-PF-PART-01-LINE-18-COL-B,PF,numeric,
PF_01_EXP_TAXES_ADJ_NET,PF_01_EXP_TAXES_ADJ_NET,PF-P01-T00-REVENUE-EXPENSE,Adjusted Net Income,Taxes - Adjusted Net Income,F990-PF-PART-01-LINE-18-COL-C,PF,numeric,
PF_01_EXP_TAXES_DISBMT,PF_01_EXP_TAXES_DISBMT,PF-P01-T00-REVENUE-EXPENSE,Disbursements for Charitable Purposes,Taxes - Disbursements for Charitable Purposes,F990-PF-PART-01-LINE-18-COL-D,PF,numeric,
PF_01_EXP_DEPREC_BOOKS,PF_01_EXP_DEPREC_BOOKS,PF-P01-T00-REVENUE-EXPENSE,Revenue and Expenses per Books,Depreciation and Depletion - Revenue and Expenses per Books,F990-PF-PART-01-LINE-19-COL-A,PF,numeric,
PF_01_EXP_DEPREC_NET,PF_01_EXP_DEPREC_NET,PF-P01-T00-REVENUE-EXPENSE,Net Investment Income,Depreciation and Depletion - Net Investment Income,F990-PF-PART-01-LINE-19-COL-B,PF,numeric,
PF_01_EXP_DEPREC_ADJ_NET,PF_01_EXP_DEPREC_ADJ_NET,PF-P01-T00-REVENUE-EXPENSE,Adjusted Net Income,Depreciation and Depletion - Adjusted Net Income,F990-PF-PART-01-LINE-19-COL-C,PF,numeric,
PF_01_EXP_OCCUPANCY_BOOKS,PF_01_EXP_OCCUPANCY_BOOKS,PF-P01-T00-REVENUE-EXPENSE,Revenue and Expenses per Books,Occupancy - Revenue and Expenses per Books,F990-PF-PART-01-LINE-20-COL-A,PF,numeric,
PF_01_EXP_OCCUPANCY_NET,PF_01_EXP_OCCUPANCY_NET,PF-P01-T00-REVENUE-EXPENSE,Net Investment Income,Occupancy - Net Investment Income,F990-PF-PART-01-LINE-20-COL-B,PF,numeric,
PF_01_EXP_OCCUPANCY_ADJ_NET,PF_01_EXP_OCCUPANCY_ADJ_NET,PF-P01-T00-REVENUE-EXPENSE,Adjusted Net Income,Occupancy - Adjusted Net Income,F990-PF-PART-01-LINE-20-COL-C,PF,numeric,
PF_01_EXP_OCCUPANCY_DISBMT,PF_01_EXP_OCCUPANCY_DISBMT,PF-P01-T00-REVENUE-EXPENSE,Disbursements for Charitable Purposes,Occupancy - Disbursements for Charitable Purposes,F990-PF-PART-01-LINE-20-COL-D,PF,numeric,
PF_01_EXP_TRAVEL_CONF_BOOKS,PF_01_EXP_TRAVEL_CONF_BOOKS,PF-P01-T00-REVENUE-EXPENSE,Revenue and Expenses per Books,Travel; Conferences; and Meetings - Revenue and Expenses per Books,F990-PF-PART-01-LINE-21-COL-A,PF,numeric,
PF_01_EXP_TRAVEL_CONF_NET,PF_01_EXP_TRAVEL_CONF_NET,PF-P01-T00-REVENUE-EXPENSE,Net Investment Income,Travel; Conferences; and Meetings - Net Investment Income,F990-PF-PART-01-LINE-21-COL-B,PF,numeric,
PF_01_EXP_TRAVEL_CONF_ADJ_NET,PF_01_EXP_TRAVEL_CONF_ADJ_NET,PF-P01-T00-REVENUE-EXPENSE,Adjusted Net Income,Travel; Conferences; and Meetings - Adjusted Net Income,F990-PF-PART-01-LINE-21-COL-C,PF,numeric,
PF_01_EXP_TRAVEL_CONF_DISBMT,PF_01_EXP_TRAVEL_CONF_DISBMT,PF-P01-T00-REVENUE-EXPENSE,Disbursements for Charitable Purposes,Travel; Conferences; and Meetings - Disbursements for Charitable Purposes,F990-PF-PART-01-LINE-21-COL-D,PF,numeric,
PF_01_EXP_PRINT_PUBLICA_BOOKS,PF_01_EXP_PRINT_PUBLICA_BOOKS,PF-P01-T00-REVENUE-EXPENSE,Revenue and Expenses per Books,Printing and Publications - Revenue and Expenses per Books,F990-PF-PART-01-LINE-22-COL-A,PF,numeric,
PF_01_EXP_PRINT_PUBLICA_NET,PF_01_EXP_PRINT_PUBLICA_NET,PF-P01-T00-REVENUE-EXPENSE,Net Investment Income,Printing and Publications - Net Investment Income,F990-PF-PART-01-LINE-22-COL-B,PF,numeric,
PF_01_EXP_PRINT_PUBLICA_ADJ_NET,PF_01_EXP_PRINT_PUBLICA_ADJ_NET,PF-P01-T00-REVENUE-EXPENSE,Adjusted Net Income,Printing and Publications - Adjusted Net Income,F990-PF-PART-01-LINE-22-COL-C,PF,numeric,
PF_01_EXP_PRINT_PUBLICA_DISBMT,PF_01_EXP_PRINT_PUBLICA_DISBMT,PF-P01-T00-REVENUE-EXPENSE,Disbursements for Charitable Purposes,Printing and Publications - Disbursements for Charitable Purposes,F990-PF-PART-01-LINE-22-COL-D,PF,numeric,
PF_01_EXP_OTH_BOOKS,PF_01_EXP_OTH_BOOKS,PF-P01-T00-REVENUE-EXPENSE,Revenue and Expenses per Books,Other Expenses - Revenue and Expenses per Books,F990-PF-PART-01-LINE-23-COL-A,PF,numeric,
PF_01_EXP_OTH_NET,PF_01_EXP_OTH_NET,PF-P01-T00-REVENUE-EXPENSE,Net Investment Income,Other Expenses - Net Investment Income,F990-PF-PART-01-LINE-23-COL-B,PF,numeric,
PF_01_EXP_OTH_ADJ_NET,PF_01_EXP_OTH_ADJ_NET,PF-P01-T00-REVENUE-EXPENSE,Adjusted Net Income,Other Expenses - Adjusted Net Income,F990-PF-PART-01-LINE-23-COL-C,PF,numeric,
PF_01_EXP_OTH_DISBMT,PF_01_EXP_OTH_DISBMT,PF-P01-T00-REVENUE-EXPENSE,Disbursements for Charitable Purposes,Other Expenses - Disbursements for Charitable Purposes,F990-PF-PART-01-LINE-23-COL-D,PF,numeric,
PF_01_EXP_TOT_OPERATING_BOOKS,PF_01_EXP_TOT_OPERATING_BOOKS,PF-P01-T00-REVENUE-EXPENSE,Revenue and Expenses per Books,Total Operating and Administrative Expenses - Revenue and Expenses per Books,F990-PF-PART-01-LINE-24-COL-A,PF,numeric,
PF_01_EXP_TOT_OPERATING_NET,PF_01_EXP_TOT_OPERATING_NET,PF-P01-T00-REVENUE-EXPENSE,Net Investment Income,Total Operating and Administrative Expenses - Net Investment Income,F990-PF-PART-01-LINE-24-COL-B,PF,numeric,
PF_01_EXP_TOT_OPERATING_ADJ_NET,PF_01_EXP_TOT_OPERATING_ADJ_NET,PF-P01-T00-REVENUE-EXPENSE,Adjusted Net Income,Total Operating and Administrative Expenses - Adjusted Net Income,F990-PF-PART-01-LINE-24-COL-C,PF,numeric,
PF_01_EXP_TOT_OPERATING_DISBMT,PF_01_EXP_TOT_OPERATING_DISBMT,PF-P01-T00-REVENUE-EXPENSE,Disbursements for Charitable Purposes,Total Operating and Administrative Expenses - Disbursements for Charitable Purposes,F990-PF-PART-01-LINE-24-COL-D,PF,numeric,
PF_01_EXP_CONTR_PAID_BOOKS,PF_01_EXP_CONTR_PAID_BOOKS,PF-P01-T00-REVENUE-EXPENSE,Revenue and Expenses per Books,Contributions; Gifts; Grants Paid - Revenue and Expenses per Books,F990-PF-PART-01-LINE-25-COL-A,PF,numeric,
PF_01_EXP_CONTR_PAID_DISBMT,PF_01_EXP_CONTR_PAID_DISBMT,PF-P01-T00-REVENUE-EXPENSE,Disbursements for Charitable Purposes,Contributions; Gifts; Grants Paid - Disbursements for Charitable Purposes,F990-PF-PART-01-LINE-25-COL-D,PF,numeric,
PF_01_EXP_TOT_EXP_DISBMT_BOOKS,PF_01_EXP_TOT_EXP_DISBMT_BOOKS,PF-P01-T00-REVENUE-EXPENSE,Revenue and Expenses per Books,Total Expenses and Disbursements - Revenue and Expenses per Books,F990-PF-PART-01-LINE-26-COL-A,PF,numeric,
PF_01_EXP_TOT_EXP_DISBMT_NET,PF_01_EXP_TOT_EXP_DISBMT_NET,PF-P01-T00-REVENUE-EXPENSE,Net Investment Income,Total Expenses and Disbursements - Net Investment Income,F990-PF-PART-01-LINE-26-COL-B,PF,numeric,
PF_01_EXP_TOT_EXP_DISBMT_ADJ_NET,PF_01_EXP_TOT_EXP_DISBMT_ADJ_NET,PF-P01-T00-REVENUE-EXPENSE,Adjusted Net Income,Total Expenses and Disbursements - Adjusted Net Income,F990-PF-PART-01-LINE-26-COL-C,PF,numeric,
PF_01_EXP_TOT_EXP_DISBMT_DISBMT,PF_01_EXP_TOT_EXP_DISBMT_DISBMT,PF-P01-T00-REVENUE-EXPENSE,Disbursements for Charitable Purposes,Total Expenses and Disbursements - Disbursements for Charitable Purposes,F990-PF-PART-01-LINE-26-COL-D,PF,numeric,
PF_01_EXCESS_REV_OVER_EXP_BOOKS,PF_01_EXCESS_REV_OVER_EXP_BOOKS,PF-P01-T00-REVENUE-EXPENSE,Revenue and Expenses per Books,Excess of Revenue Over Expenses and Disbursements - Revenue and Expenses per Books,F990-PF-PART-01-LINE-27A-COL-A,PF,numeric,
PF_01_INVEST_INCOME_NET,PF_01_INVEST_INCOME_NET,PF-P01-T00-REVENUE-EXPENSE,Net Investment Income,Net Investment Income,F990-PF-PART-01-LINE-27B-COL-B,PF,numeric,
PF_01_INCOME_NET_ADJ,PF_01_INCOME_NET_ADJ,PF-P01-T00-REVENUE-EXPENSE,Adjusted Net Income,Adjusted Net Income,F990-PF-PART-01-LINE-27C-COL-C,PF,numeric,
PF_02_ASSET_CASH_BOY_BV,PF_02_ASSET_CASH_BOY_BV,PF-P02-T00-BALANCE-SHEET,Book Value,Cash - Beginning of Year - Book Value,F990-PF-PART-02-LINE-01-COL-A,PF,numeric,
PF_02_ASSET_CASH_EOY_BV,PF_02_ASSET_CASH_EOY_BV,PF-P02-T00-BALANCE-SHEET,Book Value,Cash - End of Year - Book Value,F990-PF-PART-02-LINE-01-COL-B,PF,numeric,
PF_02_ASSET_CASH_EOY_FMV,PF_02_ASSET_CASH_EOY_FMV,PF-P02-T00-BALANCE-SHEET,Fair Market Value,Cash - End of Year - Fair Market Value,F990-PF-PART-02-LINE-01-COL-C,PF,numeric,
PF_02_ASSET_SAVING_BOY_BV,PF_02_ASSET_SAVING_BOY_BV,PF-P02-T00-BALANCE-SHEET,Book Value,Savings and Temporary Cash Investments - Beginning of Year - Book Value,F990-PF-PART-02-LINE-02-COL-A,PF,numeric,
PF_02_ASSET_SAVING_EOY_BV,PF_02_ASSET_SAVING_EOY_BV,PF-P02-T00-BALANCE-SHEET,Book Value,Savings and Temporary Cash Investments - End of Year - Book Value,F990-PF-PART-02-LINE-02-COL-B,PF,numeric,
PF_02_ASSET_SAVING_EOY_FMV,PF_02_ASSET_SAVING_EOY_FMV,PF-P02-T00-BALANCE-SHEET,Fair Market Value,Savings and Temporary Cash Investments - End of Year - Fair Market Value,F990-PF-PART-02-LINE-02-COL-C,PF,numeric,
PF_02_ASSET_ACC_BOY_BV,PF_02_ASSET_ACC_BOY_BV,PF-P02-T00-BALANCE-SHEET,Book Value,Accounts Receivable - Beginning of Year - Book Value,F990-PF-PART-02-LINE-03-COL-A,PF,numeric,
PF_02_ASSET_ACC_EOY_BV,PF_02_ASSET_ACC_EOY_BV,PF-P02-T00-BALANCE-SHEET,Book Value,Accounts Receivable - End of Year - Book Value,F990-PF-PART-02-LINE-03-COL-B,PF,numeric,
PF_02_ASSET_ACC_EOY_FMV,PF_02_ASSET_ACC_EOY_FMV,PF-P02-T00-BALANCE-SHEET,Fair Market Value,Accounts Receivable - End of Year - Fair Market Value,F990-PF-PART-02-LINE-03-COL-C,PF,numeric,
PF_02_ASSET_ACC,PF_02_ASSET_ACC,PF-P02-T00-BALANCE-SHEET,Accounts Receivable,Accounts Receivable,F990-PF-PART-02-LINE-03-i,PF,numeric,
PF_02_ASSET_ACC_ALLOW,PF_02_ASSET_ACC_ALLOW,PF-P02-T00-BALANCE-SHEET,Allowance for Doubtful Accounts (for Accounts Receivable),Allowance for Doubtful Accounts (for Accounts Receivable),F990-PF-PART-02-LINE-03-ii,PF,numeric,
PF_02_ASSET_PLEDGE_BOY_BV,PF_02_ASSET_PLEDGE_BOY_BV,PF-P02-T00-BALANCE-SHEET,Book Value,Pledges Receivable - Beginning of Year - Book Value,F990-PF-PART-02-LINE-04-COL-A,PF,numeric,
PF_02_ASSET_PLEDGE_EOY_BV,PF_02_ASSET_PLEDGE_EOY_BV,PF-P02-T00-BALANCE-SHEET,Book Value,Pledges Receivable - End of Year - Book Value,F990-PF-PART-02-LINE-04-COL-B,PF,numeric,
PF_02_ASSET_PLEDGE_EOY_FMV,PF_02_ASSET_PLEDGE_EOY_FMV,PF-P02-T00-BALANCE-SHEET,Fair Market Value,Pledges Receivable - End of Year - Fair Market Value,F990-PF-PART-02-LINE-04-COL-C,PF,numeric,
PF_02_ASSET_PLEDGE,PF_02_ASSET_PLEDGE,PF-P02-T00-BALANCE-SHEET,Pledges Receivable,Pledges Receivable,F990-PF-PART-02-LINE-04-i,PF,numeric,
PF_02_ASSET_PLEDGE_ALLOW,PF_02_ASSET_PLEDGE_ALLOW,PF-P02-T00-BALANCE-SHEET,Allowance for Doubtful Accounts (for Pledges Receivable),Allowance for Doubtful Accounts (for Pledges Receivable),F990-PF-PART-02-LINE-04-ii,PF,numeric,
PF_02_ASSET_GRANT_BOY_BV,PF_02_ASSET_GRANT_BOY_BV,PF-P02-T00-BALANCE-SHEET,Book Value,Grants Receivable - Beginning of Year - Book Value,F990-PF-PART-02-LINE-05-COL-A,PF,numeric,
PF_02_ASSET_GRANT_EOY_BV,PF_02_ASSET_GRANT_EOY_BV,PF-P02-T00-BALANCE-SHEET,Book Value,Grants Receivable - End of Year - Book Value,F990-PF-PART-02-LINE-05-COL-B,PF,numeric,
PF_02_ASSET_GRANT_EOY_FMV,PF_02_ASSET_GRANT_EOY_FMV,PF-P02-T00-BALANCE-SHEET,Fair Market Value,Grants Receivable - End of Year - Fair Market Value,F990-PF-PART-02-LINE-05-COL-C,PF,numeric,
PF_02_ASSET_RECVB_OFF_BOY_BV,PF_02_ASSET_RECVB_OFF_BOY_BV,PF-P02-T00-BALANCE-SHEET,Book Value,Receivables from Officers - Beginning of Year - Book Value,F990-PF-PART-02-LINE-06-COL-A,PF,numeric,
PF_02_ASSET_RECVB_OFF_EOY_BV,PF_02_ASSET_RECVB_OFF_EOY_BV,PF-P02-T00-BALANCE-SHEET,Book Value,Receivables from Officers - End of Year - Book Value,F990-PF-PART-02-LINE-06-COL-B,PF,numeric,
PF_02_ASSET_RECVB_OFF_EOY_FMV,PF_02_ASSET_RECVB_OFF_EOY_FMV,PF-P02-T00-BALANCE-SHEET,Fair Market Value,Receivables from Officers - End of Year - Fair Market Value,F990-PF-PART-02-LINE-06-COL-C,PF,numeric,
PF_02_ASSET_OTH_NOTE_BOY_BV,PF_02_ASSET_OTH_NOTE_BOY_BV,PF-P02-T00-BALANCE-SHEET,Book Value,Other Notes and Loans Receivable - Beginning of Year - Book Value,F990-PF-PART-02-LINE-07-COL-A,PF,numeric,
PF_02_ASSET_OTH_NOTE_EOY_BV,PF_02_ASSET_OTH_NOTE_EOY_BV,PF-P02-T00-BALANCE-SHEET,Book Value,Other Notes and Loans Receivable - End of Year - Book Value,F990-PF-PART-02-LINE-07-COL-B,PF,numeric,
PF_02_ASSET_OTH_NOTE_EOY_FMV,PF_02_ASSET_OTH_NOTE_EOY_FMV,PF-P02-T00-BALANCE-SHEET,Fair Market Value,Other Notes and Loans Receivable - End of Year - Fair Market Value,F990-PF-PART-02-LINE-07-COL-C,PF,numeric,
PF_02_ASSET_OTH_NOTE,PF_02_ASSET_OTH_NOTE,PF-P02-T00-BALANCE-SHEET,Other Notes and Loans Receivable,Other Notes and Loans Receivable,F990-PF-PART-02-LINE-07-i,PF,numeric,
PF_02_ASSET_OTH_NOTE_ALLOW,PF_02_ASSET_OTH_NOTE_ALLOW,PF-P02-T00-BALANCE-SHEET,Allowance for Doubtful Accounts (for Other Notes and Loans Receivable),Allowance for Doubtful Accounts (for Other Notes and Loans Receivable),F990-PF-PART-02-LINE-07-ii,PF,numeric,
PF_02_ASSET_INV_SALE_BOY_BV,PF_02_ASSET_INV_SALE_BOY_BV,PF-P02-T00-BALANCE-SHEET,Book Value,Inventories for Sale or Use - Beginning of Year - Book Value,F990-PF-PART-02-LINE-08-COL-A,PF,numeric,
PF_02_ASSET_INV_SALE_EOY_BV,PF_02_ASSET_INV_SALE_EOY_BV,PF-P02-T00-BALANCE-SHEET,Book Value,Inventories for Sale or Use - End of Year - Book Value,F990-PF-PART-02-LINE-08-COL-B,PF,numeric,
PF_02_ASSET_INV_SALE_EOY_FMV,PF_02_ASSET_INV_SALE_EOY_FMV,PF-P02-T00-BALANCE-SHEET,Fair Market Value,Inventories for Sale or Use - End of Year - Fair Market Value,F990-PF-PART-02-LINE-08-COL-C,PF,numeric,
PF_02_ASSET_EXP_PREPAID_BOY_BV,PF_02_ASSET_EXP_PREPAID_BOY_BV,PF-P02-T00-BALANCE-SHEET,Book Value,Prepaid Expenses - Beginning of Year - Book Value,F990-PF-PART-02-LINE-09-COL-A,PF,numeric,
PF_02_ASSET_EXP_PREPAID_EOY_BV,PF_02_ASSET_EXP_PREPAID_EOY_BV,PF-P02-T00-BALANCE-SHEET,Book Value,Prepaid Expenses - End of Year - Book Value,F990-PF-PART-02-LINE-09-COL-B,PF,numeric,
PF_02_ASSET_EXP_PREPAID_EOY_FMV,PF_02_ASSET_EXP_PREPAID_EOY_FMV,PF-P02-T00-BALANCE-SHEET,Fair Market Value,Prepaid Expenses - End of Year - Fair Market Value,F990-PF-PART-02-LINE-09-COL-C,PF,numeric,
PF_02_ASSET_INVEST_GOV_BOY_BV,PF_02_ASSET_INVEST_GOV_BOY_BV,PF-P02-T00-BALANCE-SHEET,Book Value,Investments; Government Obligations - Beginning of Year - Book Value,F990-PF-PART-02-LINE-10A-COL-A,PF,numeric,
PF_02_ASSET_INVEST_GOV_EOY_BV,PF_02_ASSET_INVEST_GOV_EOY_BV,PF-P02-T00-BALANCE-SHEET,Book Value,Investments; Government Obligations - End of Year - Book Value,F990-PF-PART-02-LINE-10A-COL-B,PF,numeric,
PF_02_ASSET_INVEST_GOV_EOY_FMV,PF_02_ASSET_INVEST_GOV_EOY_FMV,PF-P02-T00-BALANCE-SHEET,Fair Market Value,Investments; Government Obligations - End of Year - Fair Market Value,F990-PF-PART-02-LINE-10A-COL-C,PF,numeric,
PF_02_ASSET_INVEST_STCK_BOY_BV,PF_02_ASSET_INVEST_STCK_BOY_BV,PF-P02-T00-BALANCE-SHEET,Book Value,Investments; Corporate Stock - Beginning of Year - Book Value,F990-PF-PART-02-LINE-10B-COL-A,PF,numeric,
PF_02_ASSET_INVEST_STCK_EOY_BV,PF_02_ASSET_INVEST_STCK_EOY_BV,PF-P02-T00-BALANCE-SHEET,Book Value,Investments; Corporate Stock - End of Year - Book Value,F990-PF-PART-02-LINE-10B-COL-B,PF,numeric,
PF_02_ASSET_INVEST_STCK_EOY_FMV,PF_02_ASSET_INVEST_STCK_EOY_FMV,PF-P02-T00-BALANCE-SHEET,Fair Market Value,Investments; Corporate Stock - End of Year - Fair Market Value,F990-PF-PART-02-LINE-10B-COL-C,PF,numeric,
PF_02_ASSET_INVEST_BOND_BOY_BV,PF_02_ASSET_INVEST_BOND_BOY_BV,PF-P02-T00-BALANCE-SHEET,Book Value,Investments; Corporate Bonds - Beginning of Year - Book Value,F990-PF-PART-02-LINE-10C-COL-A,PF,numeric,
PF_02_ASSET_INVEST_BOND_EOY_BV,PF_02_ASSET_INVEST_BOND_EOY_BV,PF-P02-T00-BALANCE-SHEET,Book Value,Investments; Corporate Bonds - End of Year - Book Value,F990-PF-PART-02-LINE-10C-COL-B,PF,numeric,
PF_02_ASSET_INVEST_BOND_EOY_FMV,PF_02_ASSET_INVEST_BOND_EOY_FMV,PF-P02-T00-BALANCE-SHEET,Fair Market Value,Investments; Corporate Bonds - End of Year - Fair Market Value,F990-PF-PART-02-LINE-10C-COL-C,PF,numeric,
PF_02_ASSET_INVEST_LAND_BOY_BV,PF_02_ASSET_INVEST_LAND_BOY_BV,PF-P02-T00-BALANCE-SHEET,Book Value,Investments; Land; Etc. - Beginning of Year - Book Value,F990-PF-PART-02-LINE-11-COL-A,PF,numeric,
PF_02_ASSET_INVEST_LAND_EOY_BV,PF_02_ASSET_INVEST_LAND_EOY_BV,PF-P02-T00-BALANCE-SHEET,Book Value,Investments; Land; Etc. - End of Year - Book Value,F990-PF-PART-02-LINE-11-COL-B,PF,numeric,
PF_02_ASSET_INVEST_LAND_EOY_FMV,PF_02_ASSET_INVEST_LAND_EOY_FMV,PF-P02-T00-BALANCE-SHEET,Fair Market Value,Investments; Land; Etc. - End of Year - Fair Market Value,F990-PF-PART-02-LINE-11-COL-C,PF,numeric,
PF_02_ASSET_INVEST_LAND,PF_02_ASSET_INVEST_LAND,PF-P02-T00-BALANCE-SHEET,Investments; Land; Etc. Basis,Investments; Land; Etc. Basis,F990-PF-PART-02-LINE-11-i,PF,numeric,
PF_02_ASSET_INVEST_LAND_DEPREC,PF_02_ASSET_INVEST_LAND_DEPREC,PF-P02-T00-BALANCE-SHEET,Accumulated Depreciation (for Investments; Land; Etc.),Accumulated Depreciation (for Investments; Land; Etc.),F990-PF-PART-02-LINE-11-ii,PF,numeric,
PF_02_ASSET_INVEST_MTG_BOY_BV,PF_02_ASSET_INVEST_MTG_BOY_BV,PF-P02-T00-BALANCE-SHEET,Book Value,Investments; Mortgage Loans - Beginning of Year - Book Value,F990-PF-PART-02-LINE-12-COL-A,PF,numeric,
PF_02_ASSET_INVEST_MTG_EOY_BV,PF_02_ASSET_INVEST_MTG_EOY_BV,PF-P02-T00-BALANCE-SHEET,Book Value,Investments; Mortgage Loans - End of Year - Book Value,F990-PF-PART-02-LINE-12-COL-B,PF,numeric,
PF_02_ASSET_INVEST_MTG_EOY_FMV,PF_02_ASSET_INVEST_MTG_EOY_FMV,PF-P02-T00-BALANCE-SHEET,Fair Market Value,Investments; Mortgage Loans - End of Year - Fair Market Value,F990-PF-PART-02-LINE-12-COL-C,PF,numeric,
PF_02_ASSET_INVEST_OTH_BOY_BV,PF_02_ASSET_INVEST_OTH_BOY_BV,PF-P02-T00-BALANCE-SHEET,Book Value,Investments; Other - Beginning of Year - Book Value,F990-PF-PART-02-LINE-13-COL-A,PF,numeric,
PF_02_ASSET_INVEST_OTH_EOY_BV,PF_02_ASSET_INVEST_OTH_EOY_BV,PF-P02-T00-BALANCE-SHEET,Book Value,Investments; Other - End of Year - Book Value,F990-PF-PART-02-LINE-13-COL-B,PF,numeric,
PF_02_ASSET_INVEST_OTH_EOY_FMV,PF_02_ASSET_INVEST_OTH_EOY_FMV,PF-P02-T00-BALANCE-SHEET,Fair Market Value,Investments; Other - End of Year - Fair Market Value,F990-PF-PART-02-LINE-13-COL-C,PF,numeric,
PF_02_ASSET_LAND_BOY_BV,PF_02_ASSET_LAND_BOY_BV,PF-P02-T00-BALANCE-SHEET,Book Value,Land; Buildings; and Equipment - Beginning of Year - Book Value,F990-PF-PART-02-LINE-14-COL-A,PF,numeric,
PF_02_ASSET_LAND_EOY_BV,PF_02_ASSET_LAND_EOY_BV,PF-P02-T00-BALANCE-SHEET,Book Value,Land; Buildings; and Equipment - End of Year - Book Value,F990-PF-PART-02-LINE-14-COL-B,PF,numeric,
PF_02_ASSET_LAND_EOY_FMV,PF_02_ASSET_LAND_EOY_FMV,PF-P02-T00-BALANCE-SHEET,Fair Market Value,Land; Buildings; and Equipment - End of Year - Fair Market Value,F990-PF-PART-02-LINE-14-COL-C,PF,numeric,
PF_02_ASSET_LAND,PF_02_ASSET_LAND,PF-P02-T00-BALANCE-SHEET,Investments; Land; Etc. Basis,Investments; Land; Etc. Basis,F990-PF-PART-02-LINE-14-i,PF,numeric,
PF_02_ASSET_LAND_DEPREC,PF_02_ASSET_LAND_DEPREC,PF-P02-T00-BALANCE-SHEET,Accumulated Depreciation (for Land; Buildings; and Equipment),Accumulated Depreciation (for Land; Buildings; and Equipment),F990-PF-PART-02-LINE-14-ii,PF,numeric,
PF_02_ASSET_OTH_BOY_BV,PF_02_ASSET_OTH_BOY_BV,PF-P02-T00-BALANCE-SHEET,Book Value,Other Assets - Beginning of Year - Book Value,F990-PF-PART-02-LINE-15-COL-A,PF,numeric,
PF_02_ASSET_OTH_EOY_BV,PF_02_ASSET_OTH_EOY_BV,PF-P02-T00-BALANCE-SHEET,Book Value,Other Assets - End of Year - Book Value,F990-PF-PART-02-LINE-15-COL-B,PF,numeric,
PF_02_ASSET_OTH_EOY_FMV,PF_02_ASSET_OTH_EOY_FMV,PF-P02-T00-BALANCE-SHEET,Fair Market Value,Other Assets - End of Year - Fair Market Value,F990-PF-PART-02-LINE-15-COL-C,PF,numeric,
PF_02_ASSET_TOT_BOY_BV,PF_02_ASSET_TOT_BOY_BV,PF-P02-T00-BALANCE-SHEET,Book Value,Total Assets - Beginning of Year - Book Value,F990-PF-PART-02-LINE-16-COL-A,PF,numeric,
PF_02_ASSET_TOT_EOY_BV,PF_02_ASSET_TOT_EOY_BV,PF-P02-T00-BALANCE-SHEET,Book Value,Total Assets - End of Year - Book Value,F990-PF-PART-02-LINE-16-COL-B,PF,numeric,
PF_02_ASSET_TOT_EOY_FMV,PF_02_ASSET_TOT_EOY_FMV,PF-P02-T00-BALANCE-SHEET,Fair Market Value,Total Assets - End of Year - Fair Market Value,F990-PF-PART-02-LINE-16-COL-C,PF,numeric,
PF_02_LIAB_ACC_BOY_BV,PF_02_LIAB_ACC_BOY_BV,PF-P02-T00-BALANCE-SHEET,Book Value,Accounts Payable - Beginning of Year - Book Value,F990-PF-PART-02-LINE-17-COL-A,PF,numeric,
PF_02_LIAB_ACC_EOY_BV,PF_02_LIAB_ACC_EOY_BV,PF-P02-T00-BALANCE-SHEET,Book Value,Accounts Payable - End of Year - Book Value,F990-PF-PART-02-LINE-17-COL-B,PF,numeric,
PF_02_LIAB_GRANT_BOY_BV,PF_02_LIAB_GRANT_BOY_BV,PF-P02-T00-BALANCE-SHEET,Book Value,Grants Payable - Beginning of Year - Book Value,F990-PF-PART-02-LINE-18-COL-A,PF,numeric,
PF_02_LIAB_GRANT_EOY_BV,PF_02_LIAB_GRANT_EOY_BV,PF-P02-T00-BALANCE-SHEET,Book Value,Grants Payable - End of Year - Book Value,F990-PF-PART-02-LINE-18-COL-B,PF,numeric,
PF_02_LIAB_REV_DEFERRED_BOY_BV,PF_02_LIAB_REV_DEFERRED_BOY_BV,PF-P02-T00-BALANCE-SHEET,Book Value,Deferred Revenue - Beginning of Year - Book Value,F990-PF-PART-02-LINE-19-COL-A,PF,numeric,
PF_02_LIAB_REV_DEFERRED_EOY_BV,PF_02_LIAB_REV_DEFERRED_EOY_BV,PF-P02-T00-BALANCE-SHEET,Book Value,Deferred Revenue - End of Year - Book Value,F990-PF-PART-02-LINE-19-COL-B,PF,numeric,
PF_02_LIAB_LOAN_OFF_BOY_BV,PF_02_LIAB_LOAN_OFF_BOY_BV,PF-P02-T00-BALANCE-SHEET,Book Value,Loans from Officers - Beginning of Year - Book Value,F990-PF-PART-02-LINE-20-COL-A,PF,numeric,
PF_02_LIAB_LOAN_OFF_EOY_BV,PF_02_LIAB_LOAN_OFF_EOY_BV,PF-P02-T00-BALANCE-SHEET,Book Value,Loans from Officers - End of Year - Book Value,F990-PF-PART-02-LINE-20-COL-B,PF,numeric,
PF_02_LIAB_MTG_NOTE_BOY_BV,PF_02_LIAB_MTG_NOTE_BOY_BV,PF-P02-T00-BALANCE-SHEET,Book Value,Mortgages and Notes Payable - Beginning of Year - Book Value,F990-PF-PART-02-LINE-21-COL-A,PF,numeric,
PF_02_LIAB_MTG_NOTE_EOY_BV,PF_02_LIAB_MTG_NOTE_EOY_BV,PF-P02-T00-BALANCE-SHEET,Book Value,Mortgages and Notes Payable - End of Year - Book Value,F990-PF-PART-02-LINE-21-COL-B,PF,numeric,
PF_02_LIAB_OTH_BOY_BV,PF_02_LIAB_OTH_BOY_BV,PF-P02-T00-BALANCE-SHEET,Book Value,Other Liabilities - Beginning of Year - Book Value,F990-PF-PART-02-LINE-22-COL-A,PF,numeric,
PF_02_LIAB_OTH_EOY_BV,PF_02_LIAB_OTH_EOY_BV,PF-P02-T00-BALANCE-SHEET,Book Value,Other Liabilities - End of Year - Book Value,F990-PF-PART-02-LINE-22-COL-B,PF,numeric,
PF_02_NAFB_FOLLOW_SFAS117_X,PF_02_NAFB_FOLLOW_SFAS117_X,PF-P02-T00-BALANCE-SHEET,Organizations That Follow SFAS 117,Organizations That Follow SFAS 117,F990-PF-PART-02-LINE-23-BTWN-24,PF,checkbox,
PF_02_LIAB_TOT_BOY_BV,PF_02_LIAB_TOT_BOY_BV,PF-P02-T00-BALANCE-SHEET,Book Value,Total Liabilities - Beginning of Year - Book Value,F990-PF-PART-02-LINE-23-COL-A,PF,numeric,
PF_02_LIAB_TOT_EOY_BV,PF_02_LIAB_TOT_EOY_BV,PF-P02-T00-BALANCE-SHEET,Book Value,Total Liabilities - End of Year - Book Value,F990-PF-PART-02-LINE-23-COL-B,PF,numeric,
PF_02_NAFB_UNRESTRICT_BOY_BV,PF_02_NAFB_UNRESTRICT_BOY_BV,PF-P02-T00-BALANCE-SHEET,Book Value,Unrestricted - Beginning of Year - Book Value,F990-PF-PART-02-LINE-24-COL-A,PF,numeric,
PF_02_NAFB_UNRESTRICT_EOY_BV,PF_02_NAFB_UNRESTRICT_EOY_BV,PF-P02-T00-BALANCE-SHEET,Book Value,Unrestricted - End of Year - Book Value,F990-PF-PART-02-LINE-24-COL-B,PF,numeric,
PF_02_NAFB_RESTRICT_TEMP_BOY_BV,PF_02_NAFB_RESTRICT_TEMP_BOY_BV,PF-P02-T00-BALANCE-SHEET,Book Value,Temporarily Restricted - Beginning of Year - Book Value,F990-PF-PART-02-LINE-25-COL-A,PF,numeric,
PF_02_NAFB_RESTRICT_TEMP_EOY_BV,PF_02_NAFB_RESTRICT_TEMP_EOY_BV,PF-P02-T00-BALANCE-SHEET,Book Value,Temporarily Restricted - End of Year - Book Value,F990-PF-PART-02-LINE-25-COL-B,PF,numeric,
PF_02_NAFB_NO_FOLLOW_SFAS117_X,PF_02_NAFB_NO_FOLLOW_SFAS117_X,PF-P02-T00-BALANCE-SHEET,Organizations That Do Not Follow SFAS 117,Organizations That Do Not Follow SFAS 117,F990-PF-PART-02-LINE-26-BTWN-27,PF,checkbox,
PF_02_NAFB_RESTRICT_PERM_BOY_BV,PF_02_NAFB_RESTRICT_PERM_BOY_BV,PF-P02-T00-BALANCE-SHEET,Book Value,Permanently Restricted - Beginning of Year - Book Value,F990-PF-PART-02-LINE-26-COL-A,PF,numeric,
PF_02_NAFB_RESTRICT_PERM_EOY_BV,PF_02_NAFB_RESTRICT_PERM_EOY_BV,PF-P02-T00-BALANCE-SHEET,Book Value,Permanently Restricted - End of Year - Book Value,F990-PF-PART-02-LINE-26-COL-B,PF,numeric,
PF_02_NAFB_CAP_STCK_BOY_BV,PF_02_NAFB_CAP_STCK_BOY_BV,PF-P02-T00-BALANCE-SHEET,Book Value,Capital Stock - Beginning of Year - Book Value,F990-PF-PART-02-LINE-27-COL-A,PF,numeric,
PF_02_NAFB_CAP_STCK_EOY_BV,PF_02_NAFB_CAP_STCK_EOY_BV,PF-P02-T00-BALANCE-SHEET,Book Value,Capital Stock - End of Year - Book Value,F990-PF-PART-02-LINE-27-COL-B,PF,numeric,
PF_02_NAFB_CAP_SURPLUS_BOY_BV,PF_02_NAFB_CAP_SURPLUS_BOY_BV,PF-P02-T00-BALANCE-SHEET,Book Value,Paid-in or Capital Surplus - Beginning of Year - Book Value,F990-PF-PART-02-LINE-28-COL-A,PF,numeric,
PF_02_NAFB_CAP_SURPLUS_EOY_BV,PF_02_NAFB_CAP_SURPLUS_EOY_BV,PF-P02-T00-BALANCE-SHEET,Book Value,Paid-in or Capital Surplus - End of Year - Book Value,F990-PF-PART-02-LINE-28-COL-B,PF,numeric,
PF_02_NAFB_EARNING_RETAIN_BOY_BV,PF_02_NAFB_EARNING_RETAIN_BOY_BV,PF-P02-T00-BALANCE-SHEET,Book Value,Retained Earnings - Beginning of Year - Book Value,F990-PF-PART-02-LINE-29-COL-A,PF,numeric,
PF_02_NAFB_EARNING_RETAIN_EOY_BV,PF_02_NAFB_EARNING_RETAIN_EOY_BV,PF-P02-T00-BALANCE-SHEET,Book Value,Retained Earnings - End of Year - Book Value,F990-PF-PART-02-LINE-29-COL-B,PF,numeric,
PF_02_NAFB_TOT_BOY_BV,PF_02_NAFB_TOT_BOY_BV,PF-P02-T00-BALANCE-SHEET,Book Value,Total Net Assets or Fund Balances - Beginning of Year - Book Value,F990-PF-PART-02-LINE-30-COL-A,PF,numeric,
PF_02_NAFB_TOT_EOY_BV,PF_02_NAFB_TOT_EOY_BV,PF-P02-T00-BALANCE-SHEET,Book Value,Total Net Assets or Fund Balances - End of Year - Book Value,F990-PF-PART-02-LINE-30-COL-B,PF,numeric,
PF_02_NAFB_TOT_LIAB_NAFB_BOY_BV,PF_02_NAFB_TOT_LIAB_NAFB_BOY_BV,PF-P02-T00-BALANCE-SHEET,Book Value,Total Liabilities and Net Assets - Beginning of Year - Book Value,F990-PF-PART-02-LINE-31-COL-A,PF,numeric,
PF_02_NAFB_TOT_LIAB_NAFB_EOY_BV,PF_02_NAFB_TOT_LIAB_NAFB_EOY_BV,PF-P02-T00-BALANCE-SHEET,Book Value,Total Liabilities and Net Assets - End of Year - Book Value,F990-PF-PART-02-LINE-31-COL-B,PF,numeric,
PF_03_NAFB_TOT_BOY_BV,PF_03_NAFB_TOT_BOY_BV,PF-P03-T00-NET-ASSET-FUND-BALANCE-CHANGE,Total Net Assets or Fund Balances at Beginning of Year,Total Net Assets or Fund Balances at Beginning of Year,F990-PF-PART-03-LINE-01,PF,numeric,
PF_03_EXCESS_REV_OVER_EXP_BOOKS,PF_03_EXCESS_REV_OVER_EXP_BOOKS,PF-P03-T00-NET-ASSET-FUND-BALANCE-CHANGE,Revenue and Expenses per Books,Excess of Revenue Over Expenses and Disbursements - Revenue and Expenses per Books,F990-PF-PART-03-LINE-02,PF,numeric,
PF_03_NAFB_OTH_INCREASE,PF_03_NAFB_OTH_INCREASE,PF-P03-T00-NET-ASSET-FUND-BALANCE-CHANGE,Other Increases,Other Increases,F990-PF-PART-03-LINE-03,PF,numeric,
PF_03_NAFB_CHANGE_SUBTOT,PF_03_NAFB_CHANGE_SUBTOT,PF-P03-T00-NET-ASSET-FUND-BALANCE-CHANGE,Subtotal,Changes In Net Assets Fund Balances - Subtotal,F990-PF-PART-03-LINE-04,PF,numeric,
PF_03_NAFB_OTH_DECREASE,PF_03_NAFB_OTH_DECREASE,PF-P03-T00-NET-ASSET-FUND-BALANCE-CHANGE,Other Decreases,Other Decreases,F990-PF-PART-03-LINE-05,PF,numeric,
PF_04_CAP_GAINLOSS_DESC_ASSET,PF_04_CAP_GAINLOSS_DESC_ASSET,PF-P04-T01-INVEST-INCOME-TAX-CAPITAL-GAINLOSS,Description of Asset,Description of Asset,F990-PF-PART-04-LINE-01-ABCDE-COL-A,PF,text,
PF_04_CAP_GAINLOSS_HOW_ACQUIRED,PF_04_CAP_GAINLOSS_HOW_ACQUIRED,PF-P04-T01-INVEST-INCOME-TAX-CAPITAL-GAINLOSS,How Acquired,Cap Gains Loss Tx Invst Incm Grp - How Acquired,F990-PF-PART-04-LINE-01-ABCDE-COL-B,PF,text,
PF_04_CAP_GAINLOSS_DATE_ACQUIRED,PF_04_CAP_GAINLOSS_DATE_ACQUIRED,PF-P04-T01-INVEST-INCOME-TAX-CAPITAL-GAINLOSS,Date Acquired,Cap Gains Loss Tx Invst Incm Grp - Date Acquired,F990-PF-PART-04-LINE-01-ABCDE-COL-C,PF,date,
PF_04_CAP_GAINLOSS_DATE_SOLD,PF_04_CAP_GAINLOSS_DATE_SOLD,PF-P04-T01-INVEST-INCOME-TAX-CAPITAL-GAINLOSS,Date Sold,Cap Gains Loss Tx Invst Incm Grp - Date Sold,F990-PF-PART-04-LINE-01-ABCDE-COL-D,PF,date,
PF_04_CAP_GAINLOSS_SALE_PRICE,PF_04_CAP_GAINLOSS_SALE_PRICE,PF-P04-T01-INVEST-INCOME-TAX-CAPITAL-GAINLOSS,Gross Sales Price,Gross Sales Price,F990-PF-PART-04-LINE-01-ABCDE-COL-E,PF,numeric,
PF_04_CAP_GAINLOSS_DEPREC,PF_04_CAP_GAINLOSS_DEPREC,PF-P04-T01-INVEST-INCOME-TAX-CAPITAL-GAINLOSS,Depreciation,Cap Gains Loss Tx Invst Incm Grp - Depreciation,F990-PF-PART-04-LINE-01-ABCDE-COL-F,PF,numeric,
PF_04_CAP_GAINLOSS_COST_OTH,PF_04_CAP_GAINLOSS_COST_OTH,PF-P04-T01-INVEST-INCOME-TAX-CAPITAL-GAINLOSS,Cost or Other Basis,Cost or Other Basis,F990-PF-PART-04-LINE-01-ABCDE-COL-G,PF,numeric,
PF_04_CAP_GAINLOSS_GAINLOSS,PF_04_CAP_GAINLOSS_GAINLOSS,PF-P04-T01-INVEST-INCOME-TAX-CAPITAL-GAINLOSS,Gain or Loss,Cap Gains Loss Tx Invst Incm Grp - Gain or Loss,F990-PF-PART-04-LINE-01-ABCDE-COL-H,PF,numeric,
PF_04_CAP_GAINLOSS_FMV_123169,PF_04_CAP_GAINLOSS_FMV_123169,PF-P04-T01-INVEST-INCOME-TAX-CAPITAL-GAINLOSS,FMV as of 12/31/69,FMV as of 12/31/69,F990-PF-PART-04-LINE-01-ABCDE-COL-I,PF,numeric,
PF_04_CAP_GAINLOSS_BASIS_ADJ,PF_04_CAP_GAINLOSS_BASIS_ADJ,PF-P04-T01-INVEST-INCOME-TAX-CAPITAL-GAINLOSS,Adjusted Basis as of 12/31/69,Adjusted Basis as of 12/31/69,F990-PF-PART-04-LINE-01-ABCDE-COL-J,PF,numeric,
PF_04_CAP_GAINLOSS_EXCESS_FMV,PF_04_CAP_GAINLOSS_EXCESS_FMV,PF-P04-T01-INVEST-INCOME-TAX-CAPITAL-GAINLOSS,Excess of FMV Over Adjusted Basis,Excess of FMV Over Adjusted Basis,F990-PF-PART-04-LINE-01-ABCDE-COL-K,PF,numeric,
PF_04_CAP_GAINLOSS_GAIN_M_EXCESS,PF_04_CAP_GAINLOSS_GAIN_M_EXCESS,PF-P04-T01-INVEST-INCOME-TAX-CAPITAL-GAINLOSS,Gains Minus Excess or Losses,Gains Minus Excess or Losses,F990-PF-PART-04-LINE-01-ABCDE-COL-L,PF,numeric,
PF_04_CAP_GAINLOSS_NET_INCOME,PF_04_CAP_GAINLOSS_NET_INCOME,PF-P04-T00-INVEST-INCOME-TAX-CAPITAL-GAINLOSS,Capital Gain Net Income,Capital Gain Net Income,F990-PF-PART-04-LINE-02,PF,numeric,
PF_04_CAP_GAINLOSS_NET_SHORTTERM,PF_04_CAP_GAINLOSS_NET_SHORTTERM,PF-P04-T00-INVEST-INCOME-TAX-CAPITAL-GAINLOSS,Net Short-Term Capital Gain or Loss,Net Short-Term Capital Gain or Loss,F990-PF-PART-04-LINE-03,PF,numeric,
PF_05_4940E_4942_TAX_LIABLE_X,PF_05_4940E_4942_TAX_LIABLE_X,PF-P05-T00-NET-INVEST-INCOME-TAX-4940E,Liable for 4942 Tax?,Liable for 4942 Tax?,F990-PF-PART-05-LINE-00,PF,checkbox,
PF_05_4940E_DIST_QUAL_CY_M1,PF_05_4940E_DIST_QUAL_CY_M1,PF-P05-T00-NET-INVEST-INCOME-TAX-4940E,Year 1,Qualifying Distributions - Year 1,F990-PF-PART-05-LINE-01-COL-B,PF,numeric,
PF_05_4940E_DIST_QUAL_CY_M2,PF_05_4940E_DIST_QUAL_CY_M2,PF-P05-T00-NET-INVEST-INCOME-TAX-4940E,Year 2,Qualifying Distributions - Year 2,F990-PF-PART-05-LINE-01-COL-B,PF,numeric,
PF_05_4940E_DIST_QUAL_CY_M3,PF_05_4940E_DIST_QUAL_CY_M3,PF-P05-T00-NET-INVEST-INCOME-TAX-4940E,Year 3,Qualifying Distributions - Year 3,F990-PF-PART-05-LINE-01-COL-B,PF,numeric,
PF_05_4940E_DIST_QUAL_CY_M4,PF_05_4940E_DIST_QUAL_CY_M4,PF-P05-T00-NET-INVEST-INCOME-TAX-4940E,Year 4,Qualifying Distributions - Year 4,F990-PF-PART-05-LINE-01-COL-B,PF,numeric,
PF_05_4940E_DIST_QUAL_CY_M5,PF_05_4940E_DIST_QUAL_CY_M5,PF-P05-T00-NET-INVEST-INCOME-TAX-4940E,Year 5,Qualifying Distributions - Year 5,F990-PF-PART-05-LINE-01-COL-B,PF,numeric,
PF_05_4940E_ASSET_NOCHARIT_CY_M1,PF_05_4940E_ASSET_NOCHARIT_CY_M1,PF-P05-T00-NET-INVEST-INCOME-TAX-4940E,Year 1,Noncharitable Assets - Year 1,F990-PF-PART-05-LINE-01-COL-C,PF,numeric,
PF_05_4940E_ASSET_NOCHARIT_CY_M2,PF_05_4940E_ASSET_NOCHARIT_CY_M2,PF-P05-T00-NET-INVEST-INCOME-TAX-4940E,Year 2,Noncharitable Assets - Year 2,F990-PF-PART-05-LINE-01-COL-C,PF,numeric,
PF_05_4940E_ASSET_NOCHARIT_CY_M3,PF_05_4940E_ASSET_NOCHARIT_CY_M3,PF-P05-T00-NET-INVEST-INCOME-TAX-4940E,Year 3,Noncharitable Assets - Year 3,F990-PF-PART-05-LINE-01-COL-C,PF,numeric,
PF_05_4940E_ASSET_NOCHARIT_CY_M4,PF_05_4940E_ASSET_NOCHARIT_CY_M4,PF-P05-T00-NET-INVEST-INCOME-TAX-4940E,Year 4,Noncharitable Assets - Year 4,F990-PF-PART-05-LINE-01-COL-C,PF,numeric,
PF_05_4940E_ASSET_NOCHARIT_CY_M5,PF_05_4940E_ASSET_NOCHARIT_CY_M5,PF-P05-T00-NET-INVEST-INCOME-TAX-4940E,Year 5,Noncharitable Assets - Year 5,F990-PF-PART-05-LINE-01-COL-C,PF,numeric,
PF_05_4940E_DIST_RATIO_CY_M1,PF_05_4940E_DIST_RATIO_CY_M1,PF-P05-T00-NET-INVEST-INCOME-TAX-4940E,Year 1,Distribution Ratio - Year 1,F990-PF-PART-05-LINE-01-COL-D,PF,numeric,
PF_05_4940E_DIST_RATIO_CY_M2,PF_05_4940E_DIST_RATIO_CY_M2,PF-P05-T00-NET-INVEST-INCOME-TAX-4940E,Year 2,Distribution Ratio - Year 2,F990-PF-PART-05-LINE-01-COL-D,PF,numeric,
PF_05_4940E_DIST_RATIO_CY_M3,PF_05_4940E_DIST_RATIO_CY_M3,PF-P05-T00-NET-INVEST-INCOME-TAX-4940E,Year 3,Distribution Ratio - Year 3,F990-PF-PART-05-LINE-01-COL-D,PF,numeric,
PF_05_4940E_DIST_RATIO_CY_M4,PF_05_4940E_DIST_RATIO_CY_M4,PF-P05-T00-NET-INVEST-INCOME-TAX-4940E,Year 4,Distribution Ratio - Year 4,F990-PF-PART-05-LINE-01-COL-D,PF,numeric,
PF_05_4940E_DIST_RATIO_CY_M5,PF_05_4940E_DIST_RATIO_CY_M5,PF-P05-T00-NET-INVEST-INCOME-TAX-4940E,Year 5,Distribution Ratio - Year 5,F990-PF-PART-05-LINE-01-COL-D,PF,numeric,
PF_05_4940E_DIST_RATIO_TOT,PF_05_4940E_DIST_RATIO_TOT,PF-P05-T00-NET-INVEST-INCOME-TAX-4940E,Total Distribution Ratio,Total Distribution Ratio,F990-PF-PART-05-LINE-02,PF,numeric,
PF_05_4940E_DIST_RATIO_AVE,PF_05_4940E_DIST_RATIO_AVE,PF-P05-T00-NET-INVEST-INCOME-TAX-4940E,Average Distribution Ratio,Average Distribution Ratio,F990-PF-PART-05-LINE-03,PF,numeric,
PF_05_4940E_ASSET_NOCHARIT_NET,PF_05_4940E_ASSET_NOCHARIT_NET,PF-P05-T00-NET-INVEST-INCOME-TAX-4940E,Net Noncharitable Assets,Net Noncharitable Assets,F990-PF-PART-05-LINE-04,PF,numeric,
PF_05_4940E_ASSET_NOCHARIT_ADJ,PF_05_4940E_ASSET_NOCHARIT_ADJ,PF-P05-T00-NET-INVEST-INCOME-TAX-4940E,Adjusted Noncharitable Assets (multiply Line 4 by Line 3),Adjusted Noncharitable Assets (multiply Line 4 by Line 3),F990-PF-PART-05-LINE-05,PF,numeric,
PF_05_4940E_INVEST_NET_1PCT,PF_05_4940E_INVEST_NET_1PCT,PF-P05-T00-NET-INVEST-INCOME-TAX-4940E,1% of Net Investment Income,1% of Net Investment Income,F990-PF-PART-05-LINE-06,PF,numeric,
PF_05_4940E_ADD_L5_L6,PF_05_4940E_ADD_L5_L6,PF-P05-T00-NET-INVEST-INCOME-TAX-4940E,Adjusted Noncharitable Assets and 1% of Net Investment Income (add lines 5 and 6),Adjusted Noncharitable Assets and 1% of Net Investment Income (add lines 5 and 6),F990-PF-PART-05-LINE-07,PF,numeric,
PF_05_4940E_DIST_QUAL,PF_05_4940E_DIST_QUAL,PF-P05-T00-NET-INVEST-INCOME-TAX-4940E,Qualifying Distributions,Qualifying Distributions,F990-PF-PART-05-LINE-08,PF,numeric,
PF_06_EXCISE_TAX_INVEST_INCOME,PF_06_EXCISE_TAX_INVEST_INCOME,PF-P06-T00-INVEST-INCOME-EXCISE-TAX,amount,Investment Income Excise Tax - amount,F990-PF-PART-06-LINE-01,PF,numeric,
PF_06_EXCISE_TAX_INVEST_NA,PF_06_EXCISE_TAX_INVEST_NA,PF-P06-T00-INVEST-INCOME-EXCISE-TAX,N/A,"Investment Income Excise Tax - ""N/A""",F990-PF-PART-06-LINE-01,PF,text,
PF_06_EXCISE_TAX_ORG_DATE_RULING,PF_06_EXCISE_TAX_ORG_DATE_RULING,PF-P06-T00-INVEST-INCOME-EXCISE-TAX,Date of Ruling Letter,Date of Ruling Letter,F990-PF-PART-06-LINE-01A,PF,date,
PF_06_EXCISE_TAX_ORG_OPERATING_X,PF_06_EXCISE_TAX_ORG_OPERATING_X,PF-P06-T00-INVEST-INCOME-EXCISE-TAX,Exempt Operating Foundations,Exempt Operating Foundations,F990-PF-PART-06-LINE-01A,PF,checkbox,
PF_06_EXCISE_TAX_ORG_DMSTC_X,PF_06_EXCISE_TAX_ORG_DMSTC_X,PF-P06-T00-INVEST-INCOME-EXCISE-TAX,Domestic Organizations Meeting Section 4940(e) Requirements,Domestic Organizations Meeting Section 4940(e) Requirements,F990-PF-PART-06-LINE-01B,PF,checkbox,
PF_06_TAX_511,PF_06_TAX_511,PF-P06-T00-INVEST-INCOME-EXCISE-TAX,Tax Under Section 511,Tax Under Section 511,F990-PF-PART-06-LINE-02,PF,numeric,
PF_06_ADD_L1_L2,PF_06_ADD_L1_L2,PF-P06-T00-INVEST-INCOME-EXCISE-TAX,Subtotal (add lines 1 and 2),Subtotal (add lines 1 and 2),F990-PF-PART-06-LINE-03,PF,numeric,
PF_06_TAX_SUBTITLE_A,PF_06_TAX_SUBTITLE_A,PF-P06-T00-INVEST-INCOME-EXCISE-TAX,Subtitle A Tax,Subtitle A Tax,F990-PF-PART-06-LINE-04,PF,numeric,
PF_06_TAX_INVEST_INCOME,PF_06_TAX_INVEST_INCOME,PF-P06-T00-INVEST-INCOME-EXCISE-TAX,Tax Based on Investment Income,Tax Based on Investment Income,F990-PF-PART-06-LINE-05,PF,numeric,
PF_06_CREDIT_PAY_TAX_ESTIMATED,PF_06_CREDIT_PAY_TAX_ESTIMATED,PF-P06-T00-INVEST-INCOME-EXCISE-TAX,Estimated Tax Payments and Overpayment Credited,Estimated Tax Payments and Overpayment Credited,F990-PF-PART-06-LINE-06A,PF,numeric,
PF_06_CREDIT_PAY_TAX_EXTENSION,PF_06_CREDIT_PAY_TAX_EXTENSION,PF-P06-T00-INVEST-INCOME-EXCISE-TAX,Tax Paid with Extension,Tax Paid with Extension,F990-PF-PART-06-LINE-06C,PF,numeric,
PF_06_CREDIT_PAY_BACKUP_WITHHOLD,PF_06_CREDIT_PAY_BACKUP_WITHHOLD,PF-P06-T00-INVEST-INCOME-EXCISE-TAX,Backup Withholding Erroneously Withheld,Backup Withholding Erroneously Withheld,F990-PF-PART-06-LINE-06D,PF,numeric,
PF_06_CREDIT_PAY_TOT,PF_06_CREDIT_PAY_TOT,PF-P06-T00-INVEST-INCOME-EXCISE-TAX,Total Credits and Payments,Total Credits and Payments,F990-PF-PART-06-LINE-07,PF,numeric,
PF_06_PENALTY_FORM_2220_X,PF_06_PENALTY_FORM_2220_X,PF-P06-T00-INVEST-INCOME-EXCISE-TAX,Indicates Form 2220 is attached,Indicates Form 2220 is attached,F990-PF-PART-06-LINE-08,PF,checkbox,
PF_06_PENALTY_UNDERPAY,PF_06_PENALTY_UNDERPAY,PF-P06-T00-INVEST-INCOME-EXCISE-TAX,Penalty for Underpayment,Penalty for Underpayment,F990-PF-PART-06-LINE-08,PF,numeric,
PF_06_EXCISE_TAX_DUE,PF_06_EXCISE_TAX_DUE,PF-P06-T00-INVEST-INCOME-EXCISE-TAX,Tax Due,Excise Tax Based On Investment Incm - Tax Due,F990-PF-PART-06-LINE-09,PF,numeric,
PF_06_EXCISE_TAX_OVERPAY,PF_06_EXCISE_TAX_OVERPAY,PF-P06-T00-INVEST-INCOME-EXCISE-TAX,Overpayment,Excise Tax Based On Investment Incm - Overpayment,F990-PF-PART-06-LINE-10,PF,numeric,
PF_06_AMT_CREDITED_NY,PF_06_AMT_CREDITED_NY,PF-P06-T00-INVEST-INCOME-EXCISE-TAX,Amount Credited to Next Year,Amount Credited to Next Year,F990-PF-PART-06-LINE-11,PF,numeric,
PF_06_AMT_REFUNDED,PF_06_AMT_REFUNDED,PF-P06-T00-INVEST-INCOME-EXCISE-TAX,Amount to be refunded,Amount to be refunded,F990-PF-PART-06-LINE-11,PF,numeric,
PF_07_POLI_ACT_X,PF_07_POLI_ACT_X,PF-P07-T00-ACTIVITIES,Legislative and Political Activities?,Legislative and Political Activities?,F990-PF-PART-07-A-LINE-01A,PF,checkbox,
PF_07_POLI_ACT_MT_100_SPENT_X,PF_07_POLI_ACT_MT_100_SPENT_X,PF-P07-T00-ACTIVITIES,More Than $100 Spent?,More Than $100 Spent?,F990-PF-PART-07-A-LINE-01B,PF,checkbox,
PF_07_POLI_ACT_FORM_1120_POL_X,PF_07_POLI_ACT_FORM_1120_POL_X,PF-P07-T00-ACTIVITIES,Form 1120-POL Filed?,Form 1120-POL Filed?,F990-PF-PART-07-A-LINE-01C,PF,checkbox,
PF_07_POLI_ACT_4955_TAX_ORG,PF_07_POLI_ACT_4955_TAX_ORG,PF-P07-T00-ACTIVITIES,Section 4955 Tax on Organization,Section 4955 Tax on Organization,F990-PF-PART-07-A-LINE-01D(1),PF,numeric,
PF_07_POLI_ACT_4955_TAX_MGR,PF_07_POLI_ACT_4955_TAX_MGR,PF-P07-T00-ACTIVITIES,Section 4955 Tax on Managers,Section 4955 Tax on Managers,F990-PF-PART-07-A-LINE-01D(2),PF,numeric,
PF_07_POLI_ACT_TAX_REIMBURSED,PF_07_POLI_ACT_TAX_REIMBURSED,PF-P07-T00-ACTIVITIES,Reimbursement of Tax,Reimbursement of Tax,F990-PF-PART-07-A-LINE-01E,PF,numeric,
PF_07_ACT_NOT_PREVIOUSLY_REP_X,PF_07_ACT_NOT_PREVIOUSLY_REP_X,PF-P07-T00-ACTIVITIES,Activities Not Previously Reported?,Activities Not Previously Reported?,F990-PF-PART-07-A-LINE-02,PF,checkbox,
PF_07_CHANGE_ARTICLE_BYLAW_X,PF_07_CHANGE_ARTICLE_BYLAW_X,PF-P07-T00-ACTIVITIES,Changes to Articles or Bylaws?,Changes to Articles or Bylaws?,F990-PF-PART-07-A-LINE-03,PF,checkbox,
PF_07_UBIZ_INCOME_OVER_1000_X,PF_07_UBIZ_INCOME_OVER_1000_X,PF-P07-T00-ACTIVITIES,Unrelated Business Income Over $1000?,Unrelated Business Income Over $1000?,F990-PF-PART-07-A-LINE-04A,PF,checkbox,
PF_07_UBIZ_INCOME_FORM_990_T_X,PF_07_UBIZ_INCOME_FORM_990_T_X,PF-P07-T00-ACTIVITIES,Form 990-T Filed?,Form 990-T Filed?,F990-PF-PART-07-A-LINE-04B,PF,checkbox,
PF_07_LTD_X,PF_07_LTD_X,PF-P07-T00-ACTIVITIES,Termination; etc.?,Termination; etc.?,F990-PF-PART-07-A-LINE-05,PF,checkbox,
PF_07_REQ_508E_SATISFIED_X,PF_07_REQ_508E_SATISFIED_X,PF-P07-T00-ACTIVITIES,Requirements of Section 508(e)?,Requirements of Section 508(e)?,F990-PF-PART-07-A-LINE-06,PF,checkbox,
PF_07_ASSET_AT_LEAST_5K_X,PF_07_ASSET_AT_LEAST_5K_X,PF-P07-T00-ACTIVITIES,At least $5000 in Assets?,At least $5000 in Assets?,F990-PF-PART-07-A-LINE-07,PF,checkbox,
PF_07_STATES_FILED,PF_07_STATES_FILED,PF-P07-T00-ACTIVITIES,States Filed With,States Filed With,F990-PF-PART-07-A-LINE-08A,PF,text,TRUE
PF_07_FORM_990_PF_ATTORNEY_X,PF_07_FORM_990_PF_ATTORNEY_X,PF-P07-T00-ACTIVITIES,Form 990-PF Filed with Attorney General?,Form 990-PF Filed with Attorney General?,F990-PF-PART-07-A-LINE-08B,PF,checkbox,
PF_07_POF_X,PF_07_POF_X,PF-P07-T00-ACTIVITIES,Private Operating Foundation?,Private Operating Foundation?,F990-PF-PART-07-A-LINE-09,PF,checkbox,
PF_07_NEW_SBST_CONTRIBUTOR_X,PF_07_NEW_SBST_CONTRIBUTOR_X,PF-P07-T00-ACTIVITIES,New Substantial Contributors?,New Substantial Contributors?,F990-PF-PART-07-A-LINE-10,PF,checkbox,
PF_07_OWN_CE_X,PF_07_OWN_CE_X,PF-P07-T00-ACTIVITIES,At any time during the year; did the foundation; directly or indirectly; own a controlled entity within the meaning of section 51 2(b)(l3)?,At any time during the year; did the foundation; directly or indirectly; own a controlled entity within the meaning of section 51 2(b)(l3)?,F990-PF-PART-07-A-LINE-11,PF,checkbox,
PF_07_DAF_X,PF_07_DAF_X,PF-P07-T00-ACTIVITIES,Did Ihe organization acquire a direct or indirect interest in any applicable insurance contract?,Did Ihe organization acquire a direct or indirect interest in any applicable insurance contract?,F990-PF-PART-07-A-LINE-12,PF,checkbox,
PF_07_COMPLY_PUB_INSPECTION_X,PF_07_COMPLY_PUB_INSPECTION_X,PF-P07-T00-ACTIVITIES,Comply with Public Inspection Requirements?,Comply with Public Inspection Requirements?,F990-PF-PART-07-A-LINE-13,PF,checkbox,
PF_07_PUB_INSPECTION_WEBSITE,PF_07_PUB_INSPECTION_WEBSITE,PF-P07-T00-ACTIVITIES,Website Address,Website Address,F990-PF-PART-07-A-LINE-13,PF,text,
PF_07_BOOK_IN_CARE_OF_ADDR_CITY,PF_07_BOOK_IN_CARE_OF_ADDR_CITY,PF-P07-T00-ACTIVITIES,City,Books In Care Of Foreign Address - City,F990-PF-PART-07-A-LINE-14,PF,text,
PF_07_BOOK_IN_CARE_OF_ADDR_CNTR,PF_07_BOOK_IN_CARE_OF_ADDR_CNTR,PF-P07-T00-ACTIVITIES,Country,Books In Care Of Foreign Address - Country,F990-PF-PART-07-A-LINE-14,PF,text,
PF_07_BOOK_IN_CARE_OF_ADDR_L1,PF_07_BOOK_IN_CARE_OF_ADDR_L1,PF-P07-T00-ACTIVITIES,AddressLine1,Books In Care Of Foreign Address - AddressLine1,F990-PF-PART-07-A-LINE-14,PF,text,
PF_07_BOOK_IN_CARE_OF_ADDR_L2,PF_07_BOOK_IN_CARE_OF_ADDR_L2,PF-P07-T00-ACTIVITIES,AddressLine2,Books In Care Of Foreign Address - AddressLine2,F990-PF-PART-07-A-LINE-14,PF,text,
PF_07_BOOK_IN_CARE_OF_ADDR_STATE,PF_07_BOOK_IN_CARE_OF_ADDR_STATE,PF-P07-T00-ACTIVITIES,State,Books In Care Of USAddress - State,F990-PF-PART-07-A-LINE-14,PF,text,
PF_07_BOOK_IN_CARE_OF_ADDR_ZIP,PF_07_BOOK_IN_CARE_OF_ADDR_ZIP,PF-P07-T00-ACTIVITIES,Postal code,Books In Care Of Foreign Address - Postal code,F990-PF-PART-07-A-LINE-14,PF,text,
PF_07_BOOK_IN_CARE_OF_NAME_L1,PF_07_BOOK_IN_CARE_OF_NAME_L1,PF-P07-T00-ACTIVITIES,BusinessNameLine1,Books In Care Of Business Name - BusinessNameLine1,F990-PF-PART-07-A-LINE-14,PF,text,
PF_07_BOOK_IN_CARE_OF_NAME_L2,PF_07_BOOK_IN_CARE_OF_NAME_L2,PF-P07-T00-ACTIVITIES,BusinessNameLine2,Books In Care Of Business Name - BusinessNameLine2,F990-PF-PART-07-A-LINE-14,PF,text,
PF_07_BOOK_IN_CARE_OF_NAME_PERS,PF_07_BOOK_IN_CARE_OF_NAME_PERS,PF-P07-T00-ACTIVITIES,Person Name,Books In Care Of - Person Name,F990-PF-PART-07-A-LINE-14,PF,text,
PF_07_BOOK_IN_CARE_OF_PHONE,PF_07_BOOK_IN_CARE_OF_PHONE,PF-P07-T00-ACTIVITIES,Phone Number,Books In Care Of - Phone Number,F990-PF-PART-07-A-LINE-14,PF,text,
PF_07_BOOK_LOCATION_ADDR_CITY,PF_07_BOOK_LOCATION_ADDR_CITY,PF-P07-T00-ACTIVITIES,City,Location Of Books Foreign Address - City,F990-PF-PART-07-A-LINE-14,PF,text,
PF_07_BOOK_LOCATION_ADDR_CNTR,PF_07_BOOK_LOCATION_ADDR_CNTR,PF-P07-T00-ACTIVITIES,Country,Location Of Books Foreign Address - Country,F990-PF-PART-07-A-LINE-14,PF,text,
PF_07_BOOK_LOCATION_ADDR_L1,PF_07_BOOK_LOCATION_ADDR_L1,PF-P07-T00-ACTIVITIES,AddressLine1,Location Of Books Foreign Address - AddressLine1,F990-PF-PART-07-A-LINE-14,PF,text,
PF_07_BOOK_LOCATION_ADDR_L2,PF_07_BOOK_LOCATION_ADDR_L2,PF-P07-T00-ACTIVITIES,AddressLine2,Location Of Books Foreign Address - AddressLine2,F990-PF-PART-07-A-LINE-14,PF,text,
PF_07_BOOK_LOCATION_ADDR_STATE,PF_07_BOOK_LOCATION_ADDR_STATE,PF-P07-T00-ACTIVITIES,Province or state,Province or state,F990-PF-PART-07-A-LINE-14,PF,text,
PF_07_BOOK_LOCATION_ADDR_ZIP,PF_07_BOOK_LOCATION_ADDR_ZIP,PF-P07-T00-ACTIVITIES,Postal code,Location Of Books Foreign Address - Postal code,F990-PF-PART-07-A-LINE-14,PF,text,
PF_07_BOOK_PERS_NAME_L1,PF_07_BOOK_PERS_NAME_L1,PF-P07-T00-ACTIVITIES,BusinessNameLine1,Persons With Books Name - BusinessNameLine1,F990-PF-PART-07-A-LINE-14,PF,text,
PF_07_BOOK_PERS_NAME_L2,PF_07_BOOK_PERS_NAME_L2,PF-P07-T00-ACTIVITIES,BusinessNameLine2,Persons With Books Name - BusinessNameLine2,F990-PF-PART-07-A-LINE-14,PF,text,
PF_07_4947_FORM_990_PF_1041_X,PF_07_4947_FORM_990_PF_1041_X,PF-P07-T00-ACTIVITIES,Section 4947(a)(1) Nonexempt Charitable Trusts Filing in lieu of Form 1041,Section 4947(a)(1) Nonexempt Charitable Trusts Filing in lieu of Form 1041,F990-PF-PART-07-A-LINE-15,PF,checkbox,
PF_07_TAX_EXEMPT_INT_REC,PF_07_TAX_EXEMPT_INT_REC,PF-P07-T00-ACTIVITIES,Tax Exempt Interest Received,Tax Exempt Interest Received,F990-PF-PART-07-A-LINE-15,PF,numeric,
PF_07_FRGN_FIN_ACC_CNTR,PF_07_FRGN_FIN_ACC_CNTR,PF-P07-T00-ACTIVITIES,Name of foreign country,Name of foreign country,F990-PF-PART-07-A-LINE-16,PF,text,TRUE
PF_07_FRGN_FIN_ACC_X,PF_07_FRGN_FIN_ACC_X,PF-P07-T00-ACTIVITIES,Interest or a signature or other authority over a bank; securities; or other financial account in a foreign country?,Interest or a signature or other authority over a bank; securities; or other financial account in a foreign country?,F990-PF-PART-07-A-LINE-16,PF,checkbox,
PF_07_4720_ACT_SALE_EXCHANGE_X,PF_07_4720_ACT_SALE_EXCHANGE_X,PF-P07-T00-ACTIVITIES-4720,Sale or Exchange with a Disqualified Person?,Sale or Exchange with a Disqualified Person?,F990-PF-PART-07-B-LINE-01A(1),PF,checkbox,
PF_07_4720_ACT_BORROW_LEND_X,PF_07_4720_ACT_BORROW_LEND_X,PF-P07-T00-ACTIVITIES-4720,Borrow or Lend with a Disqualified Person?,Borrow or Lend with a Disqualified Person?,F990-PF-PART-07-B-LINE-01A(2),PF,checkbox,
PF_07_4720_ACT_FURNISHED_GOODS_X,PF_07_4720_ACT_FURNISHED_GOODS_X,PF-P07-T00-ACTIVITIES-4720,Furnished Goods; etc. with a Disqualified Person?,Furnished Goods; etc. with a Disqualified Person?,F990-PF-PART-07-B-LINE-01A(3),PF,checkbox,
PF_07_4720_ACT_PAY_COMP_X,PF_07_4720_ACT_PAY_COMP_X,PF-P07-T00-ACTIVITIES-4720,Pay Compensation to a Disqualified Person?,Pay Compensation to a Disqualified Person?,F990-PF-PART-07-B-LINE-01A(4),PF,checkbox,
PF_07_4720_ACT_TRANSFER_ASSET_X,PF_07_4720_ACT_TRANSFER_ASSET_X,PF-P07-T00-ACTIVITIES-4720,Transfer Assets to a Disqualified Person?,Transfer Assets to a Disqualified Person?,F990-PF-PART-07-B-LINE-01A(5),PF,checkbox,
PF_07_4720_ACT_PAY_GOV_X,PF_07_4720_ACT_PAY_GOV_X,PF-P07-T00-ACTIVITIES-4720,Payment to a Government Official?,Payment to a Government Official?,F990-PF-PART-07-B-LINE-01A(6),PF,checkbox,
PF_07_4720_ACT_FAIL_EXCEPTION_X,PF_07_4720_ACT_FAIL_EXCEPTION_X,PF-P07-T00-ACTIVITIES-4720,Any Acts Fail to Qualify as Exceptions?,Any Acts Fail to Qualify as Exceptions?,F990-PF-PART-07-B-LINE-01B-i,PF,checkbox,
PF_07_4720_ACT_DISASTER_ASSIST_X,PF_07_4720_ACT_DISASTER_ASSIST_X,PF-P07-T00-ACTIVITIES-4720,Relying on Current Notice of Disaster Assistance,Relying on Current Notice of Disaster Assistance,F990-PF-PART-07-B-LINE-01B-ii,PF,checkbox,
PF_07_4720_ACT_UNCORRECTED_X,PF_07_4720_ACT_UNCORRECTED_X,PF-P07-T00-ACTIVITIES-4720,Uncorrected Prior Acts?,Uncorrected Prior Acts?,F990-PF-PART-07-B-LINE-01C,PF,checkbox,
PF_07_4720_INCOME_UNDIST_PY_1,PF_07_4720_INCOME_UNDIST_PY_1,PF-P07-T00-ACTIVITIES-4720,Undistributed Income Prior Year 1,Undistributed Income Prior Year 1,F990-PF-PART-07-B-LINE-02A,PF,numeric,
PF_07_4720_INCOME_UNDIST_PY_2,PF_07_4720_INCOME_UNDIST_PY_2,PF-P07-T00-ACTIVITIES-4720,Undistributed Income Prior Year 2,Undistributed Income Prior Year 2,F990-PF-PART-07-B-LINE-02A,PF,numeric,
PF_07_4720_INCOME_UNDIST_PY_3,PF_07_4720_INCOME_UNDIST_PY_3,PF-P07-T00-ACTIVITIES-4720,Undistributed Income Prior Year 3,Undistributed Income Prior Year 3,F990-PF-PART-07-B-LINE-02A,PF,numeric,
PF_07_4720_INCOME_UNDIST_PY_4,PF_07_4720_INCOME_UNDIST_PY_4,PF-P07-T00-ACTIVITIES-4720,Undistributed Income Prior Year 4,Undistributed Income Prior Year 4,F990-PF-PART-07-B-LINE-02A,PF,numeric,
PF_07_4720_INCOME_UNDIST_PY_X,PF_07_4720_INCOME_UNDIST_PY_X,PF-P07-T00-ACTIVITIES-4720,Undistributed Income Prior Years?,Undistributed Income Prior Years?,F990-PF-PART-07-B-LINE-02A,PF,checkbox,
PF_07_4720_INCOME_UNDIST_N_APP_X,PF_07_4720_INCOME_UNDIST_N_APP_X,PF-P07-T00-ACTIVITIES-4720,Undistributed Income 4942(a)(2) Not Applied?,Undistributed Income 4942(a)(2) Not Applied?,F990-PF-PART-07-B-LINE-02B,PF,checkbox,
PF_07_4720_INCOME_UNDIST_APP_Y_1,PF_07_4720_INCOME_UNDIST_APP_Y_1,PF-P07-T00-ACTIVITIES-4720,Undistributed Income 4942(a)(2) Applied Year 1,Undistributed Income 4942(a)(2) Applied Year 1,F990-PF-PART-07-B-LINE-02C,PF,numeric,
PF_07_4720_INCOME_UNDIST_APP_Y_2,PF_07_4720_INCOME_UNDIST_APP_Y_2,PF-P07-T00-ACTIVITIES-4720,Undistributed Income 4942(a)(2) Applied Year 2,Undistributed Income 4942(a)(2) Applied Year 2,F990-PF-PART-07-B-LINE-02C,PF,numeric,
PF_07_4720_INCOME_UNDIST_APP_Y_3,PF_07_4720_INCOME_UNDIST_APP_Y_3,PF-P07-T00-ACTIVITIES-4720,Undistributed Income 4942(a)(2) Applied Year 3,Undistributed Income 4942(a)(2) Applied Year 3,F990-PF-PART-07-B-LINE-02C,PF,numeric,
PF_07_4720_INCOME_UNDIST_APP_Y_4,PF_07_4720_INCOME_UNDIST_APP_Y_4,PF-P07-T00-ACTIVITIES-4720,Undistributed Income 4942(a)(2) Applied Year 4,Undistributed Income 4942(a)(2) Applied Year 4,F990-PF-PART-07-B-LINE-02C,PF,numeric,
PF_07_4720_BIZ_HOLDING_X,PF_07_4720_BIZ_HOLDING_X,PF-P07-T00-ACTIVITIES-4720,Business Holdings?,Business Holdings?,F990-PF-PART-07-B-LINE-03A,PF,checkbox,
PF_07_4720_BIZ_HOLDING_EXCESS_X,PF_07_4720_BIZ_HOLDING_EXCESS_X,PF-P07-T00-ACTIVITIES-4720,Excess Business Holdings?,Excess Business Holdings?,F990-PF-PART-07-B-LINE-03B,PF,checkbox,
PF_07_4720_JEOPARDY_INVEST_X,PF_07_4720_JEOPARDY_INVEST_X,PF-P07-T00-ACTIVITIES-4720,Jeopardy Investments?,Jeopardy Investments?,F990-PF-PART-07-B-LINE-04A,PF,checkbox,
PF_07_4720_INVEST_UNCORRECTED_X,PF_07_4720_INVEST_UNCORRECTED_X,PF-P07-T00-ACTIVITIES-4720,Uncorrected Jeopardy Investments?,Uncorrected Jeopardy Investments?,F990-PF-PART-07-B-LINE-04B,PF,checkbox,
PF_07_4720_PAY_INFLUENCE_LEGIS_X,PF_07_4720_PAY_INFLUENCE_LEGIS_X,PF-P07-T00-ACTIVITIES-4720,Influence Legislation?,Influence Legislation?,F990-PF-PART-07-B-LINE-05A(1),PF,checkbox,
PF_07_4720_PAY_INFLUENCE_ELECT_X,PF_07_4720_PAY_INFLUENCE_ELECT_X,PF-P07-T00-ACTIVITIES-4720,Influence Election?,Influence Election?,F990-PF-PART-07-B-LINE-05A(2),PF,checkbox,
PF_07_4720_PAY_GRANT_INDIV_X,PF_07_4720_PAY_GRANT_INDIV_X,PF-P07-T00-ACTIVITIES-4720,Grants to Individuals?,Grants to Individuals?,F990-PF-PART-07-B-LINE-05A(3),PF,checkbox,
PF_07_4720_PAY_GRANT_ORG_X,PF_07_4720_PAY_GRANT_ORG_X,PF-P07-T00-ACTIVITIES-4720,Grants to Organizations?,Grants to Organizations?,F990-PF-PART-07-B-LINE-05A(4),PF,checkbox,
PF_07_4720_PAY_NOCHARIT_X,PF_07_4720_PAY_NOCHARIT_X,PF-P07-T00-ACTIVITIES-4720,Noncharitable Purpose?,Noncharitable Purpose?,F990-PF-PART-07-B-LINE-05A(5),PF,checkbox,
PF_07_4720_PAY_DISASTER_ASSIST_X,PF_07_4720_PAY_DISASTER_ASSIST_X,PF-P07-T00-ACTIVITIES-4720,Relying on Current Notice of Disaster Assistance,Relying on Current Notice of Disaster Assistance,F990-PF-PART-07-B-LINE-05B,PF,checkbox,
PF_07_4720_PAY_FAIL_EXCEPTION_X,PF_07_4720_PAY_FAIL_EXCEPTION_X,PF-P07-T00-ACTIVITIES-4720,Any Transactions Fail to Qualify as Exceptions?,Any Transactions Fail to Qualify as Exceptions?,F990-PF-PART-07-B-LINE-05B,PF,checkbox,
PF_07_4720_PAY_RESPONSIBILITY_X,PF_07_4720_PAY_RESPONSIBILITY_X,PF-P07-T00-ACTIVITIES-4720,Maintained Expenditure Responsibility?,Maintained Expenditure Responsibility?,F990-PF-PART-07-B-LINE-05C,PF,checkbox,
PF_07_4720_REC_FUND_PAY_X,PF_07_4720_REC_FUND_PAY_X,PF-P07-T00-ACTIVITIES-4720,Receive Funds to Pay Premiums on a Personal Benefit Contract?,Receive Funds to Pay Premiums on a Personal Benefit Contract?,F990-PF-PART-07-B-LINE-06A,PF,checkbox,
PF_07_4720_PAY_PREMIUM_KONTR_X,PF_07_4720_PAY_PREMIUM_KONTR_X,PF-P07-T00-ACTIVITIES-4720,Pay Premiums on a Personal Benefit Contract?,Pay Premiums on a Personal Benefit Contract?,F990-PF-PART-07-B-LINE-06B,PF,checkbox,
PF_07_4720_PTST_X,PF_07_4720_PTST_X,PF-P07-T00-ACTIVITIES-4720,Prohibited Tax Shelter Transaction?,Prohibited Tax Shelter Transaction?,F990-PF-PART-07-B-LINE-07A,PF,checkbox,
PF_07_4720_PTST_PROCEED_X,PF_07_4720_PTST_PROCEED_X,PF-P07-T00-ACTIVITIES-4720,Proceeds Or Net Income?,Proceeds Or Net Income?,F990-PF-PART-07-B-LINE-07B,PF,checkbox,
PF_08_COMP_DTK_ADDR_CITY,PF_08_COMP_DTK_ADDR_CITY,PF-P08-T01-COMPENSATION,City,Foreign Address - City,F990-PF-PART-08-LINE-01-COL-A,PF,text,
PF_08_COMP_DTK_ADDR_CNTR,PF_08_COMP_DTK_ADDR_CNTR,PF-P08-T01-COMPENSATION,Country,Foreign Address - Country,F990-PF-PART-08-LINE-01-COL-A,PF,text,
PF_08_COMP_DTK_ADDR_L1,PF_08_COMP_DTK_ADDR_L1,PF-P08-T01-COMPENSATION,AddressLine1,Foreign Address - AddressLine1,F990-PF-PART-08-LINE-01-COL-A,PF,text,
PF_08_COMP_DTK_ADDR_L2,PF_08_COMP_DTK_ADDR_L2,PF-P08-T01-COMPENSATION,AddressLine2,Foreign Address - AddressLine2,F990-PF-PART-08-LINE-01-COL-A,PF,text,
PF_08_COMP_DTK_ADDR_STATE,PF_08_COMP_DTK_ADDR_STATE,PF-P08-T01-COMPENSATION,Province or state,Province or state,F990-PF-PART-08-LINE-01-COL-A,PF,text,
PF_08_COMP_DTK_ADDR_ZIP,PF_08_COMP_DTK_ADDR_ZIP,PF-P08-T01-COMPENSATION,Postal code,Foreign Address - Postal code,F990-PF-PART-08-LINE-01-COL-A,PF,text,
PF_08_COMP_DTK_NAME_ORG_L1,PF_08_COMP_DTK_NAME_ORG_L1,PF-P08-T01-COMPENSATION,BusinessNameLine1,Business Name - BusinessNameLine1,F990-PF-PART-08-LINE-01-COL-A,PF,text,
PF_08_COMP_DTK_NAME_ORG_L2,PF_08_COMP_DTK_NAME_ORG_L2,PF-P08-T01-COMPENSATION,BusinessNameLine2,Business Name - BusinessNameLine2,F990-PF-PART-08-LINE-01-COL-A,PF,text,
PF_08_COMP_DTK_NAME_PERS,PF_08_COMP_DTK_NAME_PERS,PF-P08-T01-COMPENSATION,Person Name,Ofcr Dir Trustees Or Key Employee - Person Name,F990-PF-PART-08-LINE-01-COL-A,PF,text,
PF_08_COMP_DTK_AVE_HOUR_WEEK,PF_08_COMP_DTK_AVE_HOUR_WEEK,PF-P08-T01-COMPENSATION,Average Hours per week devoted to position,Average Hours per week devoted to position,F990-PF-PART-08-LINE-01-COL-B,PF,numeric,
PF_08_COMP_DTK_TITLE,PF_08_COMP_DTK_TITLE,PF-P08-T01-COMPENSATION,Title,Ofcr Dir Trustees Or Key Employee - Title,F990-PF-PART-08-LINE-01-COL-B,PF,text,
PF_08_COMP_DTK_COMP,PF_08_COMP_DTK_COMP,PF-P08-T01-COMPENSATION,Compensation,Ofcr Dir Trustees Or Key Employee - Compensation,F990-PF-PART-08-LINE-01-COL-C,PF,numeric,
PF_08_COMP_DTK_EMPL_BEN,PF_08_COMP_DTK_EMPL_BEN,PF-P08-T01-COMPENSATION,Contributions to employee benefit plans and deferred compensation,Contributions to employee benefit plans and deferred compensation,F990-PF-PART-08-LINE-01-COL-D,PF,numeric,
PF_08_COMP_DTK_EXP_ACC,PF_08_COMP_DTK_EXP_ACC,PF-P08-T01-COMPENSATION,Expense account and other allowances,Expense account and other allowances,F990-PF-PART-08-LINE-01-COL-E,PF,numeric,
PF_08_COMP_DTK_NONE_HCE,PF_08_COMP_DTK_NONE_HCE,PF-P08-T00-COMPENSATION-HIGHEST,"If there are none; enter ""None""","If there are none; enter ""None""",F990-PF-PART-08-LINE-02,PF,text,
PF_08_COMP_DTK_NUM_GT_50K_HCE,PF_08_COMP_DTK_NUM_GT_50K_HCE,PF-P08-T00-COMPENSATION-HIGHEST,Total number of other employees paid over $50;000,Total number of other employees paid over $50;000,F990-PF-PART-08-LINE-02,PF,numeric,
PF_08_COMP_DTK_ADDR_CITY_HCE,PF_08_COMP_DTK_ADDR_CITY_HCE,PF-P08-T02-COMPENSATION-HIGHEST,City,Foreign Address - City,F990-PF-PART-08-LINE-02-COL-A,PF,text,
PF_08_COMP_DTK_ADDR_CNTR_HCE,PF_08_COMP_DTK_ADDR_CNTR_HCE,PF-P08-T02-COMPENSATION-HIGHEST,Country,Foreign Address - Country,F990-PF-PART-08-LINE-02-COL-A,PF,text,
PF_08_COMP_DTK_ADDR_L1_HCE,PF_08_COMP_DTK_ADDR_L1_HCE,PF-P08-T02-COMPENSATION-HIGHEST,AddressLine1,Foreign Address - AddressLine1,F990-PF-PART-08-LINE-02-COL-A,PF,text,
PF_08_COMP_DTK_ADDR_L2_HCE,PF_08_COMP_DTK_ADDR_L2_HCE,PF-P08-T02-COMPENSATION-HIGHEST,AddressLine2,Foreign Address - AddressLine2,F990-PF-PART-08-LINE-02-COL-A,PF,text,
PF_08_COMP_DTK_ADDR_STATE_HCE,PF_08_COMP_DTK_ADDR_STATE_HCE,PF-P08-T02-COMPENSATION-HIGHEST,Province or state,Province or state,F990-PF-PART-08-LINE-02-COL-A,PF,text,
PF_08_COMP_DTK_ADDR_ZIP_HCE,PF_08_COMP_DTK_ADDR_ZIP_HCE,PF-P08-T02-COMPENSATION-HIGHEST,Postal code,Foreign Address - Postal code,F990-PF-PART-08-LINE-02-COL-A,PF,text,
PF_08_COMP_DTK_NAME_ORG_L1_HCE,PF_08_COMP_DTK_NAME_ORG_L1_HCE,PF-P08-T02-COMPENSATION-HIGHEST,BusinessNameLine1,Business Name - BusinessNameLine1,F990-PF-PART-08-LINE-02-COL-A,PF,text,
PF_08_COMP_DTK_NAME_ORG_L2_HCE,PF_08_COMP_DTK_NAME_ORG_L2_HCE,PF-P08-T02-COMPENSATION-HIGHEST,BusinessNameLine2,Business Name - BusinessNameLine2,F990-PF-PART-08-LINE-02-COL-A,PF,text,
PF_08_COMP_DTK_NAME_PERS_HCE,PF_08_COMP_DTK_NAME_PERS_HCE,PF-P08-T02-COMPENSATION-HIGHEST,Highest paid employee's name,Highest paid employee's name,F990-PF-PART-08-LINE-02-COL-A,PF,text,
PF_08_COMP_DTK_AVE_HOUR_WEEK_HCE,PF_08_COMP_DTK_AVE_HOUR_WEEK_HCE,PF-P08-T02-COMPENSATION-HIGHEST,Average hours per week,Average hours per week,F990-PF-PART-08-LINE-02-COL-B,PF,numeric,
PF_08_COMP_DTK_TITLE_HCE,PF_08_COMP_DTK_TITLE_HCE,PF-P08-T02-COMPENSATION-HIGHEST,Title,Compensation Highest Paid Empl Grp - Title,F990-PF-PART-08-LINE-02-COL-B,PF,text,
PF_08_COMP_DTK_COMP_HCE,PF_08_COMP_DTK_COMP_HCE,PF-P08-T02-COMPENSATION-HIGHEST,Compensation,Compensation Highest Paid Empl Grp - Compensation,F990-PF-PART-08-LINE-02-COL-C,PF,numeric,
PF_08_COMP_DTK_EMPL_BEN_HCE,PF_08_COMP_DTK_EMPL_BEN_HCE,PF-P08-T02-COMPENSATION-HIGHEST,Employee benefits,Employee benefits,F990-PF-PART-08-LINE-02-COL-D,PF,numeric,
PF_08_COMP_DTK_EXP_ACC_HCE,PF_08_COMP_DTK_EXP_ACC_HCE,PF-P08-T02-COMPENSATION-HIGHEST,Expense Account,Expense Account,F990-PF-PART-08-LINE-02-COL-E,PF,numeric,
PF_08_COMP_KONTR_NONE,PF_08_COMP_KONTR_NONE,PF-P08-T00-COMPENSATION-CONTRACTORS,"If there are none; enter ""None""","If there are none; enter ""None""",F990-PF-PART-08-LINE-03,PF,text,
PF_08_COMP_KONTR_NUM_GT_50K,PF_08_COMP_KONTR_NUM_GT_50K,PF-P08-T00-COMPENSATION-CONTRACTORS,Total number of other contractors paid over $50;000,Total number of other contractors paid over $50;000,F990-PF-PART-08-LINE-03,PF,numeric,
PF_08_COMP_KONTR_ADDR_CITY,PF_08_COMP_KONTR_ADDR_CITY,PF-P08-T03-COMPENSATION-CONTRACTORS,City,Foreign Address - City,F990-PF-PART-08-LINE-03-COL-A,PF,text,
PF_08_COMP_KONTR_ADDR_CNTR,PF_08_COMP_KONTR_ADDR_CNTR,PF-P08-T03-COMPENSATION-CONTRACTORS,Country,Foreign Address - Country,F990-PF-PART-08-LINE-03-COL-A,PF,text,
PF_08_COMP_KONTR_ADDR_L1,PF_08_COMP_KONTR_ADDR_L1,PF-P08-T03-COMPENSATION-CONTRACTORS,AddressLine1,Foreign Address - AddressLine1,F990-PF-PART-08-LINE-03-COL-A,PF,text,
PF_08_COMP_KONTR_ADDR_L2,PF_08_COMP_KONTR_ADDR_L2,PF-P08-T03-COMPENSATION-CONTRACTORS,AddressLine2,Foreign Address - AddressLine2,F990-PF-PART-08-LINE-03-COL-A,PF,text,
PF_08_COMP_KONTR_ADDR_STATE,PF_08_COMP_KONTR_ADDR_STATE,PF-P08-T03-COMPENSATION-CONTRACTORS,Province or state,Province or state,F990-PF-PART-08-LINE-03-COL-A,PF,text,
PF_08_COMP_KONTR_ADDR_ZIP,PF_08_COMP_KONTR_ADDR_ZIP,PF-P08-T03-COMPENSATION-CONTRACTORS,Postal code,Foreign Address - Postal code,F990-PF-PART-08-LINE-03-COL-A,PF,text,
PF_08_COMP_KONTR_NAME_ORG_L1,PF_08_COMP_KONTR_NAME_ORG_L1,PF-P08-T03-COMPENSATION-CONTRACTORS,BusinessNameLine1,Business Name - BusinessNameLine1,F990-PF-PART-08-LINE-03-COL-A,PF,text,
PF_08_COMP_KONTR_NAME_ORG_L2,PF_08_COMP_KONTR_NAME_ORG_L2,PF-P08-T03-COMPENSATION-CONTRACTORS,BusinessNameLine2,Business Name - BusinessNameLine2,F990-PF-PART-08-LINE-03-COL-A,PF,text,
PF_08_COMP_KONTR_NAME_PERS,PF_08_COMP_KONTR_NAME_PERS,PF-P08-T03-COMPENSATION-CONTRACTORS,Person,Highest paid contractor's name - Person,F990-PF-PART-08-LINE-03-COL-A,PF,text,
PF_08_COMP_KONTR_TYPE_SVC,PF_08_COMP_KONTR_TYPE_SVC,PF-P08-T03-COMPENSATION-CONTRACTORS,Type of service,Type of service,F990-PF-PART-08-LINE-03-COL-B,PF,text,
PF_08_COMP_KONTR_COMP,PF_08_COMP_KONTR_COMP,PF-P08-T03-COMPENSATION-CONTRACTORS,Compensation,Compensation Of Hghst Paid Cntrct - Compensation,F990-PF-PART-08-LINE-03-COL-C,PF,numeric,
PF_09_PROG_RLTD_INVEST_DESC_1,PF_09_PROG_RLTD_INVEST_DESC_1,PF-P09-T02-PROG-RELATED-INVESTMENTS,Description 1,Sum Of Program Related Investments - Description 1,F990-PF-PART-09-B-LINE-01-03-COL-01,PF,text,
PF_09_PROG_RLTD_INVEST_DESC_2,PF_09_PROG_RLTD_INVEST_DESC_2,PF-P09-T02-PROG-RELATED-INVESTMENTS,Description 2,Sum Of Program Related Investments - Description 2,F990-PF-PART-09-B-LINE-01-03-COL-01,PF,text,
PF_09_PROG_RLTD_INVEST_AMT_1,PF_09_PROG_RLTD_INVEST_AMT_1,PF-P09-T02-PROG-RELATED-INVESTMENTS,Amount 1,Sum Of Program Related Investments - Amount 1,F990-PF-PART-09-B-LINE-01-03-COL-02,PF,numeric,
PF_09_PROG_RLTD_INVEST_AMT_2,PF_09_PROG_RLTD_INVEST_AMT_2,PF-P09-T02-PROG-RELATED-INVESTMENTS,Amount 2,Sum Of Program Related Investments - Amount 2,F990-PF-PART-09-B-LINE-01-03-COL-02,PF,numeric,
PF_09_PROG_RLTD_INVEST_AMT_3,PF_09_PROG_RLTD_INVEST_AMT_3,PF-P09-T02-PROG-RELATED-INVESTMENTS,All Other Program-Related Investments Total,All Other Program-Related Investments Total,F990-PF-PART-09-B-LINE-01-03-COL-02,PF,numeric,
PF_09_PROG_RLTD_INVEST_AMT_TOT,PF_09_PROG_RLTD_INVEST_AMT_TOT,PF-P09-T00-PROG-RELATED-INVESTMENTS,Total,Sum Of Program Related Investments - Total,F990-PF-PART-09-B-LINE-01-03-COL-02-TOT,PF,numeric,
PF_10_FMV_ASSET_NOCHARIT_SEC,PF_10_FMV_ASSET_NOCHARIT_SEC,PF-P10-T00-MINIMUM-INVESTMENT-RETURN,Average Monthly FMV of Securities,Average Monthly FMV of Securities,F990-PF-PART-10-LINE-01A,PF,numeric,
PF_10_FMV_ASSET_NOCHARIT_CASH,PF_10_FMV_ASSET_NOCHARIT_CASH,PF-P10-T00-MINIMUM-INVESTMENT-RETURN,Average Monthly Cash Balances,Average Monthly Cash Balances,F990-PF-PART-10-LINE-01B,PF,numeric,
PF_10_FMV_ASSET_NOCHARIT_OTH,PF_10_FMV_ASSET_NOCHARIT_OTH,PF-P10-T00-MINIMUM-INVESTMENT-RETURN,FMV of All Other Noncharitable Assets,FMV of All Other Noncharitable Assets,F990-PF-PART-10-LINE-01C,PF,numeric,
PF_10_FMV_ASSET_NOCHARIT_TOT,PF_10_FMV_ASSET_NOCHARIT_TOT,PF-P10-T00-MINIMUM-INVESTMENT-RETURN,Total FMV of Unused Assets,Total FMV of Unused Assets,F990-PF-PART-10-LINE-01D,PF,numeric,
PF_10_FMV_ASSET_NOCHARIT_REDUCT,PF_10_FMV_ASSET_NOCHARIT_REDUCT,PF-P10-T00-MINIMUM-INVESTMENT-RETURN,Reduction Claimed,Reduction Claimed,F990-PF-PART-10-LINE-01E,PF,numeric,
PF_10_FMV_ASSET_ACQUISITION,PF_10_FMV_ASSET_ACQUISITION,PF-P10-T00-MINIMUM-INVESTMENT-RETURN,Acquisition Indebtedness,Acquisition Indebtedness,F990-PF-PART-10-LINE-02,PF,numeric,
PF_10_FMV_ASSET_NOCHARIT_TOT_ADJ,PF_10_FMV_ASSET_NOCHARIT_TOT_ADJ,PF-P10-T00-MINIMUM-INVESTMENT-RETURN,Adjusted Total FMV of Unused Assets (subtract line 2 from line 1d),Adjusted Total FMV of Unused Assets (subtract line 2 from line 1d),F990-PF-PART-10-LINE-03,PF,numeric,
PF_10_CASH_DEEMED_CHARIT,PF_10_CASH_DEEMED_CHARIT,PF-P10-T00-MINIMUM-INVESTMENT-RETURN,Cash Deemed Charitable,Cash Deemed Charitable,F990-PF-PART-10-LINE-04,PF,numeric,
PF_10_ASSET_NOCHARIT_NET,PF_10_ASSET_NOCHARIT_NET,PF-P10-T00-MINIMUM-INVESTMENT-RETURN,Net Noncharitable Assets,Net Noncharitable Assets,F990-PF-PART-10-LINE-05,PF,numeric,
PF_10_INVEST_RETURN_MINIMUM,PF_10_INVEST_RETURN_MINIMUM,PF-P10-T00-MINIMUM-INVESTMENT-RETURN,Minimum Investment Return,Minimum Investment Return,F990-PF-PART-10-LINE-06,PF,numeric,
PF_11_4942J3J5_POF_FRGN_X,PF_11_4942J3J5_POF_FRGN_X,PF-P11-T00-DISTRIBUTABLE-AMOUNT,Section 4942(j)(3)&(j)(5) Private Operating Foundations and Certain Foreign Organizations,Section 4942(j)(3)&(j)(5) Private Operating Foundations and Certain Foreign Organizations,F990-PF-PART-11-LINE-00,HD,checkbox,
PF_11_INVEST_RETURN_MINIMUM,PF_11_INVEST_RETURN_MINIMUM,PF-P11-T00-DISTRIBUTABLE-AMOUNT,Minimum Investment Return,Minimum Investment Return,F990-PF-PART-11-LINE-01,PF,numeric,
PF_11_TAX_INVEST_INCOME,PF_11_TAX_INVEST_INCOME,PF-P11-T00-DISTRIBUTABLE-AMOUNT,Tax Based on Investment Income,Tax Based on Investment Income,F990-PF-PART-11-LINE-02A,PF,numeric,
PF_11_TAX_INCOME_CY,PF_11_TAX_INCOME_CY,PF-P11-T00-DISTRIBUTABLE-AMOUNT,Income Tax for This Year,Income Tax for This Year,F990-PF-PART-11-LINE-02B,PF,numeric,
PF_11_TAX_TOT,PF_11_TAX_TOT,PF-P11-T00-DISTRIBUTABLE-AMOUNT,Total Tax (add lines 2a and 2b),Total Tax (add lines 2a and 2b),F990-PF-PART-11-LINE-02C,PF,numeric,
PF_11_DIST_AMT_BEFORE_ADJ,PF_11_DIST_AMT_BEFORE_ADJ,PF-P11-T00-DISTRIBUTABLE-AMOUNT,Distributable Amount Before Adjustments,Distributable Amount Before Adjustments,F990-PF-PART-11-LINE-03,PF,numeric,
PF_11_RECOVERIES_DIST_QUAL,PF_11_RECOVERIES_DIST_QUAL,PF-P11-T00-DISTRIBUTABLE-AMOUNT,Recoveries of Qualified Distributions,Recoveries of Qualified Distributions,F990-PF-PART-11-LINE-04,PF,numeric,
PF_11_DIST_AMT_BEFORE_DEDUCT,PF_11_DIST_AMT_BEFORE_DEDUCT,PF-P11-T00-DISTRIBUTABLE-AMOUNT,Distributable Amount Before Deduction (add lines 3 and 4),Distributable Amount Before Deduction (add lines 3 and 4),F990-PF-PART-11-LINE-05,PF,numeric,
PF_11_DEDUCT_DIST_AMT,PF_11_DEDUCT_DIST_AMT,PF-P11-T00-DISTRIBUTABLE-AMOUNT,Deduction from Distributable Amount,Deduction from Distributable Amount,F990-PF-PART-11-LINE-06,PF,numeric,
PF_11_DIST_AMT_ADJ,PF_11_DIST_AMT_ADJ,PF-P11-T00-DISTRIBUTABLE-AMOUNT,Distributable Amount as Adjusted,Distributable Amount as Adjusted,F990-PF-PART-11-LINE-07,PF,numeric,
PF_12_AMT_CHARIT_EXP_TOT,PF_12_AMT_CHARIT_EXP_TOT,PF-P12-T00-QUALIFYING-DISTRIBUTIONS,Expenses and Contributions,Expenses and Contributions,F990-PF-PART-12-LINE-01A,PF,numeric,
PF_12_AMT_CHARIT_PROG_RLTD_TOT,PF_12_AMT_CHARIT_PROG_RLTD_TOT,PF-P12-T00-QUALIFYING-DISTRIBUTIONS,Program Related Investments Total,Program Related Investments Total,F990-PF-PART-12-LINE-01B,PF,numeric,
PF_12_AMT_PAID_CHARIT_ASSET,PF_12_AMT_PAID_CHARIT_ASSET,PF-P12-T00-QUALIFYING-DISTRIBUTIONS,Amounts Paid to Acquire Charitable Assets,Amounts Paid to Acquire Charitable Assets,F990-PF-PART-12-LINE-02,PF,numeric,
PF_12_AMT_SET_ASIDE_SUITABILITY,PF_12_AMT_SET_ASIDE_SUITABILITY,PF-P12-T00-QUALIFYING-DISTRIBUTIONS,Suitability Test,Amounts Set Aside - Suitability Test,F990-PF-PART-12-LINE-03A,PF,numeric,
PF_12_AMT_SET_ASIDE_CASH_DIST,PF_12_AMT_SET_ASIDE_CASH_DIST,PF-P12-T00-QUALIFYING-DISTRIBUTIONS,Cash Distribution Test,Amounts Set Aside - Cash Distribution Test,F990-PF-PART-12-LINE-03B,PF,numeric,
PF_12_DIST_QUAL,PF_12_DIST_QUAL,PF-P12-T00-QUALIFYING-DISTRIBUTIONS,Qualifying Distributions,Qualifying Distributions,F990-PF-PART-12-LINE-04,PF,numeric,
PF_12_4940E_INVEST_NET_1PCT,PF_12_4940E_INVEST_NET_1PCT,PF-P12-T00-QUALIFYING-DISTRIBUTIONS,1% of Section 4940(e) Organizations Net Investment Income,1% of Section 4940(e) Organizations Net Investment Income,F990-PF-PART-12-LINE-05,PF,numeric,
PF_12_DIST_QUAL_ADJ,PF_12_DIST_QUAL_ADJ,PF-P12-T00-QUALIFYING-DISTRIBUTIONS,Adjusted Qualifying Distributions,Adjusted Qualifying Distributions,F990-PF-PART-12-LINE-06,PF,numeric,
PF_13_DIST_AMT_ADJ_CY,PF_13_DIST_AMT_ADJ_CY,PF-P13-T00-UNDISTRIBUTED-INCOME,Distributable Amount as Adjusted,Distributable Amount as Adjusted,F990-PF-PART-13-LINE-01-COL-D,PF,numeric,
PF_13_UNDIST_INCOME_PY,PF_13_UNDIST_INCOME_PY,PF-P13-T00-UNDISTRIBUTED-INCOME,Undistributed Income Prior Year,Undistributed Income Prior Year,F990-PF-PART-13-LINE-02A-COL-C,PF,numeric,
PF_13_UNDIST_INCOME_PY_1,PF_13_UNDIST_INCOME_PY_1,PF-P13-T00-UNDISTRIBUTED-INCOME,Prior Year 1,Undistributed Income - Prior Year 1,F990-PF-PART-13-LINE-02B,PF,numeric,
PF_13_UNDIST_INCOME_PY_2,PF_13_UNDIST_INCOME_PY_2,PF-P13-T00-UNDISTRIBUTED-INCOME,Prior Year 2,Undistributed Income - Prior Year 2,F990-PF-PART-13-LINE-02B,PF,numeric,
PF_13_UNDIST_INCOME_PY_3,PF_13_UNDIST_INCOME_PY_3,PF-P13-T00-UNDISTRIBUTED-INCOME,Prior Year 3,Undistributed Income - Prior Year 3,F990-PF-PART-13-LINE-02B,PF,numeric,
PF_13_UNDIST_INCOME_PYZ_TOT,PF_13_UNDIST_INCOME_PYZ_TOT,PF-P13-T00-UNDISTRIBUTED-INCOME,Total for Prior Years,Total for Prior Years,F990-PF-PART-13-LINE-02B-COL-B,PF,numeric,
PF_13_EXCESS_DIST_CY_M5,PF_13_EXCESS_DIST_CY_M5,PF-P13-T00-UNDISTRIBUTED-INCOME,Year 5,Excess Distributions Carryover - Year 5,F990-PF-PART-13-LINE-03A,PF,numeric,
PF_13_EXCESS_DIST_CY_M4,PF_13_EXCESS_DIST_CY_M4,PF-P13-T00-UNDISTRIBUTED-INCOME,Year 4,Excess Distributions Carryover - Year 4,F990-PF-PART-13-LINE-03B,PF,numeric,
PF_13_EXCESS_DIST_CY_M3,PF_13_EXCESS_DIST_CY_M3,PF-P13-T00-UNDISTRIBUTED-INCOME,Year 3,Excess Distributions Carryover - Year 3,F990-PF-PART-13-LINE-03C,PF,numeric,
PF_13_EXCESS_DIST_CY_M2,PF_13_EXCESS_DIST_CY_M2,PF-P13-T00-UNDISTRIBUTED-INCOME,Year 2,Excess Distributions Carryover - Year 2,F990-PF-PART-13-LINE-03D,PF,numeric,
PF_13_EXCESS_DIST_CY_M1,PF_13_EXCESS_DIST_CY_M1,PF-P13-T00-UNDISTRIBUTED-INCOME,Year 1,Excess Distributions Carryover - Year 1,F990-PF-PART-13-LINE-03E,PF,numeric,
PF_13_EXCESS_DIST_PYZ_TOT,PF_13_EXCESS_DIST_PYZ_TOT,PF-P13-T00-UNDISTRIBUTED-INCOME,TotalExcessDistriCarryover,Undistributed Income - TotalExcessDistriCarryover,F990-PF-PART-13-LINE-03F-COL-A,PF,numeric,
PF_13_DIST_QUAL,PF_13_DIST_QUAL,PF-P13-T00-UNDISTRIBUTED-INCOME,Qualifying Distributions,Qualifying Distributions,F990-PF-PART-13-LINE-04,PF,numeric,
PF_13_DIST_QUAL_APP_PY,PF_13_DIST_QUAL_APP_PY,PF-P13-T00-UNDISTRIBUTED-INCOME,Applied to Year 1,Applied to Year 1,F990-PF-PART-13-LINE-04A-COL-C,PF,numeric,
PF_13_DIST_QUAL_APP_PYZ_TOT,PF_13_DIST_QUAL_APP_PYZ_TOT,PF-P13-T00-UNDISTRIBUTED-INCOME,Applied to Prior Years,Applied to Prior Years,F990-PF-PART-13-LINE-04B-COL-B,PF,numeric,
PF_13_DIST_QUAL_APP_CORPUS,PF_13_DIST_QUAL_APP_CORPUS,PF-P13-T00-UNDISTRIBUTED-INCOME,Treated as Distribution from Corpus,Treated as Distribution from Corpus,F990-PF-PART-13-LINE-04C-COL-A,PF,numeric,
PF_13_DIST_QUAL_APP_CY,PF_13_DIST_QUAL_APP_CY,PF-P13-T00-UNDISTRIBUTED-INCOME,Applied to Current Year,Applied to Current Year,F990-PF-PART-13-LINE-04D-COL-D,PF,numeric,
PF_13_DIST_QUAL_REMAIN_CORPUS,PF_13_DIST_QUAL_REMAIN_CORPUS,PF-P13-T00-UNDISTRIBUTED-INCOME,Remaining Amount Distributed from Corpus,Remaining Amount Distributed from Corpus,F990-PF-PART-13-LINE-04E-COL-A,PF,numeric,
PF_13_EXCESS_DIST_APP_CY_CORPUS,PF_13_EXCESS_DIST_APP_CY_CORPUS,PF-P13-T00-UNDISTRIBUTED-INCOME,Corpus,Excess Distributions Carryover Applied to Current Year - Corpus,F990-PF-PART-13-LINE-05-COL-A,PF,numeric,
PF_13_EXCESS_DIST_APP_CY,PF_13_EXCESS_DIST_APP_CY,PF-P13-T00-UNDISTRIBUTED-INCOME,Excess Distributions Carryover Applied to Current Year,Excess Distributions Carryover Applied to Current Year,F990-PF-PART-13-LINE-05-COL-D,PF,numeric,
PF_13_UNDIST_INCOME_CORPUS_TOT,PF_13_UNDIST_INCOME_CORPUS_TOT,PF-P13-T00-UNDISTRIBUTED-INCOME,Total Corpus,Undistributed Income - Total Corpus,F990-PF-PART-13-LINE-06A-COL-A,PF,numeric,
PF_13_UNDIST_INCOME_PYZ_TAX,PF_13_UNDIST_INCOME_PYZ_TAX,PF-P13-T00-UNDISTRIBUTED-INCOME,Prior Year's Deficiency or Tax,Prior Year's Deficiency or Tax,F990-PF-PART-13-LINE-06C-COL-B,PF,numeric,
PF_13_UNDIST_INCOME_TAX_PYZ_TOT,PF_13_UNDIST_INCOME_TAX_PYZ_TOT,PF-P13-T00-UNDISTRIBUTED-INCOME,Taxable Amount 1,Taxable Amount 1,F990-PF-PART-13-LINE-06D-COL-B,PF,numeric,
PF_13_UNDIST_INCOME_TAX_PY,PF_13_UNDIST_INCOME_TAX_PY,PF-P13-T00-UNDISTRIBUTED-INCOME,Taxable Amount 2,Taxable Amount 2,F990-PF-PART-13-LINE-06E-COL-C,PF,numeric,
PF_13_UNDIST_INCOME_CY,PF_13_UNDIST_INCOME_CY,PF-P13-T00-UNDISTRIBUTED-INCOME,Undistributed Income for Current Year,Undistributed Income for Current Year,F990-PF-PART-13-LINE-06F-COL-D,PF,numeric,
PF_13_DIST_TREATED_CORPUS,PF_13_DIST_TREATED_CORPUS,PF-P13-T00-UNDISTRIBUTED-INCOME,Treated as Distribution from Corpus to Satisfy Requirements Imposed by Section 170(b)(1)(E) or 4942(g)(3),Treated as Distribution from Corpus to Satisfy Requirements Imposed by Section 170(b)(1)(E) or 4942(g)(3),F990-PF-PART-13-LINE-07-COL-A,PF,numeric,
PF_13_EXCESS_DIST_FROM_CY_M5,PF_13_EXCESS_DIST_FROM_CY_M5,PF-P13-T00-UNDISTRIBUTED-INCOME,Excess Distribution Carryover from Year 5,Excess Distribution Carryover from Year 5,F990-PF-PART-13-LINE-08-COL-A,PF,numeric,
PF_13_EXCESS_DIST_NY,PF_13_EXCESS_DIST_NY,PF-P13-T00-UNDISTRIBUTED-INCOME,Excess Distribution Carryover to Next Year,Excess Distribution Carryover to Next Year,F990-PF-PART-13-LINE-09-COL-A,PF,numeric,
PF_13_EXCESS_DIST_FROM_CY_M4,PF_13_EXCESS_DIST_FROM_CY_M4,PF-P13-T00-UNDISTRIBUTED-INCOME,Excess from Year 4,Excess from Year 4,F990-PF-PART-13-LINE-10A,PF,numeric,
PF_13_EXCESS_DIST_FROM_CY_M3,PF_13_EXCESS_DIST_FROM_CY_M3,PF-P13-T00-UNDISTRIBUTED-INCOME,Excess from Year 3,Excess from Year 3,F990-PF-PART-13-LINE-10B,PF,numeric,
PF_13_EXCESS_DIST_FROM_CY_M2,PF_13_EXCESS_DIST_FROM_CY_M2,PF-P13-T00-UNDISTRIBUTED-INCOME,Excess from Year 2,Excess from Year 2,F990-PF-PART-13-LINE-10C,PF,numeric,
PF_13_EXCESS_DIST_FROM_CY_M1,PF_13_EXCESS_DIST_FROM_CY_M1,PF-P13-T00-UNDISTRIBUTED-INCOME,Excess from Year 1,Excess from Year 1,F990-PF-PART-13-LINE-10D,PF,numeric,
PF_13_EXCESS_DIST_FROM_CY,PF_13_EXCESS_DIST_FROM_CY,PF-P13-T00-UNDISTRIBUTED-INCOME,Excess from Current Year,Excess from Current Year,F990-PF-PART-13-LINE-10E,PF,numeric,
PF_14_POF_DATE_RULING,PF_14_POF_DATE_RULING,PF-P14-T00-PRIVATE-OPERATING-FOUNDATIONS,Date of Ruling,Date of Ruling,F990-PF-PART-14-LINE-01A,PF,date,
PF_14_POF_4942J3_X,PF_14_POF_4942J3_X,PF-P14-T00-PRIVATE-OPERATING-FOUNDATIONS,Section 4942(j)(3),Section 4942(j)(3),F990-PF-PART-14-LINE-01B,PF,checkbox,
PF_14_POF_4942J5_X,PF_14_POF_4942J5_X,PF-P14-T00-PRIVATE-OPERATING-FOUNDATIONS,Section 4942(j)(5),Section 4942(j)(5),F990-PF-PART-14-LINE-01B,PF,checkbox,
PF_14_POF_LESSOR_ADJ_NET_CY,PF_14_POF_LESSOR_ADJ_NET_CY,PF-P14-T00-PRIVATE-OPERATING-FOUNDATIONS,Current Year,Lessor Adj Net Incm Min Invst Return - Current Year,F990-PF-PART-14-LINE-02A-COL-A,PF,numeric,
PF_14_POF_LESSOR_ADJ_NET_CY_M1,PF_14_POF_LESSOR_ADJ_NET_CY_M1,PF-P14-T00-PRIVATE-OPERATING-FOUNDATIONS,Year 1,Lessor Adj Net Incm Min Invst Return - Year 1,F990-PF-PART-14-LINE-02A-COL-B,PF,numeric,
PF_14_POF_LESSOR_ADJ_NET_CY_M2,PF_14_POF_LESSOR_ADJ_NET_CY_M2,PF-P14-T00-PRIVATE-OPERATING-FOUNDATIONS,Year 2,Lessor Adj Net Incm Min Invst Return - Year 2,F990-PF-PART-14-LINE-02A-COL-C,PF,numeric,
PF_14_POF_LESSOR_ADJ_NET_CY_M3,PF_14_POF_LESSOR_ADJ_NET_CY_M3,PF-P14-T00-PRIVATE-OPERATING-FOUNDATIONS,Year 3,Lessor Adj Net Incm Min Invst Return - Year 3,F990-PF-PART-14-LINE-02A-COL-D,PF,numeric,
PF_14_POF_LESSOR_ADJ_NET_TOT,PF_14_POF_LESSOR_ADJ_NET_TOT,PF-P14-T00-PRIVATE-OPERATING-FOUNDATIONS,Total,Lessor Adj Net Incm Min Invst Return - Total,F990-PF-PART-14-LINE-02A-COL-E,PF,numeric,
PF_14_POF_LESSOR_85PCT_CY,PF_14_POF_LESSOR_85PCT_CY,PF-P14-T00-PRIVATE-OPERATING-FOUNDATIONS,Current Year,Percent85 Of Lessor - Current Year,F990-PF-PART-14-LINE-02B-COL-A,PF,numeric,
PF_14_POF_LESSOR_85PCT_CY_M1,PF_14_POF_LESSOR_85PCT_CY_M1,PF-P14-T00-PRIVATE-OPERATING-FOUNDATIONS,Year 1,Percent85 Of Lessor - Year 1,F990-PF-PART-14-LINE-02B-COL-B,PF,numeric,
PF_14_POF_LESSOR_85PCT_CY_M2,PF_14_POF_LESSOR_85PCT_CY_M2,PF-P14-T00-PRIVATE-OPERATING-FOUNDATIONS,Year 2,Percent85 Of Lessor - Year 2,F990-PF-PART-14-LINE-02B-COL-C,PF,numeric,
PF_14_POF_LESSOR_85PCT_CY_M3,PF_14_POF_LESSOR_85PCT_CY_M3,PF-P14-T00-PRIVATE-OPERATING-FOUNDATIONS,Year 3,Percent85 Of Lessor - Year 3,F990-PF-PART-14-LINE-02B-COL-D,PF,numeric,
PF_14_POF_LESSOR_85PCT_TOT,PF_14_POF_LESSOR_85PCT_TOT,PF-P14-T00-PRIVATE-OPERATING-FOUNDATIONS,Total,Percent85 Of Lessor - Total,F990-PF-PART-14-LINE-02B-COL-E,PF,numeric,
PF_14_POF_DIST_QUAL_CY,PF_14_POF_DIST_QUAL_CY,PF-P14-T00-PRIVATE-OPERATING-FOUNDATIONS,Current Year,Qualifying Distributions Grp - Current Year,F990-PF-PART-14-LINE-02C-COL-A,PF,numeric,
PF_14_POF_DIST_QUAL_CY_M1,PF_14_POF_DIST_QUAL_CY_M1,PF-P14-T00-PRIVATE-OPERATING-FOUNDATIONS,Year 1,Qualifying Distributions Grp - Year 1,F990-PF-PART-14-LINE-02C-COL-B,PF,numeric,
PF_14_POF_DIST_QUAL_CY_M2,PF_14_POF_DIST_QUAL_CY_M2,PF-P14-T00-PRIVATE-OPERATING-FOUNDATIONS,Year 2,Qualifying Distributions Grp - Year 2,F990-PF-PART-14-LINE-02C-COL-C,PF,numeric,
PF_14_POF_DIST_QUAL_CY_M3,PF_14_POF_DIST_QUAL_CY_M3,PF-P14-T00-PRIVATE-OPERATING-FOUNDATIONS,Year 3,Qualifying Distributions Grp - Year 3,F990-PF-PART-14-LINE-02C-COL-D,PF,numeric,
PF_14_POF_DIST_QUAL_TOT,PF_14_POF_DIST_QUAL_TOT,PF-P14-T00-PRIVATE-OPERATING-FOUNDATIONS,Total,Qualifying Distributions Grp - Total,F990-PF-PART-14-LINE-02C-COL-E,PF,numeric,
PF_14_POF_DIST_QUAL_UNUSED_CY,PF_14_POF_DIST_QUAL_UNUSED_CY,PF-P14-T00-PRIVATE-OPERATING-FOUNDATIONS,Current Year,Qlfy Distri Not Used Directly - Current Year,F990-PF-PART-14-LINE-02D-COL-A,PF,numeric,
PF_14_POF_DIST_QUAL_UNUSED_CY_M1,PF_14_POF_DIST_QUAL_UNUSED_CY_M1,PF-P14-T00-PRIVATE-OPERATING-FOUNDATIONS,Year 1,Qlfy Distri Not Used Directly - Year 1,F990-PF-PART-14-LINE-02D-COL-B,PF,numeric,
PF_14_POF_DIST_QUAL_UNUSED_CY_M2,PF_14_POF_DIST_QUAL_UNUSED_CY_M2,PF-P14-T00-PRIVATE-OPERATING-FOUNDATIONS,Year 2,Qlfy Distri Not Used Directly - Year 2,F990-PF-PART-14-LINE-02D-COL-C,PF,numeric,
PF_14_POF_DIST_QUAL_UNUSED_CY_M3,PF_14_POF_DIST_QUAL_UNUSED_CY_M3,PF-P14-T00-PRIVATE-OPERATING-FOUNDATIONS,Year 3,Qlfy Distri Not Used Directly - Year 3,F990-PF-PART-14-LINE-02D-COL-D,PF,numeric,
PF_14_POF_DIST_QUAL_UNUSED_TOT,PF_14_POF_DIST_QUAL_UNUSED_TOT,PF-P14-T00-PRIVATE-OPERATING-FOUNDATIONS,Total,Qlfy Distri Not Used Directly - Total,F990-PF-PART-14-LINE-02D-COL-E,PF,numeric,
PF_14_POF_DIST_QUAL_MADE_CY,PF_14_POF_DIST_QUAL_MADE_CY,PF-P14-T00-PRIVATE-OPERATING-FOUNDATIONS,Current Year,Qlfy Distri Made Directly - Current Year,F990-PF-PART-14-LINE-02E-COL-A,PF,numeric,
PF_14_POF_DIST_QUAL_MADE_CY_M1,PF_14_POF_DIST_QUAL_MADE_CY_M1,PF-P14-T00-PRIVATE-OPERATING-FOUNDATIONS,Year 1,Qlfy Distri Made Directly - Year 1,F990-PF-PART-14-LINE-02E-COL-B,PF,numeric,
PF_14_POF_DIST_QUAL_MADE_CY_M2,PF_14_POF_DIST_QUAL_MADE_CY_M2,PF-P14-T00-PRIVATE-OPERATING-FOUNDATIONS,Year 2,Qlfy Distri Made Directly - Year 2,F990-PF-PART-14-LINE-02E-COL-C,PF,numeric,
PF_14_POF_DIST_QUAL_MADE_CY_M3,PF_14_POF_DIST_QUAL_MADE_CY_M3,PF-P14-T00-PRIVATE-OPERATING-FOUNDATIONS,Year 3,Qlfy Distri Made Directly - Year 3,F990-PF-PART-14-LINE-02E-COL-D,PF,numeric,
PF_14_POF_DIST_QUAL_MADE_TOT,PF_14_POF_DIST_QUAL_MADE_TOT,PF-P14-T00-PRIVATE-OPERATING-FOUNDATIONS,Total,Qlfy Distri Made Directly - Total,F990-PF-PART-14-LINE-02E-COL-E,PF,numeric,
PF_14_POF_ASSET_TOT_CY,PF_14_POF_ASSET_TOT_CY,PF-P14-T00-PRIVATE-OPERATING-FOUNDATIONS,Current Year,Total Assets - Current Year,F990-PF-PART-14-LINE-03A(1)-COL-A,PF,numeric,
PF_14_POF_ASSET_TOT_CY_M1,PF_14_POF_ASSET_TOT_CY_M1,PF-P14-T00-PRIVATE-OPERATING-FOUNDATIONS,Year 1,Total Assets - Year 1,F990-PF-PART-14-LINE-03A(1)-COL-B,PF,numeric,
PF_14_POF_ASSET_TOT_CY_M2,PF_14_POF_ASSET_TOT_CY_M2,PF-P14-T00-PRIVATE-OPERATING-FOUNDATIONS,Year 2,Total Assets - Year 2,F990-PF-PART-14-LINE-03A(1)-COL-C,PF,numeric,
PF_14_POF_ASSET_TOT_CY_M3,PF_14_POF_ASSET_TOT_CY_M3,PF-P14-T00-PRIVATE-OPERATING-FOUNDATIONS,Year 3,Total Assets - Year 3,F990-PF-PART-14-LINE-03A(1)-COL-D,PF,numeric,
PF_14_POF_ASSET_TOT_TOT,PF_14_POF_ASSET_TOT_TOT,PF-P14-T00-PRIVATE-OPERATING-FOUNDATIONS,Total,Total Assets - Total,F990-PF-PART-14-LINE-03A(1)-COL-E,PF,numeric,
PF_14_POF_ASSET_TOT_4942J3_CY,PF_14_POF_ASSET_TOT_4942J3_CY,PF-P14-T00-PRIVATE-OPERATING-FOUNDATIONS,Current Year,Total Assets Sect4942j3 Bi - Current Year,F990-PF-PART-14-LINE-03A(2)-COL-A,PF,numeric,
PF_14_POF_ASSET_TOT_4942J3_CY_M1,PF_14_POF_ASSET_TOT_4942J3_CY_M1,PF-P14-T00-PRIVATE-OPERATING-FOUNDATIONS,Year 1,Total Assets Sect4942j3 Bi - Year 1,F990-PF-PART-14-LINE-03A(2)-COL-B,PF,numeric,
PF_14_POF_ASSET_TOT_4942J3_CY_M2,PF_14_POF_ASSET_TOT_4942J3_CY_M2,PF-P14-T00-PRIVATE-OPERATING-FOUNDATIONS,Year 2,Total Assets Sect4942j3 Bi - Year 2,F990-PF-PART-14-LINE-03A(2)-COL-C,PF,numeric,
PF_14_POF_ASSET_TOT_4942J3_CY_M3,PF_14_POF_ASSET_TOT_4942J3_CY_M3,PF-P14-T00-PRIVATE-OPERATING-FOUNDATIONS,Year 3,Total Assets Sect4942j3 Bi - Year 3,F990-PF-PART-14-LINE-03A(2)-COL-D,PF,numeric,
PF_14_POF_ASSET_TOT_4942J3_TOT,PF_14_POF_ASSET_TOT_4942J3_TOT,PF-P14-T00-PRIVATE-OPERATING-FOUNDATIONS,Total,Total Assets Sect4942j3 Bi - Total,F990-PF-PART-14-LINE-03A(2)-COL-E,PF,numeric,
PF_14_POF_ENDOW_CY,PF_14_POF_ENDOW_CY,PF-P14-T00-PRIVATE-OPERATING-FOUNDATIONS,Current Year,Two Thirds Min Invst Return - Current Year,F990-PF-PART-14-LINE-03B-COL-A,PF,numeric,
PF_14_POF_ENDOW_CY_M1,PF_14_POF_ENDOW_CY_M1,PF-P14-T00-PRIVATE-OPERATING-FOUNDATIONS,Year 1,Two Thirds Min Invst Return - Year 1,F990-PF-PART-14-LINE-03B-COL-B,PF,numeric,
PF_14_POF_ENDOW_CY_M2,PF_14_POF_ENDOW_CY_M2,PF-P14-T00-PRIVATE-OPERATING-FOUNDATIONS,Year 2,Two Thirds Min Invst Return - Year 2,F990-PF-PART-14-LINE-03B-COL-C,PF,numeric,
PF_14_POF_ENDOW_CY_M3,PF_14_POF_ENDOW_CY_M3,PF-P14-T00-PRIVATE-OPERATING-FOUNDATIONS,Year 3,Two Thirds Min Invst Return - Year 3,F990-PF-PART-14-LINE-03B-COL-D,PF,numeric,
PF_14_POF_ENDOW_TOT,PF_14_POF_ENDOW_TOT,PF-P14-T00-PRIVATE-OPERATING-FOUNDATIONS,Total,Two Thirds Min Invst Return - Total,F990-PF-PART-14-LINE-03B-COL-E,PF,numeric,
PF_14_POF_SUPPORT_TOT_CY,PF_14_POF_SUPPORT_TOT_CY,PF-P14-T00-PRIVATE-OPERATING-FOUNDATIONS,Current Year,Total Support - Current Year,F990-PF-PART-14-LINE-03C(1)-COL-A,PF,numeric,
PF_14_POF_SUPPORT_TOT_CY_M1,PF_14_POF_SUPPORT_TOT_CY_M1,PF-P14-T00-PRIVATE-OPERATING-FOUNDATIONS,Year 1,Total Support - Year 1,F990-PF-PART-14-LINE-03C(1)-COL-B,PF,numeric,
PF_14_POF_SUPPORT_TOT_CY_M2,PF_14_POF_SUPPORT_TOT_CY_M2,PF-P14-T00-PRIVATE-OPERATING-FOUNDATIONS,Year 2,Total Support - Year 2,F990-PF-PART-14-LINE-03C(1)-COL-C,PF,numeric,
PF_14_POF_SUPPORT_TOT_CY_M3,PF_14_POF_SUPPORT_TOT_CY_M3,PF-P14-T00-PRIVATE-OPERATING-FOUNDATIONS,Year 3,Total Support - Year 3,F990-PF-PART-14-LINE-03C(1)-COL-D,PF,numeric,
PF_14_POF_SUPPORT_TOT_TOT,PF_14_POF_SUPPORT_TOT_TOT,PF-P14-T00-PRIVATE-OPERATING-FOUNDATIONS,Total,Total Support - Total,F990-PF-PART-14-LINE-03C(1)-COL-E,PF,numeric,
PF_14_POF_SUPPORT_PUB_CY,PF_14_POF_SUPPORT_PUB_CY,PF-P14-T00-PRIVATE-OPERATING-FOUNDATIONS,Current Year,Public Support - Current Year,F990-PF-PART-14-LINE-03C(2)-COL-A,PF,numeric,
PF_14_POF_SUPPORT_PUB_CY_M1,PF_14_POF_SUPPORT_PUB_CY_M1,PF-P14-T00-PRIVATE-OPERATING-FOUNDATIONS,Year 1,Public Support - Year 1,F990-PF-PART-14-LINE-03C(2)-COL-B,PF,numeric,
PF_14_POF_SUPPORT_PUB_CY_M2,PF_14_POF_SUPPORT_PUB_CY_M2,PF-P14-T00-PRIVATE-OPERATING-FOUNDATIONS,Year 2,Public Support - Year 2,F990-PF-PART-14-LINE-03C(2)-COL-C,PF,numeric,
PF_14_POF_SUPPORT_PUB_CY_M3,PF_14_POF_SUPPORT_PUB_CY_M3,PF-P14-T00-PRIVATE-OPERATING-FOUNDATIONS,Year 3,Public Support - Year 3,F990-PF-PART-14-LINE-03C(2)-COL-D,PF,numeric,
PF_14_POF_SUPPORT_PUB_TOT,PF_14_POF_SUPPORT_PUB_TOT,PF-P14-T00-PRIVATE-OPERATING-FOUNDATIONS,Total,Public Support - Total,F990-PF-PART-14-LINE-03C(2)-COL-E,PF,numeric,
PF_14_POF_SUPPORT_LARGEST_CY,PF_14_POF_SUPPORT_LARGEST_CY,PF-P14-T00-PRIVATE-OPERATING-FOUNDATIONS,Current Year,Largest Support From EO - Current Year,F990-PF-PART-14-LINE-03C(3)-COL-A,PF,numeric,
PF_14_POF_SUPPORT_LARGEST_CY_M1,PF_14_POF_SUPPORT_LARGEST_CY_M1,PF-P14-T00-PRIVATE-OPERATING-FOUNDATIONS,Year 1,Largest Support From EO - Year 1,F990-PF-PART-14-LINE-03C(3)-COL-B,PF,numeric,
PF_14_POF_SUPPORT_LARGEST_CY_M2,PF_14_POF_SUPPORT_LARGEST_CY_M2,PF-P14-T00-PRIVATE-OPERATING-FOUNDATIONS,Year 2,Largest Support From EO - Year 2,F990-PF-PART-14-LINE-03C(3)-COL-C,PF,numeric,
PF_14_POF_SUPPORT_LARGEST_CY_M3,PF_14_POF_SUPPORT_LARGEST_CY_M3,PF-P14-T00-PRIVATE-OPERATING-FOUNDATIONS,Year 3,Largest Support From EO - Year 3,F990-PF-PART-14-LINE-03C(3)-COL-D,PF,numeric,
PF_14_POF_SUPPORT_LARGEST_TOT,PF_14_POF_SUPPORT_LARGEST_TOT,PF-P14-T00-PRIVATE-OPERATING-FOUNDATIONS,Total,Largest Support From EO - Total,F990-PF-PART-14-LINE-03C(3)-COL-E,PF,numeric,
PF_14_POF_SUPPORT_INVEST_CY,PF_14_POF_SUPPORT_INVEST_CY,PF-P14-T00-PRIVATE-OPERATING-FOUNDATIONS,Current Year,Gross Investment Income - Current Year,F990-PF-PART-14-LINE-03C(4)-COL-A,PF,numeric,
PF_14_POF_SUPPORT_INVEST_CY_M1,PF_14_POF_SUPPORT_INVEST_CY_M1,PF-P14-T00-PRIVATE-OPERATING-FOUNDATIONS,Year 1,Gross Investment Income - Year 1,F990-PF-PART-14-LINE-03C(4)-COL-B,PF,numeric,
PF_14_POF_SUPPORT_INVEST_CY_M2,PF_14_POF_SUPPORT_INVEST_CY_M2,PF-P14-T00-PRIVATE-OPERATING-FOUNDATIONS,Year 2,Gross Investment Income - Year 2,F990-PF-PART-14-LINE-03C(4)-COL-C,PF,numeric,
PF_14_POF_SUPPORT_INVEST_CY_M3,PF_14_POF_SUPPORT_INVEST_CY_M3,PF-P14-T00-PRIVATE-OPERATING-FOUNDATIONS,Year 3,Gross Investment Income - Year 3,F990-PF-PART-14-LINE-03C(4)-COL-D,PF,numeric,
PF_14_POF_SUPPORT_INVEST_TOT,PF_14_POF_SUPPORT_INVEST_TOT,PF-P14-T00-PRIVATE-OPERATING-FOUNDATIONS,Total,Gross Investment Income - Total,F990-PF-PART-14-LINE-03C(4)-COL-E,PF,numeric,
PF_15_MGR_CONTR,PF_15_MGR_CONTR,PF-P15-T00-SUPPLEMENTARY-INFO,Contributing Manager,Contributing Manager,F990-PF-PART-15-LINE-01A,PF,text,TRUE
PF_15_MGR_SHAREHOLDER,PF_15_MGR_SHAREHOLDER,PF-P15-T00-SUPPLEMENTARY-INFO,Shareholder Manager,Shareholder Manager,F990-PF-PART-15-LINE-01B,PF,text,TRUE
PF_15_CONTR_PRESELECTED_X,PF_15_CONTR_PRESELECTED_X,PF-P15-T00-SUPPLEMENTARY-INFO,Only Contributes to Preselected Charitable Organizations,Only Contributes to Preselected Charitable Organizations,F990-PF-PART-15-LINE-02,PF,checkbox,
PF_15_G_APP_RECIP_ADDR_CITY,PF_15_G_APP_RECIP_ADDR_CITY,PF-P15-T03-SUPPLEMENTARY-INFO-GRANT-APP,City,Recipient Foreign Address - City,F990-PF-PART-15-LINE-02A,PF,text,
PF_15_G_APP_RECIP_ADDR_CNTR,PF_15_G_APP_RECIP_ADDR_CNTR,PF-P15-T03-SUPPLEMENTARY-INFO-GRANT-APP,Country,Recipient Foreign Address - Country,F990-PF-PART-15-LINE-02A,PF,text,
PF_15_G_APP_RECIP_ADDR_L1,PF_15_G_APP_RECIP_ADDR_L1,PF-P15-T03-SUPPLEMENTARY-INFO-GRANT-APP,AddressLine1,Recipient Foreign Address - AddressLine1,F990-PF-PART-15-LINE-02A,PF,text,
PF_15_G_APP_RECIP_ADDR_L2,PF_15_G_APP_RECIP_ADDR_L2,PF-P15-T03-SUPPLEMENTARY-INFO-GRANT-APP,AddressLine2,Recipient Foreign Address - AddressLine2,F990-PF-PART-15-LINE-02A,PF,text,
PF_15_G_APP_RECIP_ADDR_STATE,PF_15_G_APP_RECIP_ADDR_STATE,PF-P15-T03-SUPPLEMENTARY-INFO-GRANT-APP,Province or state,Province or state,F990-PF-PART-15-LINE-02A,PF,text,
PF_15_G_APP_RECIP_ADDR_ZIP,PF_15_G_APP_RECIP_ADDR_ZIP,PF-P15-T03-SUPPLEMENTARY-INFO-GRANT-APP,Postal code,Recipient Foreign Address - Postal code,F990-PF-PART-15-LINE-02A,PF,text,
PF_15_G_APP_RECIP_EMAIL,PF_15_G_APP_RECIP_EMAIL,PF-P15-T03-SUPPLEMENTARY-INFO-GRANT-APP,Recipient Email Address,Recipient Email Address,F990-PF-PART-15-LINE-02A,PF,text,
PF_15_G_APP_RECIP_NAME_PERS,PF_15_G_APP_RECIP_NAME_PERS,PF-P15-T03-SUPPLEMENTARY-INFO-GRANT-APP,Name of Person to Receive Applications,Name of Person to Receive Applications,F990-PF-PART-15-LINE-02A,PF,text,
PF_15_G_APP_RECIP_PHONE,PF_15_G_APP_RECIP_PHONE,PF-P15-T03-SUPPLEMENTARY-INFO-GRANT-APP,Phone Number of Person to Receive Applications,Phone Number of Person to Receive Applications,F990-PF-PART-15-LINE-02A,PF,text,
PF_15_G_APP_FORM_INFO,PF_15_G_APP_FORM_INFO,PF-P15-T03-SUPPLEMENTARY-INFO-GRANT-APP,Form and Information and Materials To Include,Form and Information and Materials To Include,F990-PF-PART-15-LINE-02B,PF,text,
PF_15_G_APP_SUBMISSION_DEADLINE,PF_15_G_APP_SUBMISSION_DEADLINE,PF-P15-T03-SUPPLEMENTARY-INFO-GRANT-APP,Subsmission Deadlines,Subsmission Deadlines,F990-PF-PART-15-LINE-02C,PF,text,
PF_15_G_APP_RESTRICTION_AWARD,PF_15_G_APP_RESTRICTION_AWARD,PF-P15-T03-SUPPLEMENTARY-INFO-GRANT-APP,Restrictions on Awards,Restrictions on Awards,F990-PF-PART-15-LINE-02D,PF,text,
PF_15_G_PAID_RECIP_ADDR_CITY,PF_15_G_PAID_RECIP_ADDR_CITY,PF-P15-T01-SUPPLEMENTARY-INFO-GRANT-PAID,City,Recipient Foreign Address - City,F990-PF-PART-15-LINE-03A-COL-01,PF,text,
PF_15_G_PAID_RECIP_ADDR_CNTR,PF_15_G_PAID_RECIP_ADDR_CNTR,PF-P15-T01-SUPPLEMENTARY-INFO-GRANT-PAID,Country,Recipient Foreign Address - Country,F990-PF-PART-15-LINE-03A-COL-01,PF,text,
PF_15_G_PAID_RECIP_ADDR_L1,PF_15_G_PAID_RECIP_ADDR_L1,PF-P15-T01-SUPPLEMENTARY-INFO-GRANT-PAID,AddressLine1,Recipient Foreign Address - AddressLine1,F990-PF-PART-15-LINE-03A-COL-01,PF,text,
PF_15_G_PAID_RECIP_ADDR_L2,PF_15_G_PAID_RECIP_ADDR_L2,PF-P15-T01-SUPPLEMENTARY-INFO-GRANT-PAID,AddressLine2,Recipient Foreign Address - AddressLine2,F990-PF-PART-15-LINE-03A-COL-01,PF,text,
PF_15_G_PAID_RECIP_ADDR_STATE,PF_15_G_PAID_RECIP_ADDR_STATE,PF-P15-T01-SUPPLEMENTARY-INFO-GRANT-PAID,Province or state,Province or state,F990-PF-PART-15-LINE-03A-COL-01,PF,text,
PF_15_G_PAID_RECIP_ADDR_ZIP,PF_15_G_PAID_RECIP_ADDR_ZIP,PF-P15-T01-SUPPLEMENTARY-INFO-GRANT-PAID,Postal code,Recipient Foreign Address - Postal code,F990-PF-PART-15-LINE-03A-COL-01,PF,text,
PF_15_G_PAID_RECIP_NAME_ORG_L1,PF_15_G_PAID_RECIP_NAME_ORG_L1,PF-P15-T01-SUPPLEMENTARY-INFO-GRANT-PAID,BusinessNameLine1,Recipient Business Name - BusinessNameLine1,F990-PF-PART-15-LINE-03A-COL-01,PF,text,
PF_15_G_PAID_RECIP_NAME_ORG_L2,PF_15_G_PAID_RECIP_NAME_ORG_L2,PF-P15-T01-SUPPLEMENTARY-INFO-GRANT-PAID,BusinessNameLine2,Recipient Business Name - BusinessNameLine2,F990-PF-PART-15-LINE-03A-COL-01,PF,text,
PF_15_G_PAID_RECIP_NAME_PERS,PF_15_G_PAID_RECIP_NAME_PERS,PF-P15-T01-SUPPLEMENTARY-INFO-GRANT-PAID,Recipient Person Name,Recipient Person Name,F990-PF-PART-15-LINE-03A-COL-01,PF,text,
PF_15_G_PAID_RELATIONSHIP,PF_15_G_PAID_RELATIONSHIP,PF-P15-T01-SUPPLEMENTARY-INFO-GRANT-PAID,Recipient Relationship to Foundation Manager or Substantial Contributor,Recipient Relationship to Foundation Manager or Substantial Contributor,F990-PF-PART-15-LINE-03A-COL-02,PF,text,
PF_15_G_PAID_RECIP_STAT,PF_15_G_PAID_RECIP_STAT,PF-P15-T01-SUPPLEMENTARY-INFO-GRANT-PAID,Recipient's Foundation Status,Recipient's Foundation Status,F990-PF-PART-15-LINE-03A-COL-03,PF,text,
PF_15_G_PAID_PURPOSE,PF_15_G_PAID_PURPOSE,PF-P15-T01-SUPPLEMENTARY-INFO-GRANT-PAID,Purpose of Grant or Contribution,Purpose of Grant or Contribution,F990-PF-PART-15-LINE-03A-COL-04,PF,text,
PF_15_G_PAID_AMT,PF_15_G_PAID_AMT,PF-P15-T01-SUPPLEMENTARY-INFO-GRANT-PAID,Amount,Grant Or Contri Paid During Year - Amount,F990-PF-PART-15-LINE-03A-COL-05,PF,numeric,
PF_15_G_PAID_AMT_TOT,PF_15_G_PAID_AMT_TOT,PF-P15-T00-SUPPLEMENTARY-INFO-GRANT-PAID,Total Grant or Contribution Paid During Year,Total Grant or Contribution Paid During Year,F990-PF-PART-15-LINE-03A-COL-05-TOT,PF,numeric,
PF_15_G_FUTURE_RECIP_ADDR_CITY,PF_15_G_FUTURE_RECIP_ADDR_CITY,PF-P15-T02-SUPPLEMENTARY-INFO-GRANT-FUTURE,City,Recipient Foreign Address - City,F990-PF-PART-15-LINE-03B-COL-01,PF,text,
PF_15_G_FUTURE_RECIP_ADDR_CNTR,PF_15_G_FUTURE_RECIP_ADDR_CNTR,PF-P15-T02-SUPPLEMENTARY-INFO-GRANT-FUTURE,Country,Recipient Foreign Address - Country,F990-PF-PART-15-LINE-03B-COL-01,PF,text,
PF_15_G_FUTURE_RECIP_ADDR_L1,PF_15_G_FUTURE_RECIP_ADDR_L1,PF-P15-T02-SUPPLEMENTARY-INFO-GRANT-FUTURE,AddressLine1,Recipient Foreign Address - AddressLine1,F990-PF-PART-15-LINE-03B-COL-01,PF,text,
PF_15_G_FUTURE_RECIP_ADDR_L2,PF_15_G_FUTURE_RECIP_ADDR_L2,PF-P15-T02-SUPPLEMENTARY-INFO-GRANT-FUTURE,AddressLine2,Recipient Foreign Address - AddressLine2,F990-PF-PART-15-LINE-03B-COL-01,PF,text,
PF_15_G_FUTURE_RECIP_ADDR_STATE,PF_15_G_FUTURE_RECIP_ADDR_STATE,PF-P15-T02-SUPPLEMENTARY-INFO-GRANT-FUTURE,Province or state,Province or state,F990-PF-PART-15-LINE-03B-COL-01,PF,text,
PF_15_G_FUTURE_RECIP_ADDR_ZIP,PF_15_G_FUTURE_RECIP_ADDR_ZIP,PF-P15-T02-SUPPLEMENTARY-INFO-GRANT-FUTURE,Postal code,Recipient Foreign Address - Postal code,F990-PF-PART-15-LINE-03B-COL-01,PF,text,
PF_15_G_FUTURE_RECIP_NAME_ORG_L1,PF_15_G_FUTURE_RECIP_NAME_ORG_L1,PF-P15-T02-SUPPLEMENTARY-INFO-GRANT-FUTURE,BusinessNameLine1,Recipient Business Name - BusinessNameLine1,F990-PF-PART-15-LINE-03B-COL-01,PF,text,
PF_15_G_FUTURE_RECIP_NAME_ORG_L2,PF_15_G_FUTURE_RECIP_NAME_ORG_L2,PF-P15-T02-SUPPLEMENTARY-INFO-GRANT-FUTURE,BusinessNameLine2,Recipient Business Name - BusinessNameLine2,F990-PF-PART-15-LINE-03B-COL-01,PF,text,
PF_15_G_FUTURE_RECIP_NAME_PERS,PF_15_G_FUTURE_RECIP_NAME_PERS,PF-P15-T02-SUPPLEMENTARY-INFO-GRANT-FUTURE,Recipient Person Name,Recipient Person Name,F990-PF-PART-15-LINE-03B-COL-01,PF,text,
PF_15_G_FUTURE_RELATIONSHIP,PF_15_G_FUTURE_RELATIONSHIP,PF-P15-T02-SUPPLEMENTARY-INFO-GRANT-FUTURE,Recipient Relationship to Foundation Manager or Substantial Contributor,Recipient Relationship to Foundation Manager or Substantial Contributor,F990-PF-PART-15-LINE-03B-COL-02,PF,text,
PF_15_G_FUTURE_RECIP_STAT,PF_15_G_FUTURE_RECIP_STAT,PF-P15-T02-SUPPLEMENTARY-INFO-GRANT-FUTURE,Recipient's Foundation Status,Recipient's Foundation Status,F990-PF-PART-15-LINE-03B-COL-03,PF,text,
PF_15_G_FUTURE_PURPOSE,PF_15_G_FUTURE_PURPOSE,PF-P15-T02-SUPPLEMENTARY-INFO-GRANT-FUTURE,Purpose of Grant or Contribution,Purpose of Grant or Contribution,F990-PF-PART-15-LINE-03B-COL-04,PF,text,
PF_15_G_FUTURE_AMT,PF_15_G_FUTURE_AMT,PF-P15-T02-SUPPLEMENTARY-INFO-GRANT-FUTURE,Amount,Grant Or Contri Approved For Future - Amount,F990-PF-PART-15-LINE-03B-COL-05,PF,numeric,
PF_15_G_FUTURE_AMT_TOT,PF_15_G_FUTURE_AMT_TOT,PF-P15-T00-SUPPLEMENTARY-INFO-GRANT-FUTURE,Total Grant or Contribution Approved for Future Payment,Total Grant or Contribution Approved for Future Payment,F990-PF-PART-15-LINE-03B-COL-05-TOT,PF,numeric,
PF_16_REV_PROG_DESC,PF_16_REV_PROG_DESC,PF-P16-T01-INCOME-PRODUCING-ACTS,Description,Program Service Revenue Part VII - Description,F990-PF-PART-16-A-LINE-01,PF,text,
PF_16_REV_PROG_UBIZ_CODE,PF_16_REV_PROG_UBIZ_CODE,PF-P16-T01-INCOME-PRODUCING-ACTS,Business code,Program Service Revenue Part VII - Business code,F990-PF-PART-16-A-LINE-01-ABCDEF-COL-A,PF,numeric,
PF_16_REV_PROG_UBIZ_AMT,PF_16_REV_PROG_UBIZ_AMT,PF-P16-T01-INCOME-PRODUCING-ACTS,Amount,Program Service Revenue Part VII - Amount,F990-PF-PART-16-A-LINE-01-ABCDEF-COL-B,PF,numeric,
PF_16_REV_PROG_EXCL_CODE,PF_16_REV_PROG_EXCL_CODE,PF-P16-T01-INCOME-PRODUCING-ACTS,Exclusion code (01 through 41),Exclusion code (01 through 41),F990-PF-PART-16-A-LINE-01-ABCDEF-COL-C,PF,numeric,
PF_16_REV_PROG_EXCL_AMT,PF_16_REV_PROG_EXCL_AMT,PF-P16-T01-INCOME-PRODUCING-ACTS,Excluded by section 512; 513; or 514: Amount,Excluded by section 512; 513; or 514: Amount,F990-PF-PART-16-A-LINE-01-ABCDEF-COL-D,PF,numeric,
PF_16_REV_PROG_RLTD,PF_16_REV_PROG_RLTD,PF-P16-T01-INCOME-PRODUCING-ACTS,Related or exempt function income,Related or exempt function income,F990-PF-PART-16-A-LINE-01-ABCDEF-COL-E,PF,numeric,
PF_16_REV_PROG_FEES_UBIZ_CODE,PF_16_REV_PROG_FEES_UBIZ_CODE,PF-P16-T00-INCOME-PRODUCING-ACTS,Business code,Fees Contracts From Govt Agencies - Business code,F990-PF-PART-16-A-LINE-01G-COL-A,PF,numeric,
PF_16_REV_PROG_FEES_UBIZ_AMT,PF_16_REV_PROG_FEES_UBIZ_AMT,PF-P16-T00-INCOME-PRODUCING-ACTS,Amount,Fees Contracts From Govt Agencies - Amount,F990-PF-PART-16-A-LINE-01G-COL-B,PF,numeric,
PF_16_REV_PROG_FEES_EXCL_CODE,PF_16_REV_PROG_FEES_EXCL_CODE,PF-P16-T00-INCOME-PRODUCING-ACTS,Exclusion code (01 through 41),Exclusion code (01 through 41),F990-PF-PART-16-A-LINE-01G-COL-C,PF,numeric,
PF_16_REV_PROG_FEES_EXCL_AMT,PF_16_REV_PROG_FEES_EXCL_AMT,PF-P16-T00-INCOME-PRODUCING-ACTS,Excluded by section 512; 513; or 514: Amount,Excluded by section 512; 513; or 514: Amount,F990-PF-PART-16-A-LINE-01G-COL-D,PF,numeric,
PF_16_REV_PROG_FEES_RLTD,PF_16_REV_PROG_FEES_RLTD,PF-P16-T00-INCOME-PRODUCING-ACTS,Related or exempt function income,Related or exempt function income,F990-PF-PART-16-A-LINE-01G-COL-E,PF,numeric,
PF_16_REV_MEMBSHIP_DUE_UBIZ_CODE,PF_16_REV_MEMBSHIP_DUE_UBIZ_CODE,PF-P16-T00-INCOME-PRODUCING-ACTS,Business code,Membership Dues And Assessments - Business code,F990-PF-PART-16-A-LINE-02-COL-A,PF,numeric,
PF_16_REV_MEMBSHIP_DUE_UBIZ_AMT,PF_16_REV_MEMBSHIP_DUE_UBIZ_AMT,PF-P16-T00-INCOME-PRODUCING-ACTS,Amount,Membership Dues And Assessments - Amount,F990-PF-PART-16-A-LINE-02-COL-B,PF,numeric,
PF_16_REV_MEMBSHIP_DUE_EXCL_CODE,PF_16_REV_MEMBSHIP_DUE_EXCL_CODE,PF-P16-T00-INCOME-PRODUCING-ACTS,Exclusion code (01 through 41),Exclusion code (01 through 41),F990-PF-PART-16-A-LINE-02-COL-C,PF,numeric,
PF_16_REV_MEMBSHIP_DUE_EXCL_AMT,PF_16_REV_MEMBSHIP_DUE_EXCL_AMT,PF-P16-T00-INCOME-PRODUCING-ACTS,Excluded by section 512; 513; or 514: Amount,Excluded by section 512; 513; or 514: Amount,F990-PF-PART-16-A-LINE-02-COL-D,PF,numeric,
PF_16_REV_MEMBSHIP_DUE_RLTD,PF_16_REV_MEMBSHIP_DUE_RLTD,PF-P16-T00-INCOME-PRODUCING-ACTS,Related or exempt function income,Related or exempt function income,F990-PF-PART-16-A-LINE-02-COL-E,PF,numeric,
PF_16_REV_INT_SAVING_UBIZ_CODE,PF_16_REV_INT_SAVING_UBIZ_CODE,PF-P16-T00-INCOME-PRODUCING-ACTS,Business code,Int On Savings And Temp Cash Invst - Business code,F990-PF-PART-16-A-LINE-03-COL-A,PF,numeric,
PF_16_REV_INT_SAVING_UBIZ_AMT,PF_16_REV_INT_SAVING_UBIZ_AMT,PF-P16-T00-INCOME-PRODUCING-ACTS,Amount,Int On Savings And Temp Cash Invst - Amount,F990-PF-PART-16-A-LINE-03-COL-B,PF,numeric,
PF_16_REV_INT_SAVING_EXCL_CODE,PF_16_REV_INT_SAVING_EXCL_CODE,PF-P16-T00-INCOME-PRODUCING-ACTS,Exclusion code (01 through 41),Exclusion code (01 through 41),F990-PF-PART-16-A-LINE-03-COL-C,PF,numeric,
PF_16_REV_INT_SAVING_EXCL_AMT,PF_16_REV_INT_SAVING_EXCL_AMT,PF-P16-T00-INCOME-PRODUCING-ACTS,Excluded by section 512; 513; or 514: Amount,Excluded by section 512; 513; or 514: Amount,F990-PF-PART-16-A-LINE-03-COL-D,PF,numeric,
PF_16_REV_INT_SAVING_RLTD,PF_16_REV_INT_SAVING_RLTD,PF-P16-T00-INCOME-PRODUCING-ACTS,Related or exempt function income,Related or exempt function income,F990-PF-PART-16-A-LINE-03-COL-E,PF,numeric,
PF_16_REV_DIVIDEND_SEC_UBIZ_CODE,PF_16_REV_DIVIDEND_SEC_UBIZ_CODE,PF-P16-T00-INCOME-PRODUCING-ACTS,Business code,Dividends And Int From Sec Part VII - Business code,F990-PF-PART-16-A-LINE-04-COL-A,PF,numeric,
PF_16_REV_DIVIDEND_SEC_UBIZ_AMT,PF_16_REV_DIVIDEND_SEC_UBIZ_AMT,PF-P16-T00-INCOME-PRODUCING-ACTS,Amount,Dividends And Int From Sec Part VII - Amount,F990-PF-PART-16-A-LINE-04-COL-B,PF,numeric,
PF_16_REV_DIVIDEND_SEC_EXCL_CODE,PF_16_REV_DIVIDEND_SEC_EXCL_CODE,PF-P16-T00-INCOME-PRODUCING-ACTS,Exclusion code (01 through 41),Exclusion code (01 through 41),F990-PF-PART-16-A-LINE-04-COL-C,PF,numeric,
PF_16_REV_DIVIDEND_SEC_EXCL_AMT,PF_16_REV_DIVIDEND_SEC_EXCL_AMT,PF-P16-T00-INCOME-PRODUCING-ACTS,Excluded by section 512; 513; or 514: Amount,Excluded by section 512; 513; or 514: Amount,F990-PF-PART-16-A-LINE-04-COL-D,PF,numeric,
PF_16_REV_DIVIDEND_SEC_RLTD,PF_16_REV_DIVIDEND_SEC_RLTD,PF-P16-T00-INCOME-PRODUCING-ACTS,Related or exempt function income,Related or exempt function income,F990-PF-PART-16-A-LINE-04-COL-E,PF,numeric,
PF_16_REV_RENT_DEBT_UBIZ_CODE,PF_16_REV_RENT_DEBT_UBIZ_CODE,PF-P16-T00-INCOME-PRODUCING-ACTS,Business code,Net Rental Incm Re Debt Fincd Prop - Business code,F990-PF-PART-16-A-LINE-05A-COL-A,PF,numeric,
PF_16_REV_RENT_DEBT_UBIZ_AMT,PF_16_REV_RENT_DEBT_UBIZ_AMT,PF-P16-T00-INCOME-PRODUCING-ACTS,Amount,Net Rental Incm Re Debt Fincd Prop - Amount,F990-PF-PART-16-A-LINE-05A-COL-B,PF,numeric,
PF_16_REV_RENT_DEBT_EXCL_CODE,PF_16_REV_RENT_DEBT_EXCL_CODE,PF-P16-T00-INCOME-PRODUCING-ACTS,Exclusion code (01 through 41),Exclusion code (01 through 41),F990-PF-PART-16-A-LINE-05A-COL-C,PF,numeric,
PF_16_REV_RENT_DEBT_EXCL_AMT,PF_16_REV_RENT_DEBT_EXCL_AMT,PF-P16-T00-INCOME-PRODUCING-ACTS,Excluded by section 512; 513; or 514: Amount,Excluded by section 512; 513; or 514: Amount,F990-PF-PART-16-A-LINE-05A-COL-D,PF,numeric,
PF_16_REV_RENT_DEBT_RLTD,PF_16_REV_RENT_DEBT_RLTD,PF-P16-T00-INCOME-PRODUCING-ACTS,Related or exempt function income,Related or exempt function income,F990-PF-PART-16-A-LINE-05A-COL-E,PF,numeric,
PF_16_REV_RENT_NODEBT_UBIZ_CODE,PF_16_REV_RENT_NODEBT_UBIZ_CODE,PF-P16-T00-INCOME-PRODUCING-ACTS,Business code,Net Rntl Incm Re Not Debt Fincd Prop - Business code,F990-PF-PART-16-A-LINE-05B-COL-A,PF,numeric,
PF_16_REV_RENT_NODEBT_UBIZ_AMT,PF_16_REV_RENT_NODEBT_UBIZ_AMT,PF-P16-T00-INCOME-PRODUCING-ACTS,Amount,Net Rntl Incm Re Not Debt Fincd Prop - Amount,F990-PF-PART-16-A-LINE-05B-COL-B,PF,numeric,
PF_16_REV_RENT_NODEBT_EXCL_CODE,PF_16_REV_RENT_NODEBT_EXCL_CODE,PF-P16-T00-INCOME-PRODUCING-ACTS,Exclusion code (01 through 41),Exclusion code (01 through 41),F990-PF-PART-16-A-LINE-05B-COL-C,PF,numeric,
PF_16_REV_RENT_NODEBT_EXCL_AMT,PF_16_REV_RENT_NODEBT_EXCL_AMT,PF-P16-T00-INCOME-PRODUCING-ACTS,Excluded by section 512; 513; or 514: Amount,Excluded by section 512; 513; or 514: Amount,F990-PF-PART-16-A-LINE-05B-COL-D,PF,numeric,
PF_16_REV_RENT_NODEBT_RLTD,PF_16_REV_RENT_NODEBT_RLTD,PF-P16-T00-INCOME-PRODUCING-ACTS,Related or exempt function income,Related or exempt function income,F990-PF-PART-16-A-LINE-05B-COL-E,PF,numeric,
PF_16_REV_RENT_PROP_UBIZ_CODE,PF_16_REV_RENT_PROP_UBIZ_CODE,PF-P16-T00-INCOME-PRODUCING-ACTS,Business code,Net Rental Incm Personal Property - Business code,F990-PF-PART-16-A-LINE-06-COL-A,PF,numeric,
PF_16_REV_RENT_PROP_UBIZ_AMT,PF_16_REV_RENT_PROP_UBIZ_AMT,PF-P16-T00-INCOME-PRODUCING-ACTS,Amount,Net Rental Incm Personal Property - Amount,F990-PF-PART-16-A-LINE-06-COL-B,PF,numeric,
PF_16_REV_RENT_PROP_EXCL_CODE,PF_16_REV_RENT_PROP_EXCL_CODE,PF-P16-T00-INCOME-PRODUCING-ACTS,Exclusion code (01 through 41),Exclusion code (01 through 41),F990-PF-PART-16-A-LINE-06-COL-C,PF,numeric,
PF_16_REV_RENT_PROP_EXCL_AMT,PF_16_REV_RENT_PROP_EXCL_AMT,PF-P16-T00-INCOME-PRODUCING-ACTS,Excluded by section 512; 513; or 514: Amount,Excluded by section 512; 513; or 514: Amount,F990-PF-PART-16-A-LINE-06-COL-D,PF,numeric,
PF_16_REV_RENT_PROP_RLTD,PF_16_REV_RENT_PROP_RLTD,PF-P16-T00-INCOME-PRODUCING-ACTS,Related or exempt function income,Related or exempt function income,F990-PF-PART-16-A-LINE-06-COL-E,PF,numeric,
PF_16_REV_OTH_INVEST_UBIZ_CODE,PF_16_REV_OTH_INVEST_UBIZ_CODE,PF-P16-T00-INCOME-PRODUCING-ACTS,Business code,Other Investment Income Part VII - Business code,F990-PF-PART-16-A-LINE-07-COL-A,PF,numeric,
PF_16_REV_OTH_INVEST_UBIZ_AMT,PF_16_REV_OTH_INVEST_UBIZ_AMT,PF-P16-T00-INCOME-PRODUCING-ACTS,Amount,Other Investment Income Part VII - Amount,F990-PF-PART-16-A-LINE-07-COL-B,PF,numeric,
PF_16_REV_OTH_INVEST_EXCL_CODE,PF_16_REV_OTH_INVEST_EXCL_CODE,PF-P16-T00-INCOME-PRODUCING-ACTS,Exclusion code (01 through 41),Exclusion code (01 through 41),F990-PF-PART-16-A-LINE-07-COL-C,PF,numeric,
PF_16_REV_OTH_INVEST_EXCL_AMT,PF_16_REV_OTH_INVEST_EXCL_AMT,PF-P16-T00-INCOME-PRODUCING-ACTS,Excluded by section 512; 513; or 514: Amount,Excluded by section 512; 513; or 514: Amount,F990-PF-PART-16-A-LINE-07-COL-D,PF,numeric,
PF_16_REV_OTH_INVEST_RLTD,PF_16_REV_OTH_INVEST_RLTD,PF-P16-T00-INCOME-PRODUCING-ACTS,Related or exempt function income,Related or exempt function income,F990-PF-PART-16-A-LINE-07-COL-E,PF,numeric,
PF_16_REV_SALE_ASSET_UBIZ_CODE,PF_16_REV_SALE_ASSET_UBIZ_CODE,PF-P16-T00-INCOME-PRODUCING-ACTS,Business code,Gain Sales Assets Oth Than Invntry - Business code,F990-PF-PART-16-A-LINE-08-COL-A,PF,numeric,
PF_16_REV_SALE_ASSET_UBIZ_AMT,PF_16_REV_SALE_ASSET_UBIZ_AMT,PF-P16-T00-INCOME-PRODUCING-ACTS,Amount,Gain Sales Assets Oth Than Invntry - Amount,F990-PF-PART-16-A-LINE-08-COL-B,PF,numeric,
PF_16_REV_SALE_ASSET_EXCL_CODE,PF_16_REV_SALE_ASSET_EXCL_CODE,PF-P16-T00-INCOME-PRODUCING-ACTS,Exclusion code (01 through 41),Exclusion code (01 through 41),F990-PF-PART-16-A-LINE-08-COL-C,PF,numeric,
PF_16_REV_SALE_ASSET_EXCL_AMT,PF_16_REV_SALE_ASSET_EXCL_AMT,PF-P16-T00-INCOME-PRODUCING-ACTS,Excluded by section 512; 513; or 514: Amount,Excluded by section 512; 513; or 514: Amount,F990-PF-PART-16-A-LINE-08-COL-D,PF,numeric,
PF_16_REV_SALE_ASSET_RLTD,PF_16_REV_SALE_ASSET_RLTD,PF-P16-T00-INCOME-PRODUCING-ACTS,Related or exempt function income,Related or exempt function income,F990-PF-PART-16-A-LINE-08-COL-E,PF,numeric,
PF_16_REV_EVNT_NET_UBIZ_CODE,PF_16_REV_EVNT_NET_UBIZ_CODE,PF-P16-T00-INCOME-PRODUCING-ACTS,Business code,Net Income Loss From Special Events - Business code,F990-PF-PART-16-A-LINE-09-COL-A,PF,numeric,
PF_16_REV_EVNT_NET_UBIZ_AMT,PF_16_REV_EVNT_NET_UBIZ_AMT,PF-P16-T00-INCOME-PRODUCING-ACTS,Amount,Net Income Loss From Special Events - Amount,F990-PF-PART-16-A-LINE-09-COL-B,PF,numeric,
PF_16_REV_EVNT_NET_EXCL_CODE,PF_16_REV_EVNT_NET_EXCL_CODE,PF-P16-T00-INCOME-PRODUCING-ACTS,Exclusion code (01 through 41),Exclusion code (01 through 41),F990-PF-PART-16-A-LINE-09-COL-C,PF,numeric,
PF_16_REV_EVNT_NET_EXCL_AMT,PF_16_REV_EVNT_NET_EXCL_AMT,PF-P16-T00-INCOME-PRODUCING-ACTS,Excluded by section 512; 513; or 514: Amount,Excluded by section 512; 513; or 514: Amount,F990-PF-PART-16-A-LINE-09-COL-D,PF,numeric,
PF_16_REV_EVNT_NET_RLTD,PF_16_REV_EVNT_NET_RLTD,PF-P16-T00-INCOME-PRODUCING-ACTS,Related or exempt function income,Related or exempt function income,F990-PF-PART-16-A-LINE-09-COL-E,PF,numeric,
PF_16_REV_INV_GRO_SALE_UBIZ_CODE,PF_16_REV_INV_GRO_SALE_UBIZ_CODE,PF-P16-T00-INCOME-PRODUCING-ACTS,Business code,Gross Profit Loss Sales Of Invntry - Business code,F990-PF-PART-16-A-LINE-10-COL-A,PF,numeric,
PF_16_REV_INV_GRO_SALE_UBIZ_AMT,PF_16_REV_INV_GRO_SALE_UBIZ_AMT,PF-P16-T00-INCOME-PRODUCING-ACTS,Amount,Gross Profit Loss Sales Of Invntry - Amount,F990-PF-PART-16-A-LINE-10-COL-B,PF,numeric,
PF_16_REV_INV_GRO_SALE_EXCL_CODE,PF_16_REV_INV_GRO_SALE_EXCL_CODE,PF-P16-T00-INCOME-PRODUCING-ACTS,Exclusion code (01 through 41),Exclusion code (01 through 41),F990-PF-PART-16-A-LINE-10-COL-C,PF,numeric,
PF_16_REV_INV_GRO_SALE_EXCL_AMT,PF_16_REV_INV_GRO_SALE_EXCL_AMT,PF-P16-T00-INCOME-PRODUCING-ACTS,Excluded by section 512; 513; or 514: Amount,Excluded by section 512; 513; or 514: Amount,F990-PF-PART-16-A-LINE-10-COL-D,PF,numeric,
PF_16_REV_INV_GRO_SALE_RLTD,PF_16_REV_INV_GRO_SALE_RLTD,PF-P16-T00-INCOME-PRODUCING-ACTS,Related or exempt function income,Related or exempt function income,F990-PF-PART-16-A-LINE-10-COL-E,PF,numeric,
PF_16_REV_OTH_DESC,PF_16_REV_OTH_DESC,PF-P16-T02-INCOME-PRODUCING-ACTS,Description,Other Revenue Described - Description,F990-PF-PART-16-A-LINE-11-ABCDE,PF,text,
PF_16_REV_OTH_UBIZ_CODE,PF_16_REV_OTH_UBIZ_CODE,PF-P16-T02-INCOME-PRODUCING-ACTS,Business code,Other Revenue Described - Business code,F990-PF-PART-16-A-LINE-11-ABCDE-COL-A,PF,numeric,
PF_16_REV_OTH_UBIZ_AMT,PF_16_REV_OTH_UBIZ_AMT,PF-P16-T02-INCOME-PRODUCING-ACTS,Amount,Other Revenue Described - Amount,F990-PF-PART-16-A-LINE-11-ABCDE-COL-B,PF,numeric,
PF_16_REV_OTH_EXCL_CODE,PF_16_REV_OTH_EXCL_CODE,PF-P16-T02-INCOME-PRODUCING-ACTS,Exclusion code (01 through 41),Exclusion code (01 through 41),F990-PF-PART-16-A-LINE-11-ABCDE-COL-C,PF,numeric,
PF_16_REV_OTH_EXCL_AMT,PF_16_REV_OTH_EXCL_AMT,PF-P16-T02-INCOME-PRODUCING-ACTS,Excluded by section 512; 513; or 514: Amount,Excluded by section 512; 513; or 514: Amount,F990-PF-PART-16-A-LINE-11-ABCDE-COL-D,PF,numeric,
PF_16_REV_OTH_RLTD,PF_16_REV_OTH_RLTD,PF-P16-T02-INCOME-PRODUCING-ACTS,Related or exempt function income,Related or exempt function income,F990-PF-PART-16-A-LINE-11-ABCDE-COL-E,PF,numeric,
PF_16_REV_SUBTOT_UBIZ_AMT,PF_16_REV_SUBTOT_UBIZ_AMT,PF-P16-T00-INCOME-PRODUCING-ACTS,Amount,Subtotals Part XVIA - Amount,F990-PF-PART-16-A-LINE-12-COL-B,PF,numeric,
PF_16_REV_SUBTOT_EXCL_AMT,PF_16_REV_SUBTOT_EXCL_AMT,PF-P16-T00-INCOME-PRODUCING-ACTS,Excluded by section 512; 513; or 514: Amount,Excluded by section 512; 513; or 514: Amount,F990-PF-PART-16-A-LINE-12-COL-D,PF,numeric,
PF_16_REV_SUBTOT_RLTD,PF_16_REV_SUBTOT_RLTD,PF-P16-T00-INCOME-PRODUCING-ACTS,Related or exempt function income,Related or exempt function income,F990-PF-PART-16-A-LINE-12-COL-E,PF,numeric,
PF_16_REV_TOT,PF_16_REV_TOT,PF-P16-T00-INCOME-PRODUCING-ACTS,Total (add line 104; columns (B); (D); and (E)),Total (add line 104; columns (B); (D); and (E)),F990-PF-PART-16-A-LINE-13,PF,numeric,
PF_16_EXEMPT_PURPOSE_LINE_NUM,PF_16_EXEMPT_PURPOSE_LINE_NUM,PF-P16-T03-ACTS-RELATIONSHIP-EXEMPT-PURPOSE,Line number,Rln Of Acty To Accom Of Exempt Prps - Line number,F990-PF-PART-16-B-COL-01,PF,text,
PF_16_EXEMPT_PURPOSE_TEXT,PF_16_EXEMPT_PURPOSE_TEXT,PF-P16-T03-ACTS-RELATIONSHIP-EXEMPT-PURPOSE,Relationship statement,Relationship statement,F990-PF-PART-16-B-COL-02,PF,text,
PF_17_TRANSFER_CASH_X,PF_17_TRANSFER_CASH_X,PF-P17-T00-TRANSFERS-TRANSACTIONS,Transfers of cash to noncharitable EO,Transfers of cash to noncharitable EO,F990-PF-PART-17-LINE-01A(1),PF,checkbox,
PF_17_TRANSFER_OTH_ASSET_X,PF_17_TRANSFER_OTH_ASSET_X,PF-P17-T00-TRANSFERS-TRANSACTIONS,Transfers of other assets to noncharitable EO,Transfers of other assets to noncharitable EO,F990-PF-PART-17-LINE-01A(2),PF,checkbox,
PF_17_TRANSAC_SALE_ASSET_X,PF_17_TRANSAC_SALE_ASSET_X,PF-P17-T00-TRANSFERS-TRANSACTIONS,Other transactions : Sales or exchanges of assets with a noncharitable exempt organization,Other transactions : Sales or exchanges of assets with a noncharitable exempt organization,F990-PF-PART-17-LINE-01B(1),PF,checkbox,
PF_17_TRANSAC_PURCHASE_ASSET_X,PF_17_TRANSAC_PURCHASE_ASSET_X,PF-P17-T00-TRANSFERS-TRANSACTIONS,Other transactions : Purchases of assets from a noncharitable exempt organization,Other transactions : Purchases of assets from a noncharitable exempt organization,F990-PF-PART-17-LINE-01B(2),PF,checkbox,
PF_17_TRANSAC_RENT_FACILITIES_X,PF_17_TRANSAC_RENT_FACILITIES_X,PF-P17-T00-TRANSFERS-TRANSACTIONS,Other transactions : Rental of facilities; equipment; or other assets,Other transactions : Rental of facilities; equipment; or other assets,F990-PF-PART-17-LINE-01B(3),PF,checkbox,
PF_17_TRANSAC_REIMBURSE_X,PF_17_TRANSAC_REIMBURSE_X,PF-P17-T00-TRANSFERS-TRANSACTIONS,Other transactions : Reimbursement arrangements,Other transactions : Reimbursement arrangements,F990-PF-PART-17-LINE-01B(4),PF,checkbox,
PF_17_TRANSAC_LOAN_X,PF_17_TRANSAC_LOAN_X,PF-P17-T00-TRANSFERS-TRANSACTIONS,Other transactions : Loans or loan guarantees,Other transactions : Loans or loan guarantees,F990-PF-PART-17-LINE-01B(5),PF,checkbox,
PF_17_TRANSAC_PERFORM_SVC_X,PF_17_TRANSAC_PERFORM_SVC_X,PF-P17-T00-TRANSFERS-TRANSACTIONS,Other transactions : Performance of Services or membership or fundraising solicitations,Other transactions : Performance of Services or membership or fundraising solicitations,F990-PF-PART-17-LINE-01B(6),PF,checkbox,
PF_17_TRANSAC_SHARE_FACILITIES_X,PF_17_TRANSAC_SHARE_FACILITIES_X,PF-P17-T00-TRANSFERS-TRANSACTIONS,Other transactions : Sharing of facilities; equipment; mailing lists; other assets; or paid employees,Other transactions : Sharing of facilities; equipment; mailing lists; other assets; or paid employees,F990-PF-PART-17-LINE-01C,PF,checkbox,
PF_17_TRANSFER_LINE_NUM,PF_17_TRANSFER_LINE_NUM,PF-P17-T01-TRANSFERS-TRANSACTIONS,Line number,Transfer Schedule - Line number,F990-PF-PART-17-LINE-01D-COL-A,PF,text,
PF_17_TRANSFER_AMT_INVOLVED,PF_17_TRANSFER_AMT_INVOLVED,PF-P17-T01-TRANSFERS-TRANSACTIONS,Amount involved,Amount involved,F990-PF-PART-17-LINE-01D-COL-B,PF,numeric,
PF_17_TRANSFER_NAME_ORG_L1,PF_17_TRANSFER_NAME_ORG_L1,PF-P17-T01-TRANSFERS-TRANSACTIONS,BusinessNameLine1,Name Of Noncharitable EO - BusinessNameLine1,F990-PF-PART-17-LINE-01D-COL-C,PF,text,
PF_17_TRANSFER_NAME_ORG_L2,PF_17_TRANSFER_NAME_ORG_L2,PF-P17-T01-TRANSFERS-TRANSACTIONS,BusinessNameLine2,Name Of Noncharitable EO - BusinessNameLine2,F990-PF-PART-17-LINE-01D-COL-C,PF,text,
PF_17_TRANSFER_DESC,PF_17_TRANSFER_DESC,PF-P17-T01-TRANSFERS-TRANSACTIONS,Description of transfers; transactions; and sharing arrangements,Description of transfers; transactions; and sharing arrangements,F990-PF-PART-17-LINE-01D-COL-D,PF,text,
PF_17_RELATIONSHIP_X,PF_17_RELATIONSHIP_X,PF-P17-T00-RELATIONSHIPS,Relationships with noncharitable EOs,Relationships with noncharitable EOs,F990-PF-PART-17-LINE-02A,PF,checkbox,
PF_17_RELATIONSHIP_NAME_ORG_L1,PF_17_RELATIONSHIP_NAME_ORG_L1,PF-P17-T02-RELATIONSHIPS,BusinessNameLine1,Name Of Organization - BusinessNameLine1,F990-PF-PART-17-LINE-02B-COL-A,PF,text,
PF_17_RELATIONSHIP_NAME_ORG_L2,PF_17_RELATIONSHIP_NAME_ORG_L2,PF-P17-T02-RELATIONSHIPS,BusinessNameLine2,Name Of Organization - BusinessNameLine2,F990-PF-PART-17-LINE-02B-COL-A,PF,text,
PF_17_RELATIONSHIP_TYPE_ORG,PF_17_RELATIONSHIP_TYPE_ORG,PF-P17-T02-RELATIONSHIPS,Type of organization,Type of organization,F990-PF-PART-17-LINE-02B-COL-B,PF,text,
PF_17_RELATIONSHIP_DESC,PF_17_RELATIONSHIP_DESC,PF-P17-T02-RELATIONSHIPS,Description of relationship,Description of relationship,F990-PF-PART-17-LINE-02B-COL-C,PF,text,
PF_AX01_ACC_FEE_AMT,PF_AX01_ACC_FEE_AMT,PF-P99-T01-ACC-FEES,Amount,Accounting Fees - Amount,F990-PF-PART-99-AUX-SCHED-01,PF,numeric,
PF_AX01_ACC_FEE_CATEGORY,PF_AX01_ACC_FEE_CATEGORY,PF-P99-T01-ACC-FEES,Category,Accounting Fees - Category,F990-PF-PART-99-AUX-SCHED-01,PF,text,
PF_AX01_ACC_FEE_DISBMT_CHARIT,PF_AX01_ACC_FEE_DISBMT_CHARIT,PF-P99-T01-ACC-FEES,Disbursements for Charitable Purposes,Disbursements for Charitable Purposes,F990-PF-PART-99-AUX-SCHED-01,PF,numeric,
PF_AX01_ACC_FEE_INCOME_NET_ADJ,PF_AX01_ACC_FEE_INCOME_NET_ADJ,PF-P99-T01-ACC-FEES,Adjusted Net Income,Adjusted Net Income,F990-PF-PART-99-AUX-SCHED-01,PF,numeric,
PF_AX01_ACC_FEE_INVEST_NET,PF_AX01_ACC_FEE_INVEST_NET,PF-P99-T01-ACC-FEES,Net Investment Income,Net Investment Income,F990-PF-PART-99-AUX-SCHED-01,PF,numeric,
PF_AX02_ACT_NEW_EXPLANATION,PF_AX02_ACT_NEW_EXPLANATION,PF-P99-T00-AUXILLIARY,Explanation,Acty Not Previously Rpt Expln - Explanation,F990-PF-PART-99-AUX-SCHED-02,PF,text,
PF_AX03_PROG_INVEST_OTH_AMT,PF_AX03_PROG_INVEST_OTH_AMT,PF-P99-T03-PROG-INVEST-OTH,Amount,All Other Program Related Invst Grp - Amount,F990-PF-PART-99-AUX-SCHED-03,PF,numeric,
PF_AX03_PROG_INVEST_OTH_DESC,PF_AX03_PROG_INVEST_OTH_DESC,PF-P99-T03-PROG-INVEST-OTH,Description,All Other Program Related Invst Grp - Description,F990-PF-PART-99-AUX-SCHED-03,PF,text,
PF_AX04_AMORT_AMT_AMORTIZED,PF_AX04_AMORT_AMT_AMORTIZED,PF-P99-T04-AMORTIZATION,Amount Amortized,Amount Amortized,F990-PF-PART-99-AUX-SCHED-04,PF,numeric,
PF_AX04_AMORT_AMT_CY,PF_AX04_AMORT_AMT_CY,PF-P99-T04-AMORTIZATION,Current Year Amortization,Current Year Amortization,F990-PF-PART-99-AUX-SCHED-04,PF,numeric,
PF_AX04_AMORT_AMT_TOT,PF_AX04_AMORT_AMT_TOT,PF-P99-T04-AMORTIZATION,Total Amount of Amortization,Total Amount of Amortization,F990-PF-PART-99-AUX-SCHED-04,PF,numeric,
PF_AX04_AMORT_DATE_ACQUIRED,PF_AX04_AMORT_DATE_ACQUIRED,PF-P99-T04-AMORTIZATION,Date Acquired; Completed; or Expended,Date Acquired; Completed; or Expended,F990-PF-PART-99-AUX-SCHED-04,PF,date,
PF_AX04_AMORT_DEDUCT_PYZ,PF_AX04_AMORT_DEDUCT_PYZ,PF-P99-T04-AMORTIZATION,Deduction for Prior Years,Deduction for Prior Years,F990-PF-PART-99-AUX-SCHED-04,PF,numeric,
PF_AX04_AMORT_EXP_DESC,PF_AX04_AMORT_EXP_DESC,PF-P99-T04-AMORTIZATION,Description of Amortized Expenses,Description of Amortized Expenses,F990-PF-PART-99-AUX-SCHED-04,PF,text,
PF_AX04_AMORT_INCOME_NET_ADJ,PF_AX04_AMORT_INCOME_NET_ADJ,PF-P99-T04-AMORTIZATION,Adjusted Net Income,Adjusted Net Income,F990-PF-PART-99-AUX-SCHED-04,PF,numeric,
PF_AX04_AMORT_INVEST_NET,PF_AX04_AMORT_INVEST_NET,PF-P99-T04-AMORTIZATION,Net Investment Income,Net Investment Income,F990-PF-PART-99-AUX-SCHED-04,PF,numeric,
PF_AX04_AMORT_METHOD,PF_AX04_AMORT_METHOD,PF-P99-T04-AMORTIZATION,Amortization Method,Amortization Method,F990-PF-PART-99-AUX-SCHED-04,PF,numeric,
PF_AX05_ELECTION_PY_APPLIED_DESC,PF_AX05_ELECTION_PY_APPLIED_DESC,PF-P99-T00-AUXILLIARY,Election,Applied To Prior Year Election - Election,F990-PF-PART-99-AUX-SCHED-05,PF,text,
PF_AX06_FUND_BORROW_ADDR_CITY,PF_AX06_FUND_BORROW_ADDR_CITY,PF-P99-T06-FUND-BORROWED,City,Foreign Address - City,F990-PF-PART-99-AUX-SCHED-06,PF,text,
PF_AX06_FUND_BORROW_ADDR_CNTR,PF_AX06_FUND_BORROW_ADDR_CNTR,PF-P99-T06-FUND-BORROWED,Country,Foreign Address - Country,F990-PF-PART-99-AUX-SCHED-06,PF,text,
PF_AX06_FUND_BORROW_ADDR_L1,PF_AX06_FUND_BORROW_ADDR_L1,PF-P99-T06-FUND-BORROWED,AddressLine1,Foreign Address - AddressLine1,F990-PF-PART-99-AUX-SCHED-06,PF,text,
PF_AX06_FUND_BORROW_ADDR_L2,PF_AX06_FUND_BORROW_ADDR_L2,PF-P99-T06-FUND-BORROWED,AddressLine2,Foreign Address - AddressLine2,F990-PF-PART-99-AUX-SCHED-06,PF,text,
PF_AX06_FUND_BORROW_ADDR_STATE,PF_AX06_FUND_BORROW_ADDR_STATE,PF-P99-T06-FUND-BORROWED,Province or state,Province or state,F990-PF-PART-99-AUX-SCHED-06,PF,text,
PF_AX06_FUND_BORROW_ADDR_ZIP,PF_AX06_FUND_BORROW_ADDR_ZIP,PF-P99-T06-FUND-BORROWED,Postal code,Foreign Address - Postal code,F990-PF-PART-99-AUX-SCHED-06,PF,text,
PF_AX06_FUND_BORROW_AMT,PF_AX06_FUND_BORROW_AMT,PF-P99-T06-FUND-BORROWED,Amount Borrowed,Amount Borrowed,F990-PF-PART-99-AUX-SCHED-06,PF,numeric,
PF_AX06_FUND_BORROW_ELECTION,PF_AX06_FUND_BORROW_ELECTION,PF-P99-T06-FUND-BORROWED,Election Statement,Election Statement,F990-PF-PART-99-AUX-SCHED-06,PF,text,
PF_AX06_FUND_BORROW_NAME_ORG_L1,PF_AX06_FUND_BORROW_NAME_ORG_L1,PF-P99-T06-FUND-BORROWED,BusinessNameLine1,Business Name - BusinessNameLine1,F990-PF-PART-99-AUX-SCHED-06,PF,text,
PF_AX06_FUND_BORROW_NAME_ORG_L2,PF_AX06_FUND_BORROW_NAME_ORG_L2,PF-P99-T06-FUND-BORROWED,BusinessNameLine2,Business Name - BusinessNameLine2,F990-PF-PART-99-AUX-SCHED-06,PF,text,
PF_AX06_FUND_BORROW_NAME_PERS,PF_AX06_FUND_BORROW_NAME_PERS,PF-P99-T06-FUND-BORROWED,Lender's Person Name,Lender's Person Name,F990-PF-PART-99-AUX-SCHED-06,PF,text,
PF_AX06_FUND_BORROW_USE,PF_AX06_FUND_BORROW_USE,PF-P99-T06-FUND-BORROWED,Use of Borrowed Funds,Use of Borrowed Funds,F990-PF-PART-99-AUX-SCHED-06,PF,text,
PF_AX07_CASH_DEEMED_EXPLANATION,PF_AX07_CASH_DEEMED_EXPLANATION,PF-P99-T00-AUXILLIARY,Explanation,Cash Deemed Charitable Expln Stmt - Explanation,F990-PF-PART-99-AUX-SCHED-07,PF,text,
PF_AX08_CASH_DIST_EXPLANATION,PF_AX08_CASH_DIST_EXPLANATION,PF-P99-T00-AUXILLIARY,Explanation,Cash Distribution Expln Stmt - Explanation,F990-PF-PART-99-AUX-SCHED-08,PF,text,
PF_AX09_COMP_NAME_PERS,PF_AX09_COMP_NAME_PERS,PF-P99-T09-COMP,Name,Compensation - Name,F990-PF-PART-99-AUX-SCHED-09,PF,text,
PF_AX10_COMP_KONTR_EXPLANATION,PF_AX10_COMP_KONTR_EXPLANATION,PF-P99-T10-COMP-KONTR,Explanation,Contractor Comp Explanation - Explanation,F990-PF-PART-99-AUX-SCHED-10,PF,text,
PF_AX10_COMP_KONTR_NAME_ORG_L1,PF_AX10_COMP_KONTR_NAME_ORG_L1,PF-P99-T10-COMP-KONTR,BusinessNameLine1,Contractor Name Business - BusinessNameLine1,F990-PF-PART-99-AUX-SCHED-10,PF,text,
PF_AX10_COMP_KONTR_NAME_ORG_L2,PF_AX10_COMP_KONTR_NAME_ORG_L2,PF-P99-T10-COMP-KONTR,BusinessNameLine2,Contractor Name Business - BusinessNameLine2,F990-PF-PART-99-AUX-SCHED-10,PF,text,
PF_AX10_COMP_KONTR_NAME_PERS,PF_AX10_COMP_KONTR_NAME_PERS,PF-P99-T10-COMP-KONTR,Person,Contractor name - Person,F990-PF-PART-99-AUX-SCHED-10,PF,text,
PF_AX11_DEPREC_AMT_PYZ,PF_AX11_DEPREC_AMT_PYZ,PF-P99-T11-DEPREC,Prior Years' Depreciation,Prior Years' Depreciation,F990-PF-PART-99-AUX-SCHED-11,PF,numeric,
PF_AX11_DEPREC_COMPUTAT_METHOD,PF_AX11_DEPREC_COMPUTAT_METHOD,PF-P99-T11-DEPREC,Computation Method,Computation Method,F990-PF-PART-99-AUX-SCHED-11,PF,text,
PF_AX11_DEPREC_COST_GOODS_SOLD,PF_AX11_DEPREC_COST_GOODS_SOLD,PF-P99-T11-DEPREC,Cost of Goods Sold Not Included,Cost of Goods Sold Not Included,F990-PF-PART-99-AUX-SCHED-11,PF,numeric,
PF_AX11_DEPREC_COST_OTH,PF_AX11_DEPREC_COST_OTH,PF-P99-T11-DEPREC,Cost or Other Basis,Cost or Other Basis,F990-PF-PART-99-AUX-SCHED-11,PF,numeric,
PF_AX11_DEPREC_DATE_ACQUIRED,PF_AX11_DEPREC_DATE_ACQUIRED,PF-P99-T11-DEPREC,Date Acquired,Depreciation - Date Acquired,F990-PF-PART-99-AUX-SCHED-11,PF,date,
PF_AX11_DEPREC_DESC_PROP,PF_AX11_DEPREC_DESC_PROP,PF-P99-T11-DEPREC,Description of Property,Description of Property,F990-PF-PART-99-AUX-SCHED-11,PF,text,
PF_AX11_DEPREC_EXP_CY,PF_AX11_DEPREC_EXP_CY,PF-P99-T11-DEPREC,Prior Years' Depreciation,Prior Years' Depreciation,F990-PF-PART-99-AUX-SCHED-11,PF,numeric,
PF_AX11_DEPREC_INCOME_NET_ADJ,PF_AX11_DEPREC_INCOME_NET_ADJ,PF-P99-T11-DEPREC,Adjusted Net Income,Adjusted Net Income,F990-PF-PART-99-AUX-SCHED-11,PF,numeric,
PF_AX11_DEPREC_INVEST_NET,PF_AX11_DEPREC_INVEST_NET,PF-P99-T11-DEPREC,Net Investment Income,Net Investment Income,F990-PF-PART-99-AUX-SCHED-11,PF,numeric,
PF_AX11_DEPREC_LIFE,PF_AX11_DEPREC_LIFE,PF-P99-T11-DEPREC,Life (# of years),Life (# of years),F990-PF-PART-99-AUX-SCHED-11,PF,numeric,
PF_AX11_DEPREC_RATE,PF_AX11_DEPREC_RATE,PF-P99-T11-DEPREC,Rate,Depreciation - Rate,F990-PF-PART-99-AUX-SCHED-11,PF,numeric,
PF_AX12_DISSOLUTION_ADDR_CITY,PF_AX12_DISSOLUTION_ADDR_CITY,PF-P99-T12-DISSOLUTION,City,Foreign Address - City,F990-PF-PART-99-AUX-SCHED-12,PF,text,
PF_AX12_DISSOLUTION_ADDR_CNTR,PF_AX12_DISSOLUTION_ADDR_CNTR,PF-P99-T12-DISSOLUTION,Country,Foreign Address - Country,F990-PF-PART-99-AUX-SCHED-12,PF,text,
PF_AX12_DISSOLUTION_ADDR_L1,PF_AX12_DISSOLUTION_ADDR_L1,PF-P99-T12-DISSOLUTION,AddressLine1,Foreign Address - AddressLine1,F990-PF-PART-99-AUX-SCHED-12,PF,text,
PF_AX12_DISSOLUTION_ADDR_L2,PF_AX12_DISSOLUTION_ADDR_L2,PF-P99-T12-DISSOLUTION,AddressLine2,Foreign Address - AddressLine2,F990-PF-PART-99-AUX-SCHED-12,PF,text,
PF_AX12_DISSOLUTION_ADDR_STATE,PF_AX12_DISSOLUTION_ADDR_STATE,PF-P99-T12-DISSOLUTION,Province or state,Province or state,F990-PF-PART-99-AUX-SCHED-12,PF,text,
PF_AX12_DISSOLUTION_ADDR_ZIP,PF_AX12_DISSOLUTION_ADDR_ZIP,PF-P99-T12-DISSOLUTION,Postal code,Foreign Address - Postal code,F990-PF-PART-99-AUX-SCHED-12,PF,text,
PF_AX12_DISSOLUTION_AMT,PF_AX12_DISSOLUTION_AMT,PF-P99-T12-DISSOLUTION,Dissolution Amount,Dissolution Amount,F990-PF-PART-99-AUX-SCHED-12,PF,numeric,
PF_AX12_DISSOLUTION_EXPLANATION,PF_AX12_DISSOLUTION_EXPLANATION,PF-P99-T12-DISSOLUTION,Explanation,Dissolution Info - Explanation,F990-PF-PART-99-AUX-SCHED-12,PF,text,
PF_AX12_DISSOLUTION_NAME_ORG_L1,PF_AX12_DISSOLUTION_NAME_ORG_L1,PF-P99-T12-DISSOLUTION,BusinessNameLine1,Business Name - BusinessNameLine1,F990-PF-PART-99-AUX-SCHED-12,PF,text,
PF_AX12_DISSOLUTION_NAME_ORG_L2,PF_AX12_DISSOLUTION_NAME_ORG_L2,PF-P99-T12-DISSOLUTION,BusinessNameLine2,Business Name - BusinessNameLine2,F990-PF-PART-99-AUX-SCHED-12,PF,text,
PF_AX12_DISSOLUTION_NAME_PERS,PF_AX12_DISSOLUTION_NAME_PERS,PF-P99-T12-DISSOLUTION,Dissolution person name,Dissolution person name,F990-PF-PART-99-AUX-SCHED-12,PF,text,
PF_AX13_DIST_CORPUS_ELECT_DESC,PF_AX13_DIST_CORPUS_ELECT_DESC,PF-P99-T00-AUXILLIARY,Election,Distribution From Corpus Election - Election,F990-PF-PART-99-AUX-SCHED-13,PF,text,
PF_AX15_EXCESS_BEN_TRANSAC_STMT,PF_AX15_EXCESS_BEN_TRANSAC_STMT,PF-P99-T00-AUXILLIARY,Statement,Excess Benefit Transactions Stmt - Statement,F990-PF-PART-99-AUX-SCHED-15,PF,text,
PF_AX16_EXP_RESP_ADDR_CITY,PF_AX16_EXP_RESP_ADDR_CITY,PF-P99-T16-EXP-RESPONSIBILITY,City,Foreign Address - City,F990-PF-PART-99-AUX-SCHED-16,PF,text,
PF_AX16_EXP_RESP_ADDR_CNTR,PF_AX16_EXP_RESP_ADDR_CNTR,PF-P99-T16-EXP-RESPONSIBILITY,Country,Foreign Address - Country,F990-PF-PART-99-AUX-SCHED-16,PF,text,
PF_AX16_EXP_RESP_ADDR_L1,PF_AX16_EXP_RESP_ADDR_L1,PF-P99-T16-EXP-RESPONSIBILITY,AddressLine1,Foreign Address - AddressLine1,F990-PF-PART-99-AUX-SCHED-16,PF,text,
PF_AX16_EXP_RESP_ADDR_L2,PF_AX16_EXP_RESP_ADDR_L2,PF-P99-T16-EXP-RESPONSIBILITY,AddressLine2,Foreign Address - AddressLine2,F990-PF-PART-99-AUX-SCHED-16,PF,text,
PF_AX16_EXP_RESP_ADDR_STATE,PF_AX16_EXP_RESP_ADDR_STATE,PF-P99-T16-EXP-RESPONSIBILITY,Province or state,Province or state,F990-PF-PART-99-AUX-SCHED-16,PF,text,
PF_AX16_EXP_RESP_ADDR_ZIP,PF_AX16_EXP_RESP_ADDR_ZIP,PF-P99-T16-EXP-RESPONSIBILITY,Postal code,Foreign Address - Postal code,F990-PF-PART-99-AUX-SCHED-16,PF,text,
PF_AX16_EXP_RESP_AMT_EXPENDED,PF_AX16_EXP_RESP_AMT_EXPENDED,PF-P99-T16-EXP-RESPONSIBILITY,Amount Expended By Grantee,Amount Expended By Grantee,F990-PF-PART-99-AUX-SCHED-16,PF,numeric,
PF_AX16_EXP_RESP_DATE_REP,PF_AX16_EXP_RESP_DATE_REP,PF-P99-T16-EXP-RESPONSIBILITY,Dates of Reports By Grantee?,Dates of Reports By Grantee?,F990-PF-PART-99-AUX-SCHED-16,PF,date,
PF_AX16_EXP_RESP_DATE_VERIFICA,PF_AX16_EXP_RESP_DATE_VERIFICA,PF-P99-T16-EXP-RESPONSIBILITY,Date of Verification,Date of Verification,F990-PF-PART-99-AUX-SCHED-16,PF,date,
PF_AX16_EXP_RESP_DIVERSION,PF_AX16_EXP_RESP_DIVERSION,PF-P99-T16-EXP-RESPONSIBILITY,Any Diversion By Grantee?,Any Diversion By Grantee?,F990-PF-PART-99-AUX-SCHED-16,PF,text,
PF_AX16_EXP_RESP_GRANT_AMT,PF_AX16_EXP_RESP_GRANT_AMT,PF-P99-T16-EXP-RESPONSIBILITY,Grant Amount,Expenditure Responsibility - Grant Amount,F990-PF-PART-99-AUX-SCHED-16,PF,numeric,
PF_AX16_EXP_RESP_GRANT_DATE,PF_AX16_EXP_RESP_GRANT_DATE,PF-P99-T16-EXP-RESPONSIBILITY,Grant Date,Expenditure Responsibility - Grant Date,F990-PF-PART-99-AUX-SCHED-16,PF,date,
PF_AX16_EXP_RESP_GRANT_PURPOSE,PF_AX16_EXP_RESP_GRANT_PURPOSE,PF-P99-T16-EXP-RESPONSIBILITY,Grant Purpose,Expenditure Responsibility - Grant Purpose,F990-PF-PART-99-AUX-SCHED-16,PF,text,
PF_AX16_EXP_RESP_NAME_ORG_L1,PF_AX16_EXP_RESP_NAME_ORG_L1,PF-P99-T16-EXP-RESPONSIBILITY,BusinessNameLine1,Business Name - BusinessNameLine1,F990-PF-PART-99-AUX-SCHED-16,PF,text,
PF_AX16_EXP_RESP_NAME_ORG_L2,PF_AX16_EXP_RESP_NAME_ORG_L2,PF-P99-T16-EXP-RESPONSIBILITY,BusinessNameLine2,Business Name - BusinessNameLine2,F990-PF-PART-99-AUX-SCHED-16,PF,text,
PF_AX16_EXP_RESP_NAME_PERS,PF_AX16_EXP_RESP_NAME_PERS,PF-P99-T16-EXP-RESPONSIBILITY,Grantee's Person Name,Grantee's Person Name,F990-PF-PART-99-AUX-SCHED-16,PF,text,
PF_AX16_EXP_RESP_RESULT_VERIFICA,PF_AX16_EXP_RESP_RESULT_VERIFICA,PF-P99-T16-EXP-RESPONSIBILITY,Results of Verification,Results of Verification,F990-PF-PART-99-AUX-SCHED-16,PF,text,
PF_AX17_POLI_ACT_EXPLANATION,PF_AX17_POLI_ACT_EXPLANATION,PF-P99-T00-AUXILLIARY,Explanation,Explan Of Legis Political Actvts - Explanation,F990-PF-PART-99-AUX-SCHED-17,PF,text,
PF_AX18_NON_FILING_EXPLANATION,PF_AX18_NON_FILING_EXPLANATION,PF-P99-T00-AUXILLIARY,ExplanationTxt,Expln Of Non Filing With AGStmt - ExplanationTxt,F990-PF-PART-99-AUX-SCHED-18,PF,text,
PF_AX19_SALE_SEC_BASIS,PF_AX19_SALE_SEC_BASIS,PF-P99-T19-SALE-NONPUB-SEC,Basis,Gain Loss Sale Nonpublic Security - Basis,F990-PF-PART-99-AUX-SCHED-19,PF,numeric,
PF_AX19_SALE_SEC_DATE_ACQUIRED,PF_AX19_SALE_SEC_DATE_ACQUIRED,PF-P99-T19-SALE-NONPUB-SEC,Date acquired,Gain Loss Sale Nonpublic Security - Date acquired,F990-PF-PART-99-AUX-SCHED-19,PF,date,
PF_AX19_SALE_SEC_DATE_SOLD,PF_AX19_SALE_SEC_DATE_SOLD,PF-P99-T19-SALE-NONPUB-SEC,DateSold,Gain Loss Sale Nonpublic Security - DateSold,F990-PF-PART-99-AUX-SCHED-19,PF,date,
PF_AX19_SALE_SEC_GRO_SALE,PF_AX19_SALE_SEC_GRO_SALE,PF-P99-T19-SALE-NONPUB-SEC,Gross sales price,Gross sales price,F990-PF-PART-99-AUX-SCHED-19,PF,numeric,
PF_AX19_SALE_SEC_HOW_ACQUIRED,PF_AX19_SALE_SEC_HOW_ACQUIRED,PF-P99-T19-SALE-NONPUB-SEC,How acquired,Gain Loss Sale Nonpublic Security - How acquired,F990-PF-PART-99-AUX-SCHED-19,PF,text,
PF_AX19_SALE_SEC_NAME,PF_AX19_SALE_SEC_NAME,PF-P99-T19-SALE-NONPUB-SEC,Name,Gain Loss Sale Nonpublic Security - Name,F990-PF-PART-99-AUX-SCHED-19,PF,text,
PF_AX19_SALE_SEC_P_NAME_ORG_L1,PF_AX19_SALE_SEC_P_NAME_ORG_L1,PF-P99-T19-SALE-NONPUB-SEC,BusinessNameLine1,Business - BusinessNameLine1,F990-PF-PART-99-AUX-SCHED-19,PF,text,
PF_AX19_SALE_SEC_P_NAME_ORG_L2,PF_AX19_SALE_SEC_P_NAME_ORG_L2,PF-P99-T19-SALE-NONPUB-SEC,BusinessNameLine2,Business - BusinessNameLine2,F990-PF-PART-99-AUX-SCHED-19,PF,text,
PF_AX19_SALE_SEC_P_NAME_PERS,PF_AX19_SALE_SEC_P_NAME_PERS,PF-P99-T19-SALE-NONPUB-SEC,Individual,Purchaser Name - Individual,F990-PF-PART-99-AUX-SCHED-19,PF,text,
PF_AX19_SALE_SEC_SALE_EXP,PF_AX19_SALE_SEC_SALE_EXP,PF-P99-T19-SALE-NONPUB-SEC,Sales expenses,Sales expenses,F990-PF-PART-99-AUX-SCHED-19,PF,numeric,
PF_AX19_SALE_SEC_TOT_NET,PF_AX19_SALE_SEC_TOT_NET,PF-P99-T19-SALE-NONPUB-SEC,gross sales price minus basis minus sales expense,Total (net) - gross sales price minus basis minus sales expense,F990-PF-PART-99-AUX-SCHED-19,PF,numeric,
PF_AX20_SALE_ASSET_BASIS,PF_AX20_SALE_ASSET_BASIS,PF-P99-T20-SALE-OTH-ASSET,Basis,Gain Loss Sale Other Asset - Basis,F990-PF-PART-99-AUX-SCHED-20,PF,numeric,
PF_AX20_SALE_ASSET_BASIS_METHOD,PF_AX20_SALE_ASSET_BASIS_METHOD,PF-P99-T20-SALE-OTH-ASSET,Basis Method Explanation,Basis Method Explanation,F990-PF-PART-99-AUX-SCHED-20,PF,text,
PF_AX20_SALE_ASSET_DATE_ACQUIRED,PF_AX20_SALE_ASSET_DATE_ACQUIRED,PF-P99-T20-SALE-OTH-ASSET,Date acquired,Gain Loss Sale Other Asset - Date acquired,F990-PF-PART-99-AUX-SCHED-20,PF,date,
PF_AX20_SALE_ASSET_DATE_SOLD,PF_AX20_SALE_ASSET_DATE_SOLD,PF-P99-T20-SALE-OTH-ASSET,DateSold,Gain Loss Sale Other Asset - DateSold,F990-PF-PART-99-AUX-SCHED-20,PF,date,
PF_AX20_SALE_ASSET_DEPREC,PF_AX20_SALE_ASSET_DEPREC,PF-P99-T20-SALE-OTH-ASSET,Accumulated depreciation,Accumulated depreciation,F990-PF-PART-99-AUX-SCHED-20,PF,numeric,
PF_AX20_SALE_ASSET_GRO_SALE,PF_AX20_SALE_ASSET_GRO_SALE,PF-P99-T20-SALE-OTH-ASSET,Gross sales price,Gross sales price,F990-PF-PART-99-AUX-SCHED-20,PF,numeric,
PF_AX20_SALE_ASSET_HOW_ACQUIRED,PF_AX20_SALE_ASSET_HOW_ACQUIRED,PF-P99-T20-SALE-OTH-ASSET,How acquired,Gain Loss Sale Other Asset - How acquired,F990-PF-PART-99-AUX-SCHED-20,PF,text,
PF_AX20_SALE_ASSET_NAME,PF_AX20_SALE_ASSET_NAME,PF-P99-T20-SALE-OTH-ASSET,Name,Gain Loss Sale Other Asset Grp - Name,F990-PF-PART-99-AUX-SCHED-20,PF,text,
PF_AX20_SALE_ASSET_P_NAME_ORG_L1,PF_AX20_SALE_ASSET_P_NAME_ORG_L1,PF-P99-T20-SALE-OTH-ASSET,BusinessNameLine1,Business - BusinessNameLine1,F990-PF-PART-99-AUX-SCHED-20,PF,text,
PF_AX20_SALE_ASSET_P_NAME_ORG_L2,PF_AX20_SALE_ASSET_P_NAME_ORG_L2,PF-P99-T20-SALE-OTH-ASSET,BusinessNameLine2,Business - BusinessNameLine2,F990-PF-PART-99-AUX-SCHED-20,PF,text,
PF_AX20_SALE_ASSET_P_NAME_PERS,PF_AX20_SALE_ASSET_P_NAME_PERS,PF-P99-T20-SALE-OTH-ASSET,Individual,Purchaser Name - Individual,F990-PF-PART-99-AUX-SCHED-20,PF,text,
PF_AX20_SALE_ASSET_SALE_EXP,PF_AX20_SALE_ASSET_SALE_EXP,PF-P99-T20-SALE-OTH-ASSET,Sales expense,Gain Loss Sale Other Asset - Sales expense,F990-PF-PART-99-AUX-SCHED-20,PF,numeric,
PF_AX20_SALE_ASSET_TOT_NET,PF_AX20_SALE_ASSET_TOT_NET,PF-P99-T20-SALE-OTH-ASSET,gross sales price minus basis minus sales expense,Total (net) - gross sales price minus basis minus sales expense,F990-PF-PART-99-AUX-SCHED-20,PF,numeric,
PF_AX21_SALE_PUB_SEC_BASIS,PF_AX21_SALE_PUB_SEC_BASIS,PF-P99-T21-SALE-PUB-SEC,Basis,Gain Loss Sale Public Security - Basis,F990-PF-PART-99-AUX-SCHED-21,PF,numeric,
PF_AX21_SALE_PUB_SEC_GRO_SALE,PF_AX21_SALE_PUB_SEC_GRO_SALE,PF-P99-T21-SALE-PUB-SEC,Gross sales price,Gross sales price,F990-PF-PART-99-AUX-SCHED-21,PF,numeric,
PF_AX21_SALE_PUB_SEC_SALE_EXP,PF_AX21_SALE_PUB_SEC_SALE_EXP,PF-P99-T21-SALE-PUB-SEC,Sales expenses,Sales expenses,F990-PF-PART-99-AUX-SCHED-21,PF,numeric,
PF_AX21_SALE_PUB_SEC_TOT_NET,PF_AX21_SALE_PUB_SEC_TOT_NET,PF-P99-T21-SALE-PUB-SEC,gross sales price minus basis minus sales expenses,Total (net) - gross sales price minus basis minus sales expenses,F990-PF-PART-99-AUX-SCHED-21,PF,numeric,
PF_AX22_EXPLANATION_TEXT,PF_AX22_EXPLANATION_TEXT,PF-P99-T22-SUPPLEMENTAL-INFO,Explanation,General Explanation - Explanation,F990-PF-PART-99-AUX-SCHED-22,PF,text,
PF_AX22_FORM_LINE_REFERENCE,PF_AX22_FORM_LINE_REFERENCE,PF-P99-T22-SUPPLEMENTAL-INFO,Return reference,Return reference,F990-PF-PART-99-AUX-SCHED-22,PF,text,
PF_AX22_IDENTIFIER,PF_AX22_IDENTIFIER,PF-P99-T22-SUPPLEMENTAL-INFO,Identifier,General Explanation - Identifier,F990-PF-PART-99-AUX-SCHED-22,PF,text,
PF_AX22_RETURN_REFERENCE,PF_AX22_RETURN_REFERENCE,PF-P99-T22-SUPPLEMENTAL-INFO,Return reference,Return reference,F990-PF-PART-99-AUX-SCHED-22,PF,text,
PF_AX23_INVEST_CORP_BOND_EOY_BV,PF_AX23_INVEST_CORP_BOND_EOY_BV,PF-P99-T23-INVEST-CORP-BOND,End of Year Book Value,End of Year Book Value,F990-PF-PART-99-AUX-SCHED-23,PF,numeric,
PF_AX23_INVEST_CORP_BOND_EOY_FMV,PF_AX23_INVEST_CORP_BOND_EOY_FMV,PF-P99-T23-INVEST-CORP-BOND,End of Year Fair Market Value,End of Year Fair Market Value,F990-PF-PART-99-AUX-SCHED-23,PF,numeric,
PF_AX23_INVEST_CORP_BOND_NAME,PF_AX23_INVEST_CORP_BOND_NAME,PF-P99-T23-INVEST-CORP-BOND,Name of Bond,Investments Corp Bonds - Name of Bond,F990-PF-PART-99-AUX-SCHED-23,PF,text,
PF_AX24_INVEST_CORP_STCK_EOY_BV,PF_AX24_INVEST_CORP_STCK_EOY_BV,PF-P99-T24-INVEST-CORP-STOCK,End of Year Book Value,End of Year Book Value,F990-PF-PART-99-AUX-SCHED-24,PF,numeric,
PF_AX24_INVEST_CORP_STCK_EOY_FMV,PF_AX24_INVEST_CORP_STCK_EOY_FMV,PF-P99-T24-INVEST-CORP-STOCK,End of Year Fair Market Value,End of Year Fair Market Value,F990-PF-PART-99-AUX-SCHED-24,PF,numeric,
PF_AX24_INVEST_CORP_STCK_NAME,PF_AX24_INVEST_CORP_STCK_NAME,PF-P99-T24-INVEST-CORP-STOCK,Name of Stock,Investments Corporate Stock Grp - Name of Stock,F990-PF-PART-99-AUX-SCHED-24,PF,text,
PF_AX25_INVEST_GOVT_SEC_EOY_BV,PF_AX25_INVEST_GOVT_SEC_EOY_BV,PF-P99-T25-INVEST-GOVT-SEC,End of Year Book Value,US Government Securities - End of Year Book Value,F990-PF-PART-99-AUX-SCHED-25,PF,numeric,
PF_AX25_INVEST_GOVT_SEC_EOY_FMV,PF_AX25_INVEST_GOVT_SEC_EOY_FMV,PF-P99-T25-INVEST-GOVT-SEC,End of Year Fair Market Value,US Government Securities - End of Year Fair Market Value,F990-PF-PART-99-AUX-SCHED-25,PF,numeric,
PF_AX25_INVEST_STATE_SEC_EOY_BV,PF_AX25_INVEST_STATE_SEC_EOY_BV,PF-P99-T25-INVEST-GOVT-SEC,End of Year Book Value,State & Local Government Securities - End of Year Book Value,F990-PF-PART-99-AUX-SCHED-25,PF,numeric,
PF_AX25_INVEST_STATE_SEC_EOY_FMV,PF_AX25_INVEST_STATE_SEC_EOY_FMV,PF-P99-T25-INVEST-GOVT-SEC,End of Year Fair Market Value,State & Local Government Securities - End of Year Fair Market Value,F990-PF-PART-99-AUX-SCHED-25,PF,numeric,
PF_AX26_INVEST_LAND_BV,PF_AX26_INVEST_LAND_BV,PF-P99-T26-INVEST-LAND,Book value,Investment Land - Book value,F990-PF-PART-99-AUX-SCHED-26,PF,numeric,
PF_AX26_INVEST_LAND_CATEGORY,PF_AX26_INVEST_LAND_CATEGORY,PF-P99-T26-INVEST-LAND,Category/ Item,Category/ Item,F990-PF-PART-99-AUX-SCHED-26,PF,text,
PF_AX26_INVEST_LAND_COST_BASIS,PF_AX26_INVEST_LAND_COST_BASIS,PF-P99-T26-INVEST-LAND,Cost/other basis,Cost/other basis,F990-PF-PART-99-AUX-SCHED-26,PF,numeric,
PF_AX26_INVEST_LAND_DEPREC,PF_AX26_INVEST_LAND_DEPREC,PF-P99-T26-INVEST-LAND,Accumulated depreciation,Accumulated depreciation,F990-PF-PART-99-AUX-SCHED-26,PF,numeric,
PF_AX26_INVEST_LAND_EOY_FMV,PF_AX26_INVEST_LAND_EOY_FMV,PF-P99-T26-INVEST-LAND,End of Year Fair Market Value,End of Year Fair Market Value,F990-PF-PART-99-AUX-SCHED-26,PF,numeric,
PF_AX27_INVEST_OTH_BV,PF_AX27_INVEST_OTH_BV,PF-P99-T27-INVEST-OTH,Book value,Investments Other - Book value,F990-PF-PART-99-AUX-SCHED-27,PF,numeric,
PF_AX27_INVEST_OTH_CATEGORY,PF_AX27_INVEST_OTH_CATEGORY,PF-P99-T27-INVEST-OTH,Category/ Item,Category/ Item,F990-PF-PART-99-AUX-SCHED-27,PF,text,
PF_AX27_INVEST_OTH_COST_BASIS,PF_AX27_INVEST_OTH_COST_BASIS,PF-P99-T27-INVEST-OTH,Cost/other basis,Cost/other basis,F990-PF-PART-99-AUX-SCHED-27,PF,numeric,
PF_AX27_INVEST_OTH_EOY_FMV,PF_AX27_INVEST_OTH_EOY_FMV,PF-P99-T27-INVEST-OTH,End of Year Fair Market Value,End of Year Fair Market Value,F990-PF-PART-99-AUX-SCHED-27,PF,numeric,
PF_AX27_INVEST_OTH_LISTED,PF_AX27_INVEST_OTH_LISTED,PF-P99-T27-INVEST-OTH,Listed at Cost or FMV,Listed at Cost or FMV,F990-PF-PART-99-AUX-SCHED-27,PF,text,
PF_AX28_LAND_ETC_BV,PF_AX28_LAND_ETC_BV,PF-P99-T28-LAND-ETC,Book value,Land Etc - Book value,F990-PF-PART-99-AUX-SCHED-28,PF,numeric,
PF_AX28_LAND_ETC_CATEGORY,PF_AX28_LAND_ETC_CATEGORY,PF-P99-T28-LAND-ETC,Category/ Item,Category/ Item,F990-PF-PART-99-AUX-SCHED-28,PF,text,
PF_AX28_LAND_ETC_COST_BASIS,PF_AX28_LAND_ETC_COST_BASIS,PF-P99-T28-LAND-ETC,Cost/other basis,Cost/other basis,F990-PF-PART-99-AUX-SCHED-28,PF,numeric,
PF_AX28_LAND_ETC_DEPREC,PF_AX28_LAND_ETC_DEPREC,PF-P99-T28-LAND-ETC,Accumulated depreciation,Accumulated depreciation,F990-PF-PART-99-AUX-SCHED-28,PF,numeric,
PF_AX28_LAND_ETC_EOY_FMV,PF_AX28_LAND_ETC_EOY_FMV,PF-P99-T28-LAND-ETC,End of Year Fair Market Value,End of Year Fair Market Value,F990-PF-PART-99-AUX-SCHED-28,PF,numeric,
PF_AX29_LEGAL_FEE_AMT,PF_AX29_LEGAL_FEE_AMT,PF-P99-T29-LEGAL-FEES,Amount,Legal Fees - Amount,F990-PF-PART-99-AUX-SCHED-29,PF,numeric,
PF_AX29_LEGAL_FEE_CATEGORY,PF_AX29_LEGAL_FEE_CATEGORY,PF-P99-T29-LEGAL-FEES,Category,Legal Fees - Category,F990-PF-PART-99-AUX-SCHED-29,PF,text,
PF_AX29_LEGAL_FEE_DISBMT_CHARIT,PF_AX29_LEGAL_FEE_DISBMT_CHARIT,PF-P99-T29-LEGAL-FEES,Disbursements for Charitable Purposes,Disbursements for Charitable Purposes,F990-PF-PART-99-AUX-SCHED-29,PF,numeric,
PF_AX29_LEGAL_FEE_INCOME_NET_ADJ,PF_AX29_LEGAL_FEE_INCOME_NET_ADJ,PF-P99-T29-LEGAL-FEES,Adjusted Net Income,Adjusted Net Income,F990-PF-PART-99-AUX-SCHED-29,PF,numeric,
PF_AX29_LEGAL_FEE_INVEST_NET,PF_AX29_LEGAL_FEE_INVEST_NET,PF-P99-T29-LEGAL-FEES,Net Investment Income,Net Investment Income,F990-PF-PART-99-AUX-SCHED-29,PF,numeric,
PF_AX30_LIQUIDATION_STMT,PF_AX30_LIQUIDATION_STMT,PF-P99-T00-AUXILLIARY,ExplanationTxt,Liquidation Explanation Stmt - ExplanationTxt,F990-PF-PART-99-AUX-SCHED-30,PF,text,
PF_AX31_LOAN_OFF_AMT_LOAN,PF_AX31_LOAN_OFF_AMT_LOAN,PF-P99-T31-LOAN-OFF,Original Amount of Loan,Original Amount of Loan,F990-PF-PART-99-AUX-SCHED-31,PF,numeric,
PF_AX31_LOAN_OFF_BALANCE_DUE,PF_AX31_LOAN_OFF_BALANCE_DUE,PF-P99-T31-LOAN-OFF,Balance due,Loans From Officer - Balance due,F990-PF-PART-99-AUX-SCHED-31,PF,numeric,
PF_AX31_LOAN_OFF_CONSIDER_FMV,PF_AX31_LOAN_OFF_CONSIDER_FMV,PF-P99-T31-LOAN-OFF,Consideration FMV,Consideration FMV,F990-PF-PART-99-AUX-SCHED-31,PF,numeric,
PF_AX31_LOAN_OFF_DATE_MATURTY,PF_AX31_LOAN_OFF_DATE_MATURTY,PF-P99-T31-LOAN-OFF,Maturity date,Loans From Officer - Maturity date,F990-PF-PART-99-AUX-SCHED-31,PF,date,
PF_AX31_LOAN_OFF_DATE_NOTE,PF_AX31_LOAN_OFF_DATE_NOTE,PF-P99-T31-LOAN-OFF,Date of note,Loans From Officer - Date of note,F990-PF-PART-99-AUX-SCHED-31,PF,date,
PF_AX31_LOAN_OFF_DESC_LENDER,PF_AX31_LOAN_OFF_DESC_LENDER,PF-P99-T31-LOAN-OFF,Description of lender consideration,Description of lender consideration,F990-PF-PART-99-AUX-SCHED-31,PF,text,
PF_AX31_LOAN_OFF_INT_RATE,PF_AX31_LOAN_OFF_INT_RATE,PF-P99-T31-LOAN-OFF,Interest rate,Loans From Officer - Interest rate,F990-PF-PART-99-AUX-SCHED-31,PF,numeric,
PF_AX31_LOAN_OFF_LENDER_NAME,PF_AX31_LOAN_OFF_LENDER_NAME,PF-P99-T31-LOAN-OFF,Lender's name,Loans From Officer - Lender's name,F990-PF-PART-99-AUX-SCHED-31,PF,text,
PF_AX31_LOAN_OFF_LENDER_TITLE,PF_AX31_LOAN_OFF_LENDER_TITLE,PF-P99-T31-LOAN-OFF,Lender's Title,Lender's Title,F990-PF-PART-99-AUX-SCHED-31,PF,text,
PF_AX31_LOAN_OFF_PURPOSE_LOAN,PF_AX31_LOAN_OFF_PURPOSE_LOAN,PF-P99-T31-LOAN-OFF,Purpose of loan,Purpose of loan,F990-PF-PART-99-AUX-SCHED-31,PF,text,
PF_AX31_LOAN_OFF_REPAY_TERM,PF_AX31_LOAN_OFF_REPAY_TERM,PF-P99-T31-LOAN-OFF,Repayment terms,Repayment terms,F990-PF-PART-99-AUX-SCHED-31,PF,text,
PF_AX31_LOAN_OFF_SEC_BORROWER,PF_AX31_LOAN_OFF_SEC_BORROWER,PF-P99-T31-LOAN-OFF,Security provided by borrower,Security provided by borrower,F990-PF-PART-99-AUX-SCHED-31,PF,text,
PF_AX32_NOTE_AMT_LOAN,PF_AX32_NOTE_AMT_LOAN,PF-P99-T32-MTG-NOTE,Original amount of loan,Original amount of loan,F990-PF-PART-99-AUX-SCHED-32,PF,numeric,
PF_AX32_NOTE_BALANCE_DUE,PF_AX32_NOTE_BALANCE_DUE,PF-P99-T32-MTG-NOTE,Balance due,Note Payable - Balance due,F990-PF-PART-99-AUX-SCHED-32,PF,numeric,
PF_AX32_NOTE_CONSIDER_FMV,PF_AX32_NOTE_CONSIDER_FMV,PF-P99-T32-MTG-NOTE,Consideration FMV,Consideration FMV,F990-PF-PART-99-AUX-SCHED-32,PF,numeric,
PF_AX32_NOTE_DATE_MATURITY,PF_AX32_NOTE_DATE_MATURITY,PF-P99-T32-MTG-NOTE,Maturity date,Note Payable - Maturity date,F990-PF-PART-99-AUX-SCHED-32,PF,date,
PF_AX32_NOTE_DATE_NOTE,PF_AX32_NOTE_DATE_NOTE,PF-P99-T32-MTG-NOTE,Date of note,Note Payable - Date of note,F990-PF-PART-99-AUX-SCHED-32,PF,date,
PF_AX32_NOTE_DESC_LENDER,PF_AX32_NOTE_DESC_LENDER,PF-P99-T32-MTG-NOTE,Description of lender consideration,Description of lender consideration,F990-PF-PART-99-AUX-SCHED-32,PF,text,
PF_AX32_NOTE_INT_RATE,PF_AX32_NOTE_INT_RATE,PF-P99-T32-MTG-NOTE,Interest rate,Note Payable - Interest rate,F990-PF-PART-99-AUX-SCHED-32,PF,numeric,
PF_AX32_NOTE_LENDER_NAME_ORG_L1,PF_AX32_NOTE_LENDER_NAME_ORG_L1,PF-P99-T32-MTG-NOTE,BusinessNameLine1,Business - BusinessNameLine1,F990-PF-PART-99-AUX-SCHED-32,PF,text,
PF_AX32_NOTE_LENDER_NAME_ORG_L2,PF_AX32_NOTE_LENDER_NAME_ORG_L2,PF-P99-T32-MTG-NOTE,BusinessNameLine2,Business - BusinessNameLine2,F990-PF-PART-99-AUX-SCHED-32,PF,text,
PF_AX32_NOTE_LENDER_NAME_PERS,PF_AX32_NOTE_LENDER_NAME_PERS,PF-P99-T32-MTG-NOTE,Individual,Lenders Name - Individual,F990-PF-PART-99-AUX-SCHED-32,PF,text,
PF_AX32_NOTE_LENDER_TITLE,PF_AX32_NOTE_LENDER_TITLE,PF-P99-T32-MTG-NOTE,Lender's Title,Lender's Title,F990-PF-PART-99-AUX-SCHED-32,PF,text,
PF_AX32_NOTE_MTG_AMT_TOT,PF_AX32_NOTE_MTG_AMT_TOT,PF-P99-T00-AUXILLIARY,Total mortgage amount,Total mortgage amount,F990-PF-PART-99-AUX-SCHED-32,PF,numeric,
PF_AX32_NOTE_PURPOSE_LOAN,PF_AX32_NOTE_PURPOSE_LOAN,PF-P99-T32-MTG-NOTE,Purpose of loan,Purpose of loan,F990-PF-PART-99-AUX-SCHED-32,PF,text,
PF_AX32_NOTE_RELATIONSHIP,PF_AX32_NOTE_RELATIONSHIP,PF-P99-T32-MTG-NOTE,Relationship to insider,Relationship to insider,F990-PF-PART-99-AUX-SCHED-32,PF,text,
PF_AX32_NOTE_REPAY_TERM,PF_AX32_NOTE_REPAY_TERM,PF-P99-T32-MTG-NOTE,Repayment terms,Repayment terms,F990-PF-PART-99-AUX-SCHED-32,PF,text,
PF_AX32_NOTE_SEC_BORROWER,PF_AX32_NOTE_SEC_BORROWER,PF-P99-T32-MTG-NOTE,Security provided by borrower,Security provided by borrower,F990-PF-PART-99-AUX-SCHED-32,PF,text,
PF_AX33_ASSET_OTH_BOY_BV,PF_AX33_ASSET_OTH_BOY_BV,PF-P99-T33-ASSET-OTH,Book Value,Beginning of Year - Book Value,F990-PF-PART-99-AUX-SCHED-33,PF,numeric,
PF_AX33_ASSET_OTH_DESC,PF_AX33_ASSET_OTH_DESC,PF-P99-T33-ASSET-OTH,Description,Other Assets - Description,F990-PF-PART-99-AUX-SCHED-33,PF,text,
PF_AX33_ASSET_OTH_EOY_BV,PF_AX33_ASSET_OTH_EOY_BV,PF-P99-T33-ASSET-OTH,Book Value,End of Year - Book Value,F990-PF-PART-99-AUX-SCHED-33,PF,numeric,
PF_AX33_ASSET_OTH_EOY_FMV,PF_AX33_ASSET_OTH_EOY_FMV,PF-P99-T33-ASSET-OTH,Fair Market Value,End of Year - Fair Market Value,F990-PF-PART-99-AUX-SCHED-33,PF,numeric,
PF_AX34_NETASSET_CHANGE_OTH_AMT,PF_AX34_NETASSET_CHANGE_OTH_AMT,PF-P99-T34-NETASSET-CHANGE,Amount,Other Changes In Net Asset - Amount,F990-PF-PART-99-AUX-SCHED-34,PF,numeric,
PF_AX34_NETASSET_CHANGE_OTH_DESC,PF_AX34_NETASSET_CHANGE_OTH_DESC,PF-P99-T34-NETASSET-CHANGE,Description,Other Changes In Net Asset - Description,F990-PF-PART-99-AUX-SCHED-34,PF,text,
PF_AX35_DECREASE_OTH_AMT,PF_AX35_DECREASE_OTH_AMT,PF-P99-T35-DECREASE-OTH,Amount,Other Decreases - Amount,F990-PF-PART-99-AUX-SCHED-35,PF,numeric,
PF_AX35_DECREASE_OTH_DESC,PF_AX35_DECREASE_OTH_DESC,PF-P99-T35-DECREASE-OTH,Description,Other Decreases - Description,F990-PF-PART-99-AUX-SCHED-35,PF,text,
PF_AX36_EXP_OTH_DESC,PF_AX36_EXP_OTH_DESC,PF-P99-T36-EXP-OTH,Description,Other Expenses - Description,F990-PF-PART-99-AUX-SCHED-36,PF,text,
PF_AX36_EXP_OTH_DISBMT_CHARIT,PF_AX36_EXP_OTH_DISBMT_CHARIT,PF-P99-T36-EXP-OTH,Disbursements for Charitable Purposes,Disbursements for Charitable Purposes,F990-PF-PART-99-AUX-SCHED-36,PF,numeric,
PF_AX36_EXP_OTH_INCOME_NET_ADJ,PF_AX36_EXP_OTH_INCOME_NET_ADJ,PF-P99-T36-EXP-OTH,Adjusted Net Income,Adjusted Net Income,F990-PF-PART-99-AUX-SCHED-36,PF,numeric,
PF_AX36_EXP_OTH_INVEST_NET,PF_AX36_EXP_OTH_INVEST_NET,PF-P99-T36-EXP-OTH,Net Investment Income,Net Investment Income,F990-PF-PART-99-AUX-SCHED-36,PF,numeric,
PF_AX36_EXP_OTH_REV_EXP_BOOK,PF_AX36_EXP_OTH_REV_EXP_BOOK,PF-P99-T36-EXP-OTH,Revenue and Expenses per Books,Revenue and Expenses per Books,F990-PF-PART-99-AUX-SCHED-36,PF,numeric,
PF_AX37_INCOME_OTH_DESC,PF_AX37_INCOME_OTH_DESC,PF-P99-T37-INCOME-OTH,Description,Other Income - Description,F990-PF-PART-99-AUX-SCHED-37,PF,text,
PF_AX37_INCOME_OTH_INVEST_NET,PF_AX37_INCOME_OTH_INVEST_NET,PF-P99-T37-INCOME-OTH,Net Investment Income,Net Investment Income,F990-PF-PART-99-AUX-SCHED-37,PF,numeric,
PF_AX37_INCOME_OTH_NET_ADJ,PF_AX37_INCOME_OTH_NET_ADJ,PF-P99-T37-INCOME-OTH,Adjusted Net Income,Adjusted Net Income,F990-PF-PART-99-AUX-SCHED-37,PF,numeric,
PF_AX37_INCOME_OTH_REV_EXP_BOOK,PF_AX37_INCOME_OTH_REV_EXP_BOOK,PF-P99-T37-INCOME-OTH,Revenue and Expenses per Books,Revenue and Expenses per Books,F990-PF-PART-99-AUX-SCHED-37,PF,numeric,
PF_AX38_INCREASE_OTH_AMT,PF_AX38_INCREASE_OTH_AMT,PF-P99-T38-INCREASE-OTH,Amount,Other Increases - Amount,F990-PF-PART-99-AUX-SCHED-38,PF,numeric,
PF_AX38_INCREASE_OTH_DESC,PF_AX38_INCREASE_OTH_DESC,PF-P99-T38-INCREASE-OTH,Description,Other Increases - Description,F990-PF-PART-99-AUX-SCHED-38,PF,text,
PF_AX39_LIAB_OTH_BOY_BV,PF_AX39_LIAB_OTH_BOY_BV,PF-P99-T39-LIAB-OTH,Book Value,Beginning of Year - Book Value,F990-PF-PART-99-AUX-SCHED-39,PF,numeric,
PF_AX39_LIAB_OTH_DESC,PF_AX39_LIAB_OTH_DESC,PF-P99-T39-LIAB-OTH,Description,Other Liabilities - Description,F990-PF-PART-99-AUX-SCHED-39,PF,text,
PF_AX39_LIAB_OTH_EOY_BV,PF_AX39_LIAB_OTH_EOY_BV,PF-P99-T39-LIAB-OTH,Book Value,End of Year - Book Value,F990-PF-PART-99-AUX-SCHED-39,PF,numeric,
PF_AX40_NOTE_OTH_L_AMT_LOAN,PF_AX40_NOTE_OTH_L_AMT_LOAN,PF-P99-T40-NOTE-LOAN-OTH-LONG,Original Amount of Loan,Original Amount of Loan,F990-PF-PART-99-AUX-SCHED-40,PF,numeric,
PF_AX40_NOTE_OTH_L_BALANCE_DUE,PF_AX40_NOTE_OTH_L_BALANCE_DUE,PF-P99-T40-NOTE-LOAN-OTH-LONG,Balance due,Other Notes Loans Rcvbl Long - Balance due,F990-PF-PART-99-AUX-SCHED-40,PF,numeric,
PF_AX40_NOTE_OTH_L_CONSIDER_FMV,PF_AX40_NOTE_OTH_L_CONSIDER_FMV,PF-P99-T40-NOTE-LOAN-OTH-LONG,Consideration FMV,Consideration FMV,F990-PF-PART-99-AUX-SCHED-40,PF,numeric,
PF_AX40_NOTE_OTH_L_DATE_MATURITY,PF_AX40_NOTE_OTH_L_DATE_MATURITY,PF-P99-T40-NOTE-LOAN-OTH-LONG,Maturity date,Other Notes Loans Rcvbl Long - Maturity date,F990-PF-PART-99-AUX-SCHED-40,PF,date,
PF_AX40_NOTE_OTH_L_DATE_NOTE,PF_AX40_NOTE_OTH_L_DATE_NOTE,PF-P99-T40-NOTE-LOAN-OTH-LONG,Date of note,Other Notes Loans Rcvbl Long - Date of note,F990-PF-PART-99-AUX-SCHED-40,PF,date,
PF_AX40_NOTE_OTH_L_DESC_LENDER,PF_AX40_NOTE_OTH_L_DESC_LENDER,PF-P99-T40-NOTE-LOAN-OTH-LONG,Description of lender consideration,Description of lender consideration,F990-PF-PART-99-AUX-SCHED-40,PF,text,
PF_AX40_NOTE_OTH_L_INT_RATE,PF_AX40_NOTE_OTH_L_INT_RATE,PF-P99-T40-NOTE-LOAN-OTH-LONG,Interest rate,Other Notes Loans Rcvbl Long - Interest rate,F990-PF-PART-99-AUX-SCHED-40,PF,numeric,
PF_AX40_NOTE_OTH_L_NAME_ORG_L1,PF_AX40_NOTE_OTH_L_NAME_ORG_L1,PF-P99-T40-NOTE-LOAN-OTH-LONG,BusinessNameLine1,Business - BusinessNameLine1,F990-PF-PART-99-AUX-SCHED-40,PF,text,
PF_AX40_NOTE_OTH_L_NAME_ORG_L2,PF_AX40_NOTE_OTH_L_NAME_ORG_L2,PF-P99-T40-NOTE-LOAN-OTH-LONG,BusinessNameLine2,Business - BusinessNameLine2,F990-PF-PART-99-AUX-SCHED-40,PF,text,
PF_AX40_NOTE_OTH_L_NAME_PERS,PF_AX40_NOTE_OTH_L_NAME_PERS,PF-P99-T40-NOTE-LOAN-OTH-LONG,Individual,Borrowers Name - Individual,F990-PF-PART-99-AUX-SCHED-40,PF,text,
PF_AX40_NOTE_OTH_L_PURPOSE_LOAN,PF_AX40_NOTE_OTH_L_PURPOSE_LOAN,PF-P99-T40-NOTE-LOAN-OTH-LONG,Purpose of loan,Purpose of loan,F990-PF-PART-99-AUX-SCHED-40,PF,text,
PF_AX40_NOTE_OTH_L_RELATIONSHIP,PF_AX40_NOTE_OTH_L_RELATIONSHIP,PF-P99-T40-NOTE-LOAN-OTH-LONG,Relationship to insider,Relationship to insider,F990-PF-PART-99-AUX-SCHED-40,PF,text,
PF_AX40_NOTE_OTH_L_REPAY_TERM,PF_AX40_NOTE_OTH_L_REPAY_TERM,PF-P99-T40-NOTE-LOAN-OTH-LONG,Repayment terms,Repayment terms,F990-PF-PART-99-AUX-SCHED-40,PF,text,
PF_AX40_NOTE_OTH_L_SEC_BORROWER,PF_AX40_NOTE_OTH_L_SEC_BORROWER,PF-P99-T40-NOTE-LOAN-OTH-LONG,Security provided by borrower,Security provided by borrower,F990-PF-PART-99-AUX-SCHED-40,PF,text,
PF_AX41_NOTE_OTH_S_BALANCE_DUE,PF_AX41_NOTE_OTH_S_BALANCE_DUE,PF-P99-T41-NOTE-LOAN-OTH-SHORT,Balance Due,Other Notes Loans Rcvbl Short - Balance Due,F990-PF-PART-99-AUX-SCHED-41,PF,numeric,
PF_AX41_NOTE_OTH_S_NAME_ORG_L1,PF_AX41_NOTE_OTH_S_NAME_ORG_L1,PF-P99-T41-NOTE-LOAN-OTH-SHORT,BusinessNameLine1,Name Of501c3 Organization - BusinessNameLine1,F990-PF-PART-99-AUX-SCHED-41,PF,text,
PF_AX41_NOTE_OTH_S_NAME_ORG_L2,PF_AX41_NOTE_OTH_S_NAME_ORG_L2,PF-P99-T41-NOTE-LOAN-OTH-SHORT,BusinessNameLine2,Name Of501c3 Organization - BusinessNameLine2,F990-PF-PART-99-AUX-SCHED-41,PF,text,
PF_AX42_PROF_FEE_AMT,PF_AX42_PROF_FEE_AMT,PF-P99-T42-PROF-FEES-OTH,Amount,Other Professional Fees - Amount,F990-PF-PART-99-AUX-SCHED-42,PF,numeric,
PF_AX42_PROF_FEE_CATEGORY,PF_AX42_PROF_FEE_CATEGORY,PF-P99-T42-PROF-FEES-OTH,Category,Other Professional Fees - Category,F990-PF-PART-99-AUX-SCHED-42,PF,text,
PF_AX42_PROF_FEE_DISBMT_CHARIT,PF_AX42_PROF_FEE_DISBMT_CHARIT,PF-P99-T42-PROF-FEES-OTH,Disbursements for Charitable Purposes,Disbursements for Charitable Purposes,F990-PF-PART-99-AUX-SCHED-42,PF,numeric,
PF_AX42_PROF_FEE_INCOME_NET_ADJ,PF_AX42_PROF_FEE_INCOME_NET_ADJ,PF-P99-T42-PROF-FEES-OTH,Adjusted Net Income,Adjusted Net Income,F990-PF-PART-99-AUX-SCHED-42,PF,numeric,
PF_AX42_PROF_FEE_INVEST_NET,PF_AX42_PROF_FEE_INVEST_NET,PF-P99-T42-PROF-FEES-OTH,Net Investment Income,Net Investment Income,F990-PF-PART-99-AUX-SCHED-42,PF,numeric,
PF_AX43_OFF_OTH_AMT_LOAN,PF_AX43_OFF_OTH_AMT_LOAN,PF-P99-T43-OFF-OTH,Original Amount of Loan,Original Amount of Loan,F990-PF-PART-99-AUX-SCHED-43,PF,numeric,
PF_AX43_OFF_OTH_BALANCE_DUE,PF_AX43_OFF_OTH_BALANCE_DUE,PF-P99-T43-OFF-OTH,Balance due,Officer Other Rcvbl Grp - Balance due,F990-PF-PART-99-AUX-SCHED-43,PF,numeric,
PF_AX43_OFF_OTH_BORROWER_NAME,PF_AX43_OFF_OTH_BORROWER_NAME,PF-P99-T43-OFF-OTH,Borrower's name,Borrower's name,F990-PF-PART-99-AUX-SCHED-43,PF,text,
PF_AX43_OFF_OTH_BORROWER_TITLE,PF_AX43_OFF_OTH_BORROWER_TITLE,PF-P99-T43-OFF-OTH,Borrower's Title,Borrower's Title,F990-PF-PART-99-AUX-SCHED-43,PF,text,
PF_AX43_OFF_OTH_CONSIDER_FMV,PF_AX43_OFF_OTH_CONSIDER_FMV,PF-P99-T43-OFF-OTH,Consideration FMV,Consideration FMV,F990-PF-PART-99-AUX-SCHED-43,PF,numeric,
PF_AX43_OFF_OTH_DATE_MATURITY,PF_AX43_OFF_OTH_DATE_MATURITY,PF-P99-T43-OFF-OTH,Maturity date,Officer Other Rcvbl Grp - Maturity date,F990-PF-PART-99-AUX-SCHED-43,PF,date,
PF_AX43_OFF_OTH_DATE_NOTE,PF_AX43_OFF_OTH_DATE_NOTE,PF-P99-T43-OFF-OTH,Date of note,Officer Other Rcvbl Grp - Date of note,F990-PF-PART-99-AUX-SCHED-43,PF,date,
PF_AX43_OFF_OTH_DESC_LENDER,PF_AX43_OFF_OTH_DESC_LENDER,PF-P99-T43-OFF-OTH,Description of lender consideration,Description of lender consideration,F990-PF-PART-99-AUX-SCHED-43,PF,text,
PF_AX43_OFF_OTH_INT_RATE,PF_AX43_OFF_OTH_INT_RATE,PF-P99-T43-OFF-OTH,Interest rate,Officer Other Rcvbl Grp - Interest rate,F990-PF-PART-99-AUX-SCHED-43,PF,numeric,
PF_AX43_OFF_OTH_PURPOSE_LOAN,PF_AX43_OFF_OTH_PURPOSE_LOAN,PF-P99-T43-OFF-OTH,Purpose of loan,Purpose of loan,F990-PF-PART-99-AUX-SCHED-43,PF,text,
PF_AX43_OFF_OTH_REPAY_TERM,PF_AX43_OFF_OTH_REPAY_TERM,PF-P99-T43-OFF-OTH,Repayment terms,Repayment terms,F990-PF-PART-99-AUX-SCHED-43,PF,text,
PF_AX43_OFF_OTH_SEC_BORROWER,PF_AX43_OFF_OTH_SEC_BORROWER,PF-P99-T43-OFF-OTH,Security provided by borrower,Security provided by borrower,F990-PF-PART-99-AUX-SCHED-43,PF,text,
PF_AX43_OFF_OTH_TRAVEL_ADVANCE,PF_AX43_OFF_OTH_TRAVEL_ADVANCE,PF-P99-T00-AUXILLIARY,Travel advances to officers,Travel advances to officers,F990-PF-PART-99-AUX-SCHED-43,PF,numeric,
PF_AX45_REDUCT_EXPLANATION,PF_AX45_REDUCT_EXPLANATION,PF-P99-T00-AUXILLIARY,Explanation,Reduction Explanation Statement - Explanation,F990-PF-PART-99-AUX-SCHED-45,PF,text,
PF_AX46_SALE_INV_AMT_NET,PF_AX46_SALE_INV_AMT_NET,PF-P99-T46-SALE-INV,Net (gross sales minus cost of goods sold),Net (gross sales minus cost of goods sold),F990-PF-PART-99-AUX-SCHED-46,PF,numeric,
PF_AX46_SALE_INV_CATEGORY,PF_AX46_SALE_INV_CATEGORY,PF-P99-T46-SALE-INV,Category,Inventory Sale Grp - Category,F990-PF-PART-99-AUX-SCHED-46,PF,text,
PF_AX46_SALE_INV_COST_GOODS_SOLD,PF_AX46_SALE_INV_COST_GOODS_SOLD,PF-P99-T46-SALE-INV,Cost of goods sold,Cost of goods sold,F990-PF-PART-99-AUX-SCHED-46,PF,numeric,
PF_AX46_SALE_INV_GRO_SALE,PF_AX46_SALE_INV_GRO_SALE,PF-P99-T46-SALE-INV,Gross sales,Inventory Sale Grp - Gross sales,F990-PF-PART-99-AUX-SCHED-46,PF,numeric,
PF_AX47_4942A2_EXPLANATION,PF_AX47_4942A2_EXPLANATION,PF-P99-T00-AUXILLIARY,Explanation,Sect4942a2 Explanation Statement - Explanation,F990-PF-PART-99-AUX-SCHED-47,PF,text,
PF_AX48_CONTRIBUTOR_ADDR_CITY,PF_AX48_CONTRIBUTOR_ADDR_CITY,PF-P99-T48-CONTRIBUTOR,City,Foreign Address - City,F990-PF-PART-99-AUX-SCHED-48,PF,text,
PF_AX48_CONTRIBUTOR_ADDR_CNTR,PF_AX48_CONTRIBUTOR_ADDR_CNTR,PF-P99-T48-CONTRIBUTOR,Country,Foreign Address - Country,F990-PF-PART-99-AUX-SCHED-48,PF,text,
PF_AX48_CONTRIBUTOR_ADDR_L1,PF_AX48_CONTRIBUTOR_ADDR_L1,PF-P99-T48-CONTRIBUTOR,AddressLine1,Foreign Address - AddressLine1,F990-PF-PART-99-AUX-SCHED-48,PF,text,
PF_AX48_CONTRIBUTOR_ADDR_L2,PF_AX48_CONTRIBUTOR_ADDR_L2,PF-P99-T48-CONTRIBUTOR,AddressLine2,Foreign Address - AddressLine2,F990-PF-PART-99-AUX-SCHED-48,PF,text,
PF_AX48_CONTRIBUTOR_ADDR_STATE,PF_AX48_CONTRIBUTOR_ADDR_STATE,PF-P99-T48-CONTRIBUTOR,Province or state,Province or state,F990-PF-PART-99-AUX-SCHED-48,PF,text,
PF_AX48_CONTRIBUTOR_ADDR_ZIP,PF_AX48_CONTRIBUTOR_ADDR_ZIP,PF-P99-T48-CONTRIBUTOR,Postal code,Foreign Address - Postal code,F990-PF-PART-99-AUX-SCHED-48,PF,text,
PF_AX48_CONTRIBUTOR_NAME_ORG_L1,PF_AX48_CONTRIBUTOR_NAME_ORG_L1,PF-P99-T48-CONTRIBUTOR,BusinessNameLine1,Business Name - BusinessNameLine1,F990-PF-PART-99-AUX-SCHED-48,PF,text,
PF_AX48_CONTRIBUTOR_NAME_ORG_L2,PF_AX48_CONTRIBUTOR_NAME_ORG_L2,PF-P99-T48-CONTRIBUTOR,BusinessNameLine2,Business Name - BusinessNameLine2,F990-PF-PART-99-AUX-SCHED-48,PF,text,
PF_AX48_CONTRIBUTOR_NAME_PERS,PF_AX48_CONTRIBUTOR_NAME_PERS,PF-P99-T48-CONTRIBUTOR,Contributor's Person Name,Contributor's Person Name,F990-PF-PART-99-AUX-SCHED-48,PF,text,
PF_AX49_TAXES_AMT,PF_AX49_TAXES_AMT,PF-P99-T49-TAXES,Amount,Taxes - Amount,F990-PF-PART-99-AUX-SCHED-49,PF,numeric,
PF_AX49_TAXES_CATEGORY,PF_AX49_TAXES_CATEGORY,PF-P99-T49-TAXES,Category,Taxes - Category,F990-PF-PART-99-AUX-SCHED-49,PF,text,
PF_AX49_TAXES_DISBMT_CHARIT,PF_AX49_TAXES_DISBMT_CHARIT,PF-P99-T49-TAXES,Disbursements for Charitable Purposes,Disbursements for Charitable Purposes,F990-PF-PART-99-AUX-SCHED-49,PF,numeric,
PF_AX49_TAXES_INCOME_NET_ADJ,PF_AX49_TAXES_INCOME_NET_ADJ,PF-P99-T49-TAXES,Adjusted Net Income,Adjusted Net Income,F990-PF-PART-99-AUX-SCHED-49,PF,numeric,
PF_AX49_TAXES_INVEST_NET,PF_AX49_TAXES_INVEST_NET,PF-P99-T49-TAXES,Net Investment Income,Net Investment Income,F990-PF-PART-99-AUX-SCHED-49,PF,numeric,
PF_AX50_TAX_511_EXPLANATION,PF_AX50_TAX_511_EXPLANATION,PF-P99-T00-AUXILLIARY,ExplanationTxt,Tax Under Section511 Statement - ExplanationTxt,F990-PF-PART-99-AUX-SCHED-50,PF,text,
PF_AX51_TRANSF_FR_CE_ADDR_CITY,PF_AX51_TRANSF_FR_CE_ADDR_CITY,PF-P99-T51-TRANSFER-FROM-CE,City,Foreign Address - City,F990-PF-PART-99-AUX-SCHED-51,PF,text,
PF_AX51_TRANSF_FR_CE_ADDR_CNTR,PF_AX51_TRANSF_FR_CE_ADDR_CNTR,PF-P99-T51-TRANSFER-FROM-CE,Country,Foreign Address - Country,F990-PF-PART-99-AUX-SCHED-51,PF,text,
PF_AX51_TRANSF_FR_CE_ADDR_L1,PF_AX51_TRANSF_FR_CE_ADDR_L1,PF-P99-T51-TRANSFER-FROM-CE,AddressLine1,Foreign Address - AddressLine1,F990-PF-PART-99-AUX-SCHED-51,PF,text,
PF_AX51_TRANSF_FR_CE_ADDR_L2,PF_AX51_TRANSF_FR_CE_ADDR_L2,PF-P99-T51-TRANSFER-FROM-CE,AddressLine2,Foreign Address - AddressLine2,F990-PF-PART-99-AUX-SCHED-51,PF,text,
PF_AX51_TRANSF_FR_CE_ADDR_STATE,PF_AX51_TRANSF_FR_CE_ADDR_STATE,PF-P99-T51-TRANSFER-FROM-CE,Province or state,Province or state,F990-PF-PART-99-AUX-SCHED-51,PF,text,
PF_AX51_TRANSF_FR_CE_ADDR_ZIP,PF_AX51_TRANSF_FR_CE_ADDR_ZIP,PF-P99-T51-TRANSFER-FROM-CE,Postal code,Foreign Address - Postal code,F990-PF-PART-99-AUX-SCHED-51,PF,text,
PF_AX51_TRANSF_FR_CE_AMT,PF_AX51_TRANSF_FR_CE_AMT,PF-P99-T51-TRANSFER-FROM-CE,Amount of transfer,Amount of transfer,F990-PF-PART-99-AUX-SCHED-51,PF,numeric,
PF_AX51_TRANSF_FR_CE_AMT_TOT,PF_AX51_TRANSF_FR_CE_AMT_TOT,PF-P99-T00-AUXILLIARY,Total transfer from amount,Total transfer from amount,F990-PF-PART-99-AUX-SCHED-51,PF,numeric,
PF_AX51_TRANSF_FR_CE_DESC,PF_AX51_TRANSF_FR_CE_DESC,PF-P99-T51-TRANSFER-FROM-CE,Description of transfer,Description of transfer,F990-PF-PART-99-AUX-SCHED-51,PF,text,
PF_AX51_TRANSF_FR_CE_EIN,PF_AX51_TRANSF_FR_CE_EIN,PF-P99-T51-TRANSFER-FROM-CE,EIN,From Controlled Entity - EIN,F990-PF-PART-99-AUX-SCHED-51,PF,text,
PF_AX51_TRANSF_FR_CE_NAME_ORG_L1,PF_AX51_TRANSF_FR_CE_NAME_ORG_L1,PF-P99-T51-TRANSFER-FROM-CE,BusinessNameLine1,Business Name - BusinessNameLine1,F990-PF-PART-99-AUX-SCHED-51,PF,text,
PF_AX51_TRANSF_FR_CE_NAME_ORG_L2,PF_AX51_TRANSF_FR_CE_NAME_ORG_L2,PF-P99-T51-TRANSFER-FROM-CE,BusinessNameLine2,Business Name - BusinessNameLine2,F990-PF-PART-99-AUX-SCHED-51,PF,text,
PF_AX52_TRANSF_TO_CE_ADDR_CITY,PF_AX52_TRANSF_TO_CE_ADDR_CITY,PF-P99-T52-TRANSFER-TO-CE,City,Foreign Address - City,F990-PF-PART-99-AUX-SCHED-52,PF,text,
PF_AX52_TRANSF_TO_CE_ADDR_CNTR,PF_AX52_TRANSF_TO_CE_ADDR_CNTR,PF-P99-T52-TRANSFER-TO-CE,Country,Foreign Address - Country,F990-PF-PART-99-AUX-SCHED-52,PF,text,
PF_AX52_TRANSF_TO_CE_ADDR_L1,PF_AX52_TRANSF_TO_CE_ADDR_L1,PF-P99-T52-TRANSFER-TO-CE,AddressLine1,Address Foreign - AddressLine1,F990-PF-PART-99-AUX-SCHED-52,PF,text,
PF_AX52_TRANSF_TO_CE_ADDR_L2,PF_AX52_TRANSF_TO_CE_ADDR_L2,PF-P99-T52-TRANSFER-TO-CE,AddressLine2,Address Foreign - AddressLine2,F990-PF-PART-99-AUX-SCHED-52,PF,text,
PF_AX52_TRANSF_TO_CE_ADDR_STATE,PF_AX52_TRANSF_TO_CE_ADDR_STATE,PF-P99-T52-TRANSFER-TO-CE,Province or state,Province or state,F990-PF-PART-99-AUX-SCHED-52,PF,text,
PF_AX52_TRANSF_TO_CE_ADDR_ZIP,PF_AX52_TRANSF_TO_CE_ADDR_ZIP,PF-P99-T52-TRANSFER-TO-CE,Postal code,Foreign Address - Postal code,F990-PF-PART-99-AUX-SCHED-52,PF,text,
PF_AX52_TRANSF_TO_CE_AMT,PF_AX52_TRANSF_TO_CE_AMT,PF-P99-T52-TRANSFER-TO-CE,Amount of transfer,Amount of transfer,F990-PF-PART-99-AUX-SCHED-52,PF,numeric,
PF_AX52_TRANSF_TO_CE_AMT_TOT,PF_AX52_TRANSF_TO_CE_AMT_TOT,PF-P99-T00-AUXILLIARY,Total transfer to amount,Total transfer to amount,F990-PF-PART-99-AUX-SCHED-52,PF,numeric,
PF_AX52_TRANSF_TO_CE_DESC,PF_AX52_TRANSF_TO_CE_DESC,PF-P99-T52-TRANSFER-TO-CE,Description of transfer,Description of transfer,F990-PF-PART-99-AUX-SCHED-52,PF,text,
PF_AX52_TRANSF_TO_CE_EIN,PF_AX52_TRANSF_TO_CE_EIN,PF-P99-T52-TRANSFER-TO-CE,EIN,To Controlled Entity - EIN,F990-PF-PART-99-AUX-SCHED-52,PF,text,
PF_AX52_TRANSF_TO_CE_NAME_ORG_L1,PF_AX52_TRANSF_TO_CE_NAME_ORG_L1,PF-P99-T52-TRANSFER-TO-CE,BusinessNameLine1,Name - BusinessNameLine1,F990-PF-PART-99-AUX-SCHED-52,PF,text,
PF_AX52_TRANSF_TO_CE_NAME_ORG_L2,PF_AX52_TRANSF_TO_CE_NAME_ORG_L2,PF-P99-T52-TRANSFER-TO-CE,BusinessNameLine2,Name - BusinessNameLine2,F990-PF-PART-99-AUX-SCHED-52,PF,text,
PF_03_NAFB_TOT_EOY,PF_03_NAFB_TOT_EOY,PF-P03-T00-NET-ASSET-FUND-BALANCE-CHANGE,Total net assets or fund balances at end of year (Part III line 6),Total net assets or fund balances at end of year (Part III line 6),F990-PF-PART-02-LINE-30-COL-B,PF,numeric,
PF_AX09_COMP_EXPLANATION,PF_AX09_COMP_EXPLANATION,PF-P99-T09-COMP,Explanation,Compensation - Explanation,F990-PF-PART-99-AUX-SCHED-09,PF,text,
PF_AX09_COMP_NAME_ORG_L1,PF_AX09_COMP_NAME_ORG_L1,PF-P99-T09-COMP,BusinessNameLine1,Business Name - BusinessNameLine1,F990-PF-PART-99-AUX-SCHED-09,PF,text,
PF_AX09_COMP_NAME_ORG_L2,PF_AX09_COMP_NAME_ORG_L2,PF-P99-T09-COMP,BusinessNameLine2,Business Name - BusinessNameLine2,F990-PF-PART-99-AUX-SCHED-09,PF,text,
PF_AX14_COMP_EMPL_EXPLANATION,PF_AX14_COMP_EMPL_EXPLANATION,PF-P99-T14-COMP-EMPL,Explanation,Employee Comp Explanation - Explanation,F990-PF-PART-99-AUX-SCHED-14,PF,text,
PF_AX14_COMP_EMPL_NAME,PF_AX14_COMP_EMPL_NAME,PF-P99-T14-COMP-EMPL,Employee name,Employee Comp Explanation - Employee name,F990-PF-PART-99-AUX-SCHED-14,PF,text,
PF_AX44_CAUSE_EXPLANATION,PF_AX44_CAUSE_EXPLANATION,PF-P99-T00-AUXILLIARY,Explanation,Reasonable Cause Explanation - Explanation,F990-PF-PART-99-AUX-SCHED-44,PF,text,
PF_06_ORIG_RETURN_OVERPAY,PF_06_ORIG_RETURN_OVERPAY,PF-P06-T00-INVEST-INCOME-EXCISE-TAX,Overpayment on the original return (amended return),Original Return Overpayment,F990-PF-PART-06-LINE-07,PF,numeric,
PF_06_ORIG_RETURN_TAX_PAID,PF_06_ORIG_RETURN_TAX_PAID,PF-P06-T00-INVEST-INCOME-EXCISE-TAX,Tax paid with the original return (amended return),Tax Paid with the Original Return,F990-PF-PART-06-LINE-07,PF,numeric,
PF_07_BINDING_CONTRACT_X,PF_07_BINDING_CONTRACT_X,PF-P07-T00-ACTIVITIES,"Binding written contract covering interest, rents, royalties and annuities (line 11) [x]",Did the foundation have a binding written contract in effect covering the interest; rents; royalties and annuities described in the attachment for line 11a?,F990-PF-PART-07-A-LINE-05,PF,checkbox,
PF_07_INSURANCE_CONTRACT_X,PF_07_INSURANCE_CONTRACT_X,PF-P07-T00-ACTIVITIES,Acquired an interest in an applicable insurance contract (line 12) [x],Did the organization acquire a direct or indirect interest in any applicable insurance contract?,F990-PF-PART-07-A-LINE-05,PF,checkbox,
PF_07_4720_UNDIST_N_APP_Y_1,PF_07_4720_UNDIST_N_APP_Y_1,PF-P07-T00-ACTIVITIES-4720,"Undistributed income: section 4942(a)(2) not applied, year 1",Undistributed Income 4942(a)(2) Not Applied Year 1,F990-PF-PART-07-B-LINE-02C,PF,numeric,
PF_07_4720_UNDIST_N_APP_Y_2,PF_07_4720_UNDIST_N_APP_Y_2,PF-P07-T00-ACTIVITIES-4720,"Undistributed income: section 4942(a)(2) not applied, year 2",Undistributed Income 4942(a)(2) Not Applied Year 2,F990-PF-PART-07-B-LINE-02C,PF,numeric,
PF_07_4720_UNDIST_N_APP_Y_3,PF_07_4720_UNDIST_N_APP_Y_3,PF-P07-T00-ACTIVITIES-4720,"Undistributed income: section 4942(a)(2) not applied, year 3",Undistributed Income 4942(a)(2) Not Applied Year 3,F990-PF-PART-07-B-LINE-02C,PF,numeric,
PF_07_4720_UNDIST_N_APP_Y_4,PF_07_4720_UNDIST_N_APP_Y_4,PF-P07-T00-ACTIVITIES-4720,"Undistributed income: section 4942(a)(2) not applied, year 4",Undistributed Income 4942(a)(2) Not Applied Year 4,F990-PF-PART-07-B-LINE-02C,PF,numeric,
PF_07_4720_TAX_4960_X,PF_07_4720_TAX_4960_X,PF-P07-T00-ACTIVITIES-4720,Subject to section 4960 tax on excess remuneration or excess parachute payments?,Subject to section 4960 tax on excess remuneration or excess parachute payments?,F990-PF-PART-07-B-LINE-01A(1),PF,checkbox,
PF_06_CREDIT_PAY_FRGN_WITHHOLD,PF_06_CREDIT_PAY_FRGN_WITHHOLD,PF-P06-T00-INVEST-INCOME-EXCISE-TAX,Exempt foreign organizations - tax withheld at source,Exempt foreign organizations - tax withheld at source,F990-PF-PART-06,PF,numeric,
SB_00_ORG_TYPE_501C3_EXEMPT_PF_X,SB_00_ORG_TYPE_501C3_EXEMPT_PF_X,SB-P00-T00-HEADER,Organization type: 501(c)(3) exempt private foundation,Organization type: 501(c)(3) exempt private foundation,SCHED-B-PART-01,PZ,checkbox,
SB_00_GENERAL_RULE_X,SB_00_GENERAL_RULE_X,SB-P00-T00-HEADER,"General Rule applies (contributor gave $5,000 or more)","General Rule applies (contributor gave $5,000 or more)",SCHED-B-PART-01,PZ,checkbox,
SB_01_CONTRIBUTOR_TYPE_PERSON_X,SB_01_CONTRIBUTOR_TYPE_PERSON_X,SB-P01-T01-CONTRIBUTORS,Type of contribution: person,Type of contribution: person,SCHED-B-PART-01,PZ,checkbox,
SB_01_CONTRIBUTOR_NAME_PERS,SB_01_CONTRIBUTOR_NAME_PERS,SB-P01-T01-CONTRIBUTORS,Contributor name - individual,Contributor name - individual,SCHED-B-PART-01,PZ,text,
SB_01_CONTRIBUTOR_TYPE_NONCASH_X,SB_01_CONTRIBUTOR_TYPE_NONCASH_X,SB-P01-T01-CONTRIBUTORS,Type of contribution: noncash (complete Part II),Type of contribution: noncash (complete Part II),SCHED-B-PART-01,PZ,checkbox,
SB_02_NONCASH_CONTRIBUTOR_NUM,SB_02_NONCASH_CONTRIBUTOR_NUM,SB-P02-T01-NONCASH-PROPERTY,Noncash property: contributor number from Part I,Noncash property: contributor number from Part I,SCHED-B-PART-01,PZ,numeric,
SB_02_NONCASH_PROP_FMV,SB_02_NONCASH_PROP_FMV,SB-P02-T01-NONCASH-PROPERTY,FMV (or estimate) of noncash property,FMV (or estimate) of noncash property,SCHED-B-PART-01,PZ,numeric,
SB_02_NONCASH_PROP_DESC,SB_02_NONCASH_PROP_DESC,SB-P02-T01-NONCASH-PROPERTY,Description of noncash property given,Description of noncash property given,SCHED-B-PART-01,PZ,text,
SB_02_NONCASH_DATE_RECEIVED,SB_02_NONCASH_DATE_RECEIVED,SB-P02-T01-NONCASH-PROPERTY,Date noncash property received,Date noncash property received,SCHED-B-PART-01,PZ,date,
PF_02_NAFB_RESTRICT_BOY_BV,PF_02_NAFB_RESTRICT_BOY_BV,PF-P02-T00-BALANCE-SHEET,Net assets with donor restrictions - beginning of year - book value,Net assets with donor restrictions - beginning of year - book value,F990-PF-PART-02,PF,numeric,
PF_02_NAFB_RESTRICT_EOY_BV,PF_02_NAFB_RESTRICT_EOY_BV,PF-P02-T00-BALANCE-SHEET,Net assets with donor restrictions - end of year - book value,Net assets with donor restrictions - end of year - book value,F990-PF-PART-02,PF,numeric,
PF_00_EXEMPT_APP_PENDING_X,PF_00_EXEMPT_APP_PENDING_X,PF-P00-T00-HEADER,Exemption application is pending,Exemption application is pending,F990-PC-PART-00,HD,checkbox,
PF_00_FORM_NAME_CHANGE_X,PF_00_FORM_NAME_CHANGE_X,PF-P00-T00-HEADER,Name change,Name change,F990-PC-PART-00,HD,checkbox,
SB_01_CONTRIBUTOR_ADDR_CNTR,SB_01_CONTRIBUTOR_ADDR_CNTR,SB-P01-T01-CONTRIBUTORS,Contributor address - country,Contributor address - country,SCHED-B-PART-01,PZ,text,
PF_00_PF_STAT_TERMIN_507B1B_X,PF_00_PF_STAT_TERMIN_507B1B_X,PF-P00-T00-HEADER,Foundation is in a 60-month termination under section 507(b)(1)(B),Foundation is in a 60-month termination under section 507(b)(1)(B),F990-PC-PART-00,HD,checkbox,
SB_01_CONTRIBUTOR_TYPE_PAYROLL_X,SB_01_CONTRIBUTOR_TYPE_PAYROLL_X,SB-P01-T01-CONTRIBUTORS,Type of contribution: payroll,Type of contribution: payroll,SCHED-B-PART-01,PZ,checkbox,
SB_01_CONTRIBUTOR_NAME_L2,SB_01_CONTRIBUTOR_NAME_L2,SB-P01-T01-CONTRIBUTORS,"Contributor name - business, line 2","Contributor name - business, line 2",SCHED-B-PART-01,PZ,text,
SB_00_ORG_TYPE_4947A1_PF_X,SB_00_ORG_TYPE_4947A1_PF_X,SB-P00-T00-HEADER,Organization type: 4947(a)(1) nonexempt charitable trust treated as a private foundation,Organization type: 4947(a)(1) nonexempt charitable trust treated as a private foundation,SCHED-B-PART-01,PZ,checkbox,
PF_00_FRGN_ORG_85PCT_TEST_X,PF_00_FRGN_ORG_85PCT_TEST_X,PF-P00-T00-HEADER,Foreign organization meeting the 85% test,Foreign organization meeting the 85% test,F990-PC-PART-00,HD,checkbox,
SB_03_CONTRIBUTOR_NUM,SB_03_CONTRIBUTOR_NUM,SB-P03-T01-EXCLUSIVELY-RELIGIOUS,Exclusively religious etc. gift: contributor number from Part I,Exclusively religious etc. gift: contributor number from Part I,SCHED-B-PART-01,PZ,numeric,
SB_03_GIFT_PURPOSE,SB_03_GIFT_PURPOSE,SB-P03-T01-EXCLUSIVELY-RELIGIOUS,Purpose of gift,Purpose of gift,SCHED-B-PART-01,PZ,text,
SB_03_GIFT_USE,SB_03_GIFT_USE,SB-P03-T01-EXCLUSIVELY-RELIGIOUS,Use of gift,Use of gift,SCHED-B-PART-01,PZ,text,
PF_00_FRGN_ORG_X,PF_00_FRGN_ORG_X,PF-P00-T00-HEADER,Foreign organization,Foreign organization,F990-PC-PART-00,HD,checkbox,
SB_03_GIFT_HOW_HELD,SB_03_GIFT_HOW_HELD,SB-P03-T01-EXCLUSIVELY-RELIGIOUS,Description of how gift is held,Description of how gift is held,SCHED-B-PART-01,PZ,text,
SB_00_ORG_TYPE_501C_X,SB_00_ORG_TYPE_501C_X,SB-P00-T00-HEADER,Organization type: 501(c) organization (subsection in attribute organization501cTypeTxt),Organization type: 501(c) organization (subsection in attribute organization501cTypeTxt),SCHED-B-PART-01,PZ,checkbox,
SB_03_TRANSFEREE_ADDR_L1,SB_03_TRANSFEREE_ADDR_L1,SB-P03-T01-EXCLUSIVELY-RELIGIOUS,Transferee address - line 1,Transferee address - line 1,SCHED-B-PART-01,PZ,text,
SB_03_TRANSFEREE_ADDR_CITY,SB_03_TRANSFEREE_ADDR_CITY,SB-P03-T01-EXCLUSIVELY-RELIGIOUS,Transferee address - city,Transferee address - city,SCHED-B-PART-01,PZ,text,
SB_03_TRANSFEREE_ADDR_STATE,SB_03_TRANSFEREE_ADDR_STATE,SB-P03-T01-EXCLUSIVELY-RELIGIOUS,Transferee address - state/province,Transferee address - state/province,SCHED-B-PART-01,PZ,text,
SB_03_TRANSFEREE_ADDR_ZIP,SB_03_TRANSFEREE_ADDR_ZIP,SB-P03-T01-EXCLUSIVELY-RELIGIOUS,Transferee address - ZIP/postal code,Transferee address - ZIP/postal code,SCHED-B-PART-01,PZ,text,
SB_00_ORG_TYPE_501C3_TAX_PF_X,SB_00_ORG_TYPE_501C3_TAX_PF_X,SB-P00-T00-HEADER,Organization type: 501(c)(3) taxable private foundation,Organization type: 501(c)(3) taxable private foundation,SCHED-B-PART-01,PZ,checkbox,
SB_03_TRANSFEREE_RELATIONSHIP,SB_03_TRANSFEREE_RELATIONSHIP,SB-P03-T01-EXCLUSIVELY-RELIGIOUS,Relationship of transferor to transferee,Relationship of transferor to transferee,SCHED-B-PART-01,PZ,text,
SB_03_TRANSFEREE_NAME_PERS,SB_03_TRANSFEREE_NAME_PERS,SB-P03-T01-EXCLUSIVELY-RELIGIOUS,Transferee name - individual,Transferee name - individual,SCHED-B-PART-01,PZ,text,
SB_03_TRANSFEREE_NAME_ORG_L1,SB_03_TRANSFEREE_NAME_ORG_L1,SB-P03-T01-EXCLUSIVELY-RELIGIOUS,"Transferee name - business, line 1","Transferee name - business, line 1",SCHED-B-PART-01,PZ,text,
SB_03_CONTR_UNDER_1000_TOT,SB_03_CONTR_UNDER_1000_TOT,SB-P03-T00-EXCLUSIVELY-RELIGIOUS,"Total of exclusively religious, charitable, etc. contributions of $1,000 or less","Total of exclusively religious, charitable, etc. contributions of $1,000 or less",SCHED-B-PART-01,PZ,numeric,
SB_01_CONTRIBUTOR_PAID_527J1_X,SB_01_CONTRIBUTOR_PAID_527J1_X,SB-P01-T01-CONTRIBUTORS,Contributor pd. 527(j)(1) (527 orgs only),Contributor pd. 527(j)(1) (527 orgs only),SCHED-B-PART-01,PZ,checkbox,
SB_00_SPECIAL_RULE_33PCT_X,SB_00_SPECIAL_RULE_33PCT_X,SB-P00-T00-HEADER,Special Rule: 501(c)(3) org meeting the 33-1/3% support test,Special Rule: 501(c)(3) org meeting the 33-1/3% support test,SCHED-B-PART-01,PZ,checkbox,
SB_03_TRANSFEREE_ADDR_CNTR,SB_03_TRANSFEREE_ADDR_CNTR,SB-P03-T01-EXCLUSIVELY-RELIGIOUS,Transferee address - country,Transferee address - country,SCHED-B-PART-01,PZ,text,
PF_09_CHARIT_ACT_DESC_1,PF_09_CHARIT_ACT_DESC_1,PF-P09-T01-CHARITABLE-ACTIVITIES,Direct charitable activity 1: description,"Summary of direct charitable activities, line 1: description",F990-PF-PART-09-A-LINE-01-COL-01,PF,text,
PF_09_CHARIT_ACT_EXP_1,PF_09_CHARIT_ACT_EXP_1,PF-P09-T01-CHARITABLE-ACTIVITIES,Direct charitable activity 1: expenses,"Summary of direct charitable activities, line 1: expenses",F990-PF-PART-09-A-LINE-01-COL-02,PF,numeric,
PF_09_CHARIT_ACT_DESC_2,PF_09_CHARIT_ACT_DESC_2,PF-P09-T01-CHARITABLE-ACTIVITIES,Direct charitable activity 2: description,"Summary of direct charitable activities, line 2: description",F990-PF-PART-09-A-LINE-02-COL-01,PF,text,
PF_09_CHARIT_ACT_EXP_2,PF_09_CHARIT_ACT_EXP_2,PF-P09-T01-CHARITABLE-ACTIVITIES,Direct charitable activity 2: expenses,"Summary of direct charitable activities, line 2: expenses",F990-PF-PART-09-A-LINE-02-COL-02,PF,numeric,
PF_09_CHARIT_ACT_DESC_3,PF_09_CHARIT_ACT_DESC_3,PF-P09-T01-CHARITABLE-ACTIVITIES,Direct charitable activity 3: description,"Summary of direct charitable activities, line 3: description",F990-PF-PART-09-A-LINE-03-COL-01,PF,text,
PF_09_CHARIT_ACT_EXP_3,PF_09_CHARIT_ACT_EXP_3,PF-P09-T01-CHARITABLE-ACTIVITIES,Direct charitable activity 3: expenses,"Summary of direct charitable activities, line 3: expenses",F990-PF-PART-09-A-LINE-03-COL-02,PF,numeric,
PF_09_CHARIT_ACT_DESC_4,PF_09_CHARIT_ACT_DESC_4,PF-P09-T01-CHARITABLE-ACTIVITIES,Direct charitable activity 4: description,"Summary of direct charitable activities, line 4: description",F990-PF-PART-09-A-LINE-04-COL-01,PF,text,
PF_09_CHARIT_ACT_EXP_4,PF_09_CHARIT_ACT_EXP_4,PF-P09-T01-CHARITABLE-ACTIVITIES,Direct charitable activity 4: expenses,"Summary of direct charitable activities, line 4: expenses",F990-PF-PART-09-A-LINE-04-COL-02,PF,numeric,
PF_13_UNDIST_INCOME_PYZ_REMAIN,PF_13_UNDIST_INCOME_PYZ_REMAIN,PF-P13-T00-UNDISTRIBUTED-INCOME,Prior years' undistributed income (line 2b minus line 4b),"Undistributed income: enter the net total, prior years' undistributed income; subtract line 4b from line 2b",F990-PF-PART-13-LINE-06B-COL-B,PF,numeric,
