xpath,field,value,variable_value
/Return/ReturnData/IRS990/Form990PartI/AddressChange,description,Indicates this return has an address change,Indicates this form has an address change
/Return/ReturnData/IRS990/Form990PartI/AmendedReturn,description,Indicates this return is an amended return,Inidcates this form is an amended return
/Return/ReturnData/IRS990/ApplicationPendingInd,description,Application pending,Indicates that the application for tax exempt status is pending
/Return/ReturnData/IRS990/ApplicationPendingInd,label,Application pending,Application pending [x]
/Return/ReturnData/IRS990/ApplicationPendingInd,variable_scope,PZ,HD
/Return/ReturnData/IRS990EZ/FinalReturn,description,Indicates this return is a final return,Inidcates this form is a final return
/Return/ReturnData/IRS990/FinalReturn,description,Indicates this return is a final return,Inidcates this form is a final return
/Return/ReturnData/IRS990/Form990PartI/TerminationReturn,description,Indicates this return is a termination return,Inidcates this form is a final return
/Return/ReturnData/IRS990/TerminationReturn,description,Indicates this return is a termination return,Inidcates this form is a final return
/Return/ReturnData/IRS990/Form990PartI/InitialReturn,description,Indicates this is an initial return,Inidcates this form is an initial return
/Return/ReturnHeader/Filer/ForeignAddress/City,description,Address of Filing Organization (Foreign City),Address of Filing Organization (US City)
/Return/ReturnHeader/Filer/ForeignAddress/CityNm,description,Address of Filing Organization (Foreign City),Address of Filing Organization (US City)
/Return/ReturnHeader/Filer/ForeignAddress/AddressLine1,description,Address of Filing Organization (Foreign Line 1),Address of Filing Organization (US Line 1)
/Return/ReturnHeader/Filer/ForeignAddress/AddressLine1Txt,description,Address of Filing Organization (Foreign Line 1),Address of Filing Organization (US Line 1)
/Return/ReturnHeader/Filer/USAddress/AddressLine2,description,Address of Filing Organization (US Line 2),Address of Filing Organization (Foreign Line 2)
/Return/ReturnHeader/Filer/USAddress/AddressLine2Txt,description,Address of Filing Organization (US Line 2),Address of Filing Organization (Foreign Line 2)
/Return/ReturnHeader/Filer/ForeignAddress/ProvinceOrState,description,Address of Filing Organization (Foreign Province or State),Address of Filing Organization (US State)
/Return/ReturnHeader/Filer/ForeignAddress/ProvinceOrStateNm,description,Address of Filing Organization (Foreign Province or State),Address of Filing Organization (US State)
/Return/ReturnHeader/Filer/ForeignAddress/ForeignPostalCd,description,Address of Filing Organization (Foreign Postal Code),Address of Filing Organization (US Zip Code)
/Return/ReturnHeader/Filer/ForeignAddress/PostalCode,description,Address of Filing Organization (Foreign Postal Code),Address of Filing Organization (US Zip Code)
/Return/ReturnData/IRS990/AddressPrincipalOfficerForeign/City,description,Address of Principal Officer (Foreign City),Address of Filing Organization (Foreign City)
/Return/ReturnData/IRS990/AddressPrincipalOfficerUS/City,description,Address of Principal Officer (US City),Address of Filing Organization (Foreign City)
/Return/ReturnData/IRS990/Form990PartI/AddressOfPrincipalOfficer/AddressForeign/City,description,Address Foreign - City,Address of Filing Organization (Foreign City)
/Return/ReturnData/IRS990/Form990PartI/AddressOfPrincipalOfficer/AddressUS/City,description,Address US - City,Address of Filing Organization (Foreign City)
/Return/ReturnData/IRS990/USAddress/City,description,Address of Filing Organization (US City),Address of Filing Organization (Foreign City)
/Return/ReturnData/IRS990/USAddress/CityNm,description,Address of Filing Organization (US City),Address of Filing Organization (Foreign City)
/Return/ReturnData/IRS990/AddressPrincipalOfficerForeign/Country,description,Address of Principal Officer (Foreign Country),Address of Filing Organization (Foreign Country)
/Return/ReturnData/IRS990/Form990PartI/AddressOfPrincipalOfficer/AddressForeign/Country,description,Address Foreign - Country,Address of Filing Organization (Foreign Country)
/Return/ReturnData/IRS990/AddressPrincipalOfficerForeign/AddressLine1,description,Address of Principal Officer (Foreign Line 1),Address of Filing Organization (Foreign Line 1)
/Return/ReturnData/IRS990/AddressPrincipalOfficerUS/AddressLine1,description,Address of Principal Officer (US Line 1),Address of Filing Organization (Foreign Line 1)
/Return/ReturnData/IRS990/Form990PartI/AddressOfPrincipalOfficer/AddressForeign/AddressLine1,description,Address Foreign - AddressLine1,Address of Filing Organization (Foreign Line 1)
/Return/ReturnData/IRS990/Form990PartI/AddressOfPrincipalOfficer/AddressUS/AddressLine1,description,Address US - AddressLine1,Address of Filing Organization (Foreign Line 1)
/Return/ReturnData/IRS990/USAddress/AddressLine1,description,Address of Filing Organization (US Line 1),Address of Filing Organization (Foreign Line 1)
/Return/ReturnData/IRS990/USAddress/AddressLine1Txt,description,Address of Filing Organization (US Line 1),Address of Filing Organization (Foreign Line 1)
/Return/ReturnData/IRS990/AddressPrincipalOfficerForeign/AddressLine2,description,Address of Principal Officer (Foreign Line 2),Address of Filing Organization (Foreign Line 2)
/Return/ReturnData/IRS990/AddressPrincipalOfficerUS/AddressLine2,description,Address of Principal Officer (US Line 2),Address of Filing Organization (Foreign Line 2)
/Return/ReturnData/IRS990/Form990PartI/AddressOfPrincipalOfficer/AddressForeign/AddressLine2,description,Address Foreign - AddressLine2,Address of Filing Organization (Foreign Line 2)
/Return/ReturnData/IRS990/Form990PartI/AddressOfPrincipalOfficer/AddressUS/AddressLine2,description,Address US - AddressLine2,Address of Filing Organization (Foreign Line 2)
/Return/ReturnData/IRS990/USAddress/AddressLine2,description,Address of Filing Organization (US Line 2),Address of Filing Organization (Foreign Line 2)
/Return/ReturnData/IRS990/USAddress/AddressLine2Txt,description,Address of Filing Organization (US Line 2),Address of Filing Organization (Foreign Line 2)
/Return/ReturnData/IRS990/AddressPrincipalOfficerForeign/ProvinceOrState,description,Address of Principal Officer (Foreign State),Address of Filing Organization (Foreign Province or State)
/Return/ReturnData/IRS990/AddressPrincipalOfficerUS/State,description,Address of Principal Officer (US State),Address of Filing Organization (Foreign Province or State)
/Return/ReturnData/IRS990/Form990PartI/AddressOfPrincipalOfficer/AddressForeign/ProvinceOrState,description,Province or state,Address of Filing Organization (Foreign Province or State)
/Return/ReturnData/IRS990/Form990PartI/AddressOfPrincipalOfficer/AddressUS/State,description,Address US - State,Address of Filing Organization (Foreign Province or State)
/Return/ReturnData/IRS990/USAddress/State,description,Address of Filing Organization (US State),Address of Filing Organization (Foreign Province or State)
/Return/ReturnData/IRS990/USAddress/StateAbbreviationCd,description,Address of Filing Organization (US State),Address of Filing Organization (Foreign Province or State)
/Return/ReturnData/IRS990/AddressPrincipalOfficerForeign/PostalCode,description,Address of Principal Officer (Foreign Postal Code),Address of Filing Organization (Foreign Postal Code)
/Return/ReturnData/IRS990/AddressPrincipalOfficerUS/ZIPCode,description,Address of Principal Officer (US Zip Code),Address of Filing Organization (Foreign Postal Code)
/Return/ReturnData/IRS990/Form990PartI/AddressOfPrincipalOfficer/AddressForeign/PostalCode,description,Address Foreign - Postal code,Address of Filing Organization (Foreign Postal Code)
/Return/ReturnData/IRS990/Form990PartI/AddressOfPrincipalOfficer/AddressUS/ZIPCode,description,Address US - ZIPCode,Address of Filing Organization (Foreign Postal Code)
/Return/ReturnData/IRS990/USAddress/ZIPCd,description,Address of Filing Organization (US Zip Code),Address of Filing Organization (Foreign Postal Code)
/Return/ReturnData/IRS990/USAddress/ZIPCode,description,Address of Filing Organization (US Zip Code),Address of Filing Organization (Foreign Postal Code)
/Return/ReturnData/IRS990/Form990PartI/NameOfPrincipalOfficer/NameBusiness/BusinessNameLine1,description,Name Business - BusinessNameLine1,"Name of Principal Officer (Business, Line 1)"
/Return/ReturnData/IRS990/Form990PartI/NameOfPrincipalOfficer/NameBusiness/BusinessNameLine2,description,Name Business - BusinessNameLine2,"Name of Principal Officer (Business, Line 1)"
/Return/ReturnData/IRS990/PrincipalOfcrBusinessAddress/BusinessNameLine1,description,Address of Principal Officer (US Line 1),"Name of Principal Officer (Business, Line 1)"
/Return/ReturnData/IRS990/PrincipalOfcrBusinessAddress/BusinessNameLine1Txt,description,Principal Ofcr Business Address - BusinessNameLine1Txt,"Name of Principal Officer (Business, Line 1)"
/Return/ReturnData/IRS990/PrincipalOfcrBusinessAddress/BusinessNameLine2,description,Address of Principal Officer (US Line 2),"Name of Principal Officer (Business, Line 2)"
/Return/ReturnData/IRS990/PrincipalOfcrBusinessAddress/BusinessNameLine2Txt,description,Principal Ofcr Business Address - BusinessNameLine2Txt,"Name of Principal Officer (Business, Line 2)"
/Return/ReturnData/IRS990/Form990PartI/NameOfPrincipalOfficer/NamePerson,description,Name Of Principal Officer - Name - Person,Name of Principal Officer (Person)
/Return/ReturnData/IRS990/Form990PartI/GrossReceipts,description,Gross receipts,Gross Receipts (Header)
/Return/ReturnData/IRS990/Form990PartI/GroupReturnForAffiliates,description,Group return for affiliates?,Indicates this form is a group return for subordinates
/Return/ReturnData/IRS990/Form990PartI/AllAffiliatesIncluded,description,All affiliates included?,Indicates this form includes all subordinate organizations
/Return/ReturnData/IRS990/Form990PartI/WebSite,description,Form990 Part I - Web site,Website
/Return/ReturnData/IRS990/Form990PartI/TypeOfOrganizationAssociation,description,Type of organization - association,Form of organization: Association
/Return/ReturnData/IRS990/Form990PartI/TypeOfOrganizationCorporation,description,Type of organization - corporation,Form of organization: Corporation
/Return/ReturnData/IRS990EZ/TypeOfOrganizationOtherDesc,description,Form of organization Other Description,Form of organization: Other Description
/Return/ReturnData/IRS990/Form990PartI/TypeOfOrgOtherDescription,description,Type of organization - other description,Form of organization: Other Description
/Return/ReturnData/IRS990/TypeOfOrgOtherDescriptionInd,description,IRS990 - TypeOfOrgOtherDescriptionInd,Form of organization: Other Description
/Return/ReturnData/IRS990/Form990PartI/TypeOfOrganizationOther,description,Type of organization - other,Form of organization: Other
/Return/ReturnData/IRS990/Form990PartI/TypeOfOrganizationTrust,description,Type of organization - trust,Form of organization: Trust
/Return/ReturnData/IRS990/Form990PartI/CountryLegalDomicile,description,Country of legal domicile,Countryof legam domicile
/Return/ReturnData/IRS990/Form990PartI/ActivityOrMissionDescription,description,Activity or mission description,Organization mission or most signif activities
/Return/ReturnData/IRS990/Form990PartI/NbrVotingMembersGoverningBody,description,Number voting members governing body,Number of voting members of gov body
/Return/ReturnData/IRS990/Form990PartI/NbrIndependentVotingMembers,description,Number independent voting members,Number of indep voting members of gov body
/Return/ReturnData/IRS990/Form990PartI/TotalNbrEmployees,description,total Number employees,Tot Individuals Employed
/Return/ReturnData/IRS990/Form990PartI/TotalNbrVolunteers,description,Total number volunteers,Tot Volunteers
/Return/ReturnData/IRS990/Form990PartI/TotalGrossUBI,description,Total gross UBI,Tot unrelated business revenue - gross
/Return/ReturnData/IRS990/Form990PartI/NetUnrelatedBusinessTxblIncome,description,Net unrelated business taxable income,Tot unrelated business revenue - net
/Return/ReturnData/IRS990EZ/ProgramServiceRevenue,description,ProgramServiceRevenue,Program service revenue - current year
/Return/ReturnData/IRS990EZ/ProgramServiceRevenueAmt,description,ProgramServiceRevenue,Program service revenue - current year
/Return/ReturnData/IRS990/Form990PartI/TotalRevenueCurrentYear,description,Total revenue - current year,Total revenue - CY
/Return/ReturnData/IRS990/Form990PartI/TotalRevenuePriorYear,description,Total revenue - prior year,Total revenue - PY
/Return/ReturnData/IRS990EZ/GrantsAndSimilarAmountsPaidAmt,description,Total Grants to Domestic Orgs and Governments,Grants and similar amounts - CY
/Return/ReturnData/IRS990/Form990PartI/GrantsAndSimilarAmntsCurrYear,description,Grants and similar amounts - current year,Grants and similar amounts - CY
/Return/ReturnData/IRS990/GrantsAndSimilarAmntsPriorYear,description,Grants and similar amounts - PY,Grants and similar amounts - prior year
/Return/ReturnData/IRS990/BenefitsPaidToMembersCY,description,Benefits paid to members - CY,Benefits paid to or for members
/Return/ReturnData/IRS990/CYBenefitsPaidToMembersAmt,description,Benefits paid to members - CY,Benefits paid to or for members
/Return/ReturnData/IRS990/Form990PartI/BenefitsPaidToMembersCurrYear,description,Benefits paid to members - current year,Benefits paid to or for members
/Return/ReturnData/IRS990/Form990PartI/BenefitsPaidToMembersPriorYear,description,Benefits paid to members - prior year,Benefits paid to members - PY
/Return/ReturnData/IRS990EZ/SalariesEtcCurrentYear,description,Salaries; etc - CY,"Salaries, other compensation, and employee benefits"
/Return/ReturnData/IRS990/CYSalariesCompEmpBnftPaidAmt,description,"Salaries, etc - CY","Salaries, other compensation, and employee benefits"
/Return/ReturnData/IRS990/Form990PartI/SalariesEtcCurrentYear,description,Salaries; etc - current year,"Salaries, other compensation, and employee benefits"
/Return/ReturnData/IRS990/SalariesEtcCurrentYear,description,"Salaries, etc - CY","Salaries, other compensation, and employee benefits"
/Return/ReturnData/IRS990/Form990PartI/SalariesEtcPriorYear,description,Salaries; etc - prior year,"Salaries, etc - PY"
/Return/ReturnData/IRS990/Form990PartI/TotalProfFundrsngExpCurrYear,description,Total professional fundraising expense - current year,Total professional fundraising expense - CY
/Return/ReturnData/IRS990/Form990PartI/TotalProfFundrsngExpPriorYear,description,Total professional fundraising expense - prior year,Total professional fundraising expense - PY
/Return/ReturnData/IRS990/Form990PartI/TotalFundrsngExpCurrentYear,description,Total fundraising expense - current year,Total fundraising expense - CY
/Return/ReturnData/IRS990/Form990PartI/OtherExpensesCurrentYear,description,Other expenses - current year,Other expenses -CY
/Return/ReturnData/IRS990EZ/OtherExpenses/Amount,description,Other Expenses - Amount,Other expenses - total - CY
/Return/ReturnData/IRS990EZ/OtherExpensesCurrentYear,description,Other expenses -CY,Other expenses - total - CY
/Return/ReturnData/IRS990/Form990PartI/OtherExpensePriorYear,description,Other expenses - prior year,Other expenses - PY
/Return/ReturnData/IRS990EZ/TotalExpenses,description,Total expenses - CY,Total Expenses - CY
/Return/ReturnData/IRS990EZ/TotalExpensesAmt,description,Total expenses - CY,Total Expenses - CY
/Return/ReturnData/IRS990/Form990PartI/TotalExpensesCurrentYear,description,Total Expenses - current year,Total Expenses - CY
/Return/ReturnData/IRS990/Form990PartI/TotalExpensesPriorYear,description,Total Expenses - prior year,Total Expenses - PY
/Return/ReturnData/IRS990EZ/ExcessOrDeficitForYear,description,Excess or deficit,Excess or deficit - CY
/Return/ReturnData/IRS990/Form990PartI/RevenuesLessExpensesCurrYear,description,Revenues less expenses - current year,Excess or deficit - CY
/Return/ReturnData/IRS990/RevenuesLessExpensesCY,description,Revenues less expenses - current year,Excess or deficit - CY
/Return/ReturnData/IRS990/TotalAssetsBOY,description,"Total Assets, BOY",Total Assets; BOY
/Return/ReturnData/IRS990/TotalAssetsBOYAmt,description,"Total Assets, BOY",Total Assets; BOY
/Return/ReturnData/IRS990/Form990PartI/TotalAssetsEOY,description,Total Assets; EOY,"Total Assets, EOY"
/Return/ReturnData/IRS990/TotalLiabilitiesBOY,description,"Total Liabilities, BOY",Total Liabilities; BOY
/Return/ReturnData/IRS990/TotalLiabilitiesBOYAmt,description,"Total Liabilities, BOY",Total Liabilities; BOY
/Return/ReturnData/IRS990/Form990PartI/TotalLiabilitiesEOY,description,Total Liabilities; EOY,"Total Liabilities, EOY"
/Return/ReturnData/IRS990/NetAssetsOrFundBalancesBOY,description,"Net Assets or Fund Balances, BOY",Net Assets or Fund Balances; BOY
/Return/ReturnData/IRS990/NetAssetsOrFundBalancesBOYAmt,description,"Net Assets or Fund Balances, BOY",Net Assets or Fund Balances; BOY
/Return/ReturnData/IRS990/Form990PartI/NetAssetsOrFundBalancesEOY,description,Net Assets or Fund Balances; EOY,Net assets EOY
/Return/ReturnData/IRS990/NetAssetsOrFundBalancesEOY,description,"Net Assets or Fund Balances, EOY",Net assets EOY
/Return/ReturnData/IRS990/NetAssetsOrFundBalancesEOYAmt,description,"Net Assets or Fund Balances, EOY",Net assets EOY
/Return/ReturnHeader/PreparerFirm/PreparerFirmUSAddress/City,description,US Address of Preparer Firm (City),Foreign Address of Preparer Firm (City)
/Return/ReturnHeader/PreparerFirmGrp/PreparerUSAddress/City,description,US Address of Preparer Firm (City),Foreign Address of Preparer Firm (City)
/Return/ReturnHeader/PreparerFirmGrp/PreparerUSAddress/CityNm,description,US Address of Preparer Firm (City),Foreign Address of Preparer Firm (City)
/Return/ReturnHeader/PreparerFirm/PreparerFirmUSAddress/AddressLine1,description,US Address of Preparer FIrm (Line 1),Foreign Address of Preparer FIrm (Line 1)
/Return/ReturnHeader/PreparerFirmGrp/PreparerUSAddress/AddressLine1,description,US Address of Preparer FIrm (Line 1),Foreign Address of Preparer FIrm (Line 1)
/Return/ReturnHeader/PreparerFirmGrp/PreparerUSAddress/AddressLine1Txt,description,US Address of Preparer FIrm (Line 1),Foreign Address of Preparer FIrm (Line 1)
/Return/ReturnHeader/PreparerFirm/PreparerFirmUSAddress/AddressLine2,description,US Address of Preparer Firm (Line 2),Foreign Address of Preparer Firm (Line 2)
/Return/ReturnHeader/PreparerFirmGrp/PreparerUSAddress/AddressLine2,description,US Address of Preparer Firm (Line 2),Foreign Address of Preparer Firm (Line 2)
/Return/ReturnHeader/PreparerFirmGrp/PreparerUSAddress/AddressLine2Txt,description,US Address of Preparer Firm (Line 2),Foreign Address of Preparer Firm (Line 2)
/Return/ReturnHeader/PreparerFirm/PreparerFirmUSAddress/State,description,US Address of Preparer Firm (State),Foreign Address of Preparer Firm (Province or State)
/Return/ReturnHeader/PreparerFirmGrp/PreparerUSAddress/State,description,US Address of Preparer Firm (State),Foreign Address of Preparer Firm (Province or State)
/Return/ReturnHeader/PreparerFirmGrp/PreparerUSAddress/StateAbbreviationCd,description,US Address of Preparer Firm (State),Foreign Address of Preparer Firm (Province or State)
/Return/ReturnHeader/PreparerFirm/PreparerFirmUSAddress/ZIPCode,description,US Address of Preparer Firm (Zip Code),Foreign Address of Preparer Firm (Postal Code)
/Return/ReturnHeader/PreparerFirmGrp/PreparerUSAddress/ZIPCd,description,US Address of Preparer Firm (Zip Code),Foreign Address of Preparer Firm (Postal Code)
/Return/ReturnHeader/PreparerFirmGrp/PreparerUSAddress/ZIPCode,description,US Address of Preparer Firm (Zip Code),Foreign Address of Preparer Firm (Postal Code)
/Return/ReturnData/IRS990EZ/PrimaryExemptPurpose,description,Organization mission,Organization's Mission/Organization's primary exempt purpose
/Return/ReturnData/IRS990EZ/PrimaryExemptPurposeTxt,description,Organization mission,Organization's Mission/Organization's primary exempt purpose
/Return/ReturnData/IRS990/Form990PartIII/MissionDescription,description,Mission description,Organization's Mission/Organization's primary exempt purpose
/Return/ReturnData/IRS990/PrimaryExemptPurpose,description,Primary exempt purpose,Organization's Mission/Organization's primary exempt purpose
/Return/ReturnData/IRS990/Form990PartIII/SignificantNewProgramServices,description,Significant new program services?,Significant new programs?
/Return/ReturnData/IRS990/Form990PartIII/SignificantNewProgramServices,variable_scope,PC,PZ
/Return/ReturnData/IRS990/Form990PartIII/SignificantChange,description,Significant change?,Significant changed programs?
/Return/ReturnData/IRS990/Form990PartIII/ActivityCode,description,Form990 Part III - Activity code,IRS990 - Activity code
/Return/ReturnData/IRS990/Desc,rdb_table,F9-P03-T00-PROGRAM-ONE,F9-P03-T01-PROGRAMS-OTHER
/Return/ReturnData/IRS990/Description,rdb_table,F9-P03-T00-PROGRAM-ONE,F9-P03-T01-PROGRAMS-OTHER
/Return/ReturnData/IRS990/Form990PartIII/Description,description,Form990 Part III - Description,Program Accomplishment Description
/Return/ReturnData/IRS990/Form990PartIII/Description,rdb_table,F9-P03-T00-PROGRAM-ONE,F9-P03-T01-PROGRAMS-OTHER
/Return/ReturnData/IRS990/Expense,rdb_table,F9-P03-T00-PROGRAM-ONE,F9-P03-T01-PROGRAMS-OTHER
/Return/ReturnData/IRS990/ExpenseAmt,rdb_table,F9-P03-T00-PROGRAM-ONE,F9-P03-T01-PROGRAMS-OTHER
/Return/ReturnData/IRS990/Form990PartIII/Expense,description,Form990 Part III - Expense,Program Accomplishment Expenses
/Return/ReturnData/IRS990/Form990PartIII/Expense,rdb_table,F9-P03-T00-PROGRAM-ONE,F9-P03-T01-PROGRAMS-OTHER
/Return/ReturnData/IRS990/Form990PartIII/Grants,description,Form990 Part III - Grants,Program Accomplishment Grants
/Return/ReturnData/IRS990/Form990PartIII/Revenue,description,Form990 Part III - Revenue,Program Accomplishment Revenue
/Return/ReturnData/IRS990/Form990PartIII/TotalProgramServiceExpense,description,Total program service expense,Total Program Service Revenue (Accomplishments Summary)
/Return/ReturnData/IRS990/TotalProgramServicesExpenses,description,Total Program Services Expenses,Total Program Service Revenue (Accomplishments Summary)
/Return/ReturnData/IRS990/Activity3/ActivityCode,description,Activity3 - Activity code,IRS990 - Activity code
/Return/ReturnData/IRS990/Activity3/ActivityCode,rdb_table,F9-P03-T00-PROGRAM-THREE,F9-P03-T00-PROGRAM-ONE
/Return/ReturnData/IRS990/Form990PartIII/Activity3/ActivityCode,description,Activity3 - Activity code,IRS990 - Activity code
/Return/ReturnData/IRS990/Form990PartIII/Activity3/ActivityCode,rdb_table,F9-P03-T00-PROGRAM-THREE,F9-P03-T00-PROGRAM-ONE
/Return/ReturnData/IRS990/ProgSrvcAccomActy3Grp/ActivityCd,description,Prog Srvc Accom Acty3 Grp - Activity code,IRS990 - Activity code
/Return/ReturnData/IRS990/ProgSrvcAccomActy3Grp/ActivityCd,rdb_table,F9-P03-T00-PROGRAM-THREE,F9-P03-T00-PROGRAM-ONE
/Return/ReturnData/IRS990EZ/ProgSrvcAccomActy3Grp/Desc,rdb_table,F9-P03-T00-PROGRAM-THREE,F9-P03-T01-PROGRAMS-OTHER
/Return/ReturnData/IRS990/Activity3/Description,rdb_table,F9-P03-T00-PROGRAM-THREE,F9-P03-T01-PROGRAMS-OTHER
/Return/ReturnData/IRS990/Form990PartIII/Activity3/Description,description,Activity3 - Description,Program Accomplishment Description
/Return/ReturnData/IRS990/Form990PartIII/Activity3/Description,rdb_table,F9-P03-T00-PROGRAM-THREE,F9-P03-T01-PROGRAMS-OTHER
/Return/ReturnData/IRS990/ProgSrvcAccomActy3Grp/Desc,rdb_table,F9-P03-T00-PROGRAM-THREE,F9-P03-T01-PROGRAMS-OTHER
/Return/ReturnData/IRS990/Activity3/Expense,rdb_table,F9-P03-T00-PROGRAM-THREE,F9-P03-T01-PROGRAMS-OTHER
/Return/ReturnData/IRS990/Form990PartIII/Activity3/Expense,description,Activity3 - Expense,Program Accomplishment Expenses
/Return/ReturnData/IRS990/Form990PartIII/Activity3/Expense,rdb_table,F9-P03-T00-PROGRAM-THREE,F9-P03-T01-PROGRAMS-OTHER
/Return/ReturnData/IRS990/ProgSrvcAccomActy3Grp/ExpenseAmt,rdb_table,F9-P03-T00-PROGRAM-THREE,F9-P03-T01-PROGRAMS-OTHER
/Return/ReturnData/IRS990EZ/ProgSrvcAccomActy3Grp/GrantAmt,rdb_table,F9-P03-T00-PROGRAM-THREE,F9-P03-T00-PROGRAM-ONE
/Return/ReturnData/IRS990/Activity3/Grants,rdb_table,F9-P03-T00-PROGRAM-THREE,F9-P03-T00-PROGRAM-ONE
/Return/ReturnData/IRS990/Form990PartIII/Activity3/Grants,description,Activity3 - Grants,Program Accomplishment Grants
/Return/ReturnData/IRS990/Form990PartIII/Activity3/Grants,rdb_table,F9-P03-T00-PROGRAM-THREE,F9-P03-T00-PROGRAM-ONE
/Return/ReturnData/IRS990/ProgSrvcAccomActy3Grp/GrantAmt,rdb_table,F9-P03-T00-PROGRAM-THREE,F9-P03-T00-PROGRAM-ONE
/Return/ReturnData/IRS990/Activity3/Revenue,rdb_table,F9-P03-T00-PROGRAM-THREE,F9-P03-T00-PROGRAM-ONE
/Return/ReturnData/IRS990/Form990PartIII/Activity3/Revenue,description,Activity3 - Revenue,Program Accomplishment Revenue
/Return/ReturnData/IRS990/Form990PartIII/Activity3/Revenue,rdb_table,F9-P03-T00-PROGRAM-THREE,F9-P03-T00-PROGRAM-ONE
/Return/ReturnData/IRS990/ProgSrvcAccomActy3Grp/RevenueAmt,rdb_table,F9-P03-T00-PROGRAM-THREE,F9-P03-T00-PROGRAM-ONE
/Return/ReturnData/IRS990/Activity2/ActivityCode,description,Activity2 - Activity code,IRS990 - Activity code
/Return/ReturnData/IRS990/Activity2/ActivityCode,rdb_table,F9-P03-T00-PROGRAM-TWO,F9-P03-T00-PROGRAM-ONE
/Return/ReturnData/IRS990/Form990PartIII/Activity2/ActivityCode,description,Activity2 - Activity code,IRS990 - Activity code
/Return/ReturnData/IRS990/Form990PartIII/Activity2/ActivityCode,rdb_table,F9-P03-T00-PROGRAM-TWO,F9-P03-T00-PROGRAM-ONE
/Return/ReturnData/IRS990/ProgSrvcAccomActy2Grp/ActivityCd,description,Prog Srvc Accom Acty2 Grp - Activity code,IRS990 - Activity code
/Return/ReturnData/IRS990/ProgSrvcAccomActy2Grp/ActivityCd,rdb_table,F9-P03-T00-PROGRAM-TWO,F9-P03-T00-PROGRAM-ONE
/Return/ReturnData/IRS990EZ/ProgSrvcAccomActy2Grp/Desc,rdb_table,F9-P03-T00-PROGRAM-TWO,F9-P03-T01-PROGRAMS-OTHER
/Return/ReturnData/IRS990/Activity2/Description,rdb_table,F9-P03-T00-PROGRAM-TWO,F9-P03-T01-PROGRAMS-OTHER
/Return/ReturnData/IRS990/Form990PartIII/Activity2/Description,description,Activity2 - Description,Program Accomplishment Description
/Return/ReturnData/IRS990/Form990PartIII/Activity2/Description,rdb_table,F9-P03-T00-PROGRAM-TWO,F9-P03-T01-PROGRAMS-OTHER
/Return/ReturnData/IRS990/ProgSrvcAccomActy2Grp/Desc,rdb_table,F9-P03-T00-PROGRAM-TWO,F9-P03-T01-PROGRAMS-OTHER
/Return/ReturnData/IRS990/Activity2/Expense,rdb_table,F9-P03-T00-PROGRAM-TWO,F9-P03-T01-PROGRAMS-OTHER
/Return/ReturnData/IRS990/Form990PartIII/Activity2/Expense,description,Activity2 - Expense,Program Accomplishment Expenses
/Return/ReturnData/IRS990/Form990PartIII/Activity2/Expense,rdb_table,F9-P03-T00-PROGRAM-TWO,F9-P03-T01-PROGRAMS-OTHER
/Return/ReturnData/IRS990/ProgSrvcAccomActy2Grp/ExpenseAmt,rdb_table,F9-P03-T00-PROGRAM-TWO,F9-P03-T01-PROGRAMS-OTHER
/Return/ReturnData/IRS990EZ/ProgSrvcAccomActy2Grp/GrantAmt,rdb_table,F9-P03-T00-PROGRAM-TWO,F9-P03-T00-PROGRAM-ONE
/Return/ReturnData/IRS990/Activity2/Grants,rdb_table,F9-P03-T00-PROGRAM-TWO,F9-P03-T00-PROGRAM-ONE
/Return/ReturnData/IRS990/Form990PartIII/Activity2/Grants,description,Activity2 - Grants,Program Accomplishment Grants
/Return/ReturnData/IRS990/Form990PartIII/Activity2/Grants,rdb_table,F9-P03-T00-PROGRAM-TWO,F9-P03-T00-PROGRAM-ONE
/Return/ReturnData/IRS990/ProgSrvcAccomActy2Grp/GrantAmt,rdb_table,F9-P03-T00-PROGRAM-TWO,F9-P03-T00-PROGRAM-ONE
/Return/ReturnData/IRS990/Activity2/Revenue,rdb_table,F9-P03-T00-PROGRAM-TWO,F9-P03-T00-PROGRAM-ONE
/Return/ReturnData/IRS990/Form990PartIII/Activity2/Revenue,description,Activity2 - Revenue,Program Accomplishment Revenue
/Return/ReturnData/IRS990/Form990PartIII/Activity2/Revenue,rdb_table,F9-P03-T00-PROGRAM-TWO,F9-P03-T00-PROGRAM-ONE
/Return/ReturnData/IRS990/ProgSrvcAccomActy2Grp/RevenueAmt,rdb_table,F9-P03-T00-PROGRAM-TWO,F9-P03-T00-PROGRAM-ONE
/Return/ReturnData/IRS990/ActivityOther/ActivityCode,description,Activity Other - Activity code,IRS990 - Activity code
/Return/ReturnData/IRS990/ActivityOther/ActivityCode,rdb_table,F9-P03-T01-PROGRAMS-OTHER,F9-P03-T00-PROGRAM-ONE
/Return/ReturnData/IRS990/Form990PartIII/ActivityOther/ActivityCode,description,Activity Other - Activity code,IRS990 - Activity code
/Return/ReturnData/IRS990/Form990PartIII/ActivityOther/ActivityCode,rdb_table,F9-P03-T01-PROGRAMS-OTHER,F9-P03-T00-PROGRAM-ONE
/Return/ReturnData/IRS990/ProgSrvcAccomActyOtherGrp/ActivityCd,description,Prog Srvc Accom Acty Other Grp - Activity code,IRS990 - Activity code
/Return/ReturnData/IRS990/ProgSrvcAccomActyOtherGrp/ActivityCd,rdb_table,F9-P03-T01-PROGRAMS-OTHER,F9-P03-T00-PROGRAM-ONE
/Return/ReturnData/IRS990/Form990PartIII/ActivityOther/Description,description,Activity Other - Description,Program Accomplishment Description
/Return/ReturnData/IRS990/ProgramServiceAccomplishments/DescriptionProgramServiceAccom,description,Description of program service accomplishments,Program Accomplishment Description
/Return/ReturnData/IRS990/Form990PartIII/ActivityOther/Expense,description,Activity Other - Expense,Program Accomplishment Expenses
/Return/ReturnData/IRS990/ProgramServiceAccomplishments/ProgramServiceExpenses,description,Program service expenses,Program Accomplishment Expenses
/Return/ReturnData/IRS990EZ/ProgSrvcAccomActyOtherGrp/GrantAmt,rdb_table,F9-P03-T01-PROGRAMS-OTHER,F9-P03-T00-PROGRAM-ONE
/Return/ReturnData/IRS990/ActivityOther/Grants,rdb_table,F9-P03-T01-PROGRAMS-OTHER,F9-P03-T00-PROGRAM-ONE
/Return/ReturnData/IRS990/Form990PartIII/ActivityOther/Grants,description,Activity Other - Grants,Program Accomplishment Grants
/Return/ReturnData/IRS990/Form990PartIII/ActivityOther/Grants,rdb_table,F9-P03-T01-PROGRAMS-OTHER,F9-P03-T00-PROGRAM-ONE
/Return/ReturnData/IRS990/ProgramServiceAccomplishments/GrantsAndAllocations,description,Grants and allocations,Program Accomplishment Grants
/Return/ReturnData/IRS990/ProgramServiceAccomplishments/GrantsAndAllocations,rdb_table,F9-P03-T01-PROGRAMS-OTHER,F9-P03-T00-PROGRAM-ONE
/Return/ReturnData/IRS990/ProgSrvcAccomActyOtherGrp/GrantAmt,rdb_table,F9-P03-T01-PROGRAMS-OTHER,F9-P03-T00-PROGRAM-ONE
/Return/ReturnData/IRS990/ActivityOther/Revenue,rdb_table,F9-P03-T01-PROGRAMS-OTHER,F9-P03-T00-PROGRAM-ONE
/Return/ReturnData/IRS990/Form990PartIII/ActivityOther/Revenue,description,Activity Other - Revenue,Program Accomplishment Revenue
/Return/ReturnData/IRS990/Form990PartIII/ActivityOther/Revenue,rdb_table,F9-P03-T01-PROGRAMS-OTHER,F9-P03-T00-PROGRAM-ONE
/Return/ReturnData/IRS990/ProgSrvcAccomActyOtherGrp/RevenueAmt,rdb_table,F9-P03-T01-PROGRAMS-OTHER,F9-P03-T00-PROGRAM-ONE
/Return/ReturnData/IRS990EZ/ProgramServiceAccomplishment/DescriptionProgramServiceAccom,rdb_table,F9-P03-T02-PROGRAMS-EZ,F9-P03-T01-PROGRAMS-OTHER
/Return/ReturnData/IRS990EZ/ProgramSrvcAccomplishmentGrp/DescriptionProgramSrvcAccomTxt,rdb_table,F9-P03-T02-PROGRAMS-EZ,F9-P03-T01-PROGRAMS-OTHER
/Return/ReturnData/IRS990EZ/ProgramServiceAccomplishment/ProgramServiceExpenses,rdb_table,F9-P03-T02-PROGRAMS-EZ,F9-P03-T01-PROGRAMS-OTHER
/Return/ReturnData/IRS990EZ/ProgramSrvcAccomplishmentGrp/ProgramServiceExpensesAmt,rdb_table,F9-P03-T02-PROGRAMS-EZ,F9-P03-T01-PROGRAMS-OTHER
/Return/ReturnData/IRS990EZ/ProgramServiceAccomplishment/GrantsAndAllocations,rdb_table,F9-P03-T02-PROGRAMS-EZ,F9-P03-T00-PROGRAM-ONE
/Return/ReturnData/IRS990EZ/ProgramSrvcAccomplishmentGrp/GrantsAndAllocationsAmt,rdb_table,F9-P03-T02-PROGRAMS-EZ,F9-P03-T00-PROGRAM-ONE
/Return/ReturnData/IRS990/Form990PartIV/ScheduleBRequired,description,Schedule B required?,Indicates Schedule B is not required
/Return/ReturnData/IRS990/ScheduleBRequired,description,Schedule B required?,Indicates Schedule B is not required
/Return/ReturnData/IRS990/ScheduleBRequiredInd,description,Schedule B required?,Indicates Schedule B is not required
/Return/ReturnData/IRS990EZ/EngagePoliticalCmpgnActivities,description,Did the organization engage in direct or indirect political campaign activities on behalf of or in opposition to candidates for public office?,Political activities?
/Return/ReturnData/IRS990EZ/EngageInLobbyingActivities,description,Did the organization engage in lobbying activities?,Lobbying activities?
/Return/ReturnData/IRS990EZ/DonorAdvisedFndsInd,description,,Donor advised funds?
/Return/ReturnData/IRS990EZ/MaintainAnyDonorAdvisedFunds,description,Excess business holdings?,Donor advised funds?
/Return/ReturnData/IRS990EZ/OperatingSchool,description,Is the organization operating a school as described in section 170(b)(1)(A)(ii)?,IRS990 - School?
/Return/ReturnData/IRS990/Form990PartIV/School,description,Form990 Part IV - School?,IRS990 - School?
/Return/ReturnData/IRS990EZ/ForeignOffice,description,At any time during the calender year; did the organization maintain an office outside of the U.S.?,Foreign office?
/Return/ReturnData/IRS990/ForeignOffice,description,At any time during the calender year; did the organization maintain an office outside of the U.S.?,Foreign office?
/Return/ReturnData/IRS990/Form990PartIV/ForeignActivities,variable_scope,PZ,PC
/Return/ReturnData/IRS990/Form990PartIV/Gaming,description,Form990 Part IV - Gaming?,Special events Indicates revenue from gaming
/Return/ReturnData/IRS990/Gaming,description,IRS990 - Gaming?,Special events Indicates revenue from gaming
/Return/ReturnData/IRS990/GamingActivitiesInd,description,IRS990 - Gaming?,Special events Indicates revenue from gaming
/Return/ReturnData/IRS990EZ/DoesOrgHaveHospital,description,Operate one or more hospital facilities?,IRS990 - Hospital?
/Return/ReturnData/IRS990/Form990PartIV/Hospital,description,Form990 Part IV - Hospital?,IRS990 - Hospital?
/Return/ReturnData/IRS990/Form990PartIV/Hospital,variable_scope,PC,PZ
/Return/ReturnData/IRS990/AuditedFinancialStmtAttInd,description,Audited financial statement attached?,Audited financial statements?
/Return/ReturnData/IRS990/FinancialStmtAttached,description,Audited financial statement attached?,Audited financial statements?
/Return/ReturnData/IRS990/GrantsToIndividualsInd,location_code_family,F990-PC-PART-04-LINE-21,F990-PC-PART-04-LINE-22
/Return/ReturnData/IRS990/ScheduleJRequiredInd,description,"Part VII; Lines 3; 4; or 5 = ""Yes""?","PartVII; Lines 3; 4; or 5 = ""Yes""?"
/Return/ReturnData/IRS990/Form990PartIV/OnBehalfOfIssuer,description,On behalf of issuer?,"Did the organization act as an ""on behalf of"" issuer for bonds outstanding at any time during the year?"
/Return/ReturnData/IRS990/Form990PartIV/OnBehalfOfIssuer,location_code_family,F990-PC-PART-04-LINE-24B,F990-PC-PART-04-LINE-24D
/Return/ReturnData/IRS990/EscrowAccountInd,description,Did the organization maintain an escrow account other than a refunding escrow at any time during the year to defease any tax-exempt bonds?,Escrow account?
/Return/ReturnData/IRS990EZ/EngagedInExcessBenefitTrans,description,501(c)(3) and 501(c)(4) orgs: Did the organization engage in any section 4958 excess benefit transaction,Did the organization engage in an excess benefit transaction with a disqualified person during the year?
/Return/ReturnData/IRS990/EngagedInExcessBenefitTrans,description,501(c)(3) and 501(c)(4) orgs: Did the organization engage in any section 4958 excess benefit transaction,Did the organization engage in an excess benefit transaction with a disqualified person during the year?
/Return/ReturnData/IRS990/Form990PartIV/ExcessBenefitTransaction,description,Excess benefit transaction?,Did the organization engage in an excess benefit transaction with a disqualified person during the year?
/Return/ReturnData/IRS990/Form990PartIV/PriorExcessBenefitTransaction,description,Prior excess benefit transaction?,"Is the organization aware that it engaged in an excess benefit transaction with a disqualified person in a prior year, and that the transaction has not been reported on any of the organization's prior Forms 990 or 990-EZ?"
/Return/ReturnData/IRS990/Form990PartIV/PriorExcessBenefitTransaction,variable_scope,PZ,PC
/Return/ReturnData/IRS990/Form990PartIV/LoanToOfficerOrDQP,description,Loan to officer or DQP?,Did the organization borrow from; or make any loans to; any officer; director; trustee; or key employee or were any such loans made in a prior year and still unpaid at the start of the period caovered by this return?
/Return/ReturnData/IRS990/LoanOutstandingInd,description,"Did the organization report any amount on Part X, line 5,6, oor 22 for receivables from or payables to any current or former officers, directors, trustees, key employees, highest compensated employees, or disqualified persons?",Did the organization borrow from; or make any loans to; any officer; director; trustee; or key employee or were any such loans made in a prior year and still unpaid at the start of the period caovered by this return?
/Return/ReturnData/IRS990/LoanToOfficerOrDQP,description,"Did the organization report any amount on Part X, line 5,6, oor 22 for receivables from or payables to any current or former officers, directors, trustees, key employees, highest compensated employees, or disqualified persons?",Did the organization borrow from; or make any loans to; any officer; director; trustee; or key employee or were any such loans made in a prior year and still unpaid at the start of the period caovered by this return?
/Return/ReturnData/IRS990/Form990PartIV/GrantToRelatedPerson,description,Grant to related person?,"Did the organization provide a grant or other asistance to an officer, director, trustee, key employee, substantial contributor or employee thereof, a grant selection committee member, or to a 35% controlled entity or family member or any of these persons?"
/Return/ReturnData/IRS990/Form990PartIV/BsnssRltnshpWithOrganization,description,Business relationship with organization?,"Was the organization a party to a business transaction with one of the following parties: A current former officer, director, trustee, or key employee?"
/Return/ReturnData/IRS990/Form990PartIV/BsnssRltnshpThruFamilyMember,description,Business relationship thru family member?,"Was the organization a party to a business transaction with one of the following parties: A family member of a current or former officer, director, trustee, or key employee?"
/Return/ReturnData/IRS990/BusinessRlnWith35CtrlEntInd,description,"A 35% controlled entity of one or more individuals and/or organizations described in line 28a or 28b? If ""Yes,"" complete Schedule L, Part IV","Was the organization a party to a business transaction with one of the following parties: An entity of which a current or former officer, director, trustee, or key employee (or a family member thereof) was an officer, director, trustee, or direct, or indirect owner?"
/Return/ReturnData/IRS990/Form990PartIV/OfficerEntityWithBsnssRltnshp,description,Officer; etc. of entity with business relationship?,"Was the organization a party to a business transaction with one of the following parties: An entity of which a current or former officer, director, trustee, or key employee (or a family member thereof) was an officer, director, trustee, or direct, or indirect owner?"
/Return/ReturnData/IRS990/Form990PartIV/DeductibleNonCashContributions,description,Deductible non-cash contributions?,"Did the organization receive more than $25,000 in non-cash contributions?"
/Return/ReturnData/IRS990/Form990PartIV/DeductibleContributionsOfArt,description,Deductible contributions of art; etc?,"Did the organization receive contributions of art, historical treasures, or other similar assets, or qualified conservation contributions?"
/Return/ReturnData/IRS990/Form990PartIV/Terminated,description,Form990 Part IV - Terminated? (F990-PC-PART-04-LINE-31-32-COMBINED: F990-EZ-PART-05-LINE-36),"Did the organization liquidate, terminate, or dissolve and cease operations? (F990-PC-PART-04-LINE-31-32-COMBINED: F990-EZ-PART-05-LINE-36)"
/Return/ReturnData/IRS990/Form990PartIV/PartialLiquidation,description,Partial liquidation? (F990-PC-PART-04-LINE-31-32-COMBINED: F990-EZ-PART-05-LINE-36),"Did the organization sell, exchange, dispose of, or transfer more than 25% of its net assets? (F990-PC-PART-04-LINE-31-32-COMBINED: F990-EZ-PART-05-LINE-36)"
/Return/ReturnData/IRS990/Form990PartIV/DisregardedEntity,description,Disregarded entity?,Did the organization own 100% of an entity disregarded as sperate from the organization under Regulations sections 301.7701.2 and 301.7701-3?
/Return/ReturnData/IRS990/Form990PartIV/RelatedEntity,description,Related entity?,Was the organization related to anytax-exempt or taxable entity?
/Return/ReturnData/IRS990/Form990PartIV/RelatedOrgControlledEntity,description,Related organization a controlled entity?,Did the organization have a controlled entity within the meaning of section 512(b)(13)?
/Return/ReturnData/IRS990EZ/TransactionWithControlEntInd,description,"If ""yes"" to line 35A, did the organization receive any payment from or engage in any transactionwith a controlled entity within the meaning of section 512(b)(13)?",Did the organization have a controlled entity within the meaning of section 512(b)(13)?
/Return/ReturnData/IRS990EZ/TransactionWithControlEntity,description,Payment from or engage in transaction with a controlled entity?,Did the organization have a controlled entity within the meaning of section 512(b)(13)?
/Return/ReturnData/IRS990/TransactionWithControlEntInd,description,"If ""yes"" to line 35A, did the organization receive any payment from or engage in any transactionwith a controlled entity within the meaning of section 512(b)(13)?",Did the organization have a controlled entity within the meaning of section 512(b)(13)?
/Return/ReturnData/IRS990/Form990PartIV/TransfersToExemptNonChrtblOrg,description,Any transfers to exempt non-charitable org?,Did the organization make any transfers to an exempt non-charitable related organization?
/Return/ReturnData/IRS990/Form990PartIV/ActivitiesConductedPartnership,description,Activities conducted thru partnership?,Did the organization conduct more than 5% of its activities through an entity that is not a related organization and thatis treated as a partnership for federal income tax purposes?
/Return/ReturnData/IRS990EZ/LoansToFromOfficersAmt,description,Loans to/from officers amount,Did the organization file Form 1120-POL for this year?
/Return/ReturnData/IRS990/Form990PartV/NumberOfEmployees,description,Number of employees,Number of employees on Form W-3
/Return/ReturnData/IRS990/Form990PartV/UnrelatedBusinessIncome,variable_scope,PC,PZ
/Return/ReturnData/IRS990/Form990PartV/Form990-TFiled,variable_scope,PC,PZ
/Return/ReturnData/IRS990/Form990PartV/NonDeductibleDisclosure,description,Non-deduct. disclosure?,Non-deductible disclosure?
/Return/ReturnData/IRS990/Form990PartV/Form8282PropertyDisposedOf,description,Form 8282 property disposed of?,Form 8282 required?
/Return/ReturnData/IRS990/Form990PartV/ExcessBusinessHoldings,description,Excess business holdings?,Donor advised fund have excess business holdings?
/Return/ReturnData/IRS990/Form990PartV/TaxableDistributions,description,Taxable distributions?,DAFs - Taxable distributions?
/Return/ReturnData/IRS990/Form990PartV/DistributionToDonor,description,Distribution to donor?,DAFs - Distribution to donor?
/Return/ReturnData/IRS990/Form990PartV/InitiationFeesAmount,description,Initiation fees amount,501(c)(7) orgs: Initiation fees and capital contributions included on line 9
/Return/ReturnData/IRS990EZ/GrossReceiptsAmount,description,501(c)(7) orgs: Gross receipts; included on line 9; for public use of club facilities,"501(c)(7) orgs: Gross receipts, included on line 9, for public use of club facilities"
/Return/ReturnData/IRS990/Form990PartV/GrossReceiptsAmount,description,Gross receipts amount,"501(c)(7) orgs: Gross receipts, included on line 9, for public use of club facilities"
/Return/ReturnData/IRS990/Form990PartV/GrossIncomeOtherSources,description,Gross income; other sources,"Gross income, other sources"
/Return/ReturnData/IRS990EZ/NECTFilingForm990,description,Indicates section 4947(a)(1) nonexempt charitable trusts filing Form 990 in lieu of Form 1041,Filed 990 in lieu of 1041?
/Return/ReturnData/IRS990EZ/NECTFilingForm990Ind,description,Indicates section 4947(a)(1) nonexempt charitable trusts filing Form 990 in lieu of Form 1041,Filed 990 in lieu of 1041?
/Return/ReturnData/IRS990/Form990PartV/FiledLieu1041,description,Filed lieu 1041?,Filed 990 in lieu of 1041?
/Return/ReturnData/IRS990/Form990PartV/AmountOfTaxExemptInterest,description,Amount of tax exempt interest,Indicates section 4947(a)(1) nonexempt charitable trusts filing Form 990 in lieu of Form 1041
/Return/ReturnData/IRS990/Form990PartVI/FamilyOrBusinessRelationship,description,Family or business relationship?,"Officer, director, trustee, or key employee has family or business relationship with other officer, directore, trustee, or key employee?"
/Return/ReturnData/IRS990/ChangesToOrganizingDocs,description,Organization made significant changes to organizing docs since last 990?,Were any changes made in the organizing or governing documents but not reported to the IRS?
/Return/ReturnData/IRS990/ChangeToOrgDocumentsInd,description,Organization made significant changes to organizing docs since last 990?,Were any changes made in the organizing or governing documents but not reported to the IRS?
/Return/ReturnData/IRS990/Form990PartVI/ChangesToOrganizingDocs,description,Changes to organizing docs?,Were any changes made in the organizing or governing documents but not reported to the IRS?
/Return/ReturnData/IRS990/Form990PartVI/MaterialDiversionOrMisuse,description,Material diversion or misuse?,Organization became aware of significant diversion of assets?
/Return/ReturnData/IRS990/Form990PartVI/MembersOrStockholders,description,Members or stockholders?,Organization has members or stockholders?
/Return/ReturnData/IRS990/Form990PartVI/ElectionOfBoardMembers,description,election of board members?,Organization has persons who had power to elect or appoint board members?
/Return/ReturnData/IRS990/Form990PartVI/DecisionsSubjectToApproval,description,decisions subject to approval?,Governance decisions subject to approval by others outside governing body?
/Return/ReturnData/IRS990/Form990PartVI/MinutesOfGoverningBody,description,Minutes of governing body?,Organization documents minutes of governing body?
/Return/ReturnData/IRS990/Form990PartVI/MinutesOfCommittees,description,Minutes of committees?,Organization documents inutes of committees acting on behalf of governing body?
/Return/ReturnData/IRS990/Form990PartVI/OfficerMailingAddress,description,Officer mailing address?,"Any officer, director, trustee or key employee who cannot be reached at organization's mailing address?"
/Return/ReturnData/IRS990/Form990PartVI/LocalChapters,description,Local chapters?,"Did the organization have local chapters, branches, or affiliates?"
/Return/ReturnData/IRS990/Form990PartVI/PoliciesReferenceChapters,description,Policies reference chapters?,"Does the organization have written policies to govern activites of chapters, affiliates, and branches?"
/Return/ReturnData/IRS990/Form990PartVI/ConflictOfInterestPolicy,description,Conflict of interest policy?,Organization have conflict of interest policy?
/Return/ReturnData/IRS990/Form990PartVI/AnnualDisclosureCoveredPersons,description,Annual disclosure by covered persons?,Annual disclosure of interests by covered persons?
/Return/ReturnData/IRS990/Form990PartVI/RegularMonitoringEnforcement,description,Regular monitoring and enforcement?,Regular monitoring and enforcement of conflict of interest policy?
/Return/ReturnData/IRS990/Form990PartVI/WhistleblowerPolicy,description,Whistleblower policy?,Did the organization have a written whistleblower policy?
/Return/ReturnData/IRS990/Form990PartVI/DocumentRetentionPolicy,description,Document retention policy?,Organization has written document retention policy?
/Return/ReturnData/IRS990/Form990PartVI/InvestmentInJointVenture,description,Investment in joint venture?,Organization has investment in joint venture?
/Return/ReturnData/IRS990/Form990PartVI/WrittenPolicyOrProcedure,description,Written policy or procedure?,Written policy or procedure governing its joint venture?
/Return/ReturnData/IRS990/Form990PartVI/OtherWebsite,description,Form990 Part VI - Other website,Form available on another's website
/Return/ReturnData/IRS990/Form990PartVI/OwnWebsite,description,Form990 Part VI - Own website,Form available on own website
/Return/ReturnData/IRS990/Form990PartVI/UponRequest,description,Form990 Part VI - Upon request,Form available upon request
/Return/ReturnData/IRS990EZ/BooksInCareOfDetail/USAddress/City,description,"Person who possesses the organization's books and records: US  address, city","Person who possesses the organization's books and records: foreign address, city"
/Return/ReturnData/IRS990EZ/BooksInCareOfDetail/USAddress/CityNm,description,"Person who possesses the organization's books and records: US  address, city","Person who possesses the organization's books and records: foreign address, city"
/Return/ReturnData/IRS990EZ/TheBooksAreInCareOf/AddressUS/City,description,"Person who possesses the organization's books and records: US  address, city","Person who possesses the organization's books and records: foreign address, city"
/Return/ReturnData/IRS990/BooksInCareOfDetail/USAddress/City,description,"Person who possesses the organization's books and records: US  address, city","Person who possesses the organization's books and records: foreign address, city"
/Return/ReturnData/IRS990/BooksInCareOfDetail/USAddress/CityNm,description,"Person who possesses the organization's books and records: US  address, city","Person who possesses the organization's books and records: foreign address, city"
/Return/ReturnData/IRS990/Form990PartVI/TheBooksAreInCareOf/AddressForeign/City,description,Address Foreign - City,"Person who possesses the organization's books and records: foreign address, city"
/Return/ReturnData/IRS990/Form990PartVI/TheBooksAreInCareOf/AddressUS/City,description,Address US - City,"Person who possesses the organization's books and records: foreign address, city"
/Return/ReturnData/IRS990/TheBooksAreInCareOf/AddressUS/City,description,"Person who possesses the organization's books and records: US  address, city","Person who possesses the organization's books and records: foreign address, city"
/Return/ReturnData/IRS990/Form990PartVI/TheBooksAreInCareOf/AddressForeign/Country,description,Address Foreign - Country,"Person who possesses the organization's books and records: foreign address, country"
/Return/ReturnData/IRS990EZ/BooksInCareOfDetail/USAddress/AddressLine1,description,Person who possesses the organization's books and records: US address line 1,"Person who possesses the organization's books and records: foreign address, address line 1"
/Return/ReturnData/IRS990EZ/BooksInCareOfDetail/USAddress/AddressLine1Txt,description,Person who possesses the organization's books and records: US address line 1,"Person who possesses the organization's books and records: foreign address, address line 1"
/Return/ReturnData/IRS990EZ/TheBooksAreInCareOf/AddressUS/AddressLine1,description,Person who possesses the organization's books and records: US address line 1,"Person who possesses the organization's books and records: foreign address, address line 1"
/Return/ReturnData/IRS990/BooksInCareOfDetail/USAddress/AddressLine1,description,Person who possesses the organization's books and records: US address line 1,"Person who possesses the organization's books and records: foreign address, address line 1"
/Return/ReturnData/IRS990/BooksInCareOfDetail/USAddress/AddressLine1Txt,description,Person who possesses the organization's books and records: US address line 1,"Person who possesses the organization's books and records: foreign address, address line 1"
/Return/ReturnData/IRS990/Form990PartVI/TheBooksAreInCareOf/AddressForeign/AddressLine1,description,Address Foreign - AddressLine1,"Person who possesses the organization's books and records: foreign address, address line 1"
/Return/ReturnData/IRS990/Form990PartVI/TheBooksAreInCareOf/AddressUS/AddressLine1,description,Address US - AddressLine1,"Person who possesses the organization's books and records: foreign address, address line 1"
/Return/ReturnData/IRS990/TheBooksAreInCareOf/AddressUS/AddressLine1,description,Person who possesses the organization's books and records: US address line 1,"Person who possesses the organization's books and records: foreign address, address line 1"
/Return/ReturnData/IRS990EZ/BooksInCareOfDetail/USAddress/AddressLine2,description,Person who possesses the organization's books and records: US address line 2,"Person who possesses the organization's books and records: foreign address, address line 2"
/Return/ReturnData/IRS990EZ/BooksInCareOfDetail/USAddress/AddressLine2Txt,description,Person who possesses the organization's books and records: US address line 2,"Person who possesses the organization's books and records: foreign address, address line 2"
/Return/ReturnData/IRS990EZ/TheBooksAreInCareOf/AddressUS/AddressLine2,description,Person who possesses the organization's books and records: US address line 2,"Person who possesses the organization's books and records: foreign address, address line 2"
/Return/ReturnData/IRS990/BooksInCareOfDetail/USAddress/AddressLine2,description,Person who possesses the organization's books and records: US address line 2,"Person who possesses the organization's books and records: foreign address, address line 2"
/Return/ReturnData/IRS990/BooksInCareOfDetail/USAddress/AddressLine2Txt,description,Person who possesses the organization's books and records: US address line 2,"Person who possesses the organization's books and records: foreign address, address line 2"
/Return/ReturnData/IRS990/Form990PartVI/TheBooksAreInCareOf/AddressForeign/AddressLine2,description,Address Foreign - AddressLine2,"Person who possesses the organization's books and records: foreign address, address line 2"
/Return/ReturnData/IRS990/Form990PartVI/TheBooksAreInCareOf/AddressUS/AddressLine2,description,Address US - AddressLine2,"Person who possesses the organization's books and records: foreign address, address line 2"
/Return/ReturnData/IRS990/TheBooksAreInCareOf/AddressUS/AddressLine2,description,Person who possesses the organization's books and records: US address line 2,"Person who possesses the organization's books and records: foreign address, address line 2"
/Return/ReturnData/IRS990EZ/BooksInCareOfDetail/USAddress/State,description,"Person who possesses the organization's books and records: US address, state","Person who possesses the organization's books and records: foreign address, provice or state"
/Return/ReturnData/IRS990EZ/BooksInCareOfDetail/USAddress/StateAbbreviationCd,description,"Person who possesses the organization's books and records: US address, state","Person who possesses the organization's books and records: foreign address, provice or state"
/Return/ReturnData/IRS990EZ/TheBooksAreInCareOf/AddressUS/State,description,"Person who possesses the organization's books and records: US address, state","Person who possesses the organization's books and records: foreign address, provice or state"
/Return/ReturnData/IRS990/BooksInCareOfDetail/USAddress/State,description,"Person who possesses the organization's books and records: US address, state","Person who possesses the organization's books and records: foreign address, provice or state"
/Return/ReturnData/IRS990/BooksInCareOfDetail/USAddress/StateAbbreviationCd,description,"Person who possesses the organization's books and records: US address, state","Person who possesses the organization's books and records: foreign address, provice or state"
/Return/ReturnData/IRS990/Form990PartVI/TheBooksAreInCareOf/AddressForeign/ProvinceOrState,description,Province or state,"Person who possesses the organization's books and records: foreign address, provice or state"
/Return/ReturnData/IRS990/Form990PartVI/TheBooksAreInCareOf/AddressUS/State,description,Address US - State,"Person who possesses the organization's books and records: foreign address, provice or state"
/Return/ReturnData/IRS990/TheBooksAreInCareOf/AddressUS/State,description,"Person who possesses the organization's books and records: US address, state","Person who possesses the organization's books and records: foreign address, provice or state"
/Return/ReturnData/IRS990EZ/BooksInCareOfDetail/USAddress/ZIPCd,description,"Person who possesses the organization's books and records: US address, zip code","Person who possesses the organization's books and records: foreign address, postal code"
/Return/ReturnData/IRS990EZ/BooksInCareOfDetail/USAddress/ZIPCode,description,"Person who possesses the organization's books and records: US address, zip code","Person who possesses the organization's books and records: foreign address, postal code"
/Return/ReturnData/IRS990EZ/TheBooksAreInCareOf/AddressUS/ZIPCode,description,"Person who possesses the organization's books and records: US address, zip code","Person who possesses the organization's books and records: foreign address, postal code"
/Return/ReturnData/IRS990/BooksInCareOfDetail/USAddress/ZIPCd,description,"Person who possesses the organization's books and records: US address, zip code","Person who possesses the organization's books and records: foreign address, postal code"
/Return/ReturnData/IRS990/BooksInCareOfDetail/USAddress/ZIPCode,description,"Person who possesses the organization's books and records: US address, zip code","Person who possesses the organization's books and records: foreign address, postal code"
/Return/ReturnData/IRS990/Form990PartVI/TheBooksAreInCareOf/AddressForeign/PostalCode,description,Address Foreign - Postal code,"Person who possesses the organization's books and records: foreign address, postal code"
/Return/ReturnData/IRS990/Form990PartVI/TheBooksAreInCareOf/AddressUS/ZIPCode,description,Address US - ZIPCode,"Person who possesses the organization's books and records: foreign address, postal code"
/Return/ReturnData/IRS990/TheBooksAreInCareOf/AddressUS/ZIPCode,description,"Person who possesses the organization's books and records: US address, zip code","Person who possesses the organization's books and records: foreign address, postal code"
/Return/ReturnData/IRS990/Form990PartVI/TheBooksAreInCareOf/NameBusiness/BusinessNameLine1,description,Name Business - BusinessNameLine1,"Business who possesses the organization's books and records: name, line 1"
/Return/ReturnData/IRS990/Form990PartVI/TheBooksAreInCareOf/NameBusiness/BusinessNameLine2,description,Name Business - BusinessNameLine2,"Business who possesses the organization's books and records: name, line 2"
/Return/ReturnData/IRS990/Form990PartVI/TheBooksAreInCareOf/NamePerson,description,The Books Are In Care Of - Name - Person,Person who possesses the organization's books and records: name
/Return/ReturnData/IRS990/Form990PartVI/TheBooksAreInCareOf/TelephoneNumber,description,Telephone number,Person who possesses the organization's books and records: telephone number
/Return/ReturnData/IRS990EZ/TaxReimbursedByOrganizationAmt,description,Amount of tax on line 40c; above; reimbursed by the organization,Amount of tax on line 89c; above; reimbursed by the organization
/Return/ReturnData/IRS990/Form990PartVIISectionA/Line1ATotalGT150K,description,Line1a; total greater than $150K? (F990-PC-PART-07-SECTION-A: F990-EZ-PART-04-PART-06-LINE-50-CONBINED),"Line1a, total greater than $150K? (F990-PC-PART-07-SECTION-A: F990-EZ-PART-04-PART-06-LINE-50-CONBINED)"
/Return/ReturnData/IRS990/Form990PartVIISectionB/NumberOfContractorsGT100K,description,Number of contractors greater than $100K,Total number of independent contractors who received 100K+ from org
/Return/ReturnData/IRS990EZ/OfficerDirectorTrusteeKeyEmpl/AddressForeign/City,description,Address Foreign - City  (see F9-FORM-VERSION-2011-PART-04),Address US - City (see F9-FORM-VERSION-2011-PART-04)
/Return/ReturnData/IRS990EZ/OfficerDirectorTrusteeKeyEmpl/AddressForeign/City,label,Highest compensated employee city,"Officer, director, trustee, or key employee city"
/Return/ReturnData/IRS990EZ/OfficerDirectorTrusteeKeyEmpl/AddressForeign/City,location_code_family,F990-EZ-PART-99-COL-A,F990-EZ-PART-04-COL-A
/Return/ReturnData/IRS990EZ/OfficerDirectorTrusteeKeyEmpl/AddressForeign/City,variable_scope,PZ,EZ
/Return/ReturnData/IRS990EZ/OfficerDirectorTrusteeKeyEmpl/AddressForeign/AddressLine1,description,Address Foreign - AddressLine1 (see F9-FORM-VERSION-2011-PART-04),Address US - AddressLine1 (see F9-FORM-VERSION-2011-PART-04)
/Return/ReturnData/IRS990EZ/OfficerDirectorTrusteeKeyEmpl/AddressForeign/AddressLine1,label,Highest compensated employee street address line 1,"Officer, director, trustee, or key employee street address line 1"
/Return/ReturnData/IRS990EZ/OfficerDirectorTrusteeKeyEmpl/AddressForeign/AddressLine1,location_code_family,F990-EZ-PART-99-COL-A,F990-EZ-PART-04-COL-A
/Return/ReturnData/IRS990EZ/OfficerDirectorTrusteeKeyEmpl/AddressForeign/AddressLine1,variable_scope,PZ,EZ
/Return/ReturnData/IRS990EZ/OfficerDirectorTrusteeKeyEmpl/AddressForeign/AddressLine2,description,Address Foreign - AddressLine2  (see F9-FORM-VERSION-2011-PART-04),Address US - AddressLine2 (see F9-FORM-VERSION-2011-PART-04)
/Return/ReturnData/IRS990EZ/OfficerDirectorTrusteeKeyEmpl/AddressForeign/AddressLine2,label,Highest compensated employee street address line 2,"Officer, director, trustee, or key employee street address line 2"
/Return/ReturnData/IRS990EZ/OfficerDirectorTrusteeKeyEmpl/AddressForeign/AddressLine2,location_code_family,F990-EZ-PART-99-COL-A,F990-EZ-PART-04-COL-A
/Return/ReturnData/IRS990EZ/OfficerDirectorTrusteeKeyEmpl/AddressForeign/AddressLine2,variable_scope,PZ,EZ
/Return/ReturnData/IRS990EZ/OfficerDirectorTrusteeKeyEmpl/AddressForeign/ProvinceOrState,description,Province or state  (see F9-FORM-VERSION-2011-PART-04),Address US - State (see F9-FORM-VERSION-2011-PART-04)
/Return/ReturnData/IRS990EZ/OfficerDirectorTrusteeKeyEmpl/AddressForeign/ProvinceOrState,label,Highest compensated employee state,"Officer, director, trustee, or key employee state"
/Return/ReturnData/IRS990EZ/OfficerDirectorTrusteeKeyEmpl/AddressForeign/ProvinceOrState,location_code_family,F990-EZ-PART-99-COL-A,F990-EZ-PART-04-COL-A
/Return/ReturnData/IRS990EZ/OfficerDirectorTrusteeKeyEmpl/AddressForeign/ProvinceOrState,variable_scope,PZ,EZ
/Return/ReturnData/IRS990EZ/OfficerDirectorTrusteeKeyEmpl/AddressForeign/PostalCode,description,Address Foreign - Postal code  (see F9-FORM-VERSION-2011-PART-04),Address US - ZIPCode (see F9-FORM-VERSION-2011-PART-04)
/Return/ReturnData/IRS990EZ/OfficerDirectorTrusteeKeyEmpl/AddressForeign/PostalCode,label,Highest compensated employee zip,"Officer, director, trustee, or key employee zip"
/Return/ReturnData/IRS990EZ/OfficerDirectorTrusteeKeyEmpl/AddressForeign/PostalCode,location_code_family,F990-EZ-PART-99-COL-A,F990-EZ-PART-04-COL-A
/Return/ReturnData/IRS990EZ/OfficerDirectorTrusteeKeyEmpl/AddressForeign/PostalCode,variable_scope,PZ,EZ
/Return/ReturnData/CompensationExplanation/Compensation/Explanation,description,Form990 Part VIISection AGrp - Title (F990-PC-PART-07-SECTION-A: F990-EZ-PART-04-PART-06-LINE-50-CONBINED),Explanation of compensation practices (F990-EZ-PART-04 old forms only)
/Return/ReturnData/CompensationExplanation/Compensation/Explanation,label,"Officer, director, trustee, or key employee title",Explanation of reason for compensation
/Return/ReturnData/CompensationExplanation/Compensation/Explanation,location_code_family,F990-PC-PART-07-SECTION-A-LINE-01A-COL-A,F990-PC-PART-07-SECTION-A-LINE-01A-COL-X
/Return/ReturnData/IRS990EZ/OfficerDirectorTrusteeEmplGrp/BusinessName/BusinessNameLine1,label,"Officer, director, trustee, or key employee business name line 1","Officer, director, trustee, key employee, or highest compensated employee business name line 1"
/Return/ReturnData/IRS990EZ/OfficerDirectorTrusteeEmplGrp/BusinessName/BusinessNameLine1Txt,description,Business Name - BusinessNameLine1Txt (F990-PC-PART-07-SECTION-A: F990-EZ-PART-04-PART-06-LINE-50-CONBINED),Business Name - BusinessNameLine1 (F990-PC-PART-07-SECTION-A: F990-EZ-PART-04-PART-06-LINE-50-CONBINED)
/Return/ReturnData/IRS990EZ/OfficerDirectorTrusteeEmplGrp/BusinessName/BusinessNameLine1Txt,label,"Officer, director, trustee, or key employee business name line 1","Officer, director, trustee, key employee, or highest compensated employee business name line 1"
/Return/ReturnData/IRS990EZ/OfficerDirectorTrusteeKeyEmpl/BusinessName/BusinessNameLine1,label,"Officer, director, trustee, or key employee business name line 1","Officer, director, trustee, key employee, or highest compensated employee business name line 1"
/Return/ReturnData/IRS990/Form990PartVIISectionA/Name/NameBusiness/BusinessNameLine1,description,Name Business - BusinessNameLine1 (F990-PC-PART-07-SECTION-A: F990-EZ-PART-04-PART-06-LINE-50-CONBINED),Business Name - BusinessNameLine1 (F990-PC-PART-07-SECTION-A: F990-EZ-PART-04-PART-06-LINE-50-CONBINED)
/Return/ReturnData/IRS990/Form990PartVIISectionA/NameBusiness/BusinessNameLine1,description,Name Business - BusinessNameLine1 (F990-PC-PART-07-SECTION-A: F990-EZ-PART-04-PART-06-LINE-50-CONBINED),Business Name - BusinessNameLine1 (F990-PC-PART-07-SECTION-A: F990-EZ-PART-04-PART-06-LINE-50-CONBINED)
/Return/ReturnData/IRS990/Form990PartVIISectionAGrp/BusinessName/BusinessNameLine1Txt,description,Business Name - BusinessNameLine1Txt (F990-PC-PART-07-SECTION-A: F990-EZ-PART-04-PART-06-LINE-50-CONBINED),Business Name - BusinessNameLine1 (F990-PC-PART-07-SECTION-A: F990-EZ-PART-04-PART-06-LINE-50-CONBINED)
/Return/ReturnData/IRS990EZ/OfficerDirectorTrusteeEmplGrp/BusinessName/BusinessNameLine2,label,"Officer, director, trustee, or key employee business name line 2","Officer, director, trustee, key employee, or highest compensated employee business name line 2"
/Return/ReturnData/IRS990EZ/OfficerDirectorTrusteeEmplGrp/BusinessName/BusinessNameLine2Txt,description,Business Name - BusinessNameLine2Txt (F990-PC-PART-07-SECTION-A: F990-EZ-PART-04-PART-06-LINE-50-CONBINED),Business Name - BusinessNameLine2 (F990-PC-PART-07-SECTION-A: F990-EZ-PART-04-PART-06-LINE-50-CONBINED)
/Return/ReturnData/IRS990EZ/OfficerDirectorTrusteeEmplGrp/BusinessName/BusinessNameLine2Txt,label,"Officer, director, trustee, or key employee business name line 2","Officer, director, trustee, key employee, or highest compensated employee business name line 2"
/Return/ReturnData/IRS990EZ/OfficerDirectorTrusteeKeyEmpl/BusinessName/BusinessNameLine2,label,"Officer, director, trustee, or key employee business name line 2","Officer, director, trustee, key employee, or highest compensated employee business name line 2"
/Return/ReturnData/IRS990/Form990PartVIISectionA/Name/NameBusiness/BusinessNameLine2,description,Name Business - BusinessNameLine2 (F990-PC-PART-07-SECTION-A: F990-EZ-PART-04-PART-06-LINE-50-CONBINED),Business Name - BusinessNameLine2 (F990-PC-PART-07-SECTION-A: F990-EZ-PART-04-PART-06-LINE-50-CONBINED)
/Return/ReturnData/IRS990/Form990PartVIISectionA/NameBusiness/BusinessNameLine2,description,Name Business - BusinessNameLine2 (F990-PC-PART-07-SECTION-A: F990-EZ-PART-04-PART-06-LINE-50-CONBINED),Business Name - BusinessNameLine2 (F990-PC-PART-07-SECTION-A: F990-EZ-PART-04-PART-06-LINE-50-CONBINED)
/Return/ReturnData/IRS990/Form990PartVIISectionAGrp/BusinessName/BusinessNameLine2Txt,description,Business Name - BusinessNameLine2Txt (F990-PC-PART-07-SECTION-A: F990-EZ-PART-04-PART-06-LINE-50-CONBINED),Business Name - BusinessNameLine2 (F990-PC-PART-07-SECTION-A: F990-EZ-PART-04-PART-06-LINE-50-CONBINED)
/Return/ReturnData/IRS990EZ/Form990PartVIISectionA/NamePerson,description,Form990 Part VIISection A - Name - Person (F990-PC-PART-07-SECTION-A: F990-EZ-PART-04-PART-06-LINE-50-CONBINED),Name - Person (F990-PC-PART-07-SECTION-A: F990-EZ-PART-04-PART-06-LINE-50-CONBINED)
/Return/ReturnData/IRS990EZ/Form990PartVIISectionAGrp/PersonNm,description,Form990 Part VIISection AGrp - Name - Person (F990-PC-PART-07-SECTION-A: F990-EZ-PART-04-PART-06-LINE-50-CONBINED),Name - Person (F990-PC-PART-07-SECTION-A: F990-EZ-PART-04-PART-06-LINE-50-CONBINED)
/Return/ReturnData/IRS990EZ/OfficerDirectorTrusteeKeyEmpl/Name,description,Officer Director Trustee Key Empl - Name (F990-PC-PART-07-SECTION-A: F990-EZ-PART-04-PART-06-LINE-50-CONBINED),Name - Person (F990-PC-PART-07-SECTION-A: F990-EZ-PART-04-PART-06-LINE-50-CONBINED)
/Return/ReturnData/IRS990EZ/OfficerDirectorTrusteeKeyEmpl/PersonName,label,Highest compensated employee person name,"Officer, director, trustee, or key employee person name"
/Return/ReturnData/IRS990/Form990PartVIISectionA/Name/NamePerson,description,Name - Name - Person (F990-PC-PART-07-SECTION-A: F990-EZ-PART-04-PART-06-LINE-50-CONBINED),Name - Person (F990-PC-PART-07-SECTION-A: F990-EZ-PART-04-PART-06-LINE-50-CONBINED)
/Return/ReturnData/IRS990/Form990PartVIISectionA/Name/NamePerson,label,"Officer, director, trustee, key employee, or highest compensated employee person name","Officer, director, trustee, or key employee person name"
/Return/ReturnData/IRS990/Form990PartVIISectionA/NamePerson,label,"Officer, director, trustee, key employee, or highest compensated employee person name","Officer, director, trustee, or key employee person name"
/Return/ReturnData/IRS990/Form990PartVIISectionAGrp/PersonNm,label,"Officer, director, trustee, key employee, or highest compensated employee person name","Officer, director, trustee, or key employee person name"
/Return/ReturnData/IRS990EZ/Form990PartVIISectionA/Title,description,Form990 Part VIISection A - Title (F990-PC-PART-07-SECTION-A: F990-EZ-PART-04-PART-06-LINE-50-CONBINED),Title (F990-PC-PART-07-SECTION-A: F990-EZ-PART-04-PART-06-LINE-50-CONBINED)
/Return/ReturnData/IRS990EZ/Form990PartVIISectionAGrp/TitleTxt,description,Form990 Part VIISection AGrp - Title (F990-PC-PART-07-SECTION-A: F990-EZ-PART-04-PART-06-LINE-50-CONBINED),Title (F990-PC-PART-07-SECTION-A: F990-EZ-PART-04-PART-06-LINE-50-CONBINED)
/Return/ReturnData/IRS990EZ/OfficerDirectorTrusteeKeyEmpl/Title,description,Officer Director Trustee Key Empl - Title (F990-PC-PART-07-SECTION-A: F990-EZ-PART-04-PART-06-LINE-50-CONBINED),Title (F990-PC-PART-07-SECTION-A: F990-EZ-PART-04-PART-06-LINE-50-CONBINED)
/Return/ReturnData/IRS990/Form990PartVIISectionA/Title,label,"Officer, director, trustee, key employee, or highest compensated employee title","Officer, director, trustee, or key employee title"
/Return/ReturnData/IRS990/Form990PartVIISectionAGrp/TitleTxt,label,"Officer, director, trustee, key employee, or highest compensated employee title","Officer, director, trustee, or key employee title"
/Return/ReturnData/IRS990/Form990PartVIISectionAGrp/OfficerInd,description,Form990 Part VIISection AGrp - Officer (F990-PC-PART-07-SECTION-A: F990-EZ-PART-04-PART-06-LINE-50-CONBINED),Officer (F990-PC-PART-07-SECTION-A: F990-EZ-PART-04-PART-06-LINE-50-CONBINED)
/Return/ReturnData/IRS990/Form990PartVIISectionAGrp/KeyEmployeeInd,description,Form990 Part VIISection AGrp - Key Employee (F990-PC-PART-07-SECTION-A: F990-EZ-PART-04-PART-06-LINE-50-CONBINED),Key Employee (F990-PC-PART-07-SECTION-A: F990-EZ-PART-04-PART-06-LINE-50-CONBINED)
/Return/ReturnData/IRS990/Form990PartVIISectionAGrp/FormerOfcrDirectorTrusteeInd,description,Former (F990-PC-PART-07-SECTION-A: F990-EZ-PART-04-PART-06-LINE-50-CONBINED),"Is a former officer, director, or trustee listed in the compensation table in Sectin A Line 1a?  (F990-PC-PART-07-SECTION-A: F990-EZ-PART-04-PART-06-LINE-50-CONBINED)"
/Return/ReturnData/IRS990EZ/CompensationOfHighestPaidEmpl/AddressUS/City,description,Address US - City (see F9-FORM-VERSION-2011-PART-06),Address Foreign - City  (see F9-FORM-VERSION-2011-PART-06)
/Return/ReturnData/IRS990EZ/CompensationOfHighestPaidEmpl/AddressUS/AddressLine1,description,Address US - AddressLine1 (see F9-FORM-VERSION-2011-PART-06),Address Foreign - AddressLine1 (see F9-FORM-VERSION-2011-PART-06)
/Return/ReturnData/IRS990EZ/CompensationOfHighestPaidEmpl/AddressUS/AddressLine2,description,Address US - AddressLine2 (see F9-FORM-VERSION-2011-PART-06),Address Foreign - AddressLine2 (see F9-FORM-VERSION-2011-PART-06)
/Return/ReturnData/IRS990EZ/CompensationOfHighestPaidEmpl/AddressUS/State,description,Address US - State (see F9-FORM-VERSION-2011-PART-06),Province or state (see F9-FORM-VERSION-2011-PART-06)
/Return/ReturnData/IRS990EZ/CompensationOfHighestPaidEmpl/AddressUS/ZIPCode,description,Address US - ZIPCode (see F9-FORM-VERSION-2011-PART-06),Address Foreign - Postal code  (see F9-FORM-VERSION-2011-PART-06)
/Return/ReturnData/IRS990EZ/CompensationOfHighestPaidEmpl/Title,description,Compensation Of Highest Paid Empl - Title (F990-PC-PART-07-SECTION-A: F990-EZ-PART-04-PART-06-LINE-50-CONBINED),Compensation Highest Paid Empl Grp - Title (F990-PC-PART-07-SECTION-A: F990-EZ-PART-04-PART-06-LINE-50-CONBINED)
/Return/ReturnData/IRS990EZ/CompensationOfHighestPaidEmpl/Compensation,description,Compensation Of Highest Paid Empl - Compensation (F990-PC-PART-07-SECTION-A: F990-EZ-PART-04-PART-06-LINE-50-CONBINED),Compensation Highest Paid Empl Grp - Compensation (F990-PC-PART-07-SECTION-A: F990-EZ-PART-04-PART-06-LINE-50-CONBINED)
/Return/ReturnData/IRS990EZ/CompensationOfHghstPdCntrctGrp/ForeignAddress/City,description,Foreign Address - City,Highest compensated independent contractor (top 5 above 100K) US address city
/Return/ReturnData/IRS990EZ/CompensationOfHghstPdCntrctGrp/ForeignAddress/CityNm,description,Foreign Address - City,Highest compensated independent contractor (top 5 above 100K) US address city
/Return/ReturnData/IRS990EZ/CompOfHghstPaidCntrctProfSer/AddressForeign/City,description,Highest compensated independent contractor (top 5 above 100K) foreign address city,Highest compensated independent contractor (top 5 above 100K) US address city
/Return/ReturnData/IRS990/ContractorCompensation/AddressOfContractor/AddressForeign/City,description,Highest compensated independent contractor (top 5 above 100K) foreign address city,Highest compensated independent contractor (top 5 above 100K) US address city
/Return/ReturnData/IRS990/ContractorCompensationGrp/ContractorAddress/ForeignAddress/City,description,Highest compensated independent contractor (top 5 above 100K) foreign address city,Highest compensated independent contractor (top 5 above 100K) US address city
/Return/ReturnData/IRS990/ContractorCompensationGrp/ContractorAddress/ForeignAddress/CityNm,description,Highest compensated independent contractor (top 5 above 100K) foreign address city,Highest compensated independent contractor (top 5 above 100K) US address city
/Return/ReturnData/IRS990/Form990PartVIISectionB/ContractorCompensation/AddressOfContractor/AddressForeign/City,description,Address Foreign - City,Highest compensated independent contractor (top 5 above 100K) US address city
/Return/ReturnData/IRS990/Form990PartVIISectionB/ContractorCompensation/AddressOfContractor/AddressUS/City,description,Address US - City,Highest compensated independent contractor (top 5 above 100K) US address city
/Return/ReturnData/IRS990EZ/CompensationOfHghstPdCntrctGrp/ForeignAddress/Country,description,Foreign Address - Country,Highest compensated independent contractor (top 5 above 100K) foreign address country
/Return/ReturnData/IRS990EZ/CompensationOfHghstPdCntrctGrp/ForeignAddress/CountryCd,description,Foreign Address - Country,Highest compensated independent contractor (top 5 above 100K) foreign address country
/Return/ReturnData/IRS990/Form990PartVIISectionB/ContractorCompensation/AddressOfContractor/AddressForeign/Country,description,Address Foreign - Country,Highest compensated independent contractor (top 5 above 100K) foreign address country
/Return/ReturnData/IRS990EZ/CompensationOfHghstPdCntrctGrp/ForeignAddress/AddressLine1,description,Foreign Address - AddressLine1,Highest compensated independent contractor (top 5 above 100K) US address line 1
/Return/ReturnData/IRS990EZ/CompensationOfHghstPdCntrctGrp/ForeignAddress/AddressLine1Txt,description,Foreign Address - AddressLine1Txt,Highest compensated independent contractor (top 5 above 100K) US address line 1
/Return/ReturnData/IRS990EZ/CompOfHghstPaidCntrctProfSer/AddressForeign/AddressLine1,description,Highest compensated independent contractor (top 5 above 100K) foreign address line 1,Highest compensated independent contractor (top 5 above 100K) US address line 1
/Return/ReturnData/IRS990/ContractorCompensation/AddressOfContractor/AddressForeign/AddressLine1,description,Highest compensated independent contractor (top 5 above 100K) foreign address line 1,Highest compensated independent contractor (top 5 above 100K) US address line 1
/Return/ReturnData/IRS990/ContractorCompensationGrp/ContractorAddress/ForeignAddress/AddressLine1,description,Highest compensated independent contractor (top 5 above 100K) foreign address line 1,Highest compensated independent contractor (top 5 above 100K) US address line 1
/Return/ReturnData/IRS990/ContractorCompensationGrp/ContractorAddress/ForeignAddress/AddressLine1Txt,description,Highest compensated independent contractor (top 5 above 100K) foreign address line 1,Highest compensated independent contractor (top 5 above 100K) US address line 1
/Return/ReturnData/IRS990/Form990PartVIISectionB/ContractorCompensation/AddressOfContractor/AddressForeign/AddressLine1,description,Address Foreign - AddressLine1,Highest compensated independent contractor (top 5 above 100K) US address line 1
/Return/ReturnData/IRS990/Form990PartVIISectionB/ContractorCompensation/AddressOfContractor/AddressUS/AddressLine1,description,Address US - AddressLine1,Highest compensated independent contractor (top 5 above 100K) US address line 1
/Return/ReturnData/IRS990EZ/CompensationOfHghstPdCntrctGrp/ForeignAddress/AddressLine2,description,Foreign Address - AddressLine2,Highest compensated independent contractor (top 5 above 100K) US address line 2
/Return/ReturnData/IRS990EZ/CompensationOfHghstPdCntrctGrp/ForeignAddress/AddressLine2Txt,description,Foreign Address - AddressLine2Txt,Highest compensated independent contractor (top 5 above 100K) US address line 2
/Return/ReturnData/IRS990EZ/CompensationOfHghstPdCntrctGrp/USAddress/AddressLine2,description,USAddress - AddressLine2,Highest compensated independent contractor (top 5 above 100K) US address line 2
/Return/ReturnData/IRS990EZ/CompensationOfHghstPdCntrctGrp/USAddress/AddressLine2Txt,description,USAddress - AddressLine2Txt,Highest compensated independent contractor (top 5 above 100K) US address line 2
/Return/ReturnData/IRS990EZ/CompOfHghstPaidCntrctProfSer/AddressForeign/AddressLine2,description,Address Foreign - AddressLine2,Highest compensated independent contractor (top 5 above 100K) US address line 2
/Return/ReturnData/IRS990/ContractorCompensation/AddressOfContractor/AddressForeign/AddressLine2,description,Highest compensated independent contractor (top 5 above 100K) foreign address line 2,Highest compensated independent contractor (top 5 above 100K) US address line 2
/Return/ReturnData/IRS990/ContractorCompensationGrp/ContractorAddress/ForeignAddress/AddressLine2,description,Highest compensated independent contractor (top 5 above 100K) foreign address line 2,Highest compensated independent contractor (top 5 above 100K) US address line 2
/Return/ReturnData/IRS990/ContractorCompensationGrp/ContractorAddress/ForeignAddress/AddressLine2Txt,description,Highest compensated independent contractor (top 5 above 100K) foreign address line 2,Highest compensated independent contractor (top 5 above 100K) US address line 2
/Return/ReturnData/IRS990/Form990PartVIISectionB/ContractorCompensation/AddressOfContractor/AddressForeign/AddressLine2,description,Address Foreign - AddressLine2,Highest compensated independent contractor (top 5 above 100K) US address line 2
/Return/ReturnData/IRS990/Form990PartVIISectionB/ContractorCompensation/AddressOfContractor/AddressUS/AddressLine2,description,Address US - AddressLine2,Highest compensated independent contractor (top 5 above 100K) US address line 2
/Return/ReturnData/IRS990EZ/CompensationOfHghstPdCntrctGrp/ForeignAddress/ProvinceOrState,description,Province or state,Highest compensated independent contractor (top 5 above 100K) US address state
/Return/ReturnData/IRS990EZ/CompensationOfHghstPdCntrctGrp/ForeignAddress/ProvinceOrStateNm,description,Province or state,Highest compensated independent contractor (top 5 above 100K) US address state
/Return/ReturnData/IRS990EZ/CompOfHghstPaidCntrctProfSer/AddressForeign/ProvinceOrState,description,Highest compensated independent contractor (top 5 above 100K) foreign address province or state,Highest compensated independent contractor (top 5 above 100K) US address state
/Return/ReturnData/IRS990/ContractorCompensation/AddressOfContractor/AddressForeign/ProvinceOrState,description,Highest compensated independent contractor (top 5 above 100K) foreign address province or state,Highest compensated independent contractor (top 5 above 100K) US address state
/Return/ReturnData/IRS990/ContractorCompensationGrp/ContractorAddress/ForeignAddress/ProvinceOrState,description,Highest compensated independent contractor (top 5 above 100K) foreign address province or state,Highest compensated independent contractor (top 5 above 100K) US address state
/Return/ReturnData/IRS990/ContractorCompensationGrp/ContractorAddress/ForeignAddress/ProvinceOrStateNm,description,Highest compensated independent contractor (top 5 above 100K) foreign address province or state,Highest compensated independent contractor (top 5 above 100K) US address state
/Return/ReturnData/IRS990/ContractorCompensationGrp/ContractorAddress/USAddress/StateAbbreviationCd,description,USAddress - StateAbbreviationCd,Highest compensated independent contractor (top 5 above 100K) US address state
/Return/ReturnData/IRS990/Form990PartVIISectionB/ContractorCompensation/AddressOfContractor/AddressForeign/ProvinceOrState,description,Province or state,Highest compensated independent contractor (top 5 above 100K) US address state
/Return/ReturnData/IRS990/Form990PartVIISectionB/ContractorCompensation/AddressOfContractor/AddressUS/State,description,Address US - State,Highest compensated independent contractor (top 5 above 100K) US address state
/Return/ReturnData/IRS990EZ/CompensationOfHghstPdCntrctGrp/ForeignAddress/ForeignPostalCd,description,Foreign Address - Postal code,Highest compensated independent contractor (top 5 above 100K) US address zip code
/Return/ReturnData/IRS990EZ/CompensationOfHghstPdCntrctGrp/ForeignAddress/PostalCode,description,Foreign Address - Postal code,Highest compensated independent contractor (top 5 above 100K) US address zip code
/Return/ReturnData/IRS990EZ/CompOfHghstPaidCntrctProfSer/AddressForeign/PostalCode,description,Highest compensated independent contractor (top 5 above 100K) foreign address zip code,Highest compensated independent contractor (top 5 above 100K) US address zip code
/Return/ReturnData/IRS990/ContractorCompensation/AddressOfContractor/AddressForeign/PostalCode,description,Highest compensated independent contractor (top 5 above 100K) foreign address zip code,Highest compensated independent contractor (top 5 above 100K) US address zip code
/Return/ReturnData/IRS990/ContractorCompensationGrp/ContractorAddress/ForeignAddress/ForeignPostalCd,description,Highest compensated independent contractor (top 5 above 100K) foreign address zip code,Highest compensated independent contractor (top 5 above 100K) US address zip code
/Return/ReturnData/IRS990/ContractorCompensationGrp/ContractorAddress/ForeignAddress/PostalCode,description,Highest compensated independent contractor (top 5 above 100K) foreign address zip code,Highest compensated independent contractor (top 5 above 100K) US address zip code
/Return/ReturnData/IRS990/Form990PartVIISectionB/ContractorCompensation/AddressOfContractor/AddressForeign/PostalCode,description,Address Foreign - Postal code,Highest compensated independent contractor (top 5 above 100K) US address zip code
/Return/ReturnData/IRS990/Form990PartVIISectionB/ContractorCompensation/AddressOfContractor/AddressUS/ZIPCode,description,Address US - ZIPCode,Highest compensated independent contractor (top 5 above 100K) US address zip code
/Return/ReturnData/IRS990/Form990PartVIISectionB/ContractorCompensation/NameOfContractor/NameBusiness/BusinessNameLine1,description,Name Business - BusinessNameLine1,Highest compensated independent contractor (top 5 above 100K) business name line 1
/Return/ReturnData/IRS990EZ/CompensationOfHghstPdCntrctGrp/BusinessName/BusinessNameLine2,description,Business Name - BusinessNameLine2,Highest compensated independent contractor (top 5 above 100K) business name line 2
/Return/ReturnData/IRS990EZ/CompensationOfHghstPdCntrctGrp/BusinessName/BusinessNameLine2Txt,description,Business Name - BusinessNameLine2Txt,Highest compensated independent contractor (top 5 above 100K) business name line 2
/Return/ReturnData/IRS990/Form990PartVIISectionB/ContractorCompensation/NameOfContractor/NameBusiness/BusinessNameLine2,description,Name Business - BusinessNameLine2,Highest compensated independent contractor (top 5 above 100K) business name line 2
/Return/ReturnData/IRS990/Form990PartVIISectionB/ContractorCompensation/NameOfContractor/NamePerson,description,Name Of Contractor - Name - Person,Highest compensated independent contractor (top 5 above 100K) person name
/Return/ReturnData/IRS990/Form990PartVIISectionB/ContractorCompensation/DescriptionOfServices,description,Description of services,Highest compensated independent contractor (top 5 above 100K) description of services
/Return/ReturnData/IRS990/Form990PartVIISectionB/ContractorCompensation/Compensation,description,Contractor Compensation - Compensation,Highest compensated independent contractor (top 5 above 100K) compensation
/Return/ReturnData/IRS990/Form990PartVIII/FundraisingEvents,description,Fundraising events,Fundraising Events
/Return/ReturnData/IRS990/Form990PartVIII/AllOtherContributions,description,All other contributions; gifts; grants; and similar amounts not included in above,"All other contributions, gifts, grants, and similar amounts not included in above"
/Return/ReturnData/IRS990/Form990PartVIII/NoncashContributions,description,Noncash contributions; attach Schedule M,Noncash contributions
/Return/ReturnData/IRS990/Form990PartVIII/TotalOthProgramServiceRevenue/TotalRevenueColumn,description,Total Oth Program Service Revenue - Total revenue,"Program service revenue group, line 2F, column A"
/Return/ReturnData/IRS990/Form990PartVIII/TotalOthProgramServiceRevenue/RelatedOrExemptFunctionIncome,description,Related or exempt function revenue,"Program service revenue group, line 2F, column B"
/Return/ReturnData/IRS990/Form990PartVIII/TotalOthProgramServiceRevenue/UnrelatedBusinessRevenue,description,Unrelated business revenue,"Program service revenue group, line 2F, column C"
/Return/ReturnData/IRS990/Form990PartVIII/TotalOthProgramServiceRevenue/ExclusionAmount,description,Excluded by section 512; 513; or 514: amount,"Program service revenue group, line 2F, column D"
/Return/ReturnData/IRS990/Form990PartVIII/TotalProgramServiceRevenue,description,Program service revenue total,"Program service revenue group, line 2G"
/Return/ReturnData/IRS990EZ/InvestmentIncome/TotalRevenueColumn,description,Invest income; column A,Invest income
/Return/ReturnData/IRS990EZ/InvestmentIncomeGrp/TotalRevenueColumnAmt,description,Invest income; column A,Invest income
/Return/ReturnData/IRS990/Form990PartVIII/InvestmentIncome/TotalRevenueColumn,description,Investment Income - Total revenue,Invest income
/Return/ReturnData/IRS990/InvestmentIncome/TotalRevenueColumn,description,"Invest income, column A",Invest income
/Return/ReturnData/IRS990/InvestmentIncomeGrp/TotalRevenueColumnAmt,description,"Invest income, column A",Invest income
/Return/ReturnData/IRS990/Form990PartVIII/InvestmentIncome/RelatedOrExemptFunctionIncome,description,Related or exempt function revenue,"Invest income, column B"
/Return/ReturnData/IRS990/Form990PartVIII/InvestmentIncome/UnrelatedBusinessRevenue,description,Unrelated business revenue,"Invest income, column C"
/Return/ReturnData/IRS990/Form990PartVIII/InvestmentIncome/ExclusionAmount,description,Excluded by section 512; 513; or 514: amount,"Invest income, column D"
/Return/ReturnData/IRS990/Form990PartVIII/IncomeFromInvestBondProceeds/TotalRevenueColumn,description,Income From Invest Bond Proceeds - Total revenue,"Income from investment of bonds, column A"
/Return/ReturnData/IRS990/Form990PartVIII/IncomeFromInvestBondProceeds/RelatedOrExemptFunctionIncome,description,Related or exempt function revenue,"Income from investment of bonds, column B"
/Return/ReturnData/IRS990/Form990PartVIII/IncomeFromInvestBondProceeds/UnrelatedBusinessRevenue,description,Unrelated business revenue,"Income from investment of bonds, column C"
/Return/ReturnData/IRS990/Form990PartVIII/IncomeFromInvestBondProceeds/ExclusionAmount,description,Excluded by section 512; 513; or 514: amount,"Income from investment of bonds, column D"
/Return/ReturnData/IRS990/Form990PartVIII/RoyaltiesRevenue/TotalRevenueColumn,description,Royalties Revenue - Total revenue,"Royalties, column A"
/Return/ReturnData/IRS990/Form990PartVIII/RoyaltiesRevenue/RelatedOrExemptFunctionIncome,description,Related or exempt function revenue,"Royalties, column B"
/Return/ReturnData/IRS990/Form990PartVIII/RoyaltiesRevenue/UnrelatedBusinessRevenue,description,Unrelated business revenue,"Royalties, column C"
/Return/ReturnData/IRS990/Form990PartVIII/RoyaltiesRevenue/ExclusionAmount,description,Excluded by section 512; 513; or 514: amount,"Royalties, column D"
/Return/ReturnData/IRS990/Form990PartVIII/GrossRents/Real,description,Gross Rents - Real amount,Gross Rents Real
/Return/ReturnData/IRS990/Form990PartVIII/GrossRents/Personal,description,Gross Rents - Amount,Gross Rents Personal
/Return/ReturnData/IRS990/Form990PartVIII/LessRentalExpenses/Real,description,Less Rental Expenses - Real amount,Gross Rents REAL less: Rental Expense
/Return/ReturnData/IRS990/Form990PartVIII/LessRentalExpenses/Personal,description,Less Rental Expenses - Amount,Gross Rents PERSONAL less: Rental Expense
/Return/ReturnData/IRS990/Form990PartVIII/RentalIncomeOrLoss/Real,description,Rental Income Or Loss - Real amount,Rental income REAL
/Return/ReturnData/IRS990/Form990PartVIII/RentalIncomeOrLoss/Personal,description,Rental Income Or Loss - Amount,Rental income PER
/Return/ReturnData/IRS990/Form990PartVIII/NetRentalIncomeOrLoss/TotalRevenueColumn,description,Net Rental Income Or Loss - Total revenue,Rental income Total Revenue
/Return/ReturnData/IRS990/Form990PartVIII/NetRentalIncomeOrLoss/RelatedOrExemptFunctionIncome,description,Related or exempt function revenue,Rental income Related Revenue
/Return/ReturnData/IRS990/Form990PartVIII/NetRentalIncomeOrLoss/UnrelatedBusinessRevenue,description,Unrelated business revenue,Rental income Unrelated Revenue
/Return/ReturnData/IRS990/Form990PartVIII/NetRentalIncomeOrLoss/ExclusionAmount,description,Excluded by section 512; 513; or 514: amount,Rental income Excluded Revenue
/Return/ReturnData/IRS990/Form990PartVIII/GrossAmountSalesAssets/Securities,variable_scope,PC,PZ
/Return/ReturnData/IRS990/GrossAmountSalesAssets/Securities,description,Gross amount from sales of assets other than inventory - security,Securities amount
/Return/ReturnData/IRS990/GrossAmountSalesAssetsGrp/SecuritiesAmt,description,Gross amount from sales of assets other than inventory -security,Securities amount
/Return/ReturnData/IRS990/Form990PartVIII/GrossAmountSalesAssets/Other,description,Gross Amount Sales Assets - Other amount,Gross amount from sales of assets other than inventory
/Return/ReturnData/IRS990/Form990PartVIII/LessCostOthBasisSalesExpenses/Securities,description,Securities amount,Gross sales less cost - securities
/Return/ReturnData/IRS990/Form990PartVIII/LessCostOthBasisSalesExpenses/Other,description,Less Cost Oth Basis Sales Expenses - Other amount,Gross sales less cost - other
/Return/ReturnData/IRS990/Form990PartVIII/GainOrLoss/Securities,description,Securities amount,Gross sales gain - securities
/Return/ReturnData/IRS990/Form990PartVIII/GainOrLoss/Other,description,Gain Or Loss - Other amount,Gross sales gain - other
/Return/ReturnData/IRS990/Form990PartVIII/NetGainOrLossInvestments/TotalRevenueColumn,description,Net Gain Or Loss Investments - Total revenue,Gain or (loss) from sale of assets other than inventory
/Return/ReturnData/IRS990/NetGainOrLossInvestments/TotalRevenueColumn,description,Gross sales total revenue,Gain or (loss) from sale of assets other than inventory
/Return/ReturnData/IRS990/NetGainOrLossInvestmentsGrp/TotalRevenueColumnAmt,description,Gross sales total revenue,Gain or (loss) from sale of assets other than inventory
/Return/ReturnData/IRS990/Form990PartVIII/NetGainOrLossInvestments/RelatedOrExemptFunctionIncome,description,Related or exempt function revenue,Gross sales related revenue
/Return/ReturnData/IRS990/Form990PartVIII/NetGainOrLossInvestments/UnrelatedBusinessRevenue,description,Unrelated business revenue,Gross sales unrelated revenue
/Return/ReturnData/IRS990/Form990PartVIII/NetGainOrLossInvestments/ExclusionAmount,description,Excluded by section 512; 513; or 514: amount,Gross sales excluded revenue
/Return/ReturnData/IRS990/Form990PartVIII/CntrbtnsRprtdFundraisingEvents,description,Contributions reported from fundraising events on line 1c,8a-0
/Return/ReturnData/IRS990EZ/FundraisingGrossIncome,description,Fundraising gross income,8a-1
/Return/ReturnData/IRS990EZ/FundraisingGrossIncomeAmt,description,IRS990 - 8a-1,8a-1
/Return/ReturnData/IRS990/Form990PartVIII/GrossIncomeFundraisingEvents,description,Gross income from fundraising events,8a-1
/Return/ReturnData/IRS990/Form990PartVIII/FundraisingDirectExpenses,description,Direct expenses,8b
/Return/ReturnData/IRS990/Form990PartVIII/NetIncomeFromFundraisingEvents/TotalRevenueColumn,description,Net Income From Fundraising Events - Total revenue,8c-A
/Return/ReturnData/IRS990/NetIncomeFromFundraisingEvents/RelatedOrExemptFunctionIncome,description,8c-B,Related or exempt function revenue
/Return/ReturnData/IRS990/Form990PartVIII/NetIncomeFromFundraisingEvents/UnrelatedBusinessRevenue,description,Unrelated business revenue,8c-C
/Return/ReturnData/IRS990/Form990PartVIII/NetIncomeFromFundraisingEvents/ExclusionAmount,description,Excluded by section 512; 513; or 514: amount,8c-D
/Return/ReturnData/IRS990EZ/SpecialEventsGrossRevenue,description,Special events gross revenue,Gross income from gaming activities
/Return/ReturnData/IRS990/Form990PartVIII/GrossIncomeGaming,description,Gross income from gaming,Gross income from gaming activities
/Return/ReturnData/IRS990/SpecialEventsGrossRevenue,description,Special events gross revenue,Gross income from gaming activities
/Return/ReturnData/IRS990/Form990PartVIII/GamingDirectExpenses,description,Direct expenses,Less direct gaming expenses
/Return/ReturnData/IRS990/Form990PartVIII/NetIncomeFromGaming/TotalRevenueColumn,description,Net Income From Gaming - Total revenue,gaming total revenue
/Return/ReturnData/IRS990/Form990PartVIII/NetIncomeFromGaming/RelatedOrExemptFunctionIncome,description,Related or exempt function revenue,gaming related revenue
/Return/ReturnData/IRS990/Form990PartVIII/NetIncomeFromGaming/UnrelatedBusinessRevenue,description,Unrelated business revenue,gaming unrelated revenue
/Return/ReturnData/IRS990/Form990PartVIII/NetIncomeFromGaming/ExclusionAmount,description,Excluded by section 512; 513; or 514: amount,gaming excluded revenue
/Return/ReturnData/IRS990/Form990PartVIII/GrossSalesOfInventory,description,Gross sales of inventory; less returns and allowances,gross sales of inventory
/Return/ReturnData/IRS990EZ/CostOfGoodsSold,description,Less: cost of goods sold,Less cost of goods sold
/Return/ReturnData/IRS990/CostOfGoodsSold,description,inventory less:cost of goods sold,Less cost of goods sold
/Return/ReturnData/IRS990/CostOfGoodsSoldAmt,description,inventory less:cost of goods sold,Less cost of goods sold
/Return/ReturnData/IRS990/Form990PartVIII/NetIncomeOrLoss/TotalRevenueColumn,description,Net Income Or Loss - Total revenue,Gross profit (or loss) from sales of inventory
/Return/ReturnData/IRS990/NetIncomeOrLoss/TotalRevenueColumn,description,net income from sale of inventory,Gross profit (or loss) from sales of inventory
/Return/ReturnData/IRS990/NetIncomeOrLossGrp/TotalRevenueColumnAmt,description,net income from sale of inventory,Gross profit (or loss) from sales of inventory
/Return/ReturnData/IRS990/Form990PartVIII/NetIncomeOrLoss/RelatedOrExemptFunctionIncome,description,Related or exempt function revenue,net income from sale of inventory - related
/Return/ReturnData/IRS990/Form990PartVIII/NetIncomeOrLoss/UnrelatedBusinessRevenue,description,Unrelated business revenue,net income from sale of inventory - unrelated
/Return/ReturnData/IRS990/Form990PartVIII/NetIncomeOrLoss/ExclusionAmount,description,Excluded by section 512; 513; or 514: amount,net income from sale of inventory - excluded
/Return/ReturnData/IRS990/Form990PartVIII/MiscellaneousRevenue/TotalRevenueColumn,description,Miscellaneous Revenue - Total revenue,Misc. Revenue Total Revenue (Col A)
/Return/ReturnData/IRS990/Form990PartVIII/MiscellaneousRevenue/RelatedOrExemptFunctionIncome,description,Related or exempt function revenue,Misc. Revenue Related or Exempt Function Revenue
/Return/ReturnData/IRS990/Form990PartVIII/MiscellaneousRevenue/UnrelatedBusinessRevenue,description,Unrelated business revenue,Misc. Revenue Unrelated Business Revenue
/Return/ReturnData/IRS990/Form990PartVIII/MiscellaneousRevenue/ExclusionAmount,description,Excluded by section 512; 513; or 514: amount,Misc. Revenue Excluded From Tax Under Sections 512-514
/Return/ReturnData/IRS990EZ/OtherRevenue/Amount,description,Other Revenue - Amount,Other revenue - total
/Return/ReturnData/IRS990EZ/OtherRevenueCurrentYear,description,Other revenue - current year,Other revenue - total
/Return/ReturnData/IRS990/Form990PartVIII/TotalOtherRevenue,description,Other miscellaneous revenue total,Other revenue - total
/Return/ReturnData/IRS990/OtherRevenueTotalAmt,description,Misc. Revenue Total Revenue (Sum of 11a-11d) (Col A),Other revenue - total
/Return/ReturnData/IRS990/TotalOtherRevenue,description,Misc. Revenue Total Revenue (Sum of 11a-11d) (Col A),Other revenue - total
/Return/ReturnData/IRS990/Form990PartVIII/TotalRevenue/TotalRevenueColumn,description,Total Revenue - Total revenue,Total revenue
/Return/ReturnData/IRS990/Form990PartVIII/TotalRevenue/RelatedOrExemptFunctionIncome,description,Related or exempt function revenue,Total revenue - related
/Return/ReturnData/IRS990/Form990PartVIII/TotalRevenue/UnrelatedBusinessRevenue,description,Unrelated business revenue,Total revenue - unrelated
/Return/ReturnData/IRS990/Form990PartVIII/TotalRevenue/ExclusionAmount,description,Excluded by section 512; 513; or 514: amount,Total revenue - excluded
/Return/ReturnData/IRS990/Form990PartVIII/ProgramServiceRevenue/Description,description,Program Service Revenue - Description,Program service revenue group description
/Return/ReturnData/IRS990/Form990PartVIII/ProgramServiceRevenue/TotalRevenueColumn,description,Program Service Revenue - Total revenue,Program service revenue group column A
/Return/ReturnData/IRS990/Form990PartVIII/ProgramServiceRevenue/RelatedOrExemptFunctionIncome,description,Related or exempt function revenue,Program service revenue group column B
/Return/ReturnData/IRS990/Form990PartVIII/ProgramServiceRevenue/BusinessCode,description,Program Service Revenue - Business code,Program service revenue group business code
/Return/ReturnData/IRS990/Form990PartVIII/ProgramServiceRevenue/UnrelatedBusinessRevenue,description,Unrelated business revenue,Program service revenue group column C
/Return/ReturnData/IRS990/Form990PartVIII/ProgramServiceRevenue/ExclusionAmount,description,Excluded by section 512; 513; or 514: amount,Program service revenue group column D
/Return/ReturnData/IRS990/Form990PartVIII/OtherRevenueMisc/Description,description,Other Revenue Misc - Description,Misc. Revenue Description
/Return/ReturnData/IRS990/Form990PartVIII/OtherRevenueMisc/TotalRevenueColumn,description,Other Revenue Misc - Total revenue,All other misc. revenue
/Return/ReturnData/IRS990/Form990PartVIII/OtherRevenueMisc/RelatedOrExemptFunctionIncome,description,Related or exempt function revenue,All other misc. revenue - related
/Return/ReturnData/IRS990/Form990PartVIII/OtherRevenueMisc/BusinessCode,description,Other Revenue Misc - Business code,Misc. Revenue Business Code
/Return/ReturnData/IRS990/Form990PartVIII/OtherRevenueMisc/UnrelatedBusinessRevenue,description,Unrelated business revenue,All other misc. revenue - unrelated
/Return/ReturnData/IRS990/Form990PartVIII/OtherRevenueMisc/ExclusionAmount,description,Excluded by section 512; 513; or 514: amount,All other misc. revenue - excluded
/Return/ReturnData/IRS990/InfoInScheduleOPartIXInd,description,Check if schedule O contains a response or note to any line in this Part IX,Schedule O contains a response to a question in Part IX
/Return/ReturnData/IRS990/Form990PartIX/GrantsToDomesticOrgs/Total,description,Grants To Domestic Orgs - Total,Total Grants to Domestic Orgs and Governments - Total Expense
/Return/ReturnData/IRS990/GrantsToDomesticOrgs/ProgramServices,description,Total Grants to Domestic Orgs and Governments - Program Service Expenses,Program services
/Return/ReturnData/IRS990/GrantsToDomesticOrgsGrp/ProgramServicesAmt,description,Total Grants to Domestic Orgs and Governments - program,Program services
/Return/ReturnData/IRS990/Form990PartIX/GrantsToDomesticIndividuals/Total,description,Grants To Domestic Individuals - Total,Total Grants and Assistance to Domestic Individuals - Total Expense
/Return/ReturnData/IRS990/GrantsToDomesticIndividuals/ProgramServices,description,Total Grants and Assistance to Domestic Individuals - Program Service Expenses,Program services
/Return/ReturnData/IRS990/GrantsToDomesticIndividualsGrp/ProgramServicesAmt,description,Total Grants and Assistance to Domestic Individuals - program,Program services
/Return/ReturnData/IRS990/Form990PartIX/ForeignGrants/Total,description,Foreign Grants - Total,total Grants to Foreign Orgs and Governments - Total Expense
/Return/ReturnData/IRS990/ForeignGrantsGrp/ProgramServicesAmt,description,total Grants to Foreign Orgs and Governments - program,total Grants to Foreign Orgs and Governments - Program Service Expenses
/Return/ReturnData/IRS990/Form990PartIX/ForeignGrants/ProgramServices,description,Program services,total Grants to Foreign Orgs and Governments - Program Service Expenses
/Return/ReturnData/IRS990/Form990PartIX/BenefitsToMembers/Total,description,Benefits To Members - Total,Benefits Paid to or for Members - Total Expense
/Return/ReturnData/IRS990/BenefitsToMembersGrp/ProgramServicesAmt,description,Benefits Paid to or for Members - Program,Benefits Paid to or for Members - Program Service Expenses
/Return/ReturnData/IRS990/Form990PartIX/BenefitsToMembers/ProgramServices,description,Program services,Benefits Paid to or for Members - Program Service Expenses
/Return/ReturnData/IRS990/Form990PartIX/CompCurrentOfficersDirectors/Total,description,Comp Current Officers Directors - Total,"Compensation for Current Officers, Directors, Trustees and Key Employees - Total Expense"
/Return/ReturnData/IRS990/CompCurrentOfficersDirectors/ProgramServices,description,"Compensation for Current Officers, Directors, Trustees and Key Employees - Program Service Expenses","Compensation for Current Officers, Directors, Trustees and Key Employees - Program"
/Return/ReturnData/IRS990/Form990PartIX/CompCurrentOfficersDirectors/ProgramServices,description,Program services,"Compensation for Current Officers, Directors, Trustees and Key Employees - Program"
/Return/ReturnData/IRS990/CompCurrentOfficersDirectors/ManagementAndGeneral,description,"Compensation for Current Officers, Directors, Trustees and Key Employees - Management and General","Compensation for Current Officers, Directors, Trustees and Key Employees - Admin"
/Return/ReturnData/IRS990/Form990PartIX/CompCurrentOfficersDirectors/ManagementAndGeneral,description,Management and general,"Compensation for Current Officers, Directors, Trustees and Key Employees - Admin"
/Return/ReturnData/IRS990/CompCurrentOfficersDirectors/Fundraising,description,"Compensation for Current Officers, Directors, Trustees and Key Employees - Fundraising Expenses","Compensation for Current Officers, Directors, Trustees and Key Employees - Fundraising"
/Return/ReturnData/IRS990/Form990PartIX/CompCurrentOfficersDirectors/Fundraising,description,Comp Current Officers Directors - Fundraising,"Compensation for Current Officers, Directors, Trustees and Key Employees - Fundraising"
/Return/ReturnData/IRS990/Form990PartIX/CompDisqualPersons/Total,description,Comp Disqual Persons - Total,"Compensation not included above, or to disqualified persons - Total Expense"
/Return/ReturnData/IRS990/CompDisqualPersonsGrp/ProgramServicesAmt,description,"Compensation not included above, or to disqualified persons - Program","Compensation not included above, or to disqualified persons - Program Service Expenses"
/Return/ReturnData/IRS990/Form990PartIX/CompDisqualPersons/ProgramServices,description,Program services,"Compensation not included above, or to disqualified persons - Program Service Expenses"
/Return/ReturnData/IRS990/CompDisqualPersonsGrp/ManagementAndGeneralAmt,description,"Compensation not included above, or to disqualified persons - Admin","Compensation not included above, or to disqualified persons - Management and General"
/Return/ReturnData/IRS990/Form990PartIX/CompDisqualPersons/ManagementAndGeneral,description,Management and general,"Compensation not included above, or to disqualified persons - Management and General"
/Return/ReturnData/IRS990/CompDisqualPersonsGrp/FundraisingAmt,description,"Compensation not included above, or to disqualified persons - Fundraising","Compensation not included above, or to disqualified persons - Fundraising Expenses"
/Return/ReturnData/IRS990/Form990PartIX/CompDisqualPersons/Fundraising,description,Comp Disqual Persons - Fundraising,"Compensation not included above, or to disqualified persons - Fundraising Expenses"
/Return/ReturnData/IRS990/Form990PartIX/OtherSalariesAndWages/Total,description,Other Salaries And Wages - Total,Other Salaries and Wages - Total Expense
/Return/ReturnData/IRS990/OtherSalariesAndWages/ProgramServices,description,Other Salaries and Wages - Program Service Expenses,Program services
/Return/ReturnData/IRS990/OtherSalariesAndWagesGrp/ProgramServicesAmt,description,Other Salaries and Wages - program,Program services
/Return/ReturnData/IRS990/OtherSalariesAndWages/ManagementAndGeneral,description,Other Salaries and Wages - Management and General,Management and general
/Return/ReturnData/IRS990/OtherSalariesAndWagesGrp/ManagementAndGeneralAmt,description,Other Salaries and Wages - admin,Management and general
/Return/ReturnData/IRS990/OtherSalariesAndWages/Fundraising,description,Other Salaries and Wages - Fundraising Expenses,Other Salaries And Wages - Fundraising
/Return/ReturnData/IRS990/OtherSalariesAndWagesGrp/FundraisingAmt,description,Other Salaries and Wages - fundraising,Other Salaries And Wages - Fundraising
/Return/ReturnData/IRS990/Form990PartIX/PensionPlanContributions/Total,description,Pension Plan Contributions - Total,Pension Plan Accruals and Contributions - Total Expense
/Return/ReturnData/IRS990/PensionPlanContributions/ProgramServices,description,Pension Plan Accruals and Contributions - Program Service Expenses,Program services
/Return/ReturnData/IRS990/PensionPlanContributionsGrp/ProgramServicesAmt,description,Pension Plan Accruals and Contributions - program,Program services
/Return/ReturnData/IRS990/Form990PartIX/PensionPlanContributions/ManagementAndGeneral,description,Management and general,Pension Plan Accruals and Contributions - admin
/Return/ReturnData/IRS990/PensionPlanContributions/Fundraising,description,Pension Plan Accruals and Contributions - Fundraising Expenses,Pension Plan Contributions - Fundraising
/Return/ReturnData/IRS990/PensionPlanContributionsGrp/FundraisingAmt,description,Pension Plan Accruals and Contributions - fundraising,Pension Plan Contributions - Fundraising
/Return/ReturnData/IRS990/Form990PartIX/OtherEmployeeBenefits/Total,description,Other Employee Benefits - Total,Other Employee Benefits - Total Expense
/Return/ReturnData/IRS990/Form990PartIX/OtherEmployeeBenefits/ProgramServices,description,Program services,Other Employee Benefits - Program Service Expenses
/Return/ReturnData/IRS990/OtherEmployeeBenefits/ManagementAndGeneral,description,Other Employee Benefits - Management and General,Management and general
/Return/ReturnData/IRS990/OtherEmployeeBenefitsGrp/ManagementAndGeneralAmt,description,Other Employee Benefits - admin,Management and general
/Return/ReturnData/IRS990/OtherEmployeeBenefits/Fundraising,description,Other Employee Benefits - Fundraising Expenses,Other Employee Benefits - Fundraising
/Return/ReturnData/IRS990/OtherEmployeeBenefitsGrp/FundraisingAmt,description,Other Employee Benefits - fundraising,Other Employee Benefits - Fundraising
/Return/ReturnData/IRS990/Form990PartIX/PayrollTaxes/Total,description,Payroll Taxes - Total,Payroll Taxes - Total Expense
/Return/ReturnData/IRS990/PayrollTaxes/ProgramServices,description,Payroll Taxes - Program Service Expenses,Program services
/Return/ReturnData/IRS990/PayrollTaxesGrp/ProgramServicesAmt,description,Payroll Taxes - program,Program services
/Return/ReturnData/IRS990/PayrollTaxes/ManagementAndGeneral,description,Payroll Taxes - Management and General,Management and general
/Return/ReturnData/IRS990/PayrollTaxesGrp/ManagementAndGeneralAmt,description,Payroll Taxes - admin,Management and general
/Return/ReturnData/IRS990/PayrollTaxes/Fundraising,description,Payroll Taxes - Fundraising Expenses,Payroll Taxes - Fundraising
/Return/ReturnData/IRS990/PayrollTaxesGrp/FundraisingAmt,description,Payroll Taxes - fundraising,Payroll Taxes - Fundraising
/Return/ReturnData/IRS990/Form990PartIX/FeesForServicesManagement/Total,description,Fees For Services Management - Total,Fees for Services - Management - Total Expense
/Return/ReturnData/IRS990/FeesForServicesManagementGrp/ProgramServicesAmt,description,Fees for Services - Management - program,Fees for Services - Management - Program Service Expenses
/Return/ReturnData/IRS990/Form990PartIX/FeesForServicesManagement/ProgramServices,description,Program services,Fees for Services - Management - Program Service Expenses
/Return/ReturnData/IRS990/FeesForServicesManagementGrp/ManagementAndGeneralAmt,description,Fees for Services - Management - admin,Fees for Services - Management - Management and General
/Return/ReturnData/IRS990/Form990PartIX/FeesForServicesManagement/ManagementAndGeneral,description,Management and general,Fees for Services - Management - Management and General
/Return/ReturnData/IRS990/FeesForServicesManagementGrp/FundraisingAmt,description,Fees for Services - Management - fundraising,Fees for Services - Management - Fundraising Expenses
/Return/ReturnData/IRS990/Form990PartIX/FeesForServicesManagement/Fundraising,description,Fees For Services Management - Fundraising,Fees for Services - Management - Fundraising Expenses
/Return/ReturnData/IRS990/Form990PartIX/FeesForServicesLegal/Total,description,Fees For Services Legal - Total,Fees for Services - Legal - Total Expense
/Return/ReturnData/IRS990/FeesForServicesLegalGrp/ProgramServicesAmt,description,Fees for Services - Legal - program,Fees for Services - Legal - Program Service Expenses
/Return/ReturnData/IRS990/Form990PartIX/FeesForServicesLegal/ProgramServices,description,Program services,Fees for Services - Legal - Program Service Expenses
/Return/ReturnData/IRS990/FeesForServicesLegalGrp/ManagementAndGeneralAmt,description,Fees for Services - Legal - admin,Fees for Services - Legal - Management and General
/Return/ReturnData/IRS990/Form990PartIX/FeesForServicesLegal/ManagementAndGeneral,description,Management and general,Fees for Services - Legal - Management and General
/Return/ReturnData/IRS990/FeesForServicesLegalGrp/FundraisingAmt,description,Fees for Services - Legal - fundraising,Fees for Services - Legal - Fundraising Expenses
/Return/ReturnData/IRS990/Form990PartIX/FeesForServicesLegal/Fundraising,description,Fees For Services Legal - Fundraising,Fees for Services - Legal - Fundraising Expenses
/Return/ReturnData/IRS990/Form990PartIX/FeesForServicesAccounting/Total,description,Fees For Services Accounting - Total,Fees for Services - Accounting - Total Expense
/Return/ReturnData/IRS990/FeesForServicesAccountingGrp/ProgramServicesAmt,description,Fees for Services - Accounting - program,Fees for Services - Accounting - Program Service Expenses
/Return/ReturnData/IRS990/Form990PartIX/FeesForServicesAccounting/ProgramServices,description,Program services,Fees for Services - Accounting - Program Service Expenses
/Return/ReturnData/IRS990/FeesForServicesAccountingGrp/ManagementAndGeneralAmt,description,Fees for Services - Accounting - admin,Fees for Services - Accounting - Management and General
/Return/ReturnData/IRS990/Form990PartIX/FeesForServicesAccounting/ManagementAndGeneral,description,Management and general,Fees for Services - Accounting - Management and General
/Return/ReturnData/IRS990/FeesForServicesAccountingGrp/FundraisingAmt,description,Fees for Services - Accounting - fundraising,Fees for Services - Accounting - Fundraising Expenses
/Return/ReturnData/IRS990/Form990PartIX/FeesForServicesAccounting/Fundraising,description,Fees For Services Accounting - Fundraising,Fees for Services - Accounting - Fundraising Expenses
/Return/ReturnData/IRS990/Form990PartIX/FeesForServicesLobbying/Total,description,Fees For Services Lobbying - Total,Fees for Services - Lobbying - Total Expense
/Return/ReturnData/IRS990/FeesForServicesLobbyingGrp/ProgramServicesAmt,description,Fees for Services - Lobbying - program,Fees for Services - Lobbying - Program Service Expenses
/Return/ReturnData/IRS990/Form990PartIX/FeesForServicesLobbying/ProgramServices,description,Program services,Fees for Services - Lobbying - Program Service Expenses
/Return/ReturnData/IRS990/FeesForServicesLobbyingGrp/ManagementAndGeneralAmt,description,Fees for Services - Lobbying - admin,Fees for Services - Lobbying - Management and General
/Return/ReturnData/IRS990/Form990PartIX/FeesForServicesLobbying/ManagementAndGeneral,description,Management and general,Fees for Services - Lobbying - Management and General
/Return/ReturnData/IRS990/FeesForServicesLobbyingGrp/FundraisingAmt,description,Fees for Services - Lobbying - fundraising,Fees for Services - Lobbying - Fundraising Expenses
/Return/ReturnData/IRS990/Form990PartIX/FeesForServicesLobbying/Fundraising,description,Fees For Services Lobbying - Fundraising,Fees for Services - Lobbying - Fundraising Expenses
/Return/ReturnData/IRS990/Form990PartIX/FeesForServicesProfFundraising/Total,description,Fees For Services Prof Fundraising - Total,Fees for Professional Fundraising Services - Total Expense
/Return/ReturnData/IRS990/Form990PartIX/FeesForServicesProfFundraising/Fundraising,description,Fees For Services Prof Fundraising - Fundraising,Fees for Professional Fundraising Services - Fundraising Expenses
/Return/ReturnData/IRS990/Form990PartIX/FeesForServicesInvstMgmntFees/Total,description,Fees For Services Invst Mgmnt Fees - Total,Investment Management Fees - Total Expense
/Return/ReturnData/IRS990/FeesForSrvcInvstMgmntFeesGrp/ProgramServicesAmt,description,Investment Management Fees - program,Investment Management Fees - Program Service Expenses
/Return/ReturnData/IRS990/Form990PartIX/FeesForServicesInvstMgmntFees/ProgramServices,description,Program services,Investment Management Fees - Program Service Expenses
/Return/ReturnData/IRS990/FeesForSrvcInvstMgmntFeesGrp/ManagementAndGeneralAmt,description,Investment Management Fees - Management and General,Investment Management Fees -admin
/Return/ReturnData/IRS990/Form990PartIX/FeesForServicesInvstMgmntFees/ManagementAndGeneral,description,Management and general,Investment Management Fees -admin
/Return/ReturnData/IRS990/FeesForSrvcInvstMgmntFeesGrp/FundraisingAmt,description,Investment Management Fees - fundraising,Investment Management Fees - Fundraising Expenses
/Return/ReturnData/IRS990/Form990PartIX/FeesForServicesInvstMgmntFees/Fundraising,description,Fees For Services Invst Mgmnt Fees - Fundraising,Investment Management Fees - Fundraising Expenses
/Return/ReturnData/IRS990/Form990PartIX/FeesForServicesOther/Total,description,Fees For Services Other - Total,Fees for Services - Other - Total Expense
/Return/ReturnData/IRS990/FeesForServicesOtherGrp/ProgramServicesAmt,description,Fees for Services - Other - program,Fees for Services - Other - Program Service Expenses
/Return/ReturnData/IRS990/Form990PartIX/FeesForServicesOther/ProgramServices,description,Program services,Fees for Services - Other - Program Service Expenses
/Return/ReturnData/IRS990/FeesForServicesOtherGrp/ManagementAndGeneralAmt,description,Fees for Services - Other - admin,Fees for Services - Other - Management and General
/Return/ReturnData/IRS990/Form990PartIX/FeesForServicesOther/ManagementAndGeneral,description,Management and general,Fees for Services - Other - Management and General
/Return/ReturnData/IRS990/FeesForServicesOtherGrp/FundraisingAmt,description,Fees for Services - Other - fundraising,Fees for Services - Other - Fundraising Expenses
/Return/ReturnData/IRS990/Form990PartIX/FeesForServicesOther/Fundraising,description,Fees For Services Other - Fundraising,Fees for Services - Other - Fundraising Expenses
/Return/ReturnData/IRS990/Form990PartIX/Advertising/Total,description,Advertising - Total,Advertising and promotion - total expense
/Return/ReturnData/IRS990/AdvertisingGrp/ProgramServicesAmt,description,Advertising and promotion -Program,Advertising and promotion - Program Service Expenses
/Return/ReturnData/IRS990/Form990PartIX/Advertising/ProgramServices,description,Program services,Advertising and promotion - Program Service Expenses
/Return/ReturnData/IRS990/AdvertisingGrp/ManagementAndGeneralAmt,description,Advertising and promotion - Admin,Advertising and promotion - Management and General
/Return/ReturnData/IRS990/Form990PartIX/Advertising/ManagementAndGeneral,description,Management and general,Advertising and promotion - Management and General
/Return/ReturnData/IRS990/AdvertisingGrp/FundraisingAmt,description,Advertising and promotion - Fundraising,Advertising and promotion - Fundraising Expenses
/Return/ReturnData/IRS990/Form990PartIX/Advertising/Fundraising,description,Advertising - Fundraising,Advertising and promotion - Fundraising Expenses
/Return/ReturnData/IRS990/Form990PartIX/OfficeExpenses/Total,description,Office Expenses - Total,Office Expenses - total expense
/Return/ReturnData/IRS990/Form990PartIX/OfficeExpenses/ProgramServices,description,Program services,Office Expenses - Program Service Expenses
/Return/ReturnData/IRS990/OfficeExpensesGrp/ProgramServicesAmt,description,Office Expenses - program,Office Expenses - Program Service Expenses
/Return/ReturnData/IRS990/OfficeExpenses/ManagementAndGeneral,description,Office Expenses - Management and General,Management and general
/Return/ReturnData/IRS990/OfficeExpensesGrp/ManagementAndGeneralAmt,description,Office Expenses - admin,Management and general
/Return/ReturnData/IRS990/OfficeExpenses/Fundraising,description,Office Expenses - Fundraising Expenses,Office Expenses - Fundraising
/Return/ReturnData/IRS990/OfficeExpensesGrp/FundraisingAmt,description,Office Expenses - fundraising,Office Expenses - Fundraising
/Return/ReturnData/IRS990/Form990PartIX/InformationTechnology/Total,description,Information Technology - Total,Information Technology - total expense
/Return/ReturnData/IRS990/InformationTechnology/ProgramServices,description,Information Technology - Program Service Expenses,Program services
/Return/ReturnData/IRS990/InformationTechnologyGrp/ProgramServicesAmt,description,Information Technology - program,Program services
/Return/ReturnData/IRS990/InformationTechnology/ManagementAndGeneral,description,Information Technology - Management and General,Management and general
/Return/ReturnData/IRS990/InformationTechnologyGrp/ManagementAndGeneralAmt,description,Information Technology - admin,Management and general
/Return/ReturnData/IRS990/InformationTechnology/Fundraising,description,Information Technology - Fundraising Expenses,Information Technology - Fundraising
/Return/ReturnData/IRS990/InformationTechnologyGrp/FundraisingAmt,description,Information Technology - fundraising,Information Technology - Fundraising
/Return/ReturnData/IRS990/Form990PartIX/Royalties/Total,description,Royalties - Total,Royalties - total expense
/Return/ReturnData/IRS990/Royalties/ProgramServices,description,Royalties - Program Service Expenses,Program services
/Return/ReturnData/IRS990/RoyaltiesGrp/ProgramServicesAmt,description,Royalties - program,Program services
/Return/ReturnData/IRS990/Royalties/ManagementAndGeneral,description,Royalties - Management and General,Management and general
/Return/ReturnData/IRS990/RoyaltiesGrp/ManagementAndGeneralAmt,description,Royalties - admin,Management and general
/Return/ReturnData/IRS990/Royalties/Fundraising,description,Royalties - Fundraising Expenses,Royalties - Fundraising
/Return/ReturnData/IRS990/RoyaltiesGrp/FundraisingAmt,description,Royalties - fundraising,Royalties - Fundraising
/Return/ReturnData/IRS990/Form990PartIX/Occupancy/Total,description,Occupancy - Total,Occupancy; rent; utilities; and maintenance
/Return/ReturnData/IRS990/Occupancy/Total,description,Occupancy - total expense,Occupancy; rent; utilities; and maintenance
/Return/ReturnData/IRS990/OccupancyGrp/TotalAmt,description,Occupancy - total expense,Occupancy; rent; utilities; and maintenance
/Return/ReturnData/IRS990/Occupancy/ProgramServices,description,Occupancy - Program Service Expenses,Program services
/Return/ReturnData/IRS990/OccupancyGrp/ProgramServicesAmt,description,Occupancy - program,Program services
/Return/ReturnData/IRS990/Occupancy/ManagementAndGeneral,description,Occupancy - Management and General,Management and general
/Return/ReturnData/IRS990/OccupancyGrp/ManagementAndGeneralAmt,description,Occupancy - admin,Management and general
/Return/ReturnData/IRS990/Occupancy/Fundraising,description,Occupancy - Fundraising Expenses,Occupancy - Fundraising
/Return/ReturnData/IRS990/OccupancyGrp/FundraisingAmt,description,Occupancy - fundraising,Occupancy - Fundraising
/Return/ReturnData/IRS990/Form990PartIX/Travel/Total,description,Travel - Total,Travel- total expense
/Return/ReturnData/IRS990/Travel/ProgramServices,description,Travel- Program Service Expenses,Program services
/Return/ReturnData/IRS990/TravelGrp/ProgramServicesAmt,description,Travel- program,Program services
/Return/ReturnData/IRS990/Travel/ManagementAndGeneral,description,Travel- Management and General,Management and general
/Return/ReturnData/IRS990/TravelGrp/ManagementAndGeneralAmt,description,Travel- admin,Management and general
/Return/ReturnData/IRS990/Travel/Fundraising,description,Travel- Fundraising Expenses,Travel - Fundraising
/Return/ReturnData/IRS990/TravelGrp/FundraisingAmt,description,Travel- fundraising,Travel - Fundraising
/Return/ReturnData/IRS990/Form990PartIX/TravelEntrtnmntPublicOfficials/Total,description,Travel Entrtnmnt Public Officials - Total,"Payments for travel or entertainment for fed, state, or local public officials"
/Return/ReturnData/IRS990/PymtTravelEntrtnmntPubOfclGrp/ProgramServicesAmt,description,"Payments for travel or entertainment for fed, state, or local public officials - program",Program services
/Return/ReturnData/IRS990/TravelEntrtnmntPublicOfficials/ProgramServices,description,"Payments for travel or entertainment for fed, state, or local public officials-program",Program services
/Return/ReturnData/IRS990/PymtTravelEntrtnmntPubOfclGrp/ManagementAndGeneralAmt,description,"Payments for travel or entertainment for fed, state, or local public officials - admin",Management and general
/Return/ReturnData/IRS990/TravelEntrtnmntPublicOfficials/ManagementAndGeneral,description,"Payments for travel or entertainment for fed, state, or local public officials-admin",Management and general
/Return/ReturnData/IRS990/PymtTravelEntrtnmntPubOfclGrp/FundraisingAmt,description,"Payments for travel or entertainment for fed, state, or local public officials",Travel Entrtnmnt Public Officials - Fundraising
/Return/ReturnData/IRS990/TravelEntrtnmntPublicOfficials/Fundraising,description,"Payments for travel or entertainment for fed, state, or local public officials-fundraising",Travel Entrtnmnt Public Officials - Fundraising
/Return/ReturnData/IRS990/Form990PartIX/ConferencesMeetings/Total,description,Conferences Meetings - Total,"Conferences, conventions, and meetings- total expense"
/Return/ReturnData/IRS990/ConferencesMeetingsGrp/ProgramServicesAmt,description,"Conferences, conventions, and meetings- program","Conferences, conventions, and meetings- Program Service Expenses"
/Return/ReturnData/IRS990/Form990PartIX/ConferencesMeetings/ProgramServices,description,Program services,"Conferences, conventions, and meetings- Program Service Expenses"
/Return/ReturnData/IRS990/ConferencesMeetingsGrp/ManagementAndGeneralAmt,description,"Conferences, conventions, and meetings- admin","Conferences, conventions, and meetings- Management and General"
/Return/ReturnData/IRS990/Form990PartIX/ConferencesMeetings/ManagementAndGeneral,description,Management and general,"Conferences, conventions, and meetings- Management and General"
/Return/ReturnData/IRS990/ConferencesMeetingsGrp/FundraisingAmt,description,"Conferences, conventions, and meetings- fundraising","Conferences, conventions, and meetings- Fundraising Expenses"
/Return/ReturnData/IRS990/Form990PartIX/ConferencesMeetings/Fundraising,description,Conferences Meetings - Fundraising,"Conferences, conventions, and meetings- Fundraising Expenses"
/Return/ReturnData/IRS990/Form990PartIX/Interest/Total,description,Interest - Total,Interest- total expense
/Return/ReturnData/IRS990/Interest/ProgramServices,description,Interest- Program Service Expenses,Program services
/Return/ReturnData/IRS990/InterestGrp/ProgramServicesAmt,description,Interest- program,Program services
/Return/ReturnData/IRS990/Interest/ManagementAndGeneral,description,Interest- Management and General,Management and general
/Return/ReturnData/IRS990/InterestGrp/ManagementAndGeneralAmt,description,Interest- admin,Management and general
/Return/ReturnData/IRS990/Interest/Fundraising,description,Interest- Fundraising Expenses,Interest - Fundraising
/Return/ReturnData/IRS990/InterestGrp/FundraisingAmt,description,Interest- fundraising,Interest - Fundraising
/Return/ReturnData/IRS990/Form990PartIX/PaymentsToAffiliates/Total,description,Payments To Affiliates - Total,Payments to Affiliates- total expense
/Return/ReturnData/IRS990/Form990PartIX/PaymentsToAffiliates/ProgramServices,description,Program services,Payments to Affiliates- Program Service Expenses
/Return/ReturnData/IRS990/PaymentsToAffiliates/ManagementAndGeneral,description,Payments to Affiliates- Management and General,Management and general
/Return/ReturnData/IRS990/PaymentsToAffiliatesGrp/ManagementAndGeneralAmt,description,Payments to Affiliates- admin,Management and general
/Return/ReturnData/IRS990/Form990PartIX/PaymentsToAffiliates/Fundraising,description,Payments To Affiliates - Fundraising,Payments to Affiliates- Fundraising Expenses
/Return/ReturnData/IRS990/DepreciationDepletionGrp/TotalAmt,description,"Depreciation, depletion, and amortization - total","Depreciation, depletion, and amortization"
/Return/ReturnData/IRS990/Form990PartIX/DepreciationDepletion/Total,description,Depreciation Depletion - Total,"Depreciation, depletion, and amortization"
/Return/ReturnData/IRS990/DepreciationDepletionGrp/ProgramServicesAmt,description,"Depreciation, depletion, and amortization - program","Depreciation, depletion, and amortization"
/Return/ReturnData/IRS990/Form990PartIX/DepreciationDepletion/ProgramServices,description,Program services,"Depreciation, depletion, and amortization"
/Return/ReturnData/IRS990/DepreciationDepletionGrp/ManagementAndGeneralAmt,description,"Depreciation, depletion, and amortization - admin","Depreciation, depletion, and amortization"
/Return/ReturnData/IRS990/Form990PartIX/DepreciationDepletion/ManagementAndGeneral,description,Management and general,"Depreciation, depletion, and amortization"
/Return/ReturnData/IRS990/DepreciationDepletionGrp/FundraisingAmt,description,"Depreciation, depletion, and amortization - fundraising","Depreciation, depletion, and amortization"
/Return/ReturnData/IRS990/Form990PartIX/DepreciationDepletion/Fundraising,description,Depreciation Depletion - Fundraising,"Depreciation, depletion, and amortization"
/Return/ReturnData/IRS990/Form990PartIX/Insurance/Total,description,Insurance - Total,insurance - total expense
/Return/ReturnData/IRS990/Insurance/ProgramServices,description,insurance - Program Service Expenses,Program services
/Return/ReturnData/IRS990/InsuranceGrp/ProgramServicesAmt,description,insurance - program,Program services
/Return/ReturnData/IRS990/Insurance/ManagementAndGeneral,description,insurance - Management and General,Management and general
/Return/ReturnData/IRS990/InsuranceGrp/ManagementAndGeneralAmt,description,insurance - admin,Management and general
/Return/ReturnData/IRS990/Form990PartIX/Insurance/Fundraising,description,Insurance - Fundraising,insurance - Fundraising Expenses
/Return/ReturnData/IRS990/AllOtherExpensesGrp/TotalAmt,description,All Other expenses - total expense,Other expenses - total expense
/Return/ReturnData/IRS990/Form990PartIX/AllOtherExpenses/Total,description,All Other Expenses - Total,Other expenses - total expense
/Return/ReturnData/IRS990/Form990PartIX/AllOtherExpenses/ProgramServices,description,Program services,All Other expenses - Program
/Return/ReturnData/IRS990/Form990PartIX/AllOtherExpenses/ManagementAndGeneral,description,Management and general,All Other expenses - Admin
/Return/ReturnData/IRS990/Form990PartIX/AllOtherExpenses/Fundraising,description,All Other Expenses - Fundraising,All Other expenses - Fundraising
/Return/ReturnData/IRS990/Form990PartIX/TotalFunctionalExpenses/Total,description,Total Functional Expenses - Total,Total Functional Expenses - Total Expense
/Return/ReturnData/IRS990/TotalFunctionalExpenses/ProgramServices,description,Total Functional Expenses - Program Service Expenses,Program services
/Return/ReturnData/IRS990/TotalFunctionalExpensesGrp/ProgramServicesAmt,description,Total Functional Expenses - program,Program services
/Return/ReturnData/IRS990/TotalFunctionalExpenses/ManagementAndGeneral,description,Total Functional Expenses - Management and General,Management and general
/Return/ReturnData/IRS990/TotalFunctionalExpensesGrp/ManagementAndGeneralAmt,description,Total Functional Expenses - admin,Management and general
/Return/ReturnData/IRS990/TotalFunctionalExpenses/Fundraising,description,Total Functional Expenses - Fundraising Expenses,Total Functional Expenses - Fundraising
/Return/ReturnData/IRS990/TotalFunctionalExpensesGrp/FundraisingAmt,description,Total Functional Expenses - fundraising,Total Functional Expenses - Fundraising
/Return/ReturnData/IRS990/JointCosts,description,Joint Costs - total expense,Form990 Part IX - Joint costs?
/Return/ReturnData/IRS990/JointCostsInd,description,Following SOP 98-2 checkbox,Form990 Part IX - Joint costs?
/Return/ReturnData/IRS990/Form990PartIX/TotalJointCosts/Total,description,Total Joint Costs - Total,Joint Costs - total expense
/Return/ReturnData/IRS990/Form990PartIX/TotalJointCosts/ProgramServices,description,Program services,Joint Costs - Program Service Expenses
/Return/ReturnData/IRS990/TotalJointCosts/ManagementAndGeneral,description,Joint Costs - Management and General,Management and general
/Return/ReturnData/IRS990/TotalJointCostsGrp/ManagementAndGeneralAmt,description,Joint Costs - admin,Management and general
/Return/ReturnData/IRS990/TotalJointCosts/Fundraising,description,Joint Costs - Fundraising Expenses,Total Joint Costs - Fundraising
/Return/ReturnData/IRS990/TotalJointCostsGrp/FundraisingAmt,description,Joint Costs - fundraising,Total Joint Costs - Fundraising
/Return/ReturnData/IRS990/Form990PartIX/OtherExpenses/Description,description,Other Expenses - Description,Other Expenses - description
/Return/ReturnData/IRS990/OtherExpenses/Total,description,All Other expenses - total expense,Other Expenses - Total
/Return/ReturnData/IRS990/OtherExpensesGrp/TotalAmt,description,Other Expenses - total expense,Other Expenses - Total
/Return/ReturnData/IRS990/OtherExpenses/ProgramServices,description,Other expenses - Program Service Expenses,Program services
/Return/ReturnData/IRS990/OtherExpensesGrp/ProgramServicesAmt,description,Other Expenses - program,Program services
/Return/ReturnData/IRS990/OtherExpenses/ManagementAndGeneral,description,Other expenses - Management and General,Management and general
/Return/ReturnData/IRS990/OtherExpensesGrp/ManagementAndGeneralAmt,description,Other Expenses - admin,Management and general
/Return/ReturnData/IRS990/OtherExpenses/Fundraising,description,Other expenses - Fundraising Expenses,Other Expenses - Fundraising
/Return/ReturnData/IRS990/OtherExpensesGrp/FundraisingAmt,description,Other Expenses - fundraising,Other Expenses - Fundraising
/Return/ReturnData/IRS990/InfoInScheduleOPartX,description,Schedule O contains a response to a question in Part X,Schedule O contains a response to a question in Part II
/Return/ReturnData/IRS990/Form990PartX/CashNonInterestBearing/BOY,description,Beginnning of year,"Cash, non-interest-bearing, beginning of year"
/Return/ReturnData/IRS990/Form990PartX/CashNonInterestBearing/EOY,description,Ending of year,"Cash, non-interest-bearing, end of year"
/Return/ReturnData/IRS990/Form990PartX/SavingsAndTempCashInvestments/BOY,description,Beginnning of year,"Savings and temporary cash investments, beginning of year"
/Return/ReturnData/IRS990/Form990PartX/SavingsAndTempCashInvestments/EOY,description,Ending of year,"Savings and temporary cash investments, end of year"
/Return/ReturnData/IRS990/Form990PartX/PledgesAndGrantsReceivable/BOY,description,Beginnning of year,"Net pledges and grants receivable, beginning of year"
/Return/ReturnData/IRS990/Form990PartX/PledgesAndGrantsReceivable/EOY,description,Ending of year,"Net pledges and grants receivable, end of year"
/Return/ReturnData/IRS990/Form990PartX/AccountsReceivable/BOY,description,Beginnning of year,"Net accounts receivable, beginning of year"
/Return/ReturnData/IRS990/Form990PartX/AccountsReceivable/EOY,description,Ending of year,"Net accounts receivable, end of year"
/Return/ReturnData/IRS990/Form990PartX/ReceivablesFromOfficersEtc/BOY,description,Beginnning of year,"Loans and other receivables from officers, beginning of year"
/Return/ReturnData/IRS990/Form990PartX/ReceivablesFromOfficersEtc/EOY,description,Ending of year,"Loans and other receivables from officers, end of year"
/Return/ReturnData/IRS990/Form990PartX/ReceivablesFromDisqualPersons/BOY,description,Beginnning of year,"Loans and other receivables from disqualified persons, end of year"
/Return/ReturnData/IRS990/Form990PartX/ReceivablesFromDisqualPersons/EOY,description,Ending of year,"Loans and other receivables from disqualified persons, end of year"
/Return/ReturnData/IRS990/Form990PartX/OtherNotesLoansReceivableNet/BOY,description,Beginnning of year,"Net notes and loans receivable, beginning of year"
/Return/ReturnData/IRS990/Form990PartX/OtherNotesLoansReceivableNet/EOY,description,Ending of year,"Net notes and loans receivable, end of year"
/Return/ReturnData/IRS990/Form990PartX/InventoriesForSaleOrUse/BOY,description,Beginnning of year,"Inventories for sale or use, beginning of year"
/Return/ReturnData/IRS990/Form990PartX/InventoriesForSaleOrUse/EOY,description,Ending of year,"Inventories for sale or use, end of year"
/Return/ReturnData/IRS990/Form990PartX/PrepaidExpensesDeferredCharges/BOY,description,Beginnning of year,"Prepaid exenses and deferred charges, beginning of year"
/Return/ReturnData/IRS990/Form990PartX/PrepaidExpensesDeferredCharges/EOY,description,Ending of year,"Prepaid exenses and deferred charges, end of year"
/Return/ReturnData/IRS990/Form990PartX/LandBuildingsEquipmentBasis,description,Land; buildings; and equipment basis,"Gross value including lands, buildings, and equipment"
/Return/ReturnData/IRS990/Form990PartX/LandBuildingsEquipmentBasis,variable_scope,PC,PZ
/Return/ReturnData/IRS990/Form990PartX/LandBldgEquipmentAccumDeprec,description,Less: accumulated depreciation,"Accumulated depreciation of lands and buildings, beginning of year"
/Return/ReturnData/IRS990EZ/LandBldgEquipBasisNetGrp/BOYAmt,label,Land and buildings - beginning of year,"Net land, buildings, and equipment - beginning of year"
/Return/ReturnData/IRS990EZ/LandBuildingsEquipmentBasisNet/BOY,label,Land and buildings - beginning of year,"Net land, buildings, and equipment - beginning of year"
/Return/ReturnData/IRS990/Form990PartX/LandBuildingsEquipmentBasisNet/BOY,description,Beginnning of year,Net value including lands; buildings; and equipment; beginning of year
/Return/ReturnData/IRS990/LandBldgEquipBasisNetGrp/BOYAmt,description,"Net value including lands, buildings, and equipment, beginning of year",Net value including lands; buildings; and equipment; beginning of year
/Return/ReturnData/IRS990/LandBuildingsEquipmentBasisNet/BOY,description,"Net value including lands, buildings, and equipment, beginning of year",Net value including lands; buildings; and equipment; beginning of year
/Return/ReturnData/IRS990EZ/LandBldgEquipBasisNetGrp/EOYAmt,label,Land and buildings - end of year,"Net land, buildings, and equipment - end of year"
/Return/ReturnData/IRS990EZ/LandBuildingsEquipmentBasisNet/EOY,label,Land and buildings - end of year,"Net land, buildings, and equipment - end of year"
/Return/ReturnData/IRS990/Form990PartX/LandBuildingsEquipmentBasisNet/EOY,description,Ending of year,Net value including lands; buildings; and equipment; end of year
/Return/ReturnData/IRS990/LandBldgEquipBasisNetGrp/EOYAmt,description,"Net value including lands, buildings, and equipment, end of year",Net value including lands; buildings; and equipment; end of year
/Return/ReturnData/IRS990/LandBuildingsEquipmentBasisNet/EOY,description,"Net value including lands, buildings, and equipment, end of year",Net value including lands; buildings; and equipment; end of year
/Return/ReturnData/IRS990/Form990PartX/InvestmentsPubTradedSecurities/BOY,description,Beginnning of year,"Investment, publicly traded securities, beginning of year"
/Return/ReturnData/IRS990/Form990PartX/InvestmentsPubTradedSecurities/EOY,description,Ending of year,"Investment, publicly traded securities, end of year"
/Return/ReturnData/IRS990/Form990PartX/InvestmentsOtherSecurities/BOY,description,Beginnning of year,"Investments and other securities, beginning of year"
/Return/ReturnData/IRS990/Form990PartX/InvestmentsOtherSecurities/EOY,description,Ending of year,"Investments and other securities, end of year"
/Return/ReturnData/IRS990/Form990PartX/InvestmentsProgramRelated/BOY,description,Beginnning of year,"Investments, program-related, beginning of year"
/Return/ReturnData/IRS990/Form990PartX/InvestmentsProgramRelated/EOY,description,Ending of year,"Investments, program-related, end of year"
/Return/ReturnData/IRS990/Form990PartX/IntangibleAssets/BOY,description,Beginnning of year,"Intangible assets, beginning of year"
/Return/ReturnData/IRS990/Form990PartX/IntangibleAssets/EOY,description,Ending of year,"Intangible assets, end of year"
/Return/ReturnData/IRS990/Form990PartX/OtherAssetsTotal/BOY,description,Beginnning of year,"Other assets, beginning of year"
/Return/ReturnData/IRS990EZ/OtherAssets/BOY,description,Other Assets - BOY,"Other assets, beginning of year"
/Return/ReturnData/IRS990EZ/OtherAssetsTotalGrp/BOYAmt,description,Other assets; beginning of year,"Other assets, beginning of year"
/Return/ReturnData/IRS990/Form990PartX/OtherAssetsTotal/EOY,description,Ending of year,"Other assets, end of year"
/Return/ReturnData/IRS990EZ/OtherAssets/EOY,description,Other Assets - EOY,"Other assets, end of year"
/Return/ReturnData/IRS990EZ/OtherAssetsTotalGrp/EOYAmt,description,Other assets; end of year,"Other assets, end of year"
/Return/ReturnData/IRS990EZ/TotalAssetsGrp/BOYAmt,description,Total assets; beginning of year,"Total assets, beginning of year"
/Return/ReturnData/IRS990/Form990PartX/TotalAssets/BOY,description,Beginnning of year,"Total assets, beginning of year"
/Return/ReturnData/IRS990EZ/TotalAssetsGrp/EOYAmt,description,Total assets; end of year,"Total assets, end of year"
/Return/ReturnData/IRS990/Form990PartX/TotalAssets/EOY,description,Ending of year,"Total assets, end of year"
/Return/ReturnData/IRS990/Form990PartX/AccountsPayableAccruedExpenses/BOY,description,Beginnning of year,"Accounts payable and accrued expenses, beginning of year"
/Return/ReturnData/IRS990/Form990PartX/AccountsPayableAccruedExpenses/EOY,description,Ending of year,"Accounts payable and accrued expenses, end of year"
/Return/ReturnData/IRS990/Form990PartX/GrantsPayable/BOY,description,Beginnning of year,"Grants payable, beginning of year"
/Return/ReturnData/IRS990/Form990PartX/GrantsPayable/EOY,description,Ending of year,"Grants payable, end of year"
/Return/ReturnData/IRS990/Form990PartX/DeferredRevenue/BOY,description,Beginnning of year,"Deferred revenue, beginning of year"
/Return/ReturnData/IRS990/Form990PartX/DeferredRevenue/EOY,description,Ending of year,"Deferred revenue, end of year"
/Return/ReturnData/IRS990/Form990PartX/TaxExemptBondLiabilities/BOY,description,Beginnning of year,"Tax-exempt bond liabilities, beginning of year"
/Return/ReturnData/IRS990/Form990PartX/TaxExemptBondLiabilities/EOY,description,Ending of year,"Tax-exempt bond liabilities, end of year"
/Return/ReturnData/IRS990/Form990PartX/EscrowAccountLiability/BOY,description,Beginnning of year,"Escrow or custodial account liability, beginning of year"
/Return/ReturnData/IRS990/Form990PartX/EscrowAccountLiability/EOY,description,Ending of year,"Escrow or custodial account liability, end of year"
/Return/ReturnData/IRS990/Form990PartX/LoansFromOfficersDirectors/BOY,description,Beginnning of year,"Loans and other receivables from officers, beginning of year"
/Return/ReturnData/IRS990/Form990PartX/LoansFromOfficersDirectors/EOY,description,Ending of year,"Loans and other receivables from officers, end of year"
/Return/ReturnData/IRS990/Form990PartX/MortNotesPyblSecuredInvestProp/BOY,description,Beginnning of year,"Secured mortgages and notes payable, beginning of year"
/Return/ReturnData/IRS990/Form990PartX/MortNotesPyblSecuredInvestProp/EOY,description,Ending of year,"Secured mortgages and notes payable, end of year"
/Return/ReturnData/IRS990/Form990PartX/UnsecuredNotesLoansPayable/BOY,description,Beginnning of year,"Unsecured notes and loans payable, beginning of year"
/Return/ReturnData/IRS990/Form990PartX/UnsecuredNotesLoansPayable/EOY,description,Ending of year,"Unsecured notes and loans payable, end of year"
/Return/ReturnData/IRS990/Form990PartX/OtherLiabilities/BOY,description,Beginnning of year,"Other liabilities, beginning of year"
/Return/ReturnData/IRS990/Form990PartX/OtherLiabilities/EOY,description,Ending of year,"Other liabilities, end of year"
/Return/ReturnData/IRS990EZ/TotalLiabilities/BOY,description,Total liabilities; beginning of year,"Total liabilities, beginning of year"
/Return/ReturnData/IRS990EZ/TotalLiabilitiesGrp/BOYAmt,description,Total liabilities; beginning of year,"Total liabilities, beginning of year"
/Return/ReturnData/IRS990/Form990PartX/TotalLiabilities/BOY,description,Beginnning of year,"Total liabilities, beginning of year"
/Return/ReturnData/IRS990/Form990PartX/FollowSFAS117,description,Organizations that follow SFAS 117; check here,Organization does follow SFAS 117
/Return/ReturnData/IRS990EZ/TotalLiabilities/EOY,description,Total liabilities; end of year,"Total liabilities, end of year"
/Return/ReturnData/IRS990EZ/TotalLiabilitiesGrp/EOYAmt,description,Total liabilities; end of year,"Total liabilities, end of year"
/Return/ReturnData/IRS990/Form990PartX/TotalLiabilities/EOY,description,Ending of year,"Total liabilities, end of year"
/Return/ReturnData/IRS990/Form990PartX/UnrestrictedNetAssets/BOY,description,Beginnning of year,"Unrestricted net assets, beginning of year"
/Return/ReturnData/IRS990/NoDonorRestrictionNetAssetsGrp/BOYAmt,description,Net assets without donor restrictions Beginning of Year,"Unrestricted net assets, beginning of year"
/Return/ReturnData/IRS990/NoDonorRestrictionNetAssetsGrp/BOYAmt,label,Net assets with donor restrictions BOY,Net assets without donor restrictions - beginning of year
/Return/ReturnData/IRS990/NoDonorRestrictionNetAssetsGrp/BOYAmt,location_code_family,F990-PC-PART-10-LINE-27-COL-A,F990-PC-PART-10-LINE-27-BOY
/Return/ReturnData/IRS990/NoDonorRestrictionNetAssetsGrp/EOYAmt,description,Net assets without donor restrictions End of Year,"Unrestricted net assets, end of year"
/Return/ReturnData/IRS990/NoDonorRestrictionNetAssetsGrp/EOYAmt,label,Net assets with donor restrictions EOY,Net assets without donor restrictions - end of year
/Return/ReturnData/IRS990/NoDonorRestrictionNetAssetsGrp/EOYAmt,location_code_family,F990-PC-PART-10-LINE-27-COL-B,F990-PC-PART-10-LINE-27-EOY
/Return/ReturnData/IRS990/Form990PartX/UnrestrictedNetAssets/EOY,description,Ending of year,"Unrestricted net assets, end of year"
/Return/ReturnData/IRS990/Form990PartX/TemporarilyRestrictedNetAssets/BOY,description,Beginnning of year,"Temporary restricted net assets, beginning of year"
/Return/ReturnData/IRS990/Form990PartX/TemporarilyRestrictedNetAssets/EOY,description,Ending of year,"Temporary restricted net assets, end of year"
/Return/ReturnData/IRS990/Form990PartX/PermanentlyRestrictedNetAssets/BOY,description,Beginnning of year,"Permanently restricted net assets, beginning of year"
/Return/ReturnData/IRS990/Form990PartX/DoNotFollowSFAS117,description,Organizations that do not follow SFAS 117; check here,Organization does not follow SFAS 117
/Return/ReturnData/IRS990/OrgDoesNotFollowFASB117Ind,description,Indicates the orgnazation does not follow SFAS 117,Organization does not follow SFAS 117
/Return/ReturnData/IRS990/OrgDoesNotFollowSFAS117,description,Indicates the orgnazation does not follow SFAS 117,Organization does not follow SFAS 117
/Return/ReturnData/IRS990/Form990PartX/PermanentlyRestrictedNetAssets/EOY,description,Ending of year,"Permanently restricted net assets, end of year"
/Return/ReturnData/IRS990/Form990PartX/CapStckTrstPrinCurrentFunds/BOY,description,Beginnning of year,"Capital stock or trust principal, or current funds, beginning of year"
/Return/ReturnData/IRS990/Form990PartX/CapStckTrstPrinCurrentFunds/EOY,description,Ending of year,"Capital stock or trust principal, or current funds, end of year"
/Return/ReturnData/IRS990/Form990PartX/PaidInCapSrplsLandBldgEqpFund/BOY,description,Beginnning of year,"Paid-in or capital surplus, beginning of year"
/Return/ReturnData/IRS990/Form990PartX/PaidInCapSrplsLandBldgEqpFund/EOY,description,Ending of year,"Paid-in or capital surplus, end of year"
/Return/ReturnData/IRS990/Form990PartX/RetainedEarningsEndowmentEtc/BOY,description,Beginnning of year,"Retained earnings or endowment, beginning of year"
/Return/ReturnData/IRS990/Form990PartX/RetainedEarningsEndowmentEtc/EOY,description,Ending of year,"Retained earnings or endowment, end of year"
/Return/ReturnData/IRS990EZ/TotalNetAssetsFundBalanceGrp/BOYAmt,description,Net assets or fund balances; beginning of year,"Net assets or fund balances, beginning of year"
/Return/ReturnData/IRS990EZ/TotalNetAssetsFundBalances/BOY,description,Net assets or fund balances; beginning of year,"Net assets or fund balances, beginning of year"
/Return/ReturnData/IRS990/Form990PartX/TotalNetAssetsFundBalances/BOY,description,Beginnning of year,"Net assets or fund balances, beginning of year"
/Return/ReturnData/IRS990/Form990PartX/TotalNetAssetsFundBalances/BOY,label,Total net assets or fund balances - beginning of year,Net assets or fund balances - beginning of year
/Return/ReturnData/IRS990/TotalNetAssetsFundBalanceGrp/BOYAmt,label,Total net assets or fund balances - beginning of year,Net assets or fund balances - beginning of year
/Return/ReturnData/IRS990/TotalNetAssetsFundBalances/BOY,label,Total net assets or fund balances - beginning of year,Net assets or fund balances - beginning of year
/Return/ReturnData/IRS990EZ/TotalNetAssetsFundBalanceGrp/EOYAmt,description,Net assets or fund balances; end of year,"Net assets or fund balances, end of year"
/Return/ReturnData/IRS990EZ/TotalNetAssetsFundBalances/EOY,description,Net assets or fund balances; end of year,"Net assets or fund balances, end of year"
/Return/ReturnData/IRS990/Form990PartX/TotalNetAssetsFundBalances/EOY,description,Ending of year,"Net assets or fund balances, end of year"
/Return/ReturnData/IRS990/Form990PartX/TotalNetAssetsFundBalances/EOY,label,Total net assets or fund balances - end of year,Net assets or fund balances - end of year
/Return/ReturnData/IRS990/TotalNetAssetsFundBalanceGrp/EOYAmt,label,Total net assets or fund balances - end of year,Net assets or fund balances - end of year
/Return/ReturnData/IRS990/TotalNetAssetsFundBalances/EOY,label,Total net assets or fund balances - end of year,Net assets or fund balances - end of year
/Return/ReturnData/IRS990/Form990PartX/TotalLiabNetAssetsFundBalances/BOY,description,Beginnning of year,"Total liabilities and net assets/fund balances, beginning of year"
/Return/ReturnData/IRS990/Form990PartX/TotalLiabNetAssetsFundBalances/EOY,description,Ending of year,"Total liabilities and net assets/fund balances, end of year"
/Return/ReturnData/IRS990EZ/OtherChangesInNetAssets,description,Other changes in net assets,Other changes in net assets or fund balances
/Return/ReturnData/IRS990/ReconcilationOtherChanges,description,Other changes net assets,Other changes in net assets or fund balances
/Return/ReturnData/IRS990EZ/MethodOfAccountingAccrual,description,Indicates method of accounting is accrual,Method of accounting - Accrual
/Return/ReturnData/IRS990EZ/MethodOfAccountingAccrualInd,description,Indicates method of accounting is accrual,Method of accounting - Accrual
/Return/ReturnData/IRS990EZ/MethodOfAccountingCash,description,Indicates method of accounting is cash,Method of accounting - Cash
/Return/ReturnData/IRS990EZ/MethodOfAccountingCashInd,description,Indicates method of accounting is cash,Method of accounting - Cash
/Return/ReturnData/IRS990/AcctCompileOrReviewBasisGrp/ConsolAndSepBasisFinclStmtInd,description,Financial statement issued on consolidated and separate basis,Accountant Compile Or Review Basis - FinancialStatementBoth
/Return/ReturnData/IRS990/AcctCompileOrReviewBasisGrp/ConsolidatedBasisFinclStmtInd,description,Financial statement issued on consolidated basis,Accountant Compile Or Review Basis - FinancialStatementConsolidated
/Return/ReturnData/IRS990/AcctCompileOrReviewBasisGrp/SeparateBasisFinclStmtInd,description,Financial statement issued on separate basis,Accountant Compile Or Review Basis - FinancialStatementSeparate
/Return/ReturnData/IRS990ScheduleA/HospitalNameAndAddress/Address/City,description,Address - Address - US,US address or foreign address
/Return/ReturnData/IRS990ScheduleA/HospitalNameAndAddressGrp/CityNm,description,US city or foreign city,US address or foreign address
/Return/ReturnData/IRS990ScheduleA/HospitalNameAndAddress/Address/Country,description,Foreign country name,Foreign address Country
/Return/ReturnData/IRS990ScheduleA/HospitalNameAndAddress/Address/State,description,Address - US state name,US address or foreign address
/Return/ReturnData/IRS990ScheduleA/HospitalNameAndAddressGrp/StateAbbreviationCd,description,US address State,US address or foreign address
/Return/ReturnData/IRS990ScheduleA/HospitalNameAndAddressGrp/SupportedOrganizationName/BusinessNameLine1,description,Supported Organization Name - BusinessNameLine1,Name - BusinessNameLine1
/Return/ReturnData/IRS990ScheduleA/HospitalNameAndAddressGrp/SupportedOrganizationName/BusinessNameLine1Txt,description,Supported Organization Name - BusinessNameLine1Txt,Name - BusinessNameLine1
/Return/ReturnData/IRS990ScheduleA/HospitalNameAndAddressGrp/SupportedOrganizationName/BusinessNameLine2,description,Supported Organization Name - BusinessNameLine2,Name - BusinessNameLine2
/Return/ReturnData/IRS990ScheduleA/HospitalNameAndAddressGrp/SupportedOrganizationName/BusinessNameLine2Txt,description,Supported Organization Name - BusinessNameLine2Txt,Name - BusinessNameLine2
/Return/ReturnData/IRS990ScheduleA/Form990ScheduleAPartI/ContribByControllingIndividual,description,A person who controls; alone or together with persons in (ii) and (iii) below; the governing body of the supported organization? Y/N (see SA-FORM-VERSION-2013-PART-01),A person who controls; alone or together with persons in (ii) and (iii) below; the governing body of the supported organization? Y or N (see SA-FORM-VERSION-2013-PART-01)
/Return/ReturnData/IRS990ScheduleA/Form990ScheduleAPartI/ContributionByRelatedParty,description,A family member of a party described in (i) above? Y/N (see SA-FORM-VERSION-2013-PART-01),A family member of a party described in (i) above? Y or N (see SA-FORM-VERSION-2013-PART-01)
/Return/ReturnData/IRS990ScheduleA/Form990ScheduleAPartI/ContribBy35ControlledEntity,description,A 35% controlled entity of a person described in (i) or (ii) above? Y/N (see SA-FORM-VERSION-2013-PART-01),A 35% controlled entity of a person described in (i) or (ii) above? Y or N (see SA-FORM-VERSION-2013-PART-01)
/Return/ReturnData/IRS990ScheduleA/Form990ScheduleAPartI/SupportedOrgInformation/OrganizedInUS,description,(see SA-FORM-VERSION-2013-PART-01),Organized in the United States? (see SA-FORM-VERSION-2013-PART-01)
/Return/ReturnData/IRS990ScheduleA/SupportedOrgInformationGrp/SupportedOrganizationName/BusinessNameLine1,description,Supported Organization Name - BusinessNameLine1,Name - BusinessNameLine1
/Return/ReturnData/IRS990ScheduleA/SupportedOrgInformationGrp/SupportedOrganizationName/BusinessNameLine1Txt,description,Supported Organization Name - BusinessNameLine1Txt,Name - BusinessNameLine1
/Return/ReturnData/IRS990ScheduleA/SupportedOrgInformationGrp/SupportedOrganizationName/BusinessNameLine2,description,Supported Organization Name - BusinessNameLine2,Name - BusinessNameLine2
/Return/ReturnData/IRS990ScheduleA/SupportedOrgInformationGrp/SupportedOrganizationName/BusinessNameLine2Txt,description,Supported Organization Name - BusinessNameLine2Txt,Name - BusinessNameLine2
/Return/ReturnData/IRS990ScheduleA/GiftsGrantsContribReceived170/Total,description,Gifts Grants Contrib Received170 - Total,Gifts Grants Contrib Received - Total
/Return/ReturnData/IRS990ScheduleA/GiftsGrantsContriRcvd170Grp/TotalAmt,description,Gifts Grants Contri Rcvd170 Grp - Total,Gifts Grants Contrib Received - Total
/Return/ReturnData/IRS990ScheduleA/TaxRevLeviedForOrgBenefit170/Total,description,Tax Rev Levied For Org Benefit170 - Total,Tax Revenues Levied For Org Benefit - Total
/Return/ReturnData/IRS990ScheduleA/TaxRevLeviedOrgnztnlBnft170Grp/TotalAmt,description,Tax Rev Levied Orgnztnl Bnft170 Grp - Total,Tax Revenues Levied For Org Benefit - Total
/Return/ReturnData/IRS990ScheduleA/GovtFurnSrvcFcltsVl170Grp/TotalAmt,description,Govt Furn Srvc Fclts Vl170 Grp - Total,Value Srvc Fclts Furnished By Govt - Total
/Return/ReturnData/IRS990ScheduleA/Total170/Total,description,Total170 - Total,Total - Total - Total
/Return/ReturnData/IRS990ScheduleA/TotalCalendarYear170Grp/TotalAmt,description,Total Calendar Year170 Grp - Total,Total - Total - Total
/Return/ReturnData/IRS990ScheduleA/GrossInvestmentIncome170/Total,description,Gross Investment Income170 - Total,Gross Investment Income - Total
/Return/ReturnData/IRS990ScheduleA/GrossInvestmentIncome170Grp/TotalAmt,description,Gross Investment Income170 Grp - Total,Gross Investment Income - Total
/Return/ReturnData/IRS990ScheduleA/UnrelatedBusinessNetIncm170Grp/TotalAmt,description,Unrelated Business Net Incm170 Grp - Total,Net UBI - Total
/Return/ReturnData/IRS990ScheduleA/OtherIncome170/Total,description,Other Income170 - Total,Other Income - Total
/Return/ReturnData/IRS990ScheduleA/OtherIncome170Grp/TotalAmt,description,Other Income170 Grp - Total,Other Income - Total
/Return/ReturnData/IRS990ScheduleA/Form990ScheduleAPartII/TotalSupport,description,Form990 Schedule APart II - Total support,IRS990 Schedule A - Total support
/Return/ReturnData/IRS990ScheduleA/GiftsGrantsContribReceived509/Total,description,Gifts Grants Contrib Received509 - Total,Gifts Grants Contrib Received - Total
/Return/ReturnData/IRS990ScheduleA/GiftsGrantsContrisRcvd509Grp/TotalAmt,description,Gifts Grants Contris Rcvd509 Grp - Total,Gifts Grants Contrib Received - Total
/Return/ReturnData/IRS990ScheduleA/GrossReceiptsAdmissionsGrp/TotalAmt,description,Gross Receipts Admissions Grp - Total,Gross Receipts From Admissions - Total
/Return/ReturnData/IRS990ScheduleA/GrossReceiptsNonUnrltBusGrp/TotalAmt,description,Gross Receipts Non Unrlt Bus Grp - Total,Gross Receipts From Non UBI - Total
/Return/ReturnData/IRS990ScheduleA/TaxRevLeviedForOrgBenefit509/Total,description,Tax Rev Levied For Org Benefit509 - Total,Tax Revenues Levied For Org Benefit - Total
/Return/ReturnData/IRS990ScheduleA/TaxRevLeviedOrgnztnlBnft509Grp/TotalAmt,description,Tax Rev Levied Orgnztnl Bnft509 Grp - Total,Tax Revenues Levied For Org Benefit - Total
/Return/ReturnData/IRS990ScheduleA/GovtFurnSrvcFcltsVl509Grp/TotalAmt,description,Govt Furn Srvc Fclts Vl509 Grp - Total,Value Of Svcs Fclts Furnishd By Govt - Total
/Return/ReturnData/IRS990ScheduleA/Total509/Total,description,Total509 - Total,Total - Total - Total
/Return/ReturnData/IRS990ScheduleA/Total509Grp/TotalAmt,description,Total509 Grp - Total,Total - Total - Total
/Return/ReturnData/IRS990ScheduleA/AmountsRcvdDsqlfyPersonGrp/TotalAmt,description,Amounts Rcvd Dsqlfy Person Grp - Total,Amts Recd From Disqual Persons - Total
/Return/ReturnData/IRS990ScheduleA/SubstantialContributorsAmtGrp/TotalAmt,description,Substantial Contributors Amt Grp - Total,Amts From Subst Contributors - Total
/Return/ReturnData/IRS990ScheduleA/SubstAndDsqlfyPrsnsTotGrp/TotalAmt,description,Subst And Dsqlfy Prsns Tot Grp - Total,Total Of7a And7b - Total
/Return/ReturnData/IRS990ScheduleA/SupportFromDQPsEtc/Total,description,Support From DQPs Etc - Total,Total Of7a And7b - Total
/Return/ReturnData/IRS990ScheduleA/GrossInvestmentIncome509/Total,description,Gross Investment Income509 - Total,Gross Investment Income - Total
/Return/ReturnData/IRS990ScheduleA/GrossInvestmentIncome509Grp/TotalAmt,description,Gross Investment Income509 Grp - Total,Gross Investment Income - Total
/Return/ReturnData/IRS990ScheduleA/Post1975UBTIGrp/TotalAmt,description,Post1975 UBTIGrp - Total,Post1975 UBTI - Total
/Return/ReturnData/IRS990ScheduleA/InvestmentIncomeAndUBTI/Total,description,Investment Income And UBTI - Total,Total Of Lines10a And10b - Total
/Return/ReturnData/IRS990ScheduleA/InvestmentIncomeAndUBTIGrp/TotalAmt,description,Investment Income And UBTIGrp - Total,Total Of Lines10a And10b - Total
/Return/ReturnData/IRS990ScheduleA/NetIncomeFromOtherUBIGrp/TotalAmt,description,Net Income From Other UBIGrp - Total,Net Income From Other UBI - Total
/Return/ReturnData/IRS990ScheduleA/OtherIncome509/Total,description,Other Income509 - Total,Other Income - Total
/Return/ReturnData/IRS990ScheduleA/OtherIncome509Grp/TotalAmt,description,Other Income509 Grp - Total,Other Income - Total
/Return/ReturnData/IRS990ScheduleA/TotalSupportCalendarYearGrp/TotalAmt,description,Total Support Calendar Year Grp - Total,Total support total
/Return/ReturnData/IRS990ScheduleA/TotalSupportTotal/Total,description,Total Support Total - Total,Total support total
/Return/ReturnData/IRS990ScheduleA/MinimumAssetAmountGrp/AcquisitionIndebtednessGrp/CurrentYearAmt,description,Current year amount,Prior year amount
/Return/ReturnData/IRS990ScheduleA/MinimumAssetAmountGrp/AcquisitionIndebtednessGrp/CurrentYearAmt,label,Total aggregate fair market value of all non-exempt-use assets - current year,Total aggregate fair market value of all non-exempt-use assets - prior year
/Return/ReturnData/IRS990ScheduleA/MinimumAssetAmountGrp/AcquisitionIndebtednessGrp/CurrentYearAmt,location_code_family,SCHED-A-PART-05-SECTION-B-LINE-02-COL-B,SCHED-A-PART-05-SECTION-B-LINE-02-COL-A
/Return/ReturnData/IRS990ScheduleA/GeneralExplanation,description,Additional explanations provided by the taxpayer,Form; part and line number reference explanation
/Return/ReturnData/IRS990ScheduleA/GeneralExplanationTxt,description,Additional explanations provided by the taxpayer,Form; part and line number reference explanation
/Return/ReturnData/IRS990ScheduleC/Form990ScheduleCPartI/Sec527PolOrgs/AddressUS/City,description,Sec527 Pol Orgs-Address US - City,Sec527 Pol Orgs-Address Foreign - City
/Return/ReturnData/IRS990ScheduleC/Sec527PolOrgs/AddressUS/City,description,Sec527 Pol Orgs-Address US - City,Sec527 Pol Orgs-Address Foreign - City
/Return/ReturnData/IRS990ScheduleC/Section527PoliticalOrgGrp/USAddress/City,description,Sec527 Pol Orgs-Address US - City,Sec527 Pol Orgs-Address Foreign - City
/Return/ReturnData/IRS990ScheduleC/Section527PoliticalOrgGrp/USAddress/CityNm,description,Sec527 Pol Orgs-Address US - City,Sec527 Pol Orgs-Address Foreign - City
/Return/ReturnData/IRS990ScheduleC/Form990ScheduleCPartI/Sec527PolOrgs/AddressUS/AddressLine1,description,Sec527 Pol Orgs-Address US - AddressLine1,Sec527 Pol Orgs-Address Foreign - AddressLine1
/Return/ReturnData/IRS990ScheduleC/Sec527PolOrgs/AddressUS/AddressLine1,description,Sec527 Pol Orgs-Address US - AddressLine1,Sec527 Pol Orgs-Address Foreign - AddressLine1
/Return/ReturnData/IRS990ScheduleC/Section527PoliticalOrgGrp/USAddress/AddressLine1,description,Sec527 Pol Orgs-Address US - AddressLine1,Sec527 Pol Orgs-Address Foreign - AddressLine1
/Return/ReturnData/IRS990ScheduleC/Section527PoliticalOrgGrp/USAddress/AddressLine1Txt,description,Sec527 Pol Orgs-Address US - AddressLine1,Sec527 Pol Orgs-Address Foreign - AddressLine1
/Return/ReturnData/IRS990ScheduleC/Form990ScheduleCPartI/Sec527PolOrgs/AddressUS/AddressLine2,description,Sec527 Pol Orgs-Address US - AddressLine2,Sec527 Pol Orgs-Address Foreign - AddressLine2
/Return/ReturnData/IRS990ScheduleC/Sec527PolOrgs/AddressUS/AddressLine2,description,Sec527 Pol Orgs-Address US - AddressLine2,Sec527 Pol Orgs-Address Foreign - AddressLine2
/Return/ReturnData/IRS990ScheduleC/Section527PoliticalOrgGrp/USAddress/AddressLine2,description,Sec527 Pol Orgs-Address US - AddressLine2,Sec527 Pol Orgs-Address Foreign - AddressLine2
/Return/ReturnData/IRS990ScheduleC/Section527PoliticalOrgGrp/USAddress/AddressLine2Txt,description,Sec527 Pol Orgs-Address US - AddressLine2,Sec527 Pol Orgs-Address Foreign - AddressLine2
/Return/ReturnData/IRS990ScheduleC/Form990ScheduleCPartI/Sec527PolOrgs/AddressUS/State,description,Sec527 Pol Orgs-Address US - State,Sec527 Pol Orgs-Address Foreign - Province or state
/Return/ReturnData/IRS990ScheduleC/Sec527PolOrgs/AddressUS/State,description,Sec527 Pol Orgs-Address US - State,Sec527 Pol Orgs-Address Foreign - Province or state
/Return/ReturnData/IRS990ScheduleC/Section527PoliticalOrgGrp/USAddress/State,description,Sec527 Pol Orgs-Address US - State,Sec527 Pol Orgs-Address Foreign - Province or state
/Return/ReturnData/IRS990ScheduleC/Section527PoliticalOrgGrp/USAddress/StateAbbreviationCd,description,Sec527 Pol Orgs-Address US - State,Sec527 Pol Orgs-Address Foreign - Province or state
/Return/ReturnData/IRS990ScheduleC/Form990ScheduleCPartI/Sec527PolOrgs/AddressUS/ZIPCode,description,Sec527 Pol Orgs-Address US - ZIPCode,Sec527 Pol Orgs-Address Foreign - Postal code
/Return/ReturnData/IRS990ScheduleC/Sec527PolOrgs/AddressUS/ZIPCode,description,Sec527 Pol Orgs-Address US - ZIPCode,Sec527 Pol Orgs-Address Foreign - Postal code
/Return/ReturnData/IRS990ScheduleC/Section527PoliticalOrgGrp/USAddress/ZIPCd,description,Sec527 Pol Orgs-Address US - ZIPCode,Sec527 Pol Orgs-Address Foreign - Postal code
/Return/ReturnData/IRS990ScheduleC/Section527PoliticalOrgGrp/USAddress/ZIPCode,description,Sec527 Pol Orgs-Address US - ZIPCode,Sec527 Pol Orgs-Address Foreign - Postal code
/Return/ReturnData/IRS990ScheduleD/Form990ScheduleDPartII/NmbrHistStructEasementsAfter,description,Number of historic structure easements acquired after 8/17/2006,Number of historic structure easements acquired after 8-17-2006
/Return/ReturnData/IRS990ScheduleD/CollectionUsedOtherPurposesGrp/OtherPurposesDesc,description,Collection Used Other Purposes Grp - OtherPurposesDesc,Collection Used For Other - DescriptionOfOtherPurposes
/Return/ReturnData/IRS990ScheduleD/Form990ScheduleDPartIII/CollectionUsedForOtherPurposes/DescriptionOfOtherPurposes,description,Description of other purposes,Collection Used For Other - DescriptionOfOtherPurposes
/Return/ReturnData/IRS990ScheduleD/CollectionUsedOtherPurposesGrp/CollectionUsedOtherPurposesInd,description,Collection Used Other Purposes Grp - CollectionUsedOtherPurposesInd,Collection Used For Other - CollectionUsedForOtherPurposes
/Return/ReturnData/IRS990ScheduleD/CYEndwmtFundGrp/ContributionsAmt,description,CYEndwmt Fund Grp - Contributions,Current Year - Contributions
/Return/ReturnData/IRS990ScheduleD/CYMinus1YrEndwmtFundGrp/ContributionsAmt,description,CYMinus1 Yr Endwmt Fund Grp - Contributions,Current Year Minus1 Year - Contributions
/Return/ReturnData/IRS990ScheduleD/CYMinus2YrEndwmtFundGrp/ContributionsAmt,description,CYMinus2 Yr Endwmt Fund Grp - Contributions,Current Year Minus2 Years - Contributions
/Return/ReturnData/IRS990ScheduleD/CYMinus3YrEndwmtFundGrp/ContributionsAmt,description,CYMinus3 Yr Endwmt Fund Grp - Contributions,Current Year Minus3 Years - Contributions
/Return/ReturnData/IRS990ScheduleD/CYMinus4YrEndwmtFundGrp/ContributionsAmt,description,CYMinus4 Yr Endwmt Fund Grp - Contributions,Current Year Minus4 Years - Contributions
/Return/ReturnData/IRS990ScheduleD/LandGrp/BookValueAmt,description,Land Grp - Book value,Land - Book value
/Return/ReturnData/IRS990ScheduleD/BuildingsGrp/DepreciationAmt,description,Buildings Grp - Depreciation,Buildings - Depreciation
/Return/ReturnData/IRS990ScheduleD/BuildingsGrp/BookValueAmt,description,Buildings Grp - Book value,Buildings - Book value
/Return/ReturnData/IRS990ScheduleD/LeaseholdImprovementsGrp/DepreciationAmt,description,Leasehold Improvements Grp - Depreciation,Leasehold Improvements - Depreciation
/Return/ReturnData/IRS990ScheduleD/LeaseholdImprovementsGrp/BookValueAmt,description,Leasehold Improvements Grp - Book value,Leasehold Improvements - Book value
/Return/ReturnData/IRS990ScheduleD/EquipmentGrp/DepreciationAmt,description,Equipment Grp - Depreciation,Equipment - Depreciation
/Return/ReturnData/IRS990ScheduleD/EquipmentGrp/BookValueAmt,description,Equipment Grp - Book value,Equipment - Book value
/Return/ReturnData/IRS990ScheduleD/OtherLandBuildings/Depreciation,description,Other Land Buildings - Depreciation,Other - Depreciation
/Return/ReturnData/IRS990ScheduleD/OtherLandBuildingsGrp/DepreciationAmt,description,Other Land Buildings Grp - Depreciation,Other - Depreciation
/Return/ReturnData/IRS990ScheduleD/OtherLandBuildings/BookValue,description,Other Land Buildings - Book value,Other - Book value
/Return/ReturnData/IRS990ScheduleD/OtherLandBuildingsGrp/BookValueAmt,description,Other Land Buildings Grp - Book value,Other - Book value
/Return/ReturnData/IRS990ScheduleD/FinancialDerivativesGrp/BookValueAmt,description,Financial Derivatives Grp - Book value,Financial Derivatives - Book value
/Return/ReturnData/IRS990ScheduleD/CloselyHeldEquityInterestsGrp/BookValueAmt,description,Closely Held Equity Interests Grp - Book value,Closely Held Equity Interests - Book value
/Return/ReturnData/IRS990ScheduleD/OtherSecurities/Description,description,Other Securities - Description,Other - Description
/Return/ReturnData/IRS990ScheduleD/OtherSecuritiesGrp/Desc,description,Other Securities Grp - Description,Other - Description
/Return/ReturnData/IRS990ScheduleD/OtherSecurities/BookValue,description,Other Securities - Book value,Other - Book value
/Return/ReturnData/IRS990ScheduleD/OtherSecuritiesGrp/BookValueAmt,description,Other Securities Grp - Book value,Other - Book value
/Return/ReturnData/IRS990ScheduleD/InvstProgramRelatedOrgGrp/Desc,description,Invst Program Related Org Grp - Description,Investments Program Related - Description
/Return/ReturnData/IRS990ScheduleD/InvstProgramRelatedOrgGrp/BookValueAmt,description,Invst Program Related Org Grp - Book value,Investments Program Related - Book value
/Return/ReturnData/IRS990ScheduleD/OtherAssetsOrgGrp/Desc,description,Other Assets Org Grp - Description,Other Assets - Description
/Return/ReturnData/IRS990ScheduleD/OtherAssetsOrgGrp/BookValueAmt,description,Other Assets Org Grp - Book value,Other Assets - Book value
/Return/ReturnData/IRS990ScheduleD/OtherLiabilitiesOrgGrp/Desc,description,Other Liabilities Org Grp - Description,Other Liabilities - Description
/Return/ReturnData/IRS990ScheduleD/OtherLiabilitiesOrgGrp/Amt,description,Other Liabilities Org Grp - Amount,Other Liabilities - Amount
/Return/ReturnData/IRS990ScheduleD/Form990ScheduleDPartXI/TotalRevenue,description,Form990 Schedule DPart XI - Total revenue,Total revenue; gains and other support per audited financial statments
/Return/ReturnData/IRS990ScheduleD/RevenueSubtotalAmt,description,Part XI line 1 minus Part XI line 2e,Part XII line 1 minus Part XII line 2e
/Return/ReturnData/IRS990ScheduleD/RevenueNotReportedFinclStmtAmt,description,Total amounts; add lines 4a and 4b,Total amounts; add lines 4a through 4b
/Return/ReturnData/IRS990ScheduleD/ExpensesSubtotalAmt,description,Part XII line 1 minus Part XII line 2e,Part XIII line 1 minus Part XIII line 2e
/Return/ReturnData/IRS990ScheduleD/Form990ScheduleDPartXIV/Explanation,description,Form990 Schedule DPart XIV - Explanation,Form990 Schedule DPart XIII - Explanation
/Return/ReturnData/IRS990ScheduleD/SupplementalInformationDetail/ExplanationTxt,description,Form part and line number reference explanation,Form990 Schedule DPart XIII - Explanation
/Return/ReturnData/IRS990ScheduleD/Form990ScheduleDPartXIII/Identifier,description,Form990 Schedule DPart XIII - Identifier,Supplemental Information Detail - Identifier
/Return/ReturnData/IRS990ScheduleD/Form990ScheduleDPartXIV/Identifier,description,Form990 Schedule DPart XIV - Identifier,Supplemental Information Detail - Identifier
/Return/ReturnData/IRS990ScheduleE/SupplementalInformationDetail/ExplanationTxt,description,Form; part; and line number reference explanation,Form990 Schedule EPart II - Explanation
/Return/ReturnData/IRS990ScheduleE/SupplementalInformationDetail/IdentifierTxt,description,Supplemental Information Detail - Identifier,Form990 Schedule EPart II - Identifier
/Return/ReturnData/IRS990ScheduleF/ContNumberOfOffices,description,Total offices from continuation sheets on region activities outside the US (Part I),Total offices from continuation sheetson region activities outside the US (Part I)
/Return/ReturnData/IRS990ScheduleF/Form990ScheduleFPartI/TotalNumberOfEmployees,description,Total employees working on region activities outside the US,Total employees working on activities outside the US
/Return/ReturnData/IRS990ScheduleF/GrantsToOrgOutsideUSGrp/DescriptionOfNonCashAsstTxt,description,Description of noncash assistance to the grantee organization ouside the US,Description of non-cash assistance to the grantee organizations outside the US
/Return/ReturnData/IRS990ScheduleF/Form990ScheduleFPartV/Explanation,description,Form990 Schedule FPart V - Explanation,Form990 Schedule FPart IV - Explanation
/Return/ReturnData/IRS990ScheduleF/SupplementalInformationDetail/ExplanationTxt,description,Form; part and line number reference explanation,Form990 Schedule FPart IV - Explanation
/Return/ReturnData/IRS990ScheduleF/Form990ScheduleFPartV/Identifier,description,Form990 Schedule FPart V - Identifier,Form990 Schedule FPart IV - Identifier
/Return/ReturnData/IRS990ScheduleF/SupplementalInformationDetail/IdentifierTxt,description,Supplemental Information Detail - Identifier,Form990 Schedule FPart IV - Identifier
/Return/ReturnData/IRS990ScheduleF/NoRecipientOver5K,description,Checked if no one recipient organization outside the US received more than $5;000  (see SF-FORM-VERSION-2011-PART-02),Check this box if no one recipient received more than $5;000 (see SF-FORM-VERSION-2011-PART-02)
/Return/ReturnData/IRS990ScheduleG/AllStates,description,Literal for all states,List all states in which the organization is registered or licensed to solicit funds or has been notified it is exempt from registration or licensing
/Return/ReturnData/IRS990ScheduleG/AllStatesCd,description,Literal for all states,List all states in which the organization is registered or licensed to solicit funds or has been notified it is exempt from registration or licensing
/Return/ReturnData/IRS990ScheduleG/FundraiserActivityInfoGrp/USAddress/City,description,USAddress - City,Foreign Address - City
/Return/ReturnData/IRS990ScheduleG/FundraiserActivityInfoGrp/USAddress/CityNm,description,USAddress - CityNm,Foreign Address - City
/Return/ReturnData/IRS990ScheduleG/FundraiserActivityInformation/AddressForeign/City,description,Address Foreign - City,Foreign Address - City
/Return/ReturnData/IRS990ScheduleG/FundraiserActivityInformation/AddressUS/City,description,Address US - City,Foreign Address - City
/Return/ReturnData/IRS990ScheduleG/FundraiserActivityInformation/AddressForeign/Country,description,Address Foreign - Country,Foreign Address - Country
/Return/ReturnData/IRS990ScheduleG/FundraiserActivityInfoGrp/ForeignAddress/AddressLine1Txt,description,Foreign Address - AddressLine1Txt,Foreign Address - AddressLine1
/Return/ReturnData/IRS990ScheduleG/FundraiserActivityInfoGrp/USAddress/AddressLine1,description,USAddress - AddressLine1,Foreign Address - AddressLine1
/Return/ReturnData/IRS990ScheduleG/FundraiserActivityInfoGrp/USAddress/AddressLine1Txt,description,USAddress - AddressLine1Txt,Foreign Address - AddressLine1
/Return/ReturnData/IRS990ScheduleG/FundraiserActivityInformation/AddressForeign/AddressLine1,description,Address Foreign - AddressLine1,Foreign Address - AddressLine1
/Return/ReturnData/IRS990ScheduleG/FundraiserActivityInformation/AddressUS/AddressLine1,description,Address US - AddressLine1,Foreign Address - AddressLine1
/Return/ReturnData/IRS990ScheduleG/FundraiserActivityInfoGrp/ForeignAddress/AddressLine2Txt,description,Foreign Address - AddressLine2Txt,Foreign Address - AddressLine2
/Return/ReturnData/IRS990ScheduleG/FundraiserActivityInfoGrp/USAddress/AddressLine2,description,USAddress - AddressLine2,Foreign Address - AddressLine2
/Return/ReturnData/IRS990ScheduleG/FundraiserActivityInfoGrp/USAddress/AddressLine2Txt,description,USAddress - AddressLine2Txt,Foreign Address - AddressLine2
/Return/ReturnData/IRS990ScheduleG/FundraiserActivityInformation/AddressForeign/AddressLine2,description,Address Foreign - AddressLine2,Foreign Address - AddressLine2
/Return/ReturnData/IRS990ScheduleG/FundraiserActivityInformation/AddressUS/AddressLine2,description,Address US - AddressLine2,Foreign Address - AddressLine2
/Return/ReturnData/IRS990ScheduleG/FundraiserActivityInfoGrp/USAddress/State,description,USAddress - State,Province or state
/Return/ReturnData/IRS990ScheduleG/FundraiserActivityInfoGrp/USAddress/StateAbbreviationCd,description,USAddress - StateAbbreviationCd,Province or state
/Return/ReturnData/IRS990ScheduleG/FundraiserActivityInformation/AddressUS/State,description,Address US - State,Province or state
/Return/ReturnData/IRS990ScheduleG/FundraiserActivityInfoGrp/USAddress/ZIPCd,description,USAddress - ZIPCd,Foreign Address - Postal code
/Return/ReturnData/IRS990ScheduleG/FundraiserActivityInfoGrp/USAddress/ZIPCode,description,USAddress - ZIPCode,Foreign Address - Postal code
/Return/ReturnData/IRS990ScheduleG/FundraiserActivityInformation/AddressForeign/PostalCode,description,Address Foreign - Postal code,Foreign Address - Postal code
/Return/ReturnData/IRS990ScheduleG/FundraiserActivityInformation/AddressUS/ZIPCode,description,Address US - ZIPCode,Foreign Address - Postal code
/Return/ReturnData/IRS990ScheduleG/Form990ScheduleGPartI/FundraiserActivityInformation/NameOfIndividualOrOrganization/PersonName,description,Name of individual or organization,Name of individual
/Return/ReturnData/IRS990ScheduleG/FundraiserActivityInfoGrp/OrganizationBusinessName/BusinessNameLine1,description,Organization Business Name - BusinessNameLine1,Business Name - BusinessNameLine1
/Return/ReturnData/IRS990ScheduleG/FundraiserActivityInfoGrp/OrganizationBusinessName/BusinessNameLine1Txt,description,Organization Business Name - BusinessNameLine1Txt,Business Name - BusinessNameLine1
/Return/ReturnData/IRS990ScheduleG/FundraiserActivityInformation/NameOfOrganization/BusinessNameLine1,description,Name Of Organization - BusinessNameLine1,Business Name - BusinessNameLine1
/Return/ReturnData/IRS990ScheduleG/FundraiserActivityInfoGrp/OrganizationBusinessName/BusinessNameLine2,description,Organization Business Name - BusinessNameLine2,Business Name - BusinessNameLine2
/Return/ReturnData/IRS990ScheduleG/FundraiserActivityInfoGrp/OrganizationBusinessName/BusinessNameLine2Txt,description,Organization Business Name - BusinessNameLine2Txt,Business Name - BusinessNameLine2
/Return/ReturnData/IRS990ScheduleG/FundraiserActivityInformation/NameOfOrganization/BusinessNameLine2,description,Name Of Organization - BusinessNameLine2,Business Name - BusinessNameLine2
/Return/ReturnData/IRS990ScheduleG/FundraiserActivityInfoGrp/ActivityTxt,description,Fundraiser Activity Info Grp - Activity,Fundraiser Activity Information - Activity
/Return/ReturnData/IRS990ScheduleG/Form990ScheduleGPartII/EventsInformation/RentFacilityCostsTotalEvents,description,Rent/facility costs; total,Rent or facility costs; total
/Return/ReturnData/IRS990ScheduleG/FundraisingEventInformationGrp/GrossReceiptsTotalAmt,description,Gross receipts; total events,Gross receipts; total
/Return/ReturnData/IRS990ScheduleG/FundraisingEventInformationGrp/GrossReceiptsTotalAmt,rdb_table,SG-P02-T01-FUNDRAISING-EVENTS,SG-P02-T00-FUNDRAISING-EVENTS
/Return/ReturnData/IRS990ScheduleG/FundraisingEventInformationGrp/CharitableContributionsTotAmt,description,Charitable contributions; total events,Charitable contributions; total
/Return/ReturnData/IRS990ScheduleG/FundraisingEventInformationGrp/CharitableContributionsTotAmt,rdb_table,SG-P02-T01-FUNDRAISING-EVENTS,SG-P02-T00-FUNDRAISING-EVENTS
/Return/ReturnData/IRS990ScheduleG/FundraisingEventInformationGrp/GrossRevenueTotalEventsAmt,description,Gross revenue; total events,Gross revenue; total
/Return/ReturnData/IRS990ScheduleG/FundraisingEventInformationGrp/GrossRevenueTotalEventsAmt,rdb_table,SG-P02-T01-FUNDRAISING-EVENTS,SG-P02-T00-FUNDRAISING-EVENTS
/Return/ReturnData/IRS990ScheduleG/FundraisingEventInformationGrp/NonCashPrizesTotalEventsAmt,description,Non-cash prizes; total events,Non-cash prizes; total
/Return/ReturnData/IRS990ScheduleG/FundraisingEventInformationGrp/NonCashPrizesTotalEventsAmt,rdb_table,SG-P02-T01-FUNDRAISING-EVENTS,SG-P02-T00-FUNDRAISING-EVENTS
/Return/ReturnData/IRS990ScheduleG/Form990ScheduleGPartII/EventsInformation/RentFacilityCostsEvent1,description,Rent/facility costs; event no.1,Rent or facility costs; event no.1
/Return/ReturnData/IRS990ScheduleG/Form990ScheduleGPartII/EventsInformation/RentFacilityCostsEvent2,description,Rent/facility costs; event no.2,Rent or facility costs; event no.2
/Return/ReturnData/IRS990ScheduleG/Form990ScheduleGPartII/EventsInformation/RentFacilityCostsOtherEvents,description,Rent/facility costs; other events,Rent or facility costs; other events
/Return/ReturnData/IRS990ScheduleG/FundraisingEventInformationGrp/RentFcltyCostsTotalEventsAmt,description,Rent or facility costs; total events,Rent or facility costs; total
/Return/ReturnData/IRS990ScheduleG/FundraisingEventInformationGrp/RentFcltyCostsTotalEventsAmt,rdb_table,SG-P02-T01-FUNDRAISING-EVENTS,SG-P02-T00-FUNDRAISING-EVENTS
/Return/ReturnData/IRS990ScheduleG/FundraisingEventInformationGrp/FoodAndBeverageTotalEventsAmt,description,Food and beverage expenses; total events,Food and beverage costs; total
/Return/ReturnData/IRS990ScheduleG/FundraisingEventInformationGrp/FoodAndBeverageTotalEventsAmt,rdb_table,SG-P02-T01-FUNDRAISING-EVENTS,SG-P02-T00-FUNDRAISING-EVENTS
/Return/ReturnData/IRS990ScheduleG/FundraisingEventInformationGrp/EntertainmentTotalEventsAmt,description,Entertainment expenses; total events,Entertainment costs; total
/Return/ReturnData/IRS990ScheduleG/FundraisingEventInformationGrp/EntertainmentTotalEventsAmt,rdb_table,SG-P02-T01-FUNDRAISING-EVENTS,SG-P02-T00-FUNDRAISING-EVENTS
/Return/ReturnData/IRS990ScheduleG/FundraisingEventInformationGrp/OthDirectExpnssTotalEventsAmt,description,Other direct expenses; total events,Other direct expenses; total
/Return/ReturnData/IRS990ScheduleG/FundraisingEventInformationGrp/OthDirectExpnssTotalEventsAmt,rdb_table,SG-P02-T01-FUNDRAISING-EVENTS,SG-P02-T00-FUNDRAISING-EVENTS
/Return/ReturnData/IRS990ScheduleG/FundraisingEventInformationGrp/DirectExpenseSummaryEventsAmt,rdb_table,SG-P02-T01-FUNDRAISING-EVENTS,SG-P02-T00-FUNDRAISING-EVENTS
/Return/ReturnData/IRS990ScheduleG/FundraisingEventInformationGrp/NetIncomeSummaryAmt,rdb_table,SG-P02-T01-FUNDRAISING-EVENTS,SG-P02-T00-FUNDRAISING-EVENTS
/Return/ReturnData/IRS990ScheduleG/Form990ScheduleGPartIII/GamingInformation/RentFacilityCostsBingo,description,Rent/facility costs; bingo,Rent or facility costs; bingo
/Return/ReturnData/IRS990ScheduleG/Form990ScheduleGPartIII/GamingInformation/RentFacilityCostsPullTabs,description,Rent/facility costs; pull tabs,Rent or facility costs; pull tabs
/Return/ReturnData/IRS990ScheduleG/Form990ScheduleGPartIII/GamingInformation/RentFacilityCostsOtherGaming,description,Rent/facility costs; other gaming,Rent or facility costs; other gaming
/Return/ReturnData/IRS990ScheduleG/Form990ScheduleGPartIII/GamingInformation/RentFacilityCostsTotalGaming,description,Rent/facility costs; total,Rent or facility costs; total
/Return/ReturnData/IRS990ScheduleG/AddressOfGamingRecKeeperFrgn/City,description,Address Of Gaming Rec Keeper Frgn - City,Persons With Books Foreign Address - City
/Return/ReturnData/IRS990ScheduleG/AddressOfGamingRecKeeperUS/City,description,Address Of Gaming Rec Keeper US - City,Persons With Books Foreign Address - City
/Return/ReturnData/IRS990ScheduleG/Form990ScheduleGPartIII/AddressOfGamingRecordsKeeper/AddressForeign/City,description,Address Foreign - City,Persons With Books Foreign Address - City
/Return/ReturnData/IRS990ScheduleG/Form990ScheduleGPartIII/AddressOfGamingRecordsKeeper/AddressUS/City,description,Address US - City,Persons With Books Foreign Address - City
/Return/ReturnData/IRS990ScheduleG/PersonsWithBooksUSAddress/City,description,Persons With Books USAddress - City,Persons With Books Foreign Address - City
/Return/ReturnData/IRS990ScheduleG/PersonsWithBooksUSAddress/CityNm,description,Persons With Books USAddress - CityNm,Persons With Books Foreign Address - City
/Return/ReturnData/IRS990ScheduleG/AddressOfGamingRecKeeperFrgn/Country,description,Address Of Gaming Rec Keeper Frgn - Country,Persons With Books Foreign Address - Country
/Return/ReturnData/IRS990ScheduleG/Form990ScheduleGPartIII/AddressOfGamingRecordsKeeper/AddressForeign/Country,description,Address Foreign - Country,Persons With Books Foreign Address - Country
/Return/ReturnData/IRS990ScheduleG/AddressOfGamingRecKeeperUS/AddressLine1,description,Address Of Gaming Rec Keeper US - AddressLine1,Address Of Gaming Rec Keeper Frgn - AddressLine1
/Return/ReturnData/IRS990ScheduleG/Form990ScheduleGPartIII/AddressOfGamingRecordsKeeper/AddressForeign/AddressLine1,description,Address Foreign - AddressLine1,Address Of Gaming Rec Keeper Frgn - AddressLine1
/Return/ReturnData/IRS990ScheduleG/Form990ScheduleGPartIII/AddressOfGamingRecordsKeeper/AddressUS/AddressLine1,description,Address US - AddressLine1,Address Of Gaming Rec Keeper Frgn - AddressLine1
/Return/ReturnData/IRS990ScheduleG/PersonsWithBooksForeignAddress/AddressLine1,description,Persons With Books Foreign Address - AddressLine1,Address Of Gaming Rec Keeper Frgn - AddressLine1
/Return/ReturnData/IRS990ScheduleG/PersonsWithBooksForeignAddress/AddressLine1Txt,description,Persons With Books Foreign Address - AddressLine1Txt,Address Of Gaming Rec Keeper Frgn - AddressLine1
/Return/ReturnData/IRS990ScheduleG/PersonsWithBooksUSAddress/AddressLine1,description,Persons With Books USAddress - AddressLine1,Address Of Gaming Rec Keeper Frgn - AddressLine1
/Return/ReturnData/IRS990ScheduleG/PersonsWithBooksUSAddress/AddressLine1Txt,description,Persons With Books USAddress - AddressLine1Txt,Address Of Gaming Rec Keeper Frgn - AddressLine1
/Return/ReturnData/IRS990ScheduleG/AddressOfGamingRecKeeperUS/AddressLine2,description,Address Of Gaming Rec Keeper US - AddressLine2,Address Of Gaming Rec Keeper Frgn - AddressLine2
/Return/ReturnData/IRS990ScheduleG/Form990ScheduleGPartIII/AddressOfGamingRecordsKeeper/AddressForeign/AddressLine2,description,Address Foreign - AddressLine2,Address Of Gaming Rec Keeper Frgn - AddressLine2
/Return/ReturnData/IRS990ScheduleG/Form990ScheduleGPartIII/AddressOfGamingRecordsKeeper/AddressUS/AddressLine2,description,Address US - AddressLine2,Address Of Gaming Rec Keeper Frgn - AddressLine2
/Return/ReturnData/IRS990ScheduleG/PersonsWithBooksForeignAddress/AddressLine2,description,Persons With Books Foreign Address - AddressLine2,Address Of Gaming Rec Keeper Frgn - AddressLine2
/Return/ReturnData/IRS990ScheduleG/PersonsWithBooksForeignAddress/AddressLine2Txt,description,Persons With Books Foreign Address - AddressLine2Txt,Address Of Gaming Rec Keeper Frgn - AddressLine2
/Return/ReturnData/IRS990ScheduleG/PersonsWithBooksUSAddress/AddressLine2,description,Persons With Books USAddress - AddressLine2,Address Of Gaming Rec Keeper Frgn - AddressLine2
/Return/ReturnData/IRS990ScheduleG/PersonsWithBooksUSAddress/AddressLine2Txt,description,Persons With Books USAddress - AddressLine2Txt,Address Of Gaming Rec Keeper Frgn - AddressLine2
/Return/ReturnData/IRS990ScheduleG/AddressOfGamingRecKeeperUS/State,description,Address Of Gaming Rec Keeper US - State,Province or state
/Return/ReturnData/IRS990ScheduleG/Form990ScheduleGPartIII/AddressOfGamingRecordsKeeper/AddressUS/State,description,Address US - State,Province or state
/Return/ReturnData/IRS990ScheduleG/PersonsWithBooksUSAddress/State,description,Persons With Books USAddress - State,Province or state
/Return/ReturnData/IRS990ScheduleG/PersonsWithBooksUSAddress/StateAbbreviationCd,description,Persons With Books USAddress - StateAbbreviationCd,Province or state
/Return/ReturnData/IRS990ScheduleG/AddressOfGamingRecKeeperFrgn/PostalCode,description,Address Of Gaming Rec Keeper Frgn - Postal code,Persons With Books Foreign Address - Postal code
/Return/ReturnData/IRS990ScheduleG/AddressOfGamingRecKeeperUS/ZIPCode,description,Address Of Gaming Rec Keeper US - ZIPCode,Persons With Books Foreign Address - Postal code
/Return/ReturnData/IRS990ScheduleG/Form990ScheduleGPartIII/AddressOfGamingRecordsKeeper/AddressForeign/PostalCode,description,Address Foreign - Postal code,Persons With Books Foreign Address - Postal code
/Return/ReturnData/IRS990ScheduleG/Form990ScheduleGPartIII/AddressOfGamingRecordsKeeper/AddressUS/ZIPCode,description,Address US - ZIPCode,Persons With Books Foreign Address - Postal code
/Return/ReturnData/IRS990ScheduleG/PersonsWithBooksUSAddress/ZIPCd,description,Persons With Books USAddress - ZIPCd,Persons With Books Foreign Address - Postal code
/Return/ReturnData/IRS990ScheduleG/PersonsWithBooksUSAddress/ZIPCode,description,Persons With Books USAddress - ZIPCode,Persons With Books Foreign Address - Postal code
/Return/ReturnData/IRS990ScheduleG/PersonsWithBooksName/BusinessNameLine1,description,Persons With Books Name - BusinessNameLine1,Name Of Gaming Rec Keeper Bus - BusinessNameLine1
/Return/ReturnData/IRS990ScheduleG/PersonsWithBooksName/BusinessNameLine1Txt,description,Persons With Books Name - BusinessNameLine1Txt,Name Of Gaming Rec Keeper Bus - BusinessNameLine1
/Return/ReturnData/IRS990ScheduleG/PersonsWithBooksName/BusinessNameLine2,description,Persons With Books Name - BusinessNameLine2,Name Of Gaming Rec Keeper Bus - BusinessNameLine2
/Return/ReturnData/IRS990ScheduleG/PersonsWithBooksName/BusinessNameLine2Txt,description,Persons With Books Name - BusinessNameLine2Txt,Name Of Gaming Rec Keeper Bus - BusinessNameLine2
/Return/ReturnData/IRS990ScheduleG/AddressOfThirdPartyForeign/City,description,Address Of Third Party Foreign - City,Third Party Foreign Address - City
/Return/ReturnData/IRS990ScheduleG/AddressOfThirdPartyUS/City,description,Address Of Third Party US - City,Third Party Foreign Address - City
/Return/ReturnData/IRS990ScheduleG/Form990ScheduleGPartIII/AddressOfThirdParty/AddressForeign/City,description,Address Foreign - City,Third Party Foreign Address - City
/Return/ReturnData/IRS990ScheduleG/Form990ScheduleGPartIII/AddressOfThirdParty/AddressUS/City,description,Address US - City,Third Party Foreign Address - City
/Return/ReturnData/IRS990ScheduleG/ThirdPartyUSAddress/City,description,Third Party USAddress - City,Third Party Foreign Address - City
/Return/ReturnData/IRS990ScheduleG/ThirdPartyUSAddress/CityNm,description,Third Party USAddress - CityNm,Third Party Foreign Address - City
/Return/ReturnData/IRS990ScheduleG/AddressOfThirdPartyForeign/Country,description,Address Of Third Party Foreign - Country,Third Party Foreign Address - Country
/Return/ReturnData/IRS990ScheduleG/Form990ScheduleGPartIII/AddressOfThirdParty/AddressForeign/Country,description,Address Foreign - Country,Third Party Foreign Address - Country
/Return/ReturnData/IRS990ScheduleG/AddressOfThirdPartyUS/AddressLine1,description,Address Of Third Party US - AddressLine1,Address Of Third Party Foreign - AddressLine1
/Return/ReturnData/IRS990ScheduleG/Form990ScheduleGPartIII/AddressOfThirdParty/AddressForeign/AddressLine1,description,Address Foreign - AddressLine1,Address Of Third Party Foreign - AddressLine1
/Return/ReturnData/IRS990ScheduleG/Form990ScheduleGPartIII/AddressOfThirdParty/AddressUS/AddressLine1,description,Address US - AddressLine1,Address Of Third Party Foreign - AddressLine1
/Return/ReturnData/IRS990ScheduleG/ThirdPartyForeignAddress/AddressLine1,description,Third Party Foreign Address - AddressLine1,Address Of Third Party Foreign - AddressLine1
/Return/ReturnData/IRS990ScheduleG/ThirdPartyForeignAddress/AddressLine1Txt,description,Third Party Foreign Address - AddressLine1Txt,Address Of Third Party Foreign - AddressLine1
/Return/ReturnData/IRS990ScheduleG/ThirdPartyUSAddress/AddressLine1,description,Third Party USAddress - AddressLine1,Address Of Third Party Foreign - AddressLine1
/Return/ReturnData/IRS990ScheduleG/ThirdPartyUSAddress/AddressLine1Txt,description,Third Party USAddress - AddressLine1Txt,Address Of Third Party Foreign - AddressLine1
/Return/ReturnData/IRS990ScheduleG/AddressOfThirdPartyUS/AddressLine2,description,Address Of Third Party US - AddressLine2,Address Of Third Party Foreign - AddressLine2
/Return/ReturnData/IRS990ScheduleG/Form990ScheduleGPartIII/AddressOfThirdParty/AddressForeign/AddressLine2,description,Address Foreign - AddressLine2,Address Of Third Party Foreign - AddressLine2
/Return/ReturnData/IRS990ScheduleG/Form990ScheduleGPartIII/AddressOfThirdParty/AddressUS/AddressLine2,description,Address US - AddressLine2,Address Of Third Party Foreign - AddressLine2
/Return/ReturnData/IRS990ScheduleG/ThirdPartyForeignAddress/AddressLine2,description,Third Party Foreign Address - AddressLine2,Address Of Third Party Foreign - AddressLine2
/Return/ReturnData/IRS990ScheduleG/ThirdPartyForeignAddress/AddressLine2Txt,description,Third Party Foreign Address - AddressLine2Txt,Address Of Third Party Foreign - AddressLine2
/Return/ReturnData/IRS990ScheduleG/ThirdPartyUSAddress/AddressLine2,description,Third Party USAddress - AddressLine2,Address Of Third Party Foreign - AddressLine2
/Return/ReturnData/IRS990ScheduleG/ThirdPartyUSAddress/AddressLine2Txt,description,Third Party USAddress - AddressLine2Txt,Address Of Third Party Foreign - AddressLine2
/Return/ReturnData/IRS990ScheduleG/AddressOfThirdPartyUS/State,description,Address Of Third Party US - State,Province or state
/Return/ReturnData/IRS990ScheduleG/Form990ScheduleGPartIII/AddressOfThirdParty/AddressUS/State,description,Address US - State,Province or state
/Return/ReturnData/IRS990ScheduleG/ThirdPartyUSAddress/State,description,Third Party USAddress - State,Province or state
/Return/ReturnData/IRS990ScheduleG/ThirdPartyUSAddress/StateAbbreviationCd,description,Third Party USAddress - StateAbbreviationCd,Province or state
/Return/ReturnData/IRS990ScheduleG/AddressOfThirdPartyForeign/PostalCode,description,Address Of Third Party Foreign - Postal code,Third Party Foreign Address - Postal code
/Return/ReturnData/IRS990ScheduleG/AddressOfThirdPartyUS/ZIPCode,description,Address Of Third Party US - ZIPCode,Third Party Foreign Address - Postal code
/Return/ReturnData/IRS990ScheduleG/Form990ScheduleGPartIII/AddressOfThirdParty/AddressForeign/PostalCode,description,Address Foreign - Postal code,Third Party Foreign Address - Postal code
/Return/ReturnData/IRS990ScheduleG/Form990ScheduleGPartIII/AddressOfThirdParty/AddressUS/ZIPCode,description,Address US - ZIPCode,Third Party Foreign Address - Postal code
/Return/ReturnData/IRS990ScheduleG/ThirdPartyUSAddress/ZIPCd,description,Third Party USAddress - ZIPCd,Third Party Foreign Address - Postal code
/Return/ReturnData/IRS990ScheduleG/ThirdPartyUSAddress/ZIPCode,description,Third Party USAddress - ZIPCode,Third Party Foreign Address - Postal code
/Return/ReturnData/IRS990ScheduleG/NameOfThirdPartyBusiness/BusinessNameLine1,description,Name Of Third Party Business - BusinessNameLine1,Business Name - BusinessNameLine1
/Return/ReturnData/IRS990ScheduleG/ThirdPartyBusinessName/BusinessNameLine1,description,Third Party Business Name - BusinessNameLine1,Business Name - BusinessNameLine1
/Return/ReturnData/IRS990ScheduleG/ThirdPartyBusinessName/BusinessNameLine1Txt,description,Third Party Business Name - BusinessNameLine1Txt,Business Name - BusinessNameLine1
/Return/ReturnData/IRS990ScheduleG/NameOfThirdPartyBusiness/BusinessNameLine2,description,Name Of Third Party Business - BusinessNameLine2,Business Name - BusinessNameLine2
/Return/ReturnData/IRS990ScheduleG/ThirdPartyBusinessName/BusinessNameLine2,description,Third Party Business Name - BusinessNameLine2,Business Name - BusinessNameLine2
/Return/ReturnData/IRS990ScheduleG/ThirdPartyBusinessName/BusinessNameLine2Txt,description,Third Party Business Name - BusinessNameLine2Txt,Business Name - BusinessNameLine2
/Return/ReturnData/IRS990ScheduleG/Form990ScheduleGPartIII/NameOfThirdParty/PersonName,description,Person name of gaming records keeper,Person name of third party
/Return/ReturnData/IRS990ScheduleG/Form990ScheduleGPartIII/GamingManagerIsDirectorOfficer,description,Gaming manager is a director/officer,Gaming manager is a director or officer
/Return/ReturnData/IRS990ScheduleG/GamingManagerBusinessName/BusinessNameLine1,description,Gaming Manager Business Name - BusinessNameLine1,Business Name - BusinessNameLine1
/Return/ReturnData/IRS990ScheduleG/GamingManagerBusinessName/BusinessNameLine1Txt,description,Gaming Manager Business Name - BusinessNameLine1Txt,Business Name - BusinessNameLine1
/Return/ReturnData/IRS990ScheduleG/GamingManagerNameBusiness/BusinessNameLine1,description,Gaming Manager Name Business - BusinessNameLine1,Business Name - BusinessNameLine1
/Return/ReturnData/IRS990ScheduleG/GamingManagerBusinessName/BusinessNameLine2,description,Gaming Manager Business Name - BusinessNameLine2,Business Name - BusinessNameLine2
/Return/ReturnData/IRS990ScheduleG/GamingManagerBusinessName/BusinessNameLine2Txt,description,Gaming Manager Business Name - BusinessNameLine2Txt,Business Name - BusinessNameLine2
/Return/ReturnData/IRS990ScheduleG/GamingManagerNameBusiness/BusinessNameLine2,description,Gaming Manager Name Business - BusinessNameLine2,Business Name - BusinessNameLine2
/Return/ReturnData/IRS990ScheduleG/SupplementalInformationDetail/ExplanationTxt,description,Form; part and line number reference explanation,Form990 Schedule GPart IV - Explanation
/Return/ReturnData/IRS990ScheduleG/SupplementalInformationDetail/IdentifierTxt,description,Supplemental Information Detail - Identifier,Form990 Schedule GPart IV - Identifier
/Return/ReturnData/IRS990ScheduleH/FinancialAssistancePolicyInd,description,Financial assistance policy?,Charity care policy?
/Return/ReturnData/IRS990ScheduleH/Form990ScheduleHPartI/FreeCarePcent/Pcent100,description,Free Care Pcent - 100%,IRS990 Schedule H - 100%
/Return/ReturnData/IRS990ScheduleH/Form990ScheduleHPartI/FreeCarePcent/Pcent150,description,Free Care Pcent - 150%,IRS990 Schedule H - 150%
/Return/ReturnData/IRS990ScheduleH/Form990ScheduleHPartI/FreeCarePcent/Pcent200,description,Free Care Pcent - 200%,IRS990 Schedule H - 200%
/Return/ReturnData/IRS990ScheduleH/FreeCareOthPercentageGrp/OtherInd,description,Free Care Oth Percentage Grp - Other,Free Care Pcent - Other
/Return/ReturnData/IRS990ScheduleH/OtherPercentage/Other,description,Other Percentage - Other,Free Care Pcent - Other
/Return/ReturnData/IRS990ScheduleH/Form990ScheduleHPartI/DiscountedCare/Pcent200,description,Discounted Care - 200%,IRS990 Schedule H - 200%
/Return/ReturnData/IRS990ScheduleH/Form990ScheduleHPartI/DiscountedCare/Pcent250,description,Discounted Care - 250%,IRS990 Schedule H - 250%
/Return/ReturnData/IRS990ScheduleH/Form990ScheduleHPartI/DiscountedCare/Pcent300,description,Discounted Care - 300%,IRS990 Schedule H - 300%
/Return/ReturnData/IRS990ScheduleH/Form990ScheduleHPartI/DiscountedCare/Pcent350,description,Discounted Care - 350%,IRS990 Schedule H - 350%
/Return/ReturnData/IRS990ScheduleH/Form990ScheduleHPartI/DiscountedCare/Pcent400,description,Discounted Care - 400%,IRS990 Schedule H - 400%
/Return/ReturnData/IRS990ScheduleH/DiscountedOther/Other,description,Discounted Other - Other,Discounted Care Oth Percentage Grp - Other
/Return/ReturnData/IRS990ScheduleH/Form990ScheduleHPartI/DiscountedCare/Other,description,Discounted Care - Other,Discounted Care Oth Percentage Grp - Other
/Return/ReturnData/IRS990ScheduleH/FinancialAssistanceBudgetInd,description,Amounts budgeted for financial assistance?,Amounts budgeted for charity care?
/Return/ReturnData/IRS990ScheduleH/CostingMethodologyUsedGrp/OtherInd,description,Costing Methodology Used Grp - Other,Costing Methodology Used - Other
/Return/ReturnData/IRS990ScheduleH/Form990ScheduleHPartIII/PartIIILine8Choice/Other,description,Part IIILine8 Choice - Other,Costing Methodology Used - Other
/Return/ReturnData/IRS990ScheduleH/FinancialAssistancePrvsnInd,description,Provision for financial assistance?,Provision for charity care?
/Return/ReturnData/IRS990ScheduleH/ManagementCoAndJntVenturesGrp/EntityName/BusinessNameLine1,description,Entity Name - BusinessNameLine1,Name Of Entity - BusinessNameLine1
/Return/ReturnData/IRS990ScheduleH/ManagementCoAndJntVenturesGrp/EntityName/BusinessNameLine1Txt,description,Entity Name - BusinessNameLine1Txt,Name Of Entity - BusinessNameLine1
/Return/ReturnData/IRS990ScheduleH/ManagementCoAndJntVenturesGrp/EntityName/BusinessNameLine2,description,Entity Name - BusinessNameLine2,Name Of Entity - BusinessNameLine2
/Return/ReturnData/IRS990ScheduleH/ManagementCoAndJntVenturesGrp/EntityName/BusinessNameLine2Txt,description,Entity Name - BusinessNameLine2Txt,Name Of Entity - BusinessNameLine2
/Return/ReturnData/IRS990ScheduleH/HospitalFacilitiesCnt,description,How many hospital facilities did the organization operate during the tax year?,Hospital facility number
/Return/ReturnData/IRS990ScheduleH/NumberOfHospitalFacilities,description,How many hospital facilities did the organization operate during the tax year?,Hospital facility number
/Return/ReturnData/IRS990ScheduleH/HospitalFcltyPoliciesPrctcGrp/HospitalFacilityName/BusinessNameLine1Txt,description,Hospital Facility Name - BusinessNameLine1Txt,Hospital Facility Name - BusinessNameLine1
/Return/ReturnData/IRS990ScheduleH/HospitalFcltyPoliciesPrctcGrp/HospitalFacilityName/BusinessNameLine2Txt,description,Hospital Facility Name - BusinessNameLine2Txt,Hospital Facility Name - BusinessNameLine2
/Return/ReturnData/IRS990ScheduleH/HospitalFcltyPoliciesPrctcGrp/OrganizationIncurExciseTaxInd,description,Incur an excise tax under section 4959 for the hospital facility's failure to conduct a CHNA as required by section 501(r)(3)?,Form990 Schedule HPart VSection B - OrganizationIncurExciseTax
/Return/ReturnData/IRS990ScheduleH/HospitalFcltyPoliciesPrctcGrp/Form4720FiledInd,description,File Form 4720 to report the section 4959 excise tax?,Form990 Schedule HPart VSection B - FileForm4720ReportExciseTax
/Return/ReturnData/IRS990ScheduleH/HospitalFcltyPoliciesPrctcGrp/Form4720FiledInd,label,Filed Form 4720 [x],Incurred an excise tax under section 4959 for the hospital facility's failure to conduct a CHNA [x]
/Return/ReturnData/IRS990ScheduleH/HospitalFcltyPoliciesPrctcGrp/ExciseReportForm4720ForAllAmt,description,Total amount of section 4959 excise tax reported on Form 4720 for all of its hospital facilities?,Form990 Schedule HPart VSection B - ExciseReportForm4720ForAllAmt
/Return/ReturnData/IRS990ScheduleH/HospitalFcltyPoliciesPrctcGrp/OtherReasonInd,description,Hospital Fclty Policies Prctc Grp - Other reason,Form990 Schedule HPart VSection B - Other reason
/Return/ReturnData/IRS990ScheduleH/Form990ScheduleHPartV/Address/AddressForeign/City,description,Address Foreign - City,Address - City
/Return/ReturnData/IRS990ScheduleH/Form990ScheduleHPartV/Address/AddressUS/City,description,Address US - City,Address - City
/Return/ReturnData/IRS990ScheduleH/HospitalFacilitiesGrp/USAddress/City,description,USAddress - City,Address - City
/Return/ReturnData/IRS990ScheduleH/HospitalFacilitiesGrp/USAddress/CityNm,description,USAddress - CityNm,Address - City
/Return/ReturnData/IRS990ScheduleH/Form990ScheduleHPartV/Address/AddressForeign/AddressLine1,description,Address Foreign - AddressLine1,Address - AddressLine1
/Return/ReturnData/IRS990ScheduleH/Form990ScheduleHPartV/Address/AddressUS/AddressLine1,description,Address US - AddressLine1,Address - AddressLine1
/Return/ReturnData/IRS990ScheduleH/HospitalFacilitiesGrp/USAddress/AddressLine1,description,USAddress - AddressLine1,Address - AddressLine1
/Return/ReturnData/IRS990ScheduleH/HospitalFacilitiesGrp/USAddress/AddressLine1Txt,description,USAddress - AddressLine1Txt,Address - AddressLine1
/Return/ReturnData/IRS990ScheduleH/Form990ScheduleHPartV/Address/AddressForeign/AddressLine2,description,Address Foreign - AddressLine2,Address - AddressLine2
/Return/ReturnData/IRS990ScheduleH/Form990ScheduleHPartV/Address/AddressUS/AddressLine2,description,Address US - AddressLine2,Address - AddressLine2
/Return/ReturnData/IRS990ScheduleH/HospitalFacilitiesGrp/USAddress/AddressLine2,description,USAddress - AddressLine2,Address - AddressLine2
/Return/ReturnData/IRS990ScheduleH/HospitalFacilitiesGrp/USAddress/AddressLine2Txt,description,USAddress - AddressLine2Txt,Address - AddressLine2
/Return/ReturnData/IRS990ScheduleH/Form990ScheduleHPartV/Address/AddressForeign/ProvinceOrState,description,Province or state,Address - State
/Return/ReturnData/IRS990ScheduleH/Form990ScheduleHPartV/Address/AddressUS/State,description,Address US - State,Address - State
/Return/ReturnData/IRS990ScheduleH/HospitalFacilitiesGrp/USAddress/State,description,USAddress - State,Address - State
/Return/ReturnData/IRS990ScheduleH/HospitalFacilitiesGrp/USAddress/StateAbbreviationCd,description,USAddress - StateAbbreviationCd,Address - State
/Return/ReturnData/IRS990ScheduleH/Form990ScheduleHPartV/Address/AddressForeign/PostalCode,description,Address Foreign - Postal code,Address - ZIPCode
/Return/ReturnData/IRS990ScheduleH/Form990ScheduleHPartV/Address/AddressUS/ZIPCode,description,Address US - ZIPCode,Address - ZIPCode
/Return/ReturnData/IRS990ScheduleH/HospitalFacilitiesGrp/USAddress/ZIPCd,description,USAddress - ZIPCd,Address - ZIPCode
/Return/ReturnData/IRS990ScheduleH/HospitalFacilitiesGrp/USAddress/ZIPCode,description,USAddress - ZIPCode,Address - ZIPCode
/Return/ReturnData/IRS990ScheduleH/HospitalFacilitiesGrp/BusinessName/BusinessNameLine1,description,Business Name - BusinessNameLine1,Name - BusinessNameLine1
/Return/ReturnData/IRS990ScheduleH/HospitalFacilitiesGrp/BusinessName/BusinessNameLine1Txt,description,Business Name - BusinessNameLine1Txt,Name - BusinessNameLine1
/Return/ReturnData/IRS990ScheduleH/HospitalFacilitiesGrp/BusinessName/BusinessNameLine2,description,Business Name - BusinessNameLine2,Name - BusinessNameLine2
/Return/ReturnData/IRS990ScheduleH/HospitalFacilitiesGrp/BusinessName/BusinessNameLine2Txt,description,Business Name - BusinessNameLine2Txt,Name - BusinessNameLine2
/Return/ReturnData/IRS990ScheduleH/HospitalFacilitiesGrp/WebsiteAddressTxt,description,Primary website address of the hospital facility,Form990 Schedule HPart VSection A - WebsiteAddress
/Return/ReturnData/IRS990ScheduleH/Form990ScheduleHPartVSectionA/Er24Hours,description,Form990 Schedule HPart VSection A - ER - 24 hours,Form990 Schedule HPart V - ER - 24 hours
/Return/ReturnData/IRS990ScheduleH/HospitalFacilitiesGrp/EmergencyRoom24HrsInd,description,Hospital Facilities Grp - ER - 24 hours,Form990 Schedule HPart V - ER - 24 hours
/Return/ReturnData/IRS990ScheduleH/Form990ScheduleHPartVSectionA/ErOther,description,Form990 Schedule HPart VSection A - ER - other,Form990 Schedule HPart V - ER - other
/Return/ReturnData/IRS990ScheduleH/HospitalFacilitiesGrp/EmergencyRoomOtherInd,description,Hospital Facilities Grp - ER - other,Form990 Schedule HPart V - ER - other
/Return/ReturnData/IRS990ScheduleH/Form990ScheduleHPartVSectionA/Other,description,Form990 Schedule HPart VSection A - Other,Form990 Schedule HPart V - Other
/Return/ReturnData/IRS990ScheduleH/HospitalFacilitiesGrp/OtherDesc,description,Hospital Facilities Grp - Other,Form990 Schedule HPart V - Other
/Return/ReturnData/IRS990ScheduleH/HospitalFacilitiesGrp/FacilityReportingGroupCd,description,Facility reporting group,Form990 Schedule HPart VSection A - FacilityReportingGroup
/Return/ReturnData/IRS990ScheduleH/OthHlthCareFcltsNotHospitalGrp/OthHlthCareFcltsGrp/USAddress/City,description,USAddress - City,Address - City
/Return/ReturnData/IRS990ScheduleH/OthHlthCareFcltsNotHospitalGrp/OthHlthCareFcltsGrp/USAddress/CityNm,description,USAddress - CityNm,Address - City
/Return/ReturnData/IRS990ScheduleH/OthHlthCareFcltsNotHospitalGrp/OthHlthCareFcltsGrp/USAddress/AddressLine1,description,USAddress - AddressLine1,Address - AddressLine1
/Return/ReturnData/IRS990ScheduleH/OthHlthCareFcltsNotHospitalGrp/OthHlthCareFcltsGrp/USAddress/AddressLine1Txt,description,USAddress - AddressLine1Txt,Address - AddressLine1
/Return/ReturnData/IRS990ScheduleH/OthHlthCareFcltsNotHospitalGrp/OthHlthCareFcltsGrp/USAddress/AddressLine2,description,USAddress - AddressLine2,Address - AddressLine2
/Return/ReturnData/IRS990ScheduleH/OthHlthCareFcltsNotHospitalGrp/OthHlthCareFcltsGrp/USAddress/AddressLine2Txt,description,USAddress - AddressLine2Txt,Address - AddressLine2
/Return/ReturnData/IRS990ScheduleH/OthHlthCareFcltsNotHospitalGrp/OthHlthCareFcltsGrp/USAddress/State,description,USAddress - State,Address - State
/Return/ReturnData/IRS990ScheduleH/OthHlthCareFcltsNotHospitalGrp/OthHlthCareFcltsGrp/USAddress/StateAbbreviationCd,description,USAddress - StateAbbreviationCd,Address - State
/Return/ReturnData/IRS990ScheduleH/OthHlthCareFcltsNotHospitalGrp/OthHlthCareFcltsGrp/USAddress/ZIPCd,description,USAddress - ZIPCd,Address - ZIPCode
/Return/ReturnData/IRS990ScheduleH/OthHlthCareFcltsNotHospitalGrp/OthHlthCareFcltsGrp/USAddress/ZIPCode,description,USAddress - ZIPCode,Address - ZIPCode
/Return/ReturnData/IRS990ScheduleH/OthHlthCareFcltsNotHospitalGrp/OthHlthCareFcltsGrp/BusinessName/BusinessNameLine1,description,Business Name - BusinessNameLine1,Name - BusinessNameLine1
/Return/ReturnData/IRS990ScheduleH/OthHlthCareFcltsNotHospitalGrp/OthHlthCareFcltsGrp/BusinessName/BusinessNameLine1Txt,description,Business Name - BusinessNameLine1Txt,Name - BusinessNameLine1
/Return/ReturnData/IRS990ScheduleH/OthHlthCareFcltsNotHospitalGrp/OthHlthCareFcltsGrp/BusinessName/BusinessNameLine2,description,Business Name - BusinessNameLine2,Name - BusinessNameLine2
/Return/ReturnData/IRS990ScheduleH/OthHlthCareFcltsNotHospitalGrp/OthHlthCareFcltsGrp/BusinessName/BusinessNameLine2Txt,description,Business Name - BusinessNameLine2Txt,Name - BusinessNameLine2
/Return/ReturnData/IRS990ScheduleH/OthHlthCareFcltsNotHospitalGrp/OthHlthCareFcltsGrp/FacilityTxt,description,Oth Hlth Care Fclts Grp - Facility type,Other Facilities - Facility type
/Return/ReturnData/IRS990ScheduleH/HospitalFcltyPoliciesPrctcGrp/OtherFactorsInd,description,Hospital Fclty Policies Prctc Grp - Other basis (see SH-FORM-VERSION-2013-PART-05),Form990 Schedule HPart VSection B - Other basis (see SH-FORM-VERSION-2013-PART-05)
/Return/ReturnData/IRS990ScheduleI/Form990ScheduleIPartII/RecipientTable/AddressUS/City,description,Address US - City,Address Foreign - City
/Return/ReturnData/IRS990ScheduleI/RecipientTable/AddressUS/City,description,Address US - City,Address Foreign - City
/Return/ReturnData/IRS990ScheduleI/RecipientTable/ForeignAddress/City,description,Foreign Address - City,Address Foreign - City
/Return/ReturnData/IRS990ScheduleI/RecipientTable/ForeignAddress/CityNm,description,Foreign Address - City,Address Foreign - City
/Return/ReturnData/IRS990ScheduleI/RecipientTable/USAddress/City,description,USAddress - City,Address Foreign - City
/Return/ReturnData/IRS990ScheduleI/RecipientTable/USAddress/CityNm,description,USAddress - CityNm,Address Foreign - City
/Return/ReturnData/IRS990ScheduleI/RecipientTable/ForeignAddress/Country,description,Foreign Address - Country,Address Foreign - Country
/Return/ReturnData/IRS990ScheduleI/RecipientTable/ForeignAddress/CountryCd,description,Foreign Address - Country,Address Foreign - Country
/Return/ReturnData/IRS990ScheduleI/Form990ScheduleIPartII/RecipientTable/AddressUS/AddressLine1,description,Address US - AddressLine1,Address Foreign - AddressLine1
/Return/ReturnData/IRS990ScheduleI/RecipientTable/AddressUS/AddressLine1,description,Address US - AddressLine1,Address Foreign - AddressLine1
/Return/ReturnData/IRS990ScheduleI/RecipientTable/ForeignAddress/AddressLine1,description,Foreign Address - AddressLine1,Address Foreign - AddressLine1
/Return/ReturnData/IRS990ScheduleI/RecipientTable/ForeignAddress/AddressLine1Txt,description,Foreign Address - AddressLine1Txt,Address Foreign - AddressLine1
/Return/ReturnData/IRS990ScheduleI/RecipientTable/USAddress/AddressLine1,description,USAddress - AddressLine1,Address Foreign - AddressLine1
/Return/ReturnData/IRS990ScheduleI/RecipientTable/USAddress/AddressLine1Txt,description,USAddress - AddressLine1Txt,Address Foreign - AddressLine1
/Return/ReturnData/IRS990ScheduleI/Form990ScheduleIPartII/RecipientTable/AddressUS/AddressLine2,description,Address US - AddressLine2,Address Foreign - AddressLine2
/Return/ReturnData/IRS990ScheduleI/RecipientTable/AddressUS/AddressLine2,description,Address US - AddressLine2,Address Foreign - AddressLine2
/Return/ReturnData/IRS990ScheduleI/RecipientTable/ForeignAddress/AddressLine2,description,Foreign Address - AddressLine2,Address Foreign - AddressLine2
/Return/ReturnData/IRS990ScheduleI/RecipientTable/ForeignAddress/AddressLine2Txt,description,Foreign Address - AddressLine2Txt,Address Foreign - AddressLine2
/Return/ReturnData/IRS990ScheduleI/RecipientTable/USAddress/AddressLine2,description,USAddress - AddressLine2,Address Foreign - AddressLine2
/Return/ReturnData/IRS990ScheduleI/RecipientTable/USAddress/AddressLine2Txt,description,USAddress - AddressLine2Txt,Address Foreign - AddressLine2
/Return/ReturnData/IRS990ScheduleI/Form990ScheduleIPartII/RecipientTable/AddressUS/State,description,Address US - State,Province or state
/Return/ReturnData/IRS990ScheduleI/RecipientTable/AddressUS/State,description,Address US - State,Province or state
/Return/ReturnData/IRS990ScheduleI/RecipientTable/USAddress/State,description,USAddress - State,Province or state
/Return/ReturnData/IRS990ScheduleI/RecipientTable/USAddress/StateAbbreviationCd,description,USAddress - StateAbbreviationCd,Province or state
/Return/ReturnData/IRS990ScheduleI/Form990ScheduleIPartII/RecipientTable/AddressUS/ZIPCode,description,Address US - ZIPCode,Address Foreign - Postal code
/Return/ReturnData/IRS990ScheduleI/RecipientTable/AddressUS/ZIPCode,description,Address US - ZIPCode,Address Foreign - Postal code
/Return/ReturnData/IRS990ScheduleI/RecipientTable/ForeignAddress/ForeignPostalCd,description,Foreign Address - Postal code,Address Foreign - Postal code
/Return/ReturnData/IRS990ScheduleI/RecipientTable/ForeignAddress/PostalCode,description,Foreign Address - Postal code,Address Foreign - Postal code
/Return/ReturnData/IRS990ScheduleI/RecipientTable/USAddress/ZIPCd,description,USAddress - ZIPCd,Address Foreign - Postal code
/Return/ReturnData/IRS990ScheduleI/RecipientTable/USAddress/ZIPCode,description,USAddress - ZIPCode,Address Foreign - Postal code
/Return/ReturnData/IRS990ScheduleI/RecipientTable/RecipientBusinessName/BusinessNameLine1,description,Recipient Business Name - BusinessNameLine1,Recipient Name Business - BusinessNameLine1
/Return/ReturnData/IRS990ScheduleI/RecipientTable/RecipientBusinessName/BusinessNameLine1Txt,description,Recipient Business Name - BusinessNameLine1Txt,Recipient Name Business - BusinessNameLine1
/Return/ReturnData/IRS990ScheduleI/RecipientTable/RecipientBusinessName/BusinessNameLine2,description,Recipient Business Name - BusinessNameLine2,Recipient Name Business - BusinessNameLine2
/Return/ReturnData/IRS990ScheduleI/RecipientTable/RecipientBusinessName/BusinessNameLine2Txt,description,Recipient Business Name - BusinessNameLine2Txt,Recipient Name Business - BusinessNameLine2
/Return/ReturnData/IRS990ScheduleI/Form990ScheduleIPartII/RecipientTable/DescriptionOfNonCashGrant,description,Description of non-cash grant,Description of non-cash assistance
/Return/ReturnData/IRS990ScheduleI/SupplementalInformationDetail/ExplanationTxt,description,Form; part and line number reference explanation,Form990 Schedule IPart IV - Explanation
/Return/ReturnData/IRS990ScheduleI/SupplementalInformationDetail/IdentifierTxt,description,Supplemental Information Detail - Identifier,Form990 Schedule IPart IV - Identifier
/Return/ReturnData/IRS990ScheduleJ/RltdOrgOfficerTrstKeyEmplGrp/BusinessName/BusinessNameLine1,description,Business Name - BusinessNameLine1,Name Business - BusinessNameLine1
/Return/ReturnData/IRS990ScheduleJ/RltdOrgOfficerTrstKeyEmplGrp/BusinessName/BusinessNameLine1Txt,description,Business Name - BusinessNameLine1Txt,Name Business - BusinessNameLine1
/Return/ReturnData/IRS990ScheduleJ/RltdOrgOfficerTrstKeyEmplGrp/BusinessName/BusinessNameLine2,description,Business Name - BusinessNameLine2,Name Business - BusinessNameLine2
/Return/ReturnData/IRS990ScheduleJ/RltdOrgOfficerTrstKeyEmplGrp/BusinessName/BusinessNameLine2Txt,description,Business Name - BusinessNameLine2Txt,Name Business - BusinessNameLine2
/Return/ReturnData/IRS990ScheduleJ/RltdOrgOfficerTrstKeyEmplGrp/TitleTxt,description,Title of Officer,Form990 Schedule JPart II - Title
/Return/ReturnData/IRS990ScheduleJ/RltdOrgOfficerTrstKeyEmplGrp/OtherCompensationRltdOrgsAmt,description,Other compensation ($) from related organizations,Other compensation ($) from realted organizations
/Return/ReturnData/IRS990ScheduleJ/SupplementalInformationDetail/ExplanationTxt,description,Form; Part and line number reference explanation,Form990 Schedule JPart III - Explanation
/Return/ReturnData/IRS990ScheduleJ/SupplementalInformationDetail/IdentifierTxt,description,Supplemental Information Detail - Identifier,Form990 Schedule JPart III - Identifier
/Return/ReturnData/IRS990ScheduleK/TaxExemptBondsIssuesGrp/IssuerName/BusinessNameLine1Txt,description,Issuer Name - BusinessNameLine1Txt,Issuer Name - BusinessNameLine1
/Return/ReturnData/IRS990ScheduleK/TaxExemptBondsIssuesGrp/IssuerName/BusinessNameLine2Txt,description,Issuer Name - BusinessNameLine2Txt,Issuer Name - BusinessNameLine2
/Return/ReturnData/IRS990ScheduleK/TaxExemptBondsIssuesGrp/BondIssuerEIN,description,Tax Exempt Bonds Issues Grp - Issuer EIN,Form990 Schedule KPart I - Issuer EIN
/Return/ReturnData/IRS990ScheduleK/TaxExemptBondsIssuesGrp/CUSIPNum,description,Tax Exempt Bonds Issues Grp - CUSIP number,Form990 Schedule KPart I - CUSIP number
/Return/ReturnData/IRS990ScheduleK/TaxExemptBondsIssuesGrp/BondIssuedDt,description,Tax Exempt Bonds Issues Grp - Date issued,Form990 Schedule KPart I - Date issued
/Return/ReturnData/IRS990ScheduleK/TaxExemptBondsIssuesGrp/IssuePriceAmt,description,Tax Exempt Bonds Issues Grp - Issue price,Form990 Schedule KPart I - Issue price
/Return/ReturnData/IRS990ScheduleK/TaxExemptBondsIssuesGrp/DefeasedInd,description,Tax Exempt Bonds Issues Grp - Defeased?,Form990 Schedule KPart I - Defeased?
/Return/ReturnData/IRS990ScheduleK/Form990ScheduleKPartII/AmountDefeased,description,Amount defeased,Amount of bonds defeased
/Return/ReturnData/IRS990ScheduleK/TaxExemptBondsProceedsGrp/TotalProceedsAmt,description,Total proceeds of issue,Total proceeds
/Return/ReturnData/IRS990ScheduleK/TaxExemptBondsProceedsGrp/InReserveFundAmt,description,Gross proceeds in reserve funds,Amount in reserve fund
/Return/ReturnData/IRS990ScheduleK/TaxExemptBondsProceedsGrp/WorkingCapitalExpendituresAmt,description,Working capital expenditures from proceeds,Working capital expenditures
/Return/ReturnData/IRS990ScheduleK/TaxExemptBondsProceedsGrp/CapitalExpendituresAmt,description,Capital expenditures from proceeds,Capital expenditures
/Return/ReturnData/IRS990ScheduleK/TaxExemptBondsArbitrageGrp/HedgeProviderName/BusinessNameLine1,description,Hedge Provider Name - BusinessNameLine1,Name Of Hedge Provider - BusinessNameLine1
/Return/ReturnData/IRS990ScheduleK/TaxExemptBondsArbitrageGrp/HedgeProviderName/BusinessNameLine1Txt,description,Hedge Provider Name - BusinessNameLine1Txt,Name Of Hedge Provider - BusinessNameLine1
/Return/ReturnData/IRS990ScheduleK/TaxExemptBondsArbitrageGrp/HedgeProviderName/BusinessNameLine2,description,Hedge Provider Name - BusinessNameLine2,Name Of Hedge Provider - BusinessNameLine2
/Return/ReturnData/IRS990ScheduleK/TaxExemptBondsArbitrageGrp/HedgeProviderName/BusinessNameLine2Txt,description,Hedge Provider Name - BusinessNameLine2Txt,Name Of Hedge Provider - BusinessNameLine2
/Return/ReturnData/IRS990ScheduleK/TaxExemptBondsArbitrageGrp/TermOfHedgePct,description,Tax Exempt Bonds Arbitrage Grp - Term of hedge,Form990 Schedule KPart IV - Term of hedge
/Return/ReturnData/IRS990ScheduleK/TaxExemptBondsArbitrageGrp/GICProviderName/BusinessNameLine1,description,GICProvider Name - BusinessNameLine1,Name Of GICProvider - BusinessNameLine1
/Return/ReturnData/IRS990ScheduleK/TaxExemptBondsArbitrageGrp/GICProviderName/BusinessNameLine1Txt,description,GICProvider Name - BusinessNameLine1Txt,Name Of GICProvider - BusinessNameLine1
/Return/ReturnData/IRS990ScheduleK/TaxExemptBondsArbitrageGrp/GICProviderName/BusinessNameLine2,description,GICProvider Name - BusinessNameLine2,Name Of GICProvider - BusinessNameLine2
/Return/ReturnData/IRS990ScheduleK/TaxExemptBondsArbitrageGrp/GICProviderName/BusinessNameLine2Txt,description,GICProvider Name - BusinessNameLine2Txt,Name Of GICProvider - BusinessNameLine2
/Return/ReturnData/IRS990ScheduleK/TaxExemptBondsArbitrageGrp/TermOfGICPct,description,Tax Exempt Bonds Arbitrage Grp - Term of GIC,Form990 Schedule KPart IV - Term of GIC
/Return/ReturnData/IRS990ScheduleK/FedTaxRequirementsCompliance,description,Federal tax requirements met?,Procedures to ensure violations identified and corrected?
/Return/ReturnData/IRS990ScheduleK/Form990ScheduleKPartVI/Explanation,description,Form990 Schedule KPart VI - Explanation,Form990 Schedule KPart V - Explanation
/Return/ReturnData/IRS990ScheduleK/SupplementalInformationDetail/ExplanationTxt,description,Supplemental Information Detail - Explanation,Form990 Schedule KPart V - Explanation
/Return/ReturnData/IRS990ScheduleK/Form990ScheduleKPartVI/Identifier,description,Form990 Schedule KPart VI - Identifier,Form990 Schedule KPart V - Identifier
/Return/ReturnData/IRS990ScheduleK/SupplementalInformationDetail/IdentifierTxt,description,Supplemental Information Detail - Identifier,Form990 Schedule KPart V - Identifier
/Return/ReturnData/IRS990ScheduleL/DisqualifiedPersonExBnftTrGrp/BusinessName/BusinessNameLine1,description,Business Name - BusinessNameLine1,Name Business - BusinessNameLine1
/Return/ReturnData/IRS990ScheduleL/DisqualifiedPersonExBnftTrGrp/BusinessName/BusinessNameLine1Txt,description,Business Name - BusinessNameLine1Txt,Name Business - BusinessNameLine1
/Return/ReturnData/IRS990ScheduleL/DisqualifiedPersonExBnftTrGrp/BusinessName/BusinessNameLine2,description,Business Name - BusinessNameLine2,Name Business - BusinessNameLine2
/Return/ReturnData/IRS990ScheduleL/DisqualifiedPersonExBnftTrGrp/BusinessName/BusinessNameLine2Txt,description,Business Name - BusinessNameLine2Txt,Name Business - BusinessNameLine2
/Return/ReturnData/IRS990ScheduleL/DisqualifiedPersonExBnftTrGrp/PersonNm,description,Disqualified Person Ex Bnft Tr Grp - Name - Person,DQPTable - Name - Person
/Return/ReturnData/IRS990ScheduleL/DQPTable/RelationshipDisqualifiedPerson,description,DQPTable - RelationshipDisqualifiedPerson,Relationship between disqualified person and organization
/Return/ReturnData/IRS990ScheduleL/LoansBtwnOrgInterestedPrsnGrp/BusinessName/BusinessNameLine1,description,Business Name - BusinessNameLine1,Name Business - BusinessNameLine1
/Return/ReturnData/IRS990ScheduleL/LoansBtwnOrgInterestedPrsnGrp/BusinessName/BusinessNameLine1Txt,description,Business Name - BusinessNameLine1Txt,Name Business - BusinessNameLine1
/Return/ReturnData/IRS990ScheduleL/LoansBtwnOrgInterestedPrsnGrp/BusinessName/BusinessNameLine2,description,Business Name - BusinessNameLine2,Name Business - BusinessNameLine2
/Return/ReturnData/IRS990ScheduleL/LoansBtwnOrgInterestedPrsnGrp/BusinessName/BusinessNameLine2Txt,description,Business Name - BusinessNameLine2Txt,Name Business - BusinessNameLine2
/Return/ReturnData/IRS990ScheduleL/LoansBtwnOrgInterestedPrsnGrp/PersonNm,description,Loans Btwn Org Interested Prsn Grp - Name - Person,Loan Table - Name - Person
/Return/ReturnData/IRS990ScheduleL/LoanTable/RelationshipWithOrganization,description,Loan Table - RelationshipWithOrganization,Relationship with organization
/Return/ReturnData/IRS990ScheduleL/LoansBtwnOrgInterestedPrsnGrp/BalanceDueAmt,description,Loans Btwn Org Interested Prsn Grp - Balance due,Loan Table - Balance due
/Return/ReturnData/IRS990ScheduleL/LoansBtwnOrgInterestedPrsnGrp/DefaultInd,description,Loans Btwn Org Interested Prsn Grp - Default?,Loan Table - Default?
/Return/ReturnData/IRS990ScheduleL/Form990ScheduleLPartIII/NameOfInterestedPerson/NameBusiness/BusinessNameLine1,description,Name Business - BusinessNameLine1,Name Of Interested Business - BusinessNameLine1
/Return/ReturnData/IRS990ScheduleL/GrntAsstBnftInterestedPrsnGrp/BusinessName/BusinessNameLine1,description,Business Name - BusinessNameLine1,Name Of Interested Business - BusinessNameLine1
/Return/ReturnData/IRS990ScheduleL/GrntAsstBnftInterestedPrsnGrp/BusinessName/BusinessNameLine1Txt,description,Business Name - BusinessNameLine1Txt,Name Of Interested Business - BusinessNameLine1
/Return/ReturnData/IRS990ScheduleL/Form990ScheduleLPartIII/NameOfInterestedPerson/NameBusiness/BusinessNameLine2,description,Name Business - BusinessNameLine2,Name Of Interested Business - BusinessNameLine2
/Return/ReturnData/IRS990ScheduleL/GrntAsstBnftInterestedPrsnGrp/BusinessName/BusinessNameLine2,description,Business Name - BusinessNameLine2,Name Of Interested Business - BusinessNameLine2
/Return/ReturnData/IRS990ScheduleL/GrntAsstBnftInterestedPrsnGrp/BusinessName/BusinessNameLine2Txt,description,Business Name - BusinessNameLine2Txt,Name Of Interested Business - BusinessNameLine2
/Return/ReturnData/IRS990ScheduleL/Form990ScheduleLPartIII/NameOfInterestedPerson/NamePerson,description,Name Of Interested Person - Name - Person,Name of interested person - Person
/Return/ReturnData/IRS990ScheduleL/GrntAsstBnftInterestedPrsnGrp/AssistancePurposeTxt,description,Purpose of assistance,Form990 Schedule LPart III - PurposeOfAssistance
/Return/ReturnData/IRS990ScheduleL/BusTrInvolveInterestedPrsnGrp/NameOfInterested/BusinessName/BusinessNameLine1Txt,description,Business Name - BusinessNameLine1Txt,Business Name - BusinessNameLine1
/Return/ReturnData/IRS990ScheduleL/Form990ScheduleLPartIV/NameOfInterestedPerson/NameBusiness/BusinessNameLine1,description,Name Business - BusinessNameLine1,Business Name - BusinessNameLine1
/Return/ReturnData/IRS990ScheduleL/BusTrInvolveInterestedPrsnGrp/NameOfInterested/BusinessName/BusinessNameLine2Txt,description,Business Name - BusinessNameLine2Txt,Business Name - BusinessNameLine2
/Return/ReturnData/IRS990ScheduleL/Form990ScheduleLPartIV/NameOfInterestedPerson/NameBusiness/BusinessNameLine2,description,Name Business - BusinessNameLine2,Business Name - BusinessNameLine2
/Return/ReturnData/IRS990ScheduleL/Form990ScheduleLPartIV/NameOfInterestedPerson/NamePerson,description,Name Of Interested Person - Name - Person,Name Of Interested - Name - Person
/Return/ReturnData/IRS990ScheduleL/SupplementalInformationDetail/ExplanationTxt,description,Form; part and line number reference explanation,Form990 Schedule LPart V - Explanation
/Return/ReturnData/IRS990ScheduleL/SupplementalInformationDetail/IdentifierTxt,description,Supplemental Information Detail - Identifier,Form990 Schedule LPart V - Identifier
/Return/ReturnData/IRS990ScheduleM/Form990ScheduleMPartI/WorksOfArt/NonCashCheckbox,description,Checkbox for line on Part I,Checkbox for lines on Part I
/Return/ReturnData/IRS990ScheduleM/Form990ScheduleMPartI/ArtHistoricalTreasures/NonCashCheckbox,description,Checkbox for line on Part I,Checkbox for lines on Part I
/Return/ReturnData/IRS990ScheduleM/Form990ScheduleMPartI/ArtFractionalInterest/NonCashCheckbox,description,Checkbox for line on Part I,Checkbox for lines on Part I
/Return/ReturnData/IRS990ScheduleM/Form990ScheduleMPartI/BooksAndPublications/NonCashCheckbox,description,Checkbox for line on Part I,Checkbox for lines on Part I
/Return/ReturnData/IRS990ScheduleM/Form990ScheduleMPartI/ClothingAndHouseholdGoods/NonCashCheckbox,description,Checkbox for line on Part I,Checkbox for lines on Part I
/Return/ReturnData/IRS990ScheduleM/Form990ScheduleMPartI/CarsAndOtherVehicles/NonCashCheckbox,description,Checkbox for line on Part I,Checkbox for lines on Part I
/Return/ReturnData/IRS990ScheduleM/Form990ScheduleMPartI/BoatsAndPlanes/NonCashCheckbox,description,Checkbox for line on Part I,Checkbox for lines on Part I
/Return/ReturnData/IRS990ScheduleM/Form990ScheduleMPartI/IntellectualProperty/NonCashCheckbox,description,Checkbox for line on Part I,Checkbox for lines on Part I
/Return/ReturnData/IRS990ScheduleM/Form990ScheduleMPartI/SecuritiesPubliclyTraded/NonCashCheckbox,description,Checkbox for line on Part I,Checkbox for lines on Part I
/Return/ReturnData/IRS990ScheduleM/Form990ScheduleMPartI/SecuritiesCloselyHeldStock/NonCashCheckbox,description,Checkbox for line on Part I,Checkbox for lines on Part I
/Return/ReturnData/IRS990ScheduleM/Form990ScheduleMPartI/SecuritiesPrtnrshpTrustIntrsts/NonCashCheckbox,description,Checkbox for line on Part I,Checkbox for lines on Part I
/Return/ReturnData/IRS990ScheduleM/Form990ScheduleMPartI/SecuritiesMiscellaneous/NonCashCheckbox,description,Checkbox for line on Part I,Checkbox for lines on Part I
/Return/ReturnData/IRS990ScheduleM/Form990ScheduleMPartI/QualifiedContribHistStruct/NonCashCheckbox,description,Checkbox for line on Part I,Checkbox for lines on Part I
/Return/ReturnData/IRS990ScheduleM/Form990ScheduleMPartI/QualifiedContribOther/NonCashCheckbox,description,Checkbox for line on Part I,Checkbox for lines on Part I
/Return/ReturnData/IRS990ScheduleM/Form990ScheduleMPartI/RealEstateResidential/NonCashCheckbox,description,Checkbox for line on Part I,Checkbox for lines on Part I
/Return/ReturnData/IRS990ScheduleM/Form990ScheduleMPartI/RealEstateCommercial/NonCashCheckbox,description,Checkbox for line on Part I,Checkbox for lines on Part I
/Return/ReturnData/IRS990ScheduleM/Form990ScheduleMPartI/RealEstateOther/NonCashCheckbox,description,Checkbox for line on Part I,Checkbox for lines on Part I
/Return/ReturnData/IRS990ScheduleM/Form990ScheduleMPartI/Collectibles/NonCashCheckbox,description,Checkbox for line on Part I,Checkbox for lines on Part I
/Return/ReturnData/IRS990ScheduleM/Form990ScheduleMPartI/FoodInventory/NonCashCheckbox,description,Checkbox for line on Part I,Checkbox for lines on Part I
/Return/ReturnData/IRS990ScheduleM/Form990ScheduleMPartI/DrugsAndMedicalSupplies/NonCashCheckbox,description,Checkbox for line on Part I,Checkbox for lines on Part I
/Return/ReturnData/IRS990ScheduleM/Form990ScheduleMPartI/Taxidermy/NonCashCheckbox,description,Checkbox for line on Part I,Checkbox for lines on Part I
/Return/ReturnData/IRS990ScheduleM/Form990ScheduleMPartI/HistoricalArtifacts/NonCashCheckbox,description,Checkbox for line on Part I,Checkbox for lines on Part I
/Return/ReturnData/IRS990ScheduleM/Form990ScheduleMPartI/ScientificSpecimens/NonCashCheckbox,description,Checkbox for line on Part I,Checkbox for lines on Part I
/Return/ReturnData/IRS990ScheduleM/Form990ScheduleMPartI/ArchaeologicalArtifacts/NonCashCheckbox,description,Checkbox for line on Part I,Checkbox for lines on Part I
/Return/ReturnData/IRS990ScheduleM/OtherNonCashContriTableGrp/Desc,description,Other Non Cash Contri Table Grp - Description,Other Non Cash Contributions Table - Description
/Return/ReturnData/IRS990ScheduleM/Form990ScheduleMPartI/OtherNonCashContributionsTable/NonCashCheckbox,description,Checkbox for line on Part I,Checkbox for lines on Part I
/Return/ReturnData/IRS990ScheduleM/SupplementalInformationDetail/ExplanationTxt,description,Supplemental Information Detail - Explanation,Form990 Schedule MPart II - Explanation
/Return/ReturnData/IRS990ScheduleM/SupplementalInformationDetail/IdentifierTxt,description,Supplemental Information Detail - Identifier,Form990 Schedule MPart II - Identifier
/Return/ReturnData/IRS990ScheduleN/Form990ScheduleNPartI/LiquidationTable/AddressUS/City,description,Address US - City,Address Foreign - City
/Return/ReturnData/IRS990ScheduleN/LiquidationOfAssetsTableGrp/LiquidationOfAssetsDetail/ForeignAddress/City,description,Foreign Address - City,Address Foreign - City
/Return/ReturnData/IRS990ScheduleN/LiquidationOfAssetsTableGrp/LiquidationOfAssetsDetail/ForeignAddress/CityNm,description,Foreign Address - City,Address Foreign - City
/Return/ReturnData/IRS990ScheduleN/LiquidationOfAssetsTableGrp/LiquidationOfAssetsDetail/USAddress/City,description,USAddress - City,Address Foreign - City
/Return/ReturnData/IRS990ScheduleN/LiquidationOfAssetsTableGrp/LiquidationOfAssetsDetail/USAddress/CityNm,description,USAddress - CityNm,Address Foreign - City
/Return/ReturnData/IRS990ScheduleN/LiquidationTable/AddressUS/City,description,Address US - City,Address Foreign - City
/Return/ReturnData/IRS990ScheduleN/LiquidationTable/LiquidationDetail/AddressUS/City,description,Address US - City,Address Foreign - City
/Return/ReturnData/IRS990ScheduleN/LiquidationOfAssetsTableGrp/LiquidationOfAssetsDetail/ForeignAddress/Country,description,Foreign Address - Country,Address Foreign - Country
/Return/ReturnData/IRS990ScheduleN/LiquidationOfAssetsTableGrp/LiquidationOfAssetsDetail/ForeignAddress/CountryCd,description,Foreign Address - Country,Address Foreign - Country
/Return/ReturnData/IRS990ScheduleN/Form990ScheduleNPartI/LiquidationTable/AddressUS/AddressLine1,description,Address US - AddressLine1,Address Foreign - AddressLine1
/Return/ReturnData/IRS990ScheduleN/LiquidationOfAssetsTableGrp/LiquidationOfAssetsDetail/ForeignAddress/AddressLine1,description,Foreign Address - AddressLine1,Address Foreign - AddressLine1
/Return/ReturnData/IRS990ScheduleN/LiquidationOfAssetsTableGrp/LiquidationOfAssetsDetail/ForeignAddress/AddressLine1Txt,description,Foreign Address - AddressLine1Txt,Address Foreign - AddressLine1
/Return/ReturnData/IRS990ScheduleN/LiquidationOfAssetsTableGrp/LiquidationOfAssetsDetail/USAddress/AddressLine1,description,USAddress - AddressLine1,Address Foreign - AddressLine1
/Return/ReturnData/IRS990ScheduleN/LiquidationOfAssetsTableGrp/LiquidationOfAssetsDetail/USAddress/AddressLine1Txt,description,USAddress - AddressLine1Txt,Address Foreign - AddressLine1
/Return/ReturnData/IRS990ScheduleN/LiquidationTable/AddressUS/AddressLine1,description,Address US - AddressLine1,Address Foreign - AddressLine1
/Return/ReturnData/IRS990ScheduleN/LiquidationTable/LiquidationDetail/AddressUS/AddressLine1,description,Address US - AddressLine1,Address Foreign - AddressLine1
/Return/ReturnData/IRS990ScheduleN/Form990ScheduleNPartI/LiquidationTable/AddressUS/AddressLine2,description,Address US - AddressLine2,Address Foreign - AddressLine2
/Return/ReturnData/IRS990ScheduleN/LiquidationOfAssetsTableGrp/LiquidationOfAssetsDetail/ForeignAddress/AddressLine2,description,Foreign Address - AddressLine2,Address Foreign - AddressLine2
/Return/ReturnData/IRS990ScheduleN/LiquidationOfAssetsTableGrp/LiquidationOfAssetsDetail/ForeignAddress/AddressLine2Txt,description,Foreign Address - AddressLine2Txt,Address Foreign - AddressLine2
/Return/ReturnData/IRS990ScheduleN/LiquidationOfAssetsTableGrp/LiquidationOfAssetsDetail/USAddress/AddressLine2,description,USAddress - AddressLine2,Address Foreign - AddressLine2
/Return/ReturnData/IRS990ScheduleN/LiquidationOfAssetsTableGrp/LiquidationOfAssetsDetail/USAddress/AddressLine2Txt,description,USAddress - AddressLine2Txt,Address Foreign - AddressLine2
/Return/ReturnData/IRS990ScheduleN/LiquidationTable/AddressUS/AddressLine2,description,Address US - AddressLine2,Address Foreign - AddressLine2
/Return/ReturnData/IRS990ScheduleN/LiquidationTable/LiquidationDetail/AddressUS/AddressLine2,description,Address US - AddressLine2,Address Foreign - AddressLine2
/Return/ReturnData/IRS990ScheduleN/Form990ScheduleNPartI/LiquidationTable/AddressUS/State,description,Address US - State,Province or state
/Return/ReturnData/IRS990ScheduleN/LiquidationOfAssetsTableGrp/LiquidationOfAssetsDetail/USAddress/State,description,USAddress - State,Province or state
/Return/ReturnData/IRS990ScheduleN/LiquidationOfAssetsTableGrp/LiquidationOfAssetsDetail/USAddress/StateAbbreviationCd,description,USAddress - StateAbbreviationCd,Province or state
/Return/ReturnData/IRS990ScheduleN/LiquidationTable/AddressUS/State,description,Address US - State,Province or state
/Return/ReturnData/IRS990ScheduleN/LiquidationTable/LiquidationDetail/AddressUS/State,description,Address US - State,Province or state
/Return/ReturnData/IRS990ScheduleN/Form990ScheduleNPartI/LiquidationTable/AddressUS/ZIPCode,description,Address US - ZIPCode,Address Foreign - Postal code
/Return/ReturnData/IRS990ScheduleN/LiquidationOfAssetsTableGrp/LiquidationOfAssetsDetail/ForeignAddress/ForeignPostalCd,description,Foreign Address - Postal code,Address Foreign - Postal code
/Return/ReturnData/IRS990ScheduleN/LiquidationOfAssetsTableGrp/LiquidationOfAssetsDetail/ForeignAddress/PostalCode,description,Foreign Address - Postal code,Address Foreign - Postal code
/Return/ReturnData/IRS990ScheduleN/LiquidationOfAssetsTableGrp/LiquidationOfAssetsDetail/USAddress/ZIPCd,description,USAddress - ZIPCd,Address Foreign - Postal code
/Return/ReturnData/IRS990ScheduleN/LiquidationOfAssetsTableGrp/LiquidationOfAssetsDetail/USAddress/ZIPCode,description,USAddress - ZIPCode,Address Foreign - Postal code
/Return/ReturnData/IRS990ScheduleN/LiquidationTable/AddressUS/ZIPCode,description,Address US - ZIPCode,Address Foreign - Postal code
/Return/ReturnData/IRS990ScheduleN/LiquidationTable/LiquidationDetail/AddressUS/ZIPCode,description,Address US - ZIPCode,Address Foreign - Postal code
/Return/ReturnData/IRS990ScheduleN/LiquidationOfAssetsTableGrp/LiquidationOfAssetsDetail/BusinessName/BusinessNameLine1,description,Business Name - BusinessNameLine1,Name Business - BusinessNameLine1
/Return/ReturnData/IRS990ScheduleN/LiquidationOfAssetsTableGrp/LiquidationOfAssetsDetail/BusinessName/BusinessNameLine1Txt,description,Business Name - BusinessNameLine1Txt,Name Business - BusinessNameLine1
/Return/ReturnData/IRS990ScheduleN/LiquidationOfAssetsTableGrp/LiquidationOfAssetsDetail/BusinessName/BusinessNameLine2,description,Business Name - BusinessNameLine2,Name Business - BusinessNameLine2
/Return/ReturnData/IRS990ScheduleN/LiquidationOfAssetsTableGrp/LiquidationOfAssetsDetail/BusinessName/BusinessNameLine2Txt,description,Business Name - BusinessNameLine2Txt,Name Business - BusinessNameLine2
/Return/ReturnData/IRS990ScheduleN/LiquidationOfAssetsTableGrp/LiquidationOfAssetsDetail/PersonNm,description,Liquidation Of Assets Detail - Name - Person,Liquidation Table - Name - Person
/Return/ReturnData/IRS990ScheduleN/LiquidationTable/LiquidationDetail/NamePerson,description,Liquidation Detail - Name - Person,Liquidation Table - Name - Person
/Return/ReturnData/IRS990ScheduleN/DispositionOfAssetsDetail/USAddress/City,description,USAddress - City,Foreign Address - City
/Return/ReturnData/IRS990ScheduleN/DispositionOfAssetsDetail/USAddress/CityNm,description,USAddress - CityNm,Foreign Address - City
/Return/ReturnData/IRS990ScheduleN/DispositionTable/AddressForeign/City,description,Address Foreign - City,Foreign Address - City
/Return/ReturnData/IRS990ScheduleN/DispositionTable/AddressUS/City,description,Address US - City,Foreign Address - City
/Return/ReturnData/IRS990ScheduleN/Form990ScheduleNPartII/DispositionTable/AddressForeign/City,description,Address Foreign - City,Foreign Address - City
/Return/ReturnData/IRS990ScheduleN/Form990ScheduleNPartII/DispositionTable/AddressUS/City,description,Address US - City,Foreign Address - City
/Return/ReturnData/IRS990ScheduleN/DispositionTable/AddressForeign/Country,description,Address Foreign - Country,Foreign Address - Country
/Return/ReturnData/IRS990ScheduleN/Form990ScheduleNPartII/DispositionTable/AddressForeign/Country,description,Address Foreign - Country,Foreign Address - Country
/Return/ReturnData/IRS990ScheduleN/DispositionOfAssetsDetail/ForeignAddress/AddressLine1,description,Foreign Address - AddressLine1,Address Foreign - AddressLine1
/Return/ReturnData/IRS990ScheduleN/DispositionOfAssetsDetail/ForeignAddress/AddressLine1Txt,description,Foreign Address - AddressLine1Txt,Address Foreign - AddressLine1
/Return/ReturnData/IRS990ScheduleN/DispositionOfAssetsDetail/USAddress/AddressLine1,description,USAddress - AddressLine1,Address Foreign - AddressLine1
/Return/ReturnData/IRS990ScheduleN/DispositionOfAssetsDetail/USAddress/AddressLine1Txt,description,USAddress - AddressLine1Txt,Address Foreign - AddressLine1
/Return/ReturnData/IRS990ScheduleN/DispositionTable/AddressUS/AddressLine1,description,Address US - AddressLine1,Address Foreign - AddressLine1
/Return/ReturnData/IRS990ScheduleN/Form990ScheduleNPartII/DispositionTable/AddressUS/AddressLine1,description,Address US - AddressLine1,Address Foreign - AddressLine1
/Return/ReturnData/IRS990ScheduleN/DispositionOfAssetsDetail/ForeignAddress/AddressLine2,description,Foreign Address - AddressLine2,Address Foreign - AddressLine2
/Return/ReturnData/IRS990ScheduleN/DispositionOfAssetsDetail/ForeignAddress/AddressLine2Txt,description,Foreign Address - AddressLine2Txt,Address Foreign - AddressLine2
/Return/ReturnData/IRS990ScheduleN/DispositionOfAssetsDetail/USAddress/AddressLine2,description,USAddress - AddressLine2,Address Foreign - AddressLine2
/Return/ReturnData/IRS990ScheduleN/DispositionOfAssetsDetail/USAddress/AddressLine2Txt,description,USAddress - AddressLine2Txt,Address Foreign - AddressLine2
/Return/ReturnData/IRS990ScheduleN/DispositionTable/AddressUS/AddressLine2,description,Address US - AddressLine2,Address Foreign - AddressLine2
/Return/ReturnData/IRS990ScheduleN/Form990ScheduleNPartII/DispositionTable/AddressUS/AddressLine2,description,Address US - AddressLine2,Address Foreign - AddressLine2
/Return/ReturnData/IRS990ScheduleN/DispositionOfAssetsDetail/USAddress/State,description,USAddress - State,Province or state
/Return/ReturnData/IRS990ScheduleN/DispositionOfAssetsDetail/USAddress/StateAbbreviationCd,description,USAddress - StateAbbreviationCd,Province or state
/Return/ReturnData/IRS990ScheduleN/DispositionTable/AddressUS/State,description,Address US - State,Province or state
/Return/ReturnData/IRS990ScheduleN/Form990ScheduleNPartII/DispositionTable/AddressUS/State,description,Address US - State,Province or state
/Return/ReturnData/IRS990ScheduleN/DispositionOfAssetsDetail/USAddress/ZIPCd,description,USAddress - ZIPCd,Foreign Address - Postal code
/Return/ReturnData/IRS990ScheduleN/DispositionOfAssetsDetail/USAddress/ZIPCode,description,USAddress - ZIPCode,Foreign Address - Postal code
/Return/ReturnData/IRS990ScheduleN/DispositionTable/AddressForeign/PostalCode,description,Address Foreign - Postal code,Foreign Address - Postal code
/Return/ReturnData/IRS990ScheduleN/DispositionTable/AddressUS/ZIPCode,description,Address US - ZIPCode,Foreign Address - Postal code
/Return/ReturnData/IRS990ScheduleN/Form990ScheduleNPartII/DispositionTable/AddressForeign/PostalCode,description,Address Foreign - Postal code,Foreign Address - Postal code
/Return/ReturnData/IRS990ScheduleN/Form990ScheduleNPartII/DispositionTable/AddressUS/ZIPCode,description,Address US - ZIPCode,Foreign Address - Postal code
/Return/ReturnData/IRS990ScheduleN/DispositionOfAssetsDetail/BusinessName/BusinessNameLine1Txt,description,Business Name - BusinessNameLine1Txt,Business Name - BusinessNameLine1
/Return/ReturnData/IRS990ScheduleN/DispositionTable/NameBusiness/BusinessNameLine1,description,fair market value of asset(s) distributed or amount of transactional expenses,Business Name - BusinessNameLine1
/Return/ReturnData/IRS990ScheduleN/Form990ScheduleNPartII/DispositionTable/NameBusiness/BusinessNameLine1,description,Name Business - BusinessNameLine1,Business Name - BusinessNameLine1
/Return/ReturnData/IRS990ScheduleN/DispositionOfAssetsDetail/BusinessName/BusinessNameLine2,description,Business Name - BusinessNameLine2,Name Business - BusinessNameLine2
/Return/ReturnData/IRS990ScheduleN/DispositionOfAssetsDetail/BusinessName/BusinessNameLine2Txt,description,Business Name - BusinessNameLine2Txt,Name Business - BusinessNameLine2
/Return/ReturnData/IRS990ScheduleN/DispositionOfAssetsDetail/PersonNm,description,DISPOSITION-OF-ASSETS Detail - Name - Person,Disposition Table - Name - Person
/Return/ReturnData/IRS990ScheduleN/Form990ScheduleNPartIII/Explanation,description,Form990 Schedule NPart III - Explanation,Explanatory text
/Return/ReturnData/IRS990ScheduleN/SupplementalInformationDetail/ExplanationTxt,description,Supplemental Information Detail - Explanation,Explanatory text
/Return/ReturnData/IRS990ScheduleN/SupplementalInformationDetail/IdentifierTxt,description,Supplemental Information Detail - Identifier,Form990 Schedule NPart III - Identifier
/Return/ReturnData/IRS990ScheduleO/SupplementalInformationDetail/ExplanationTxt,description,Form; part and line number reference explanation,General Explanation - Explanation
/Return/ReturnData/IRS990ScheduleO/SupplementalInformationDetail/IdentifierTxt,description,Supplemental Information Detail - Identifier,General Explanation - Identifier
/Return/ReturnData/IRS990ScheduleR/Form990ScheduleRPartI/AddressForeign/City,description,Address Foreign - City,Foreign Address - City
/Return/ReturnData/IRS990ScheduleR/Form990ScheduleRPartI/AddressUS/City,description,Address US - City,Foreign Address - City
/Return/ReturnData/IRS990ScheduleR/IdDisregardedEntitiesGrp/USAddress/City,description,USAddress - City,Foreign Address - City
/Return/ReturnData/IRS990ScheduleR/IdDisregardedEntitiesGrp/USAddress/CityNm,description,USAddress - CityNm,Foreign Address - City
/Return/ReturnData/IRS990ScheduleR/Form990ScheduleRPartI/AddressForeign/Country,description,Address Foreign - Country,Foreign Address - Country
/Return/ReturnData/IRS990ScheduleR/Form990ScheduleRPartI/AddressUS/AddressLine1,description,Address US - AddressLine1,Address Foreign - AddressLine1
/Return/ReturnData/IRS990ScheduleR/IdDisregardedEntitiesGrp/ForeignAddress/AddressLine1,description,Foreign Address - AddressLine1,Address Foreign - AddressLine1
/Return/ReturnData/IRS990ScheduleR/IdDisregardedEntitiesGrp/ForeignAddress/AddressLine1Txt,description,Foreign Address - AddressLine1Txt,Address Foreign - AddressLine1
/Return/ReturnData/IRS990ScheduleR/IdDisregardedEntitiesGrp/USAddress/AddressLine1,description,USAddress - AddressLine1,Address Foreign - AddressLine1
/Return/ReturnData/IRS990ScheduleR/IdDisregardedEntitiesGrp/USAddress/AddressLine1Txt,description,USAddress - AddressLine1Txt,Address Foreign - AddressLine1
/Return/ReturnData/IRS990ScheduleR/Form990ScheduleRPartI/AddressUS/AddressLine2,description,Address US - AddressLine2,Address Foreign - AddressLine2
/Return/ReturnData/IRS990ScheduleR/IdDisregardedEntitiesGrp/ForeignAddress/AddressLine2,description,Foreign Address - AddressLine2,Address Foreign - AddressLine2
/Return/ReturnData/IRS990ScheduleR/IdDisregardedEntitiesGrp/ForeignAddress/AddressLine2Txt,description,Foreign Address - AddressLine2Txt,Address Foreign - AddressLine2
/Return/ReturnData/IRS990ScheduleR/IdDisregardedEntitiesGrp/USAddress/AddressLine2,description,USAddress - AddressLine2,Address Foreign - AddressLine2
/Return/ReturnData/IRS990ScheduleR/IdDisregardedEntitiesGrp/USAddress/AddressLine2Txt,description,USAddress - AddressLine2Txt,Address Foreign - AddressLine2
/Return/ReturnData/IRS990ScheduleR/Form990ScheduleRPartI/AddressUS/State,description,Address US - State,Province or state
/Return/ReturnData/IRS990ScheduleR/IdDisregardedEntitiesGrp/USAddress/State,description,USAddress - State,Province or state
/Return/ReturnData/IRS990ScheduleR/IdDisregardedEntitiesGrp/USAddress/StateAbbreviationCd,description,USAddress - StateAbbreviationCd,Province or state
/Return/ReturnData/IRS990ScheduleR/Form990ScheduleRPartI/AddressForeign/PostalCode,description,Address Foreign - Postal code,Foreign Address - Postal code
/Return/ReturnData/IRS990ScheduleR/Form990ScheduleRPartI/AddressUS/ZIPCode,description,Address US - ZIPCode,Foreign Address - Postal code
/Return/ReturnData/IRS990ScheduleR/IdDisregardedEntitiesGrp/USAddress/ZIPCd,description,USAddress - ZIPCd,Foreign Address - Postal code
/Return/ReturnData/IRS990ScheduleR/IdDisregardedEntitiesGrp/USAddress/ZIPCode,description,USAddress - ZIPCode,Foreign Address - Postal code
/Return/ReturnData/IRS990ScheduleR/IdDisregardedEntitiesGrp/EIN,description,Id Disregarded Entities Grp - EIN,Form990 Schedule RPart I - EIN
/Return/ReturnData/IRS990ScheduleR/IdDisregardedEntitiesGrp/DisregardedEntityName/BusinessNameLine1,description,Disregarded Entity Name - BusinessNameLine1,Name Of Disregarded Entity - BusinessNameLine1
/Return/ReturnData/IRS990ScheduleR/IdDisregardedEntitiesGrp/DisregardedEntityName/BusinessNameLine1Txt,description,Disregarded Entity Name - BusinessNameLine1Txt,Name Of Disregarded Entity - BusinessNameLine1
/Return/ReturnData/IRS990ScheduleR/IdDisregardedEntitiesGrp/DisregardedEntityName/BusinessNameLine2,description,Disregarded Entity Name - BusinessNameLine2,Name Of Disregarded Entity - BusinessNameLine2
/Return/ReturnData/IRS990ScheduleR/IdDisregardedEntitiesGrp/DisregardedEntityName/BusinessNameLine2Txt,description,Disregarded Entity Name - BusinessNameLine2Txt,Name Of Disregarded Entity - BusinessNameLine2
/Return/ReturnData/IRS990ScheduleR/Form990ScheduleRPartI/LegalDomicile/ForeignCountry,description,Foreign Country,Legal domicile - Foreign Country
/Return/ReturnData/IRS990ScheduleR/Form990ScheduleRPartI/LegalDomicile/State,description,Legal Domicile - State,Legal domicile - State
/Return/ReturnData/IRS990ScheduleR/Form990ScheduleRPartI/DirectControllingEntity/NotApplicable,description,Direct Controlling Entity - Literal N/A,Direct controlling entity - Literal for not applicable
/Return/ReturnData/IRS990ScheduleR/IdDisregardedEntitiesGrp/DirectControllingEntityName/BusinessNameLine1Txt,description,Direct Controlling Entity Name - BusinessNameLine1Txt,Direct Controlling Entity Name - BusinessNameLine1
/Return/ReturnData/IRS990ScheduleR/Form990ScheduleRPartI/DirectControllingEntity/NameBusiness/BusinessNameLine1,description,Name Business - BusinessNameLine1,Direct Controlling Entity Name - BusinessNameLine1
/Return/ReturnData/IRS990ScheduleR/IdDisregardedEntitiesGrp/DirectControllingEntityName/BusinessNameLine2Txt,description,Direct Controlling Entity Name - BusinessNameLine2Txt,Direct Controlling Entity Name - BusinessNameLine2
/Return/ReturnData/IRS990ScheduleR/Form990ScheduleRPartI/DirectControllingEntity/NameBusiness/BusinessNameLine2,description,Name Business - BusinessNameLine2,Direct Controlling Entity Name - BusinessNameLine2
/Return/ReturnData/IRS990ScheduleR/Form990ScheduleRPartII/AddressForeign/City,description,Address Foreign - City,Foreign Address - City
/Return/ReturnData/IRS990ScheduleR/Form990ScheduleRPartII/AddressUS/City,description,Address US - City,Foreign Address - City
/Return/ReturnData/IRS990ScheduleR/IdRelatedTaxExemptOrgGrp/USAddress/City,description,USAddress - City,Foreign Address - City
/Return/ReturnData/IRS990ScheduleR/IdRelatedTaxExemptOrgGrp/USAddress/CityNm,description,USAddress - CityNm,Foreign Address - City
/Return/ReturnData/IRS990ScheduleR/Form990ScheduleRPartII/AddressForeign/Country,description,Address Foreign - Country,Foreign Address - Country
/Return/ReturnData/IRS990ScheduleR/Form990ScheduleRPartII/AddressUS/AddressLine1,description,Address US - AddressLine1,Address Foreign - AddressLine1
/Return/ReturnData/IRS990ScheduleR/IdRelatedTaxExemptOrgGrp/ForeignAddress/AddressLine1,description,Foreign Address - AddressLine1,Address Foreign - AddressLine1
/Return/ReturnData/IRS990ScheduleR/IdRelatedTaxExemptOrgGrp/ForeignAddress/AddressLine1Txt,description,Foreign Address - AddressLine1Txt,Address Foreign - AddressLine1
/Return/ReturnData/IRS990ScheduleR/IdRelatedTaxExemptOrgGrp/USAddress/AddressLine1,description,USAddress - AddressLine1,Address Foreign - AddressLine1
/Return/ReturnData/IRS990ScheduleR/IdRelatedTaxExemptOrgGrp/USAddress/AddressLine1Txt,description,USAddress - AddressLine1Txt,Address Foreign - AddressLine1
/Return/ReturnData/IRS990ScheduleR/Form990ScheduleRPartII/AddressUS/AddressLine2,description,Address US - AddressLine2,Address Foreign - AddressLine2
/Return/ReturnData/IRS990ScheduleR/IdRelatedTaxExemptOrgGrp/ForeignAddress/AddressLine2,description,Foreign Address - AddressLine2,Address Foreign - AddressLine2
/Return/ReturnData/IRS990ScheduleR/IdRelatedTaxExemptOrgGrp/ForeignAddress/AddressLine2Txt,description,Foreign Address - AddressLine2Txt,Address Foreign - AddressLine2
/Return/ReturnData/IRS990ScheduleR/IdRelatedTaxExemptOrgGrp/USAddress/AddressLine2,description,USAddress - AddressLine2,Address Foreign - AddressLine2
/Return/ReturnData/IRS990ScheduleR/IdRelatedTaxExemptOrgGrp/USAddress/AddressLine2Txt,description,USAddress - AddressLine2Txt,Address Foreign - AddressLine2
/Return/ReturnData/IRS990ScheduleR/Form990ScheduleRPartII/AddressUS/State,description,Address US - State,Province or state
/Return/ReturnData/IRS990ScheduleR/IdRelatedTaxExemptOrgGrp/USAddress/State,description,USAddress - State,Province or state
/Return/ReturnData/IRS990ScheduleR/IdRelatedTaxExemptOrgGrp/USAddress/StateAbbreviationCd,description,USAddress - StateAbbreviationCd,Province or state
/Return/ReturnData/IRS990ScheduleR/Form990ScheduleRPartII/AddressForeign/PostalCode,description,Address Foreign - Postal code,Foreign Address - Postal code
/Return/ReturnData/IRS990ScheduleR/Form990ScheduleRPartII/AddressUS/ZIPCode,description,Address US - ZIPCode,Foreign Address - Postal code
/Return/ReturnData/IRS990ScheduleR/IdRelatedTaxExemptOrgGrp/USAddress/ZIPCd,description,USAddress - ZIPCd,Foreign Address - Postal code
/Return/ReturnData/IRS990ScheduleR/IdRelatedTaxExemptOrgGrp/USAddress/ZIPCode,description,USAddress - ZIPCode,Foreign Address - Postal code
/Return/ReturnData/IRS990ScheduleR/IdRelatedTaxExemptOrgGrp/EIN,description,Id Related Tax Exempt Org Grp - EIN,Form990 Schedule RPart II - EIN
/Return/ReturnData/IRS990ScheduleR/IdRelatedTaxExemptOrgGrp/DisregardedEntityName/BusinessNameLine1,description,Disregarded Entity Name - BusinessNameLine1,Name Of Disregarded Entity - BusinessNameLine1
/Return/ReturnData/IRS990ScheduleR/IdRelatedTaxExemptOrgGrp/DisregardedEntityName/BusinessNameLine1Txt,description,Disregarded Entity Name - BusinessNameLine1Txt,Name Of Disregarded Entity - BusinessNameLine1
/Return/ReturnData/IRS990ScheduleR/IdRelatedTaxExemptOrgGrp/DisregardedEntityName/BusinessNameLine2,description,Disregarded Entity Name - BusinessNameLine2,Name Of Disregarded Entity - BusinessNameLine2
/Return/ReturnData/IRS990ScheduleR/IdRelatedTaxExemptOrgGrp/DisregardedEntityName/BusinessNameLine2Txt,description,Disregarded Entity Name - BusinessNameLine2Txt,Name Of Disregarded Entity - BusinessNameLine2
/Return/ReturnData/IRS990ScheduleR/Form990ScheduleRPartII/LegalDomicile/ForeignCountry,description,Foreign Country,Legal domicile - Foreign Country
/Return/ReturnData/IRS990ScheduleR/Form990ScheduleRPartII/LegalDomicile/State,description,Legal Domicile - State,Legal domicile - State
/Return/ReturnData/IRS990ScheduleR/Form990ScheduleRPartII/DirectControllingEntity/NotApplicable,description,Direct Controlling Entity - Literal N/A,Direct controlling entity - Literal for not applicable
/Return/ReturnData/IRS990ScheduleR/Form990ScheduleRPartII/DirectControllingEntity/NameBusiness/BusinessNameLine1,description,Name Business - BusinessNameLine1,Direct Controlling Entity Name - BusinessNameLine1
/Return/ReturnData/IRS990ScheduleR/IdRelatedTaxExemptOrgGrp/DirectControllingEntityName/BusinessNameLine1Txt,description,Direct Controlling Entity Name - BusinessNameLine1Txt,Direct Controlling Entity Name - BusinessNameLine1
/Return/ReturnData/IRS990ScheduleR/Form990ScheduleRPartII/DirectControllingEntity/NameBusiness/BusinessNameLine2,description,Name Business - BusinessNameLine2,Direct Controlling Entity Name - BusinessNameLine2
/Return/ReturnData/IRS990ScheduleR/IdRelatedTaxExemptOrgGrp/DirectControllingEntityName/BusinessNameLine2Txt,description,Direct Controlling Entity Name - BusinessNameLine2Txt,Direct Controlling Entity Name - BusinessNameLine2
/Return/ReturnData/IRS990ScheduleR/Form990ScheduleRPartIII/AddressForeign/City,description,Address Foreign - City,Foreign Address - City
/Return/ReturnData/IRS990ScheduleR/Form990ScheduleRPartIII/AddressUS/City,description,Address US - City,Foreign Address - City
/Return/ReturnData/IRS990ScheduleR/IdRelatedOrgTxblPartnershipGrp/USAddress/City,description,USAddress - City,Foreign Address - City
/Return/ReturnData/IRS990ScheduleR/IdRelatedOrgTxblPartnershipGrp/USAddress/CityNm,description,USAddress - CityNm,Foreign Address - City
/Return/ReturnData/IRS990ScheduleR/Form990ScheduleRPartIII/AddressForeign/Country,description,Address Foreign - Country,Foreign Address - Country
/Return/ReturnData/IRS990ScheduleR/Form990ScheduleRPartIII/AddressUS/AddressLine1,description,Address US - AddressLine1,Address Foreign - AddressLine1
/Return/ReturnData/IRS990ScheduleR/IdRelatedOrgTxblPartnershipGrp/ForeignAddress/AddressLine1,description,Foreign Address - AddressLine1,Address Foreign - AddressLine1
/Return/ReturnData/IRS990ScheduleR/IdRelatedOrgTxblPartnershipGrp/ForeignAddress/AddressLine1Txt,description,Foreign Address - AddressLine1Txt,Address Foreign - AddressLine1
/Return/ReturnData/IRS990ScheduleR/IdRelatedOrgTxblPartnershipGrp/USAddress/AddressLine1,description,USAddress - AddressLine1,Address Foreign - AddressLine1
/Return/ReturnData/IRS990ScheduleR/IdRelatedOrgTxblPartnershipGrp/USAddress/AddressLine1Txt,description,USAddress - AddressLine1Txt,Address Foreign - AddressLine1
/Return/ReturnData/IRS990ScheduleR/Form990ScheduleRPartIII/AddressUS/AddressLine2,description,Address US - AddressLine2,Address Foreign - AddressLine2
/Return/ReturnData/IRS990ScheduleR/IdRelatedOrgTxblPartnershipGrp/ForeignAddress/AddressLine2,description,Foreign Address - AddressLine2,Address Foreign - AddressLine2
/Return/ReturnData/IRS990ScheduleR/IdRelatedOrgTxblPartnershipGrp/ForeignAddress/AddressLine2Txt,description,Foreign Address - AddressLine2Txt,Address Foreign - AddressLine2
/Return/ReturnData/IRS990ScheduleR/IdRelatedOrgTxblPartnershipGrp/USAddress/AddressLine2,description,USAddress - AddressLine2,Address Foreign - AddressLine2
/Return/ReturnData/IRS990ScheduleR/IdRelatedOrgTxblPartnershipGrp/USAddress/AddressLine2Txt,description,USAddress - AddressLine2Txt,Address Foreign - AddressLine2
/Return/ReturnData/IRS990ScheduleR/Form990ScheduleRPartIII/AddressUS/State,description,Address US - State,Province or state
/Return/ReturnData/IRS990ScheduleR/IdRelatedOrgTxblPartnershipGrp/USAddress/State,description,USAddress - State,Province or state
/Return/ReturnData/IRS990ScheduleR/IdRelatedOrgTxblPartnershipGrp/USAddress/StateAbbreviationCd,description,USAddress - StateAbbreviationCd,Province or state
/Return/ReturnData/IRS990ScheduleR/Form990ScheduleRPartIII/AddressForeign/PostalCode,description,Address Foreign - Postal code,Foreign Address - Postal code
/Return/ReturnData/IRS990ScheduleR/Form990ScheduleRPartIII/AddressUS/ZIPCode,description,Address US - ZIPCode,Foreign Address - Postal code
/Return/ReturnData/IRS990ScheduleR/IdRelatedOrgTxblPartnershipGrp/USAddress/ZIPCd,description,USAddress - ZIPCd,Foreign Address - Postal code
/Return/ReturnData/IRS990ScheduleR/IdRelatedOrgTxblPartnershipGrp/USAddress/ZIPCode,description,USAddress - ZIPCode,Foreign Address - Postal code
/Return/ReturnData/IRS990ScheduleR/IdRelatedOrgTxblPartnershipGrp/EIN,description,Id Related Org Txbl Partnership Grp - EIN,Form990 Schedule RPart III - EIN
/Return/ReturnData/IRS990ScheduleR/IdRelatedOrgTxblPartnershipGrp/RelatedOrganizationName/BusinessNameLine1,description,Related Organization Name - BusinessNameLine1,Name Of Related Org - BusinessNameLine1
/Return/ReturnData/IRS990ScheduleR/IdRelatedOrgTxblPartnershipGrp/RelatedOrganizationName/BusinessNameLine1Txt,description,Related Organization Name - BusinessNameLine1Txt,Name Of Related Org - BusinessNameLine1
/Return/ReturnData/IRS990ScheduleR/IdRelatedOrgTxblPartnershipGrp/RelatedOrganizationName/BusinessNameLine2,description,Related Organization Name - BusinessNameLine2,Name Of Related Org - BusinessNameLine2
/Return/ReturnData/IRS990ScheduleR/IdRelatedOrgTxblPartnershipGrp/RelatedOrganizationName/BusinessNameLine2Txt,description,Related Organization Name - BusinessNameLine2Txt,Name Of Related Org - BusinessNameLine2
/Return/ReturnData/IRS990ScheduleR/Form990ScheduleRPartIII/LegalDomicile/ForeignCountry,description,Foreign Country,Legal domicile - Foreign Country
/Return/ReturnData/IRS990ScheduleR/Form990ScheduleRPartIII/LegalDomicile/State,description,Legal Domicile - State,Legal domicile - State
/Return/ReturnData/IRS990ScheduleR/Form990ScheduleRPartIII/DirectControllingEntity/NotApplicable,description,Direct Controlling Entity - Literal N/A,Direct controlling entity - Literal for not applicable
/Return/ReturnData/IRS990ScheduleR/Form990ScheduleRPartIII/DirectControllingEntity/NameBusiness/BusinessNameLine1,description,Name Business - BusinessNameLine1,Direct Controlling Entity Name - BusinessNameLine1
/Return/ReturnData/IRS990ScheduleR/Form990ScheduleRPartIII/DirectControllingEntity/NameBusiness/BusinessNameLine2,description,Name Business - BusinessNameLine2,Direct Controlling Entity Name - BusinessNameLine1
/Return/ReturnData/IRS990ScheduleR/Form990ScheduleRPartIII/DirectControllingEntity/NameBusiness/BusinessNameLine2,label,Direct controlling entity organization name line 2,Direct controlling entity organization name line 1
/Return/ReturnData/IRS990ScheduleR/IdRelatedOrgTxblPartnershipGrp/DirectControllingEntityName/BusinessNameLine1Txt,description,Direct Controlling Entity Name - BusinessNameLine1Txt,Direct Controlling Entity Name - BusinessNameLine1
/Return/ReturnData/IRS990ScheduleR/IdRelatedOrgTxblPartnershipGrp/DirectControllingEntityName/BusinessNameLine2Txt,description,Direct Controlling Entity Name - BusinessNameLine2Txt,Direct Controlling Entity Name - BusinessNameLine2
/Return/ReturnData/IRS990ScheduleR/Form990ScheduleRPartIV/AddressForeign/City,description,Address Foreign - City,Foreign Address - City
/Return/ReturnData/IRS990ScheduleR/Form990ScheduleRPartIV/AddressUS/City,description,Address US - City,Foreign Address - City
/Return/ReturnData/IRS990ScheduleR/IdRelatedOrgTxblCorpTrGrp/USAddress/City,description,USAddress - City,Foreign Address - City
/Return/ReturnData/IRS990ScheduleR/IdRelatedOrgTxblCorpTrGrp/USAddress/CityNm,description,USAddress - CityNm,Foreign Address - City
/Return/ReturnData/IRS990ScheduleR/Form990ScheduleRPartIV/AddressForeign/Country,description,Address Foreign - Country,Foreign Address - Country
/Return/ReturnData/IRS990ScheduleR/Form990ScheduleRPartIV/AddressUS/AddressLine1,description,Address US - AddressLine1,Address Foreign - AddressLine1
/Return/ReturnData/IRS990ScheduleR/IdRelatedOrgTxblCorpTrGrp/ForeignAddress/AddressLine1,description,Foreign Address - AddressLine1,Address Foreign - AddressLine1
/Return/ReturnData/IRS990ScheduleR/IdRelatedOrgTxblCorpTrGrp/ForeignAddress/AddressLine1Txt,description,Foreign Address - AddressLine1Txt,Address Foreign - AddressLine1
/Return/ReturnData/IRS990ScheduleR/IdRelatedOrgTxblCorpTrGrp/USAddress/AddressLine1,description,USAddress - AddressLine1,Address Foreign - AddressLine1
/Return/ReturnData/IRS990ScheduleR/IdRelatedOrgTxblCorpTrGrp/USAddress/AddressLine1Txt,description,USAddress - AddressLine1Txt,Address Foreign - AddressLine1
/Return/ReturnData/IRS990ScheduleR/Form990ScheduleRPartIV/AddressUS/AddressLine2,description,Address US - AddressLine2,Address Foreign - AddressLine2
/Return/ReturnData/IRS990ScheduleR/IdRelatedOrgTxblCorpTrGrp/ForeignAddress/AddressLine2,description,Foreign Address - AddressLine2,Address Foreign - AddressLine2
/Return/ReturnData/IRS990ScheduleR/IdRelatedOrgTxblCorpTrGrp/ForeignAddress/AddressLine2Txt,description,Foreign Address - AddressLine2Txt,Address Foreign - AddressLine2
/Return/ReturnData/IRS990ScheduleR/IdRelatedOrgTxblCorpTrGrp/USAddress/AddressLine2,description,USAddress - AddressLine2,Address Foreign - AddressLine2
/Return/ReturnData/IRS990ScheduleR/IdRelatedOrgTxblCorpTrGrp/USAddress/AddressLine2Txt,description,USAddress - AddressLine2Txt,Address Foreign - AddressLine2
/Return/ReturnData/IRS990ScheduleR/Form990ScheduleRPartIV/AddressUS/State,description,Address US - State,Province or state
/Return/ReturnData/IRS990ScheduleR/IdRelatedOrgTxblCorpTrGrp/USAddress/State,description,USAddress - State,Province or state
/Return/ReturnData/IRS990ScheduleR/IdRelatedOrgTxblCorpTrGrp/USAddress/StateAbbreviationCd,description,USAddress - StateAbbreviationCd,Province or state
/Return/ReturnData/IRS990ScheduleR/Form990ScheduleRPartIV/AddressForeign/PostalCode,description,Address Foreign - Postal code,Foreign Address - Postal code
/Return/ReturnData/IRS990ScheduleR/Form990ScheduleRPartIV/AddressUS/ZIPCode,description,Address US - ZIPCode,Foreign Address - Postal code
/Return/ReturnData/IRS990ScheduleR/IdRelatedOrgTxblCorpTrGrp/USAddress/ZIPCd,description,USAddress - ZIPCd,Foreign Address - Postal code
/Return/ReturnData/IRS990ScheduleR/IdRelatedOrgTxblCorpTrGrp/USAddress/ZIPCode,description,USAddress - ZIPCode,Foreign Address - Postal code
/Return/ReturnData/IRS990ScheduleR/IdRelatedOrgTxblCorpTrGrp/EIN,description,Id Related Org Txbl Corp Tr Grp - EIN,Form990 Schedule RPart IV - EIN
/Return/ReturnData/IRS990ScheduleR/IdRelatedOrgTxblCorpTrGrp/RelatedOrganizationName/BusinessNameLine1,description,Related Organization Name - BusinessNameLine1,Name Of Related Org - BusinessNameLine1
/Return/ReturnData/IRS990ScheduleR/IdRelatedOrgTxblCorpTrGrp/RelatedOrganizationName/BusinessNameLine1Txt,description,Related Organization Name - BusinessNameLine1Txt,Name Of Related Org - BusinessNameLine1
/Return/ReturnData/IRS990ScheduleR/IdRelatedOrgTxblCorpTrGrp/RelatedOrganizationName/BusinessNameLine2,description,Related Organization Name - BusinessNameLine2,Name Of Related Org - BusinessNameLine2
/Return/ReturnData/IRS990ScheduleR/IdRelatedOrgTxblCorpTrGrp/RelatedOrganizationName/BusinessNameLine2Txt,description,Related Organization Name - BusinessNameLine2Txt,Name Of Related Org - BusinessNameLine2
/Return/ReturnData/IRS990ScheduleR/Form990ScheduleRPartIV/LegalDomicile/ForeignCountry,description,Foreign Country,Legal domicile - Foreign Country
/Return/ReturnData/IRS990ScheduleR/Form990ScheduleRPartIV/LegalDomicile/State,description,Legal Domicile - State,Legal domicile - State
/Return/ReturnData/IRS990ScheduleR/Form990ScheduleRPartIV/DirectControllingEntity/NotApplicable,description,Direct Controlling Entity - Literal N/A,Direct controlling entity - Literal for not applicable
/Return/ReturnData/IRS990ScheduleR/Form990ScheduleRPartIV/DirectControllingEntity/NameBusiness/BusinessNameLine1,description,Name Business - BusinessNameLine1,Direct Controlling Entity Name - BusinessNameLine1
/Return/ReturnData/IRS990ScheduleR/IdRelatedOrgTxblCorpTrGrp/DirectControllingEntityName/BusinessNameLine1Txt,description,Direct Controlling Entity Name - BusinessNameLine1Txt,Direct Controlling Entity Name - BusinessNameLine1
/Return/ReturnData/IRS990ScheduleR/Form990ScheduleRPartIV/DirectControllingEntity/NameBusiness/BusinessNameLine2,description,Name Business - BusinessNameLine2,Direct Controlling Entity Name - BusinessNameLine2
/Return/ReturnData/IRS990ScheduleR/IdRelatedOrgTxblCorpTrGrp/DirectControllingEntityName/BusinessNameLine2Txt,description,Direct Controlling Entity Name - BusinessNameLine2Txt,Direct Controlling Entity Name - BusinessNameLine2
/Return/ReturnData/IRS990ScheduleR/IdRelatedOrgTxblCorpTrGrp/ControlledOrganizationInd,description,512(b)(13) controlled organization? (Y-N),Form990 Schedule RPart IV - ControlledOrg
/Return/ReturnData/IRS990ScheduleR/DivRelatedOrganizationInd,description,Dividends from related organization(s)? (Y-N),IRS990 Schedule R - DividendsRelatedOrganization
/Return/ReturnData/IRS990ScheduleR/TransactionsRelatedOrgGrp/OtherOrganizationName/BusinessNameLine1,description,Other Organization Name - BusinessNameLine1,Name Of Other Organization - BusinessNameLine1
/Return/ReturnData/IRS990ScheduleR/TransactionsRelatedOrgGrp/OtherOrganizationName/BusinessNameLine1Txt,description,Other Organization Name - BusinessNameLine1Txt,Name Of Other Organization - BusinessNameLine1
/Return/ReturnData/IRS990ScheduleR/TransactionsRelatedOrgGrp/OtherOrganizationName/BusinessNameLine2,description,Other Organization Name - BusinessNameLine2,Name Of Other Organization - BusinessNameLine2
/Return/ReturnData/IRS990ScheduleR/TransactionsRelatedOrgGrp/OtherOrganizationName/BusinessNameLine2Txt,description,Other Organization Name - BusinessNameLine2Txt,Name Of Other Organization - BusinessNameLine2
/Return/ReturnData/IRS990ScheduleR/Form990ScheduleRPartV/TransactionsRelatedOrgsTable/TransactionType,description,Transaction type; value of A-P,Transaction type; enter up to five characters
/Return/ReturnData/IRS990ScheduleR/Form990ScheduleRPartVI/AddressForeign/City,description,Address Foreign - City,Foreign Address - City
/Return/ReturnData/IRS990ScheduleR/Form990ScheduleRPartVI/AddressUS/City,description,Address US - City,Foreign Address - City
/Return/ReturnData/IRS990ScheduleR/UnrelatedOrgTxblPartnershipGrp/USAddress/City,description,USAddress - City,Foreign Address - City
/Return/ReturnData/IRS990ScheduleR/UnrelatedOrgTxblPartnershipGrp/USAddress/CityNm,description,USAddress - CityNm,Foreign Address - City
/Return/ReturnData/IRS990ScheduleR/Form990ScheduleRPartVI/AddressForeign/Country,description,Address Foreign - Country,Foreign Address - Country
/Return/ReturnData/IRS990ScheduleR/Form990ScheduleRPartVI/AddressUS/AddressLine1,description,Address US - AddressLine1,Address Foreign - AddressLine1
/Return/ReturnData/IRS990ScheduleR/UnrelatedOrgTxblPartnershipGrp/ForeignAddress/AddressLine1,description,Foreign Address - AddressLine1,Address Foreign - AddressLine1
/Return/ReturnData/IRS990ScheduleR/UnrelatedOrgTxblPartnershipGrp/ForeignAddress/AddressLine1Txt,description,Foreign Address - AddressLine1Txt,Address Foreign - AddressLine1
/Return/ReturnData/IRS990ScheduleR/UnrelatedOrgTxblPartnershipGrp/USAddress/AddressLine1,description,USAddress - AddressLine1,Address Foreign - AddressLine1
/Return/ReturnData/IRS990ScheduleR/UnrelatedOrgTxblPartnershipGrp/USAddress/AddressLine1Txt,description,USAddress - AddressLine1Txt,Address Foreign - AddressLine1
/Return/ReturnData/IRS990ScheduleR/Form990ScheduleRPartVI/AddressUS/AddressLine2,description,Address US - AddressLine2,Address Foreign - AddressLine2
/Return/ReturnData/IRS990ScheduleR/UnrelatedOrgTxblPartnershipGrp/ForeignAddress/AddressLine2,description,Foreign Address - AddressLine2,Address Foreign - AddressLine2
/Return/ReturnData/IRS990ScheduleR/UnrelatedOrgTxblPartnershipGrp/ForeignAddress/AddressLine2Txt,description,Foreign Address - AddressLine2Txt,Address Foreign - AddressLine2
/Return/ReturnData/IRS990ScheduleR/UnrelatedOrgTxblPartnershipGrp/USAddress/AddressLine2,description,USAddress - AddressLine2,Address Foreign - AddressLine2
/Return/ReturnData/IRS990ScheduleR/UnrelatedOrgTxblPartnershipGrp/USAddress/AddressLine2Txt,description,USAddress - AddressLine2Txt,Address Foreign - AddressLine2
/Return/ReturnData/IRS990ScheduleR/Form990ScheduleRPartVI/AddressUS/State,description,Address US - State,Province or state
/Return/ReturnData/IRS990ScheduleR/UnrelatedOrgTxblPartnershipGrp/USAddress/State,description,USAddress - State,Province or state
/Return/ReturnData/IRS990ScheduleR/UnrelatedOrgTxblPartnershipGrp/USAddress/StateAbbreviationCd,description,USAddress - StateAbbreviationCd,Province or state
/Return/ReturnData/IRS990ScheduleR/Form990ScheduleRPartVI/AddressForeign/PostalCode,description,Address Foreign - Postal code,Foreign Address - Postal code
/Return/ReturnData/IRS990ScheduleR/Form990ScheduleRPartVI/AddressUS/ZIPCode,description,Address US - ZIPCode,Foreign Address - Postal code
/Return/ReturnData/IRS990ScheduleR/UnrelatedOrgTxblPartnershipGrp/USAddress/ZIPCd,description,USAddress - ZIPCd,Foreign Address - Postal code
/Return/ReturnData/IRS990ScheduleR/UnrelatedOrgTxblPartnershipGrp/USAddress/ZIPCode,description,USAddress - ZIPCode,Foreign Address - Postal code
/Return/ReturnData/IRS990ScheduleR/UnrelatedOrgTxblPartnershipGrp/EIN,description,Unrelated Org Txbl Partnership Grp - EIN,Form990 Schedule RPart VI - EIN
/Return/ReturnData/IRS990ScheduleR/UnrelatedOrgTxblPartnershipGrp/BusinessName/BusinessNameLine1,description,Business Name - BusinessNameLine1,Name Of Business - BusinessNameLine1
/Return/ReturnData/IRS990ScheduleR/UnrelatedOrgTxblPartnershipGrp/BusinessName/BusinessNameLine1Txt,description,Business Name - BusinessNameLine1Txt,Name Of Business - BusinessNameLine1
/Return/ReturnData/IRS990ScheduleR/UnrelatedOrgTxblPartnershipGrp/BusinessName/BusinessNameLine2,description,Business Name - BusinessNameLine2,Name Of Business - BusinessNameLine2
/Return/ReturnData/IRS990ScheduleR/UnrelatedOrgTxblPartnershipGrp/BusinessName/BusinessNameLine2Txt,description,Business Name - BusinessNameLine2Txt,Name Of Business - BusinessNameLine2
/Return/ReturnData/IRS990ScheduleR/Form990ScheduleRPartVI/LegalDomicile/ForeignCountry,description,Foreign Country,Legal domicile - Foreign Country
/Return/ReturnData/IRS990ScheduleR/Form990ScheduleRPartVI/LegalDomicile/State,description,Legal Domicile - State,Legal domicile - State
/Return/ReturnData/IRS990ScheduleR/UnrelatedOrgTxblPartnershipGrp/PredominateIncomeDesc,description,Predominate income (related; investment; unrelated),Form990 Schedule RPart VI - PredominateIncomeDesc
/Return/ReturnData/IRS990ScheduleR/UnrelatedOrgTxblPartnershipGrp/ShareOfTotalIncomeAmt,description,Share of total income ($),Form990 Schedule RPart VI - ShareOfTotalIncome
/Return/ReturnData/IRS990ScheduleR/UnrelatedOrgTxblPartnershipGrp/UBICodeVAmt,description,Unrelated Org Txbl Partnership Grp - Code V amount,Form990 Schedule RPart VI - Code V amount
/Return/ReturnData/IRS990ScheduleR/UnrelatedOrgTxblPartnershipGrp/OwnershipPct,description,Percentage ownership,Form990 Schedule RPart VI - PercentageOwnership
/Return/ReturnData/IRS990ScheduleR/SupplementalInformationDetail/ExplanationTxt,description,Form; part and line number reference explanation,Form990 Schedule RPart VII - Explanation
/Return/ReturnData/IRS990ScheduleR/SupplementalInformationDetail/IdentifierTxt,description,Supplemental Information Detail - Identifier,Form990 Schedule RPart VII - Identifier
